lon,lat,heat_flow_mW_m2,name,reference,id,ridge_lon,signed_distance_km,distance_km
-40.5667,10.0,180.0,SP-7,VonHerzen_etal._1970,R24-086480,-41.7,124.10280765241552,124.10280765241552
-40.5667,10.0,180.0,SP-7,Ludwig_Rabinowitz_1975,R24-060576,-41.7,124.10280765241552,124.10280765241552
-40.5667,10.0,180.0,SP-7,Folinsbee_1969,R24-035385,-41.7,124.10280765241552,124.10280765241552
-59.1142,10.0492,157.0,CARAM-15,Deville_etal._2006,R24-031011,-41.404799999999994,-1938.9858639839056,1938.9858639839056
-59.1333,10.052,39.0,CARAM-16a,Deville_etal._2006,R24-031012,-41.388000000000005,-1942.8996934178206,1942.8996934178206
-59.1311,10.052,40.0,CARAM-16b,Deville_etal._2006,R24-031013,-41.388000000000005,-1942.658819534285,1942.658819534285
-59.1288,10.052,43.0,CARAM-16c,Deville_etal._2006,R24-031014,-41.388000000000005,-1942.4069968378599,1942.4069968378599
-59.1158,10.0555,133.0,CARAM-14,Deville_etal._2006,R24-031010,-41.367,-1943.2618556461116,1943.2618556461116
-59.1017,10.0597,77.0,CARAM-11,Deville_etal._2006,R24-031007,-41.341800000000006,-1944.451879874681,1944.451879874681
-58.3067,10.2153,34.0,CARAM-07,Deville_etal._2006,R24-031004,-41.1,-1882.9699359185356,1882.9699359185356
-58.2,10.2417,99.0,CARAM-21,Deville_etal._2006,R24-031017,-41.1,-1871.1379261544726,1871.1379261544726
-25.3667,10.25,58.0,V19-174,Langseth_etal._1966,R24-053063,-41.1,1721.5440638830153,1721.5440638830153
-41.3167,10.35,60.0,VFZ-12,Folinsbee_1969,R24-035390,-41.1,-23.703882250972207,23.703882250972207
-41.3167,10.35,60.0,VFZ-12,Ludwig_Rabinowitz_1975,R24-060603,-41.1,-23.703882250972207,23.703882250972207
-41.3167,10.35,60.0,VFZ-12,VonHerzen_etal._1970,R24-086485,-41.1,-23.703882250972207,23.703882250972207
-45.315,10.3583,38.0,C16-38,Abbott_2008,R24-000476,-41.1,-461.04854321844226,461.04854321844226
-44.3,10.3667,39.0,VFZ-5,Ludwig_Rabinowitz_1975,R24-060607,-41.1,-350.0156078206387,350.0156078206387
-44.3,10.3667,39.0,VFZ-5,Folinsbee_1969,R24-035397,-41.1,-350.0156078206387,350.0156078206387
-44.3,10.3667,39.0,VFZ-5,VonHerzen_etal._1970,R24-086492,-41.1,-350.0156078206387,350.0156078206387
-42.85,10.3667,212.0,SP-6,Folinsbee_1969,R24-035384,-41.1,-191.41478552691206,191.41478552691206
-42.85,10.3667,212.0,SP-6,Ludwig_Rabinowitz_1975,R24-060575,-41.1,-191.41478552691206,191.41478552691206
-42.85,10.3667,212.0,SP-6,VonHerzen_etal._1970,R24-086479,-41.1,-191.41478552691206,191.41478552691206
-42.425,10.3817,23.0,V32-6,Langseth_Hobart_1976,R24-054258,-41.1,-144.92139175120903,144.92139175120903
-42.425,10.3817,23.0,V32-6,Langseth_Hobart_1976,R24-054257,-41.1,-144.92139175120903,144.92139175120903
-42.425,10.3817,23.0,V32-6,Ludwig_Rabinowitz_1975,R24-060600,-41.1,-144.92139175120903,144.92139175120903
-58.8947,10.385,27.0,CARAM-08,Deville_etal._2006,R24-031005,-41.1,-1946.2682823986695,1946.2682823986695
-57.9917,10.4083,96.0,CARAM-22,Deville_etal._2006,R24-031018,-41.1,-1847.3661885668205,1847.3661885668205
-44.6667,10.45,27.7,V32-9,Abbott_2008,R24-001811,-41.1,-390.0210390028545,390.0210390028545
-44.67,10.4517,28.0,V32-009,Ludwig_Rabinowitz_1975,R24-060598,-41.1,-390.3797597425359,390.3797597425359
-58.0248,10.4567,46.0,CARAM-24,Deville_etal._2006,R24-031019,-41.1,-1850.6983116950898,1850.6983116950898
-57.9233,10.4607,76.0,CARAM-05,Deville_etal._2006,R24-031003,-41.1,-1839.5757511433978,1839.5757511433978
-58.7375,10.49,30.0,CARAM-18,Deville_etal._2006,R24-031016,-41.1,-1928.4236556726812,1928.4236556726812
-49.223,10.52,53.0,C16-36,LDEO_2004,R24-055163,-41.1,-888.0546871982539,888.0546871982539
-49.2217,10.52,52.5,C16-36,Abbott_2008,R24-000475,-41.1,-887.9125634639984,887.9125634639984
-50.1617,10.5633,31.8,C11-7,Abbott_2008,R24-000309,-41.1,-990.5396424385257,990.5396424385257
-59.1938,10.5656,52.0,CARAM-IO,Deville_etal._2006,R24-031021,-41.1,-1977.8288843701012,1977.8288843701012
-44.8667,10.5667,20.0,SP-1,Folinsbee_1969,R24-035376,-41.1,-411.73558784609287,411.73558784609287
-44.8667,10.5667,20.0,SP-1,VonHerzen_etal._1970,R24-086471,-41.1,-411.73558784609287,411.73558784609287
-58.7855,10.5732,36.0,CARAM-17,Deville_etal._2006,R24-031015,-41.1,-1933.1498634479863,1933.1498634479863
-59.1585,10.6172,57.0,CARAM-09,Deville_etal._2006,R24-031006,-41.340800000000016,-1947.320502232843,1947.320502232843
-54.347,10.6267,69.0,C16-30,LDEO_2004,R24-055161,-41.473800000000004,-1406.8856693355306,1406.8856693355306
-57.8517,10.6323,46.0,CARAM-25,Deville_etal._2006,R24-031020,-41.55220000000002,-1781.306305366553,1781.306305366553
-50.0,10.65,67.0,V26-51,Langseth_etal._1974,R24-053403,-41.80000000000001,-896.09275805425,896.09275805425
-54.307,10.6667,60.0,C16-29,LDEO_2004,R24-055160,-42.033800000000014,-1341.1368743830865,1341.1368743830865
-42.585,10.7217,288.65,RC17-17,Langseth_Hobart_1976,R24-054238,-42.543400000000005,-4.544958204221077,4.544958204221077
-42.585,10.7217,288.65,RC17-17,Langseth_Hobart_1976,R24-054237,-42.543400000000005,-4.544958204221077,4.544958204221077
-42.585,10.7217,288.65,RC17-17,Herman_etal._1977,R24-047305,-42.543400000000005,-4.544958204221077,4.544958204221077
-42.585,10.7217,288.65,RC17-17,Ludwig_Rabinowitz_1975,R24-060563,-42.543400000000005,-4.544958204221077,4.544958204221077
-41.5217,10.725,131.1,RC17-12,Ludwig_Rabinowitz_1975,R24-060558,-42.55,112.34446024447435,112.34446024447435
-41.5217,10.725,131.1,RC17-12,Herman_etal._1977,R24-047300,-42.55,112.34446024447435,112.34446024447435
-41.5217,10.725,131.1,RC17-12,Langseth_Hobart_1976,R24-054227,-42.55,112.34446024447435,112.34446024447435
-41.5217,10.725,131.1,RC17-12,Langseth_Hobart_1976,R24-054228,-42.55,112.34446024447435,112.34446024447435
-41.565,10.74,138.0,RC17-27,Herman_etal._1977,R24-047313,-42.58,110.88589807161867,110.88589807161867
-41.565,10.74,138.0,RC17-27,Ludwig_Rabinowitz_1975,R24-060571,-42.58,110.88589807161867,110.88589807161867
-41.565,10.74,138.0,RC17-27,Langseth_Hobart_1976,R24-054253,-42.58,110.88589807161867,110.88589807161867
-41.565,10.74,138.0,RC17-27,Langseth_Hobart_1976,R24-054254,-42.58,110.88589807161867,110.88589807161867
-42.5267,10.7417,201.25,RC17-15,Langseth_Hobart_1976,R24-054234,-42.5834,6.194280822445142,6.194280822445142
-42.5267,10.7417,201.25,RC17-15,Herman_etal._1977,R24-047303,-42.5834,6.194280822445142,6.194280822445142
-42.5267,10.7417,201.25,RC17-15,Langseth_Hobart_1976,R24-054233,-42.5834,6.194280822445142,6.194280822445142
-42.5267,10.7417,201.25,RC17-15,Ludwig_Rabinowitz_1975,R24-060561,-42.5834,6.194280822445142,6.194280822445142
-42.4333,10.7417,148.35,V32-4,Langseth_Hobart_1976,R24-054256,-42.5834,16.397910960299733,16.397910960299733
-42.4333,10.7417,148.35,V32-4,Langseth_Hobart_1976,R24-054255,-42.5834,16.397910960299733,16.397910960299733
-42.4333,10.7417,148.35,V32-4,Ludwig_Rabinowitz_1975,R24-060599,-42.5834,16.397910960299733,16.397910960299733
-41.35,10.75,141.0,V15-8,Langseth_etal._1966,R24-052990,-42.6,136.55446496886003,136.55446496886003
-41.35,10.75,141.0,V15-8,Ludwig_Rabinowitz_1975,R24-060579,-42.6,136.55446496886003,136.55446496886003
-41.35,10.75,141.0,V15-8,Gerard_etal._1962,R24-037275,-42.6,136.55446496886003,136.55446496886003
-59.9347,10.7533,24.0,CARAM-13,Deville_etal._2006,R24-031009,-42.6066,-1892.962836784443,1892.962836784443
-42.3633,10.7733,177.1,V32-8,Ludwig_Rabinowitz_1975,R24-060602,-42.64660000000001,30.94631192066739,30.94631192066739
-42.3633,10.7733,177.1,V32-8,Langseth_Hobart_1976,R24-054262,-42.64660000000001,30.94631192066739,30.94631192066739
-42.3633,10.7733,177.1,V32-8,Langseth_Hobart_1976,R24-054261,-42.64660000000001,30.94631192066739,30.94631192066739
-42.195,10.7783,134.55,V32-7,Ludwig_Rabinowitz_1975,R24-060601,-42.6566,50.42209788663493,50.42209788663493
-42.195,10.7783,134.55,V32-7,Langseth_Hobart_1976,R24-054259,-42.6566,50.42209788663493,50.42209788663493
-42.195,10.7783,134.55,V32-7,Langseth_Hobart_1976,R24-054260,-42.6566,50.42209788663493,50.42209788663493
-41.2417,10.7917,192.05,RC17-26,Herman_etal._1977,R24-047312,-42.683400000000006,157.47465352580437,157.47465352580437
-41.2417,10.7917,192.05,RC17-26,Langseth_Hobart_1976,R24-054251,-42.683400000000006,157.47465352580437,157.47465352580437
-41.2417,10.7917,192.05,RC17-26,Langseth_Hobart_1976,R24-054252,-42.683400000000006,157.47465352580437,157.47465352580437
-41.2417,10.7917,192.05,RC17-26,Ludwig_Rabinowitz_1975,R24-060570,-42.683400000000006,157.47465352580437,157.47465352580437
-50.9333,10.8,52.0,C13-64,Bookman_etal._1972,R24-022756,-42.7,-899.2857397742987,899.2857397742987
-43.2,10.8,112.0,C08-3,Ludwig_Rabinowitz_1975,R24-060553,-42.7,-54.61271542238827,54.61271542238827
-43.2,10.8,112.0,C08-3,Langseth_etal._1966,R24-052951,-42.7,-54.61271542238827,54.61271542238827
-42.9333,10.8,126.0,VFZ-8,VonHerzen_etal._1970,R24-086494,-42.7,-25.48229301608635,25.48229301608635
-42.9333,10.8,126.0,VFZ-8,Folinsbee_1969,R24-035399,-42.7,-25.48229301608635,25.48229301608635
-42.9333,10.8,126.0,VFZ-8,Ludwig_Rabinowitz_1975,R24-060608,-42.7,-25.48229301608635,25.48229301608635
-43.9467,10.81,147.2,RC17-18,Ludwig_Rabinowitz_1975,R24-060564,-42.77,-128.52128339558215,128.52128339558215
-43.9467,10.81,147.2,RC17-18,Langseth_Hobart_1976,R24-054239,-42.77,-128.52128339558215,128.52128339558215
-43.9467,10.81,147.2,RC17-18,Langseth_Hobart_1976,R24-054240,-42.77,-128.52128339558215,128.52128339558215
-43.9467,10.81,147.2,RC17-18,Herman_etal._1977,R24-047306,-42.77,-128.52128339558215,128.52128339558215
-41.5867,10.825,171.35,RC17-14,Herman_etal._1977,R24-047302,-42.87499999999999,140.70339676186137,140.70339676186137
-41.5867,10.825,171.35,RC17-14,Ludwig_Rabinowitz_1975,R24-060560,-42.87499999999999,140.70339676186137,140.70339676186137
-41.5867,10.825,171.35,RC17-14,Langseth_Hobart_1976,R24-054231,-42.87499999999999,140.70339676186137,140.70339676186137
-41.5867,10.825,171.35,RC17-14,Langseth_Hobart_1976,R24-054232,-42.87499999999999,140.70339676186137,140.70339676186137
-41.1967,10.8283,184.0,RC17-13,Herman_etal._1977,R24-047301,-42.8981,185.81861554759925,185.81861554759925
-41.1967,10.8283,184.0,RC17-13,Ludwig_Rabinowitz_1975,R24-060559,-42.8981,185.81861554759925,185.81861554759925
-41.1967,10.8283,184.0,RC17-13,Langseth_Hobart_1976,R24-054229,-42.8981,185.81861554759925,185.81861554759925
-41.1967,10.8283,184.0,RC17-13,Langseth_Hobart_1976,R24-054230,-42.8981,185.81861554759925,185.81861554759925
-44.1667,10.8333,121.0,VFZ-4,Folinsbee_1969,R24-035396,-42.933099999999996,-134.7255302165739,134.7255302165739
-44.1667,10.8333,121.0,VFZ-4,VonHerzen_etal._1970,R24-086491,-42.933099999999996,-134.7255302165739,134.7255302165739
-44.1667,10.8333,121.0,VFZ-4,Ludwig_Rabinowitz_1975,R24-060606,-42.933099999999996,-134.7255302165739,134.7255302165739
-43.6417,10.8417,147.2,RC17-21,Herman_etal._1977,R24-047309,-42.991899999999994,-70.96481234526595,70.96481234526595
-43.6417,10.8417,147.2,RC17-21,Ludwig_Rabinowitz_1975,R24-060567,-42.991899999999994,-70.96481234526595,70.96481234526595
-43.6417,10.8417,147.2,RC17-21,Langseth_Hobart_1976,R24-054245,-42.991899999999994,-70.96481234526595,70.96481234526595
-43.6417,10.8417,147.2,RC17-21,Langseth_Hobart_1976,R24-054246,-42.991899999999994,-70.96481234526595,70.96481234526595
-42.58,10.8417,299.0,RC17-16,Ludwig_Rabinowitz_1975,R24-060562,-42.991899999999994,44.98369683751072,44.98369683751072
-42.58,10.8417,299.0,RC17-16,Herman_etal._1977,R24-047304,-42.991899999999994,44.98369683751072,44.98369683751072
-42.58,10.8417,299.0,RC17-16,Langseth_Hobart_1976,R24-054235,-42.991899999999994,44.98369683751072,44.98369683751072
-42.58,10.8417,299.0,RC17-16,Langseth_Hobart_1976,R24-054236,-42.991899999999994,44.98369683751072,44.98369683751072
-44.575,10.8433,75.9,RC17-19,Ludwig_Rabinowitz_1975,R24-060565,-43.00309999999999,-171.6666542075726,171.6666542075726
-44.575,10.8433,75.9,RC17-19,Herman_etal._1977,R24-047307,-43.00309999999999,-171.6666542075726,171.6666542075726
-44.575,10.8433,75.9,RC17-19,Langseth_Hobart_1976,R24-054242,-43.00309999999999,-171.6666542075726,171.6666542075726
-44.575,10.8433,75.9,RC17-19,Langseth_Hobart_1976,R24-054241,-43.00309999999999,-171.6666542075726,171.6666542075726
-44.1333,10.85,135.0,SP-3,Folinsbee_1969,R24-035382,-43.05,-118.30416683887599,118.30416683887599
-44.1333,10.85,135.0,SP-3,VonHerzen_etal._1970,R24-086477,-43.05,-118.30416683887599,118.30416683887599
-44.1333,10.85,135.0,SP-3,Ludwig_Rabinowitz_1975,R24-060573,-43.05,-118.30416683887599,118.30416683887599
-43.9233,10.865,141.45,RC17-20,Langseth_Hobart_1976,R24-054244,-43.155,-83.8996837989307,83.8996837989307
-43.9233,10.865,141.45,RC17-20,Langseth_Hobart_1976,R24-054243,-43.155,-83.8996837989307,83.8996837989307
-43.9233,10.865,141.45,RC17-20,Herman_etal._1977,R24-047308,-43.155,-83.8996837989307,83.8996837989307
-43.9233,10.865,141.45,RC17-20,Ludwig_Rabinowitz_1975,R24-060566,-43.155,-83.8996837989307,83.8996837989307
-43.6717,10.8767,133.4,RC17-24,Langseth_Hobart_1976,R24-054249,-43.23689999999999,-47.4790472115873,47.4790472115873
-43.6717,10.8767,133.4,RC17-24,Langseth_Hobart_1976,R24-054250,-43.23689999999999,-47.4790472115873,47.4790472115873
-43.6717,10.8767,133.4,RC17-24,Herman_etal._1977,R24-047311,-43.23689999999999,-47.4790472115873,47.4790472115873
-43.6717,10.8767,133.4,RC17-24,Ludwig_Rabinowitz_1975,R24-060569,-43.23689999999999,-47.4790472115873,47.4790472115873
-43.7167,10.8817,28.0,V22-7,Abbott_2008,R24-001570,-43.2719,-48.570206991199825,48.570206991199825
-43.717,10.883,28.0,V22-7,LDEO_2004,R24-055446,-43.28099999999999,-47.609077957732374,47.609077957732374
-58.875,10.8992,49.0,CARAM-04,Deville_etal._2006,R24-031002,-43.3944,-1690.3142154668635,1690.3142154668635
-58.9036,10.9162,27.0,CARAM-03,Deville_etal._2006,R24-031001,-43.416199999999996,-1690.9600136376432,1690.9600136376432
-44.1333,10.9167,124.0,SP-2,Ludwig_Rabinowitz_1975,R24-060572,-43.4167,-78.24036999811969,78.24036999811969
-44.1333,10.9167,124.0,SP-2,VonHerzen_etal._1970,R24-086476,-43.4167,-78.24036999811969,78.24036999811969
-44.1333,10.9167,124.0,SP-2,Folinsbee_1969,R24-035381,-43.4167,-78.24036999811969,78.24036999811969
-44.01,10.9183,195.5,RC17-22,Langseth_Hobart_1976,R24-054248,-43.4183,-64.6030945658192,64.6030945658192
-44.01,10.9183,195.5,RC17-22,Herman_etal._1977,R24-047310,-43.4183,-64.6030945658192,64.6030945658192
-44.01,10.9183,195.5,RC17-22,Langseth_Hobart_1976,R24-054247,-43.4183,-64.6030945658192,64.6030945658192
-44.01,10.9183,195.5,RC17-22,Ludwig_Rabinowitz_1975,R24-060568,-43.4183,-64.6030945658192,64.6030945658192
-55.06,10.925,62.8,C15-35,Abbott_2008,R24-000432,-43.425,-1270.3059739867595,1270.3059739867595
-55.127,10.935,66.0,V31-27,LDEO_2004,R24-055539,-43.435,-1276.4861936034185,1276.4861936034185
-55.1267,10.935,66.2,V31-27,Abbott_2008,R24-001735,-43.435,-1276.4534407931137,1276.4534407931137
-54.4833,10.9833,49.0,C13-63,Bookman_etal._1972,R24-022755,-43.4833,-1200.7403556211357,1200.7403556211357
-42.8333,11.0833,22.0,SP-5,Folinsbee_1969,R24-035383,-43.5,72.75101921943467,72.75101921943467
-42.8333,11.0833,22.0,SP-5,Ludwig_Rabinowitz_1975,R24-060574,-43.5,72.75101921943467,72.75101921943467
-42.8333,11.0833,22.0,SP-5,VonHerzen_etal._1970,R24-086478,-43.5,72.75101921943467,72.75101921943467
-41.2833,11.1,43.0,SP-8,Ludwig_Rabinowitz_1975,R24-060577,-43.5,241.87486089056196,241.87486089056196
-41.2833,11.1,43.0,SP-8,Folinsbee_1969,R24-035386,-43.5,241.87486089056196,241.87486089056196
-41.2833,11.1,43.0,SP-8,VonHerzen_etal._1970,R24-086481,-43.5,241.87486089056196,241.87486089056196
-58.35,11.15,41.5,C9-38,Abbott_2008,R24-000901,-43.5,-1620.0773029468285,1620.0773029468285
-58.34442291,11.16501245,116.0,C9-37,Schoonmaker_Ladd_1984,R24-077905,-43.5,-1619.385174076235,1619.385174076235
-42.5,11.2817,139.0,V32-5,Abbott_2008,R24-001792,-43.5,109.0464004529517,109.0464004529517
-42.5,11.283,139.0,V32-5,LDEO_2004,R24-055579,-43.5,109.04590685580914,109.04590685580914
-42.505,11.2917,21.0,V32-005,Ludwig_Rabinowitz_1975,R24-060597,-43.5,108.49738909638076,108.49738909638076
-42.0333,11.35,96.0,SP-9,Ludwig_Rabinowitz_1975,R24-060578,-43.5,159.90020839119845,159.90020839119845
-42.0333,11.35,96.0,SP-9,VonHerzen_etal._1970,R24-086482,-43.5,159.90020839119845,159.90020839119845
-42.0333,11.35,96.0,SP-9,Folinsbee_1969,R24-035387,-43.5,159.90020839119845,159.90020839119845
-41.8667,11.35,49.0,VFZ-13,Folinsbee_1969,R24-035391,-43.5,178.0630056353335,178.0630056353335
-41.8667,11.35,49.0,VFZ-13,Ludwig_Rabinowitz_1975,R24-060604,-43.5,178.0630056353335,178.0630056353335
-41.8667,11.35,49.0,VFZ-13,VonHerzen_etal._1970,R24-086486,-43.5,178.0630056353335,178.0630056353335
-50.8167,11.3833,30.0,C13-65,Bookman_etal._1972,R24-022757,-43.5,-797.5763071967019,797.5763071967019
-45.15,11.5,29.33,V25-040,Langseth_etal._1972,R24-053352,-43.5,-179.78850042501654,179.78850042501654
-45.15,11.5,29.33,V25-040,Herman_etal._1977,R24-047371,-43.5,-179.78850042501654,179.78850042501654
-42.7167,11.5333,55.0,VFZ-14,Ludwig_Rabinowitz_1975,R24-060605,-43.666500000000006,103.48054358377863,103.48054358377863
-42.7167,11.5333,55.0,VFZ-14,VonHerzen_etal._1970,R24-086487,-43.666500000000006,103.48054358377863,103.48054358377863
-42.7167,11.5333,55.0,VFZ-14,Folinsbee_1969,R24-035392,-43.666500000000006,103.48054358377863,103.48054358377863
-42.63333333,11.55,87.152,V25-041,Langseth_etal._1972,R24-053353,-43.75000000000001,121.65339690563307,121.65339690563307
-42.63333333,11.55,87.152,V25-041,Herman_etal._1977,R24-047372,-43.75000000000001,121.65339690563307,121.65339690563307
-45.55,11.5667,96.0,LSDA-132,Vacquier_VonHerzen_1964,R24-085049,-43.83350000000001,-186.99009672751637,186.99009672751637
-44.8,11.5667,35.0,LSDA-131,Vacquier_VonHerzen_1964,R24-085048,-43.83350000000001,-105.28746197911082,105.28746197911082
-52.17,11.5717,47.7,C16-32,Abbott_2008,R24-000473,-43.8585,-905.4124235330586,905.4124235330586
-44.05,11.5833,101.0,LSDA-130,Vacquier_VonHerzen_1964,R24-085047,-43.9165,-14.542206022195849,14.542206022195849
-44.05,11.5833,101.0,LSDA-130,Ludwig_Rabinowitz_1975,R24-060557,-43.9165,-14.542206022195849,14.542206022195849
-47.28333333,11.63333333,62.431,V25-039,Langseth_etal._1972,R24-053351,-44.0,-357.59060275977083,357.59060275977083
-47.28333333,11.63333333,62.431,V25-039,Herman_etal._1977,R24-047370,-44.0,-357.59060275977083,357.59060275977083
-50.8,11.65,36.0,C13-66,Bookman_etal._1972,R24-022758,-44.0,-740.5493530216465,740.5493530216465
-50.822,11.6717,74.0,C16-33,LDEO_2004,R24-055162,-44.0,-742.8871796508341,742.8871796508341
-50.8217,11.6717,74.0,C16-33,Abbott_2008,R24-000474,-44.0,-742.8545109094244,742.8545109094244
-45.2667,11.75,59.0,SP-11,VonHerzen_etal._1970,R24-086472,-44.0,-137.89924649507995,137.89924649507995
-45.2667,11.75,59.0,SP-11,Folinsbee_1969,R24-035377,-44.0,-137.89924649507995,137.89924649507995
-48.4167,11.9,67.0,VFZ-17,VonHerzen_etal._1970,R24-086489,-44.0,-480.5603976531189,480.5603976531189
-48.4167,11.9,67.0,VFZ-17,Folinsbee_1969,R24-035394,-44.0,-480.5603976531189,480.5603976531189
-46.1667,11.95,28.0,VFZ-16,VonHerzen_etal._1970,R24-086488,-43.75000000000001,-262.9013280624509,262.9013280624509
-46.1667,11.95,28.0,VFZ-16,Folinsbee_1969,R24-035393,-43.75000000000001,-262.9013280624509,262.9013280624509
-47.0667,11.9667,172.0,SP-12,Folinsbee_1969,R24-035378,-43.666500000000006,-369.86879368408046,369.86879368408046
-47.0667,11.9667,172.0,SP-12,VonHerzen_etal._1970,R24-086473,-43.666500000000006,-369.86879368408046,369.86879368408046
-32.4167,11.9833,40.0,V20-216,Langseth_etal._1966,R24-053096,-43.5835,1214.6335645107483,1214.6335645107483
-57.95,12.0333,68.0,CH-75-42,Folinsbee_1969,R24-035375,-43.6332,-1556.975874789577,1556.975874789577
-57.95,12.0333,68.0,CH-75-42,VonHerzen_etal._1970,R24-086470,-43.6332,-1556.975874789577,1556.975874789577
-48.88333333,12.11666667,52.794,V25-038,Herman_etal._1977,R24-047369,-43.91666667,-539.9651830268837,539.9651830268837
-48.88333333,12.11666667,52.794,V25-038,Langseth_etal._1972,R24-053350,-43.91666667,-539.9651830268837,539.9651830268837
-55.6833,12.15,69.0,CH-75-40,VonHerzen_etal._1970,R24-086469,-43.95,-1275.4592841283,1275.4592841283
-55.6833,12.15,69.0,CH-75-40,Folinsbee_1969,R24-035374,-43.95,-1275.4592841283,1275.4592841283
-57.4617,12.2233,77.9,C16-26,Abbott_2008,R24-000471,-44.0,-1462.9394180423371,1462.9394180423371
-57.46503506,12.2468493,58.6,C16-25,Schoonmaker_Ladd_1984,R24-077903,-44.0,-1463.1714383453173,1463.1714383453173
-54.25,12.25,56.0,CH-75-39,VonHerzen_etal._1970,R24-086468,-44.0,-1113.797932051955,1113.797932051955
-54.25,12.25,56.0,CH-75-39,Folinsbee_1969,R24-035373,-44.0,-1113.797932051955,1113.797932051955
-46.2167,12.2833,19.0,LSDA-133,Vacquier_VonHerzen_1964,R24-085050,-44.0,-240.8433075258262,240.8433075258262
-57.5,12.305,57.0,HF5B,Blackwell_Richards_2004,R24-018913,-44.01,-1465.5605483645509,1465.5605483645509
-57.5,12.305,66.0,HF5A,Blackwell_Richards_2004,R24-018912,-44.01,-1465.5605483645509,1465.5605483645509
-57.5007,12.3057,66.0,HF5A,Foucher_etal._1990,R24-035506,-44.0114,-1465.4805944955372,1465.4805944955372
-57.5,12.3067,53.0,HF5C,Blackwell_Richards_2004,R24-018914,-44.0134,-1465.1816873261266,1465.1816873261266
-57.4852,12.3076,52.0,HF5H,Foucher_etal._1990,R24-035508,-44.0152,-1463.373251542615,1463.373251542615
-57.4835,12.3082,51.0,HF5I,Foucher_etal._1990,R24-035509,-44.0164,-1463.054854416458,1463.054854416458
-57.51,12.3083,60.0,HF6A,Blackwell_Richards_2004,R24-018932,-44.0166,-1465.9115069212514,1465.9115069212514
-57.49,12.3083,52.0,HF5G,Blackwell_Richards_2004,R24-018918,-44.0166,-1463.7387239207908,1463.7387239207908
-57.49,12.3083,54.0,HF5F,Blackwell_Richards_2004,R24-018917,-44.0166,-1463.7387239207908,1463.7387239207908
-57.49,12.3083,55.0,HF5E,Blackwell_Richards_2004,R24-018916,-44.0166,-1463.7387239207908,1463.7387239207908
-57.49,12.3083,53.0,HF5D,Blackwell_Richards_2004,R24-018915,-44.0166,-1463.7387239207908,1463.7387239207908
-57.48,12.3083,68.0,HF5M,Blackwell_Richards_2004,R24-018923,-44.0166,-1462.6523324205593,1462.6523324205593
-57.48,12.3083,51.0,HF5I,Blackwell_Richards_2004,R24-018919,-44.0166,-1462.6523324205593,1462.6523324205593
-57.48,12.3083,71.0,HF5K,Blackwell_Richards_2004,R24-018921,-44.0166,-1462.6523324205593,1462.6523324205593
-57.48,12.3083,67.0,HF5L,Blackwell_Richards_2004,R24-018922,-44.0166,-1462.6523324205593,1462.6523324205593
-57.48,12.3083,58.0,HF5J,Blackwell_Richards_2004,R24-018920,-44.0166,-1462.6523324205593,1462.6523324205593
-57.47,12.3083,72.0,HF5O,Blackwell_Richards_2004,R24-018925,-44.0166,-1461.565940920329,1461.565940920329
-57.47,12.3083,66.0,HF5N,Blackwell_Richards_2004,R24-018924,-44.0166,-1461.565940920329,1461.565940920329
-57.4917,12.3086,55.0,HF5E,Foucher_etal._1990,R24-035507,-44.0172,-1463.8565546181949,1463.8565546181949
-57.4744,12.3087,66.0,HF5N,Foucher_etal._1990,R24-035511,-44.0174,-1461.9548149239931,1461.9548149239931
-57.4719,12.3088,72.0,HF5O,Foucher_etal._1990,R24-035512,-44.0176,-1461.6609330322076,1461.6609330322076
-57.4818,12.309,58.0,HF5J,Foucher_etal._1990,R24-035510,-44.018,-1462.691888925776,1462.691888925776
-57.4621,12.3096,51.0,HF5T,Foucher_etal._1990,R24-035513,-44.0192,-1460.4179996248438,1460.4179996248438
-57.47,12.31,48.0,HF5R,Blackwell_Richards_2004,R24-018928,-44.02,-1461.1871077618193,1461.1871077618193
-57.47,12.31,52.0,HF5Q,Blackwell_Richards_2004,R24-018927,-44.02,-1461.1871077618193,1461.1871077618193
-57.47,12.31,63.0,HF5P,Blackwell_Richards_2004,R24-018926,-44.02,-1461.1871077618193,1461.1871077618193
-57.46,12.31,51.0,HF5T,Blackwell_Richards_2004,R24-018929,-44.02,-1460.1007232950822,1460.1007232950822
-57.4541,12.3111,46.0,HF5U,Foucher_etal._1990,R24-035514,-44.0222,-1459.2146382221424,1459.2146382221424
-57.45,12.3117,46.0,HF5U,Blackwell_Richards_2004,R24-018930,-44.0234,-1458.6355232354886,1458.6355232354886
-57.5167,12.4,118.0,V24-212,Langseth_etal._1971,R24-053258,-44.2,-1446.2079219942138,1446.2079219942138
-27.7833,12.7833,53.0,V19-175,Langseth_etal._1966,R24-053064,-44.5833,1821.7736583299172,1821.7736583299172
-44.7667,12.95,97.0,CH-75-30,VonHerzen_etal._1970,R24-086463,-44.6,-18.064756634545166,18.064756634545166
-44.7667,12.95,97.0,CH-75-30,Folinsbee_1969,R24-035368,-44.6,-18.064756634545166,18.064756634545166
-45.9667,13.0,16.0,CH-75-31,Folinsbee_1969,R24-035369,-44.6,-148.07521995283074,148.07521995283074
-45.9667,13.0,16.0,CH-75-31,VonHerzen_etal._1970,R24-086464,-44.6,-148.07521995283074,148.07521995283074
-46.9167,13.0333,68.0,CH-75-32,VonHerzen_etal._1970,R24-086465,-44.6,-250.9693235211858,250.9693235211858
-46.9167,13.0333,68.0,CH-75-32,Folinsbee_1969,R24-035370,-44.6,-250.9693235211858,250.9693235211858
-52.96666667,13.03333333,73.0,V26-52,Langseth_etal._1974,R24-053404,-44.6,-906.3652572833932,906.3652572833932
-49.75,13.0667,35.0,CH-75-35,VonHerzen_etal._1970,R24-086466,-44.6,-557.8268177551317,557.8268177551317
-49.75,13.0667,35.0,CH-75-35,Folinsbee_1969,R24-035371,-44.6,-557.8268177551317,557.8268177551317
-51.3167,13.1,57.0,CH-75-37,VonHerzen_etal._1970,R24-086467,-44.6,-727.427057469963,727.427057469963
-51.3167,13.1,57.0,CH-75-37,Folinsbee_1969,R24-035372,-44.6,-727.427057469963,727.427057469963
-57.58934285,13.12657912,63.6,C16-22,Schoonmaker_Ladd_1984,R24-077902,-44.706316480000005,-1395.097189637534,1395.097189637534
-56.36644145,13.13478652,41.5,C9-38,Schoonmaker_Ladd_1984,R24-077906,-44.739146080000005,-1259.0725657534513,1259.0725657534513
-57.5817,13.1417,58.6,C16-25,Abbott_2008,R24-000470,-44.7668,-1387.6343630820988,1387.6343630820988
-56.367,13.15,109.0,C9-37,LDEO_2004,R24-055262,-44.800000000000004,-1252.465773863242,1252.465773863242
-56.3667,13.15,109.0,C9-37,Abbott_2008,R24-000900,-44.800000000000004,-1252.4332900963057,1252.4332900963057
-42.85,13.2667,13.0,CH-75-17,Folinsbee_1969,R24-035363,-44.7999,211.0327508921028,211.0327508921028
-42.85,13.2667,13.0,CH-75-17,VonHerzen_etal._1970,R24-086458,-44.7999,211.0327508921028,211.0327508921028
-46.1333,13.35,106.0,CH-75-16,Folinsbee_1969,R24-035362,-44.7,-155.06910032271526,155.06910032271526
-46.1333,13.35,106.0,CH-75-16,VonHerzen_etal._1970,R24-086457,-44.7,-155.06910032271526,155.06910032271526
-45.4,13.3667,80.0,CH-75-20,VonHerzen_etal._1970,R24-086461,-44.7,-75.72794070342458,75.72794070342458
-45.4,13.3667,80.0,CH-75-20,Folinsbee_1969,R24-035366,-44.7,-75.72794070342458,75.72794070342458
-43.9,13.3833,69.0,CH-75-18,Folinsbee_1969,R24-035364,-44.7,86.54025610672973,86.54025610672973
-43.9,13.3833,69.0,CH-75-18,VonHerzen_etal._1970,R24-086459,-44.7,86.54025610672973,86.54025610672973
-44.6333,13.4,176.0,CH-75-19,Folinsbee_1969,R24-035365,-44.7,7.214793178959318,7.214793178959318
-44.6333,13.4,176.0,CH-75-19,VonHerzen_etal._1970,R24-086460,-44.7,7.214793178959318,7.214793178959318
-58.8667,13.4833,41.0,V18-9,Schoonmaker_Ladd_1984,R24-077934,-44.7,-1531.848595515821,1531.848595515821
-58.8667,13.4833,41.0,V18-9,Arnaiz-Rodriguez_Orihuela_2013,R24-003626,-44.7,-1531.848595515821,1531.848595515821
-58.8667,13.4833,41.0,V18-9,Langseth_etal._1966,R24-053018,-44.7,-1531.848595515821,1531.848595515821
-55.9833,13.4833,57.0,V18-10,Langseth_etal._1966,R24-052992,-44.7,-1220.0658768650187,1220.0658768650187
-51.1167,13.7333,50.0,V18-11,Langseth_etal._1966,R24-052993,-44.9,-671.5035661885271,671.5035661885271
-47.0333,13.9,50.0,CH-75-15,VonHerzen_etal._1970,R24-086456,-44.9,-230.26588293341297,230.26588293341297
-47.0333,13.9,50.0,CH-75-15,Folinsbee_1969,R24-035361,-44.9,-230.26588293341297,230.26588293341297
-58.09956905,14.19285613,68.2,C15-36,Schoonmaker_Ladd_1984,R24-077900,-45.19285613,-1391.3549570551424,1391.3549570551424
-34.4667,14.2,28.0,V20-218,Langseth_etal._1966,R24-053097,-45.2,1157.0226457332094,1157.0226457332094
-58.102,14.2033,68.0,C15-36,LDEO_2004,R24-055145,-45.1967,-1391.138485866097,1391.138485866097
-58.1017,14.2033,68.3,C15-36,Abbott_2008,R24-000433,-45.1967,-1391.1061470947584,1391.1061470947584
-57.4,14.2167,65.0,CH-75-08,Folinsbee_1969,R24-035357,-45.1833,-1316.832237403113,1316.832237403113
-57.4,14.2167,65.0,CH-75-08,Schoonmaker_Ladd_1984,R24-077915,-45.1833,-1316.832237403113,1316.832237403113
-57.4,14.2167,65.0,CH-75-08,Arnaiz-Rodriguez_Orihuela_2013,R24-003551,-45.1833,-1316.832237403113,1316.832237403113
-57.4,14.2167,65.0,CH-75-08,VonHerzen_etal._1970,R24-086452,-45.1833,-1316.832237403113,1316.832237403113
-58.4167,14.2333,30.0,CH-75-07,VonHerzen_etal._1970,R24-086451,-45.166700000000006,-1428.1062563952355,1428.1062563952355
-58.4167,14.2333,30.0,CH-75-07,Arnaiz-Rodriguez_Orihuela_2013,R24-003550,-45.166700000000006,-1428.1062563952355,1428.1062563952355
-58.4167,14.2333,30.0,CH-75-07,Schoonmaker_Ladd_1984,R24-077914,-45.166700000000006,-1428.1062563952355,1428.1062563952355
-58.4167,14.2333,30.0,CH-75-07,Folinsbee_1969,R24-035356,-45.166700000000006,-1428.1062563952355,1428.1062563952355
-57.1,14.2333,67.0,V15-10,Langseth_etal._1966,R24-052977,-45.166700000000006,-1286.190218071039,1286.190218071039
-57.1,14.2333,67.0,V15-10,Gerard_etal._1962,R24-037262,-45.166700000000006,-1286.190218071039,1286.190218071039
-57.1,14.2333,67.0,V15-10,Arnaiz-Rodriguez_Orihuela_2013,R24-003617,-45.166700000000006,-1286.190218071039,1286.190218071039
-57.1,14.2333,67.0,V15-10,Schoonmaker_Ladd_1984,R24-077932,-45.166700000000006,-1286.190218071039,1286.190218071039
-50.6667,14.25,39.0,CH-75-12,Folinsbee_1969,R24-035359,-45.150000000000006,-594.5547901644142,594.5547901644142
-50.6667,14.25,39.0,CH-75-12,VonHerzen_etal._1970,R24-086454,-45.150000000000006,-594.5547901644142,594.5547901644142
-59.6333,14.3,59.0,CH-75-06,VonHerzen_etal._1970,R24-086450,-45.1,-1565.95877683156,1565.95877683156
-59.6333,14.3,59.0,CH-75-06,Schoonmaker_Ladd_1984,R24-077913,-45.1,-1565.95877683156,1565.95877683156
-59.6333,14.3,59.0,CH-75-06,Folinsbee_1969,R24-035355,-45.1,-1565.95877683156,1565.95877683156
-52.55,14.3,61.0,CH-75-11,Folinsbee_1969,R24-035358,-45.1,-802.7352966907116,802.7352966907116
-52.55,14.3,61.0,CH-75-11,VonHerzen_etal._1970,R24-086453,-45.1,-802.7352966907116,802.7352966907116
-57.625,14.31,52.0,C26-10I,Abbott_2008,R24-000647,-45.08,-1351.6598841107957,1351.6598841107957
-57.6183,14.31,52.0,RC26-10I,Langseth_etal._1990,R24-053797,-45.08,-1350.9379932201184,1350.9379932201184
-48.1,14.3167,28.0,CH-75-14,VonHerzen_etal._1970,R24-086455,-45.0666,-326.82365590744155,326.82365590744155
-48.1,14.3167,28.0,CH-75-14,Folinsbee_1969,R24-035360,-45.0666,-326.82365590744155,326.82365590744155
-57.6267,14.3217,40.0,C26-10H,Abbott_2008,R24-000646,-45.0566,-1354.2937059039057,1354.2937059039057
-57.804,14.3228,33.0,RC26-4A,Langseth_etal._1990,R24-053850,-45.0544,-1373.6261762746271,1373.6261762746271
-57.805,14.3233,32.0,C26-4A,Abbott_2008,R24-000702,-45.0534,-1373.8385927083377,1373.8385927083377
-57.6283,14.325,40.0,RC26-10H,Langseth_etal._1990,R24-053796,-45.050000000000004,-1355.15723902737,1355.15723902737
-57.625,14.325,69.0,C26-10G,Abbott_2008,R24-000645,-45.050000000000004,-1354.8017045840197,1354.8017045840197
-57.8,14.3267,51.0,C26-4B,Abbott_2008,R24-000703,-45.0466,-1374.011700868496,1374.011700868496
-57.6267,14.3267,65.0,RC26-10G,Langseth_etal._1990,R24-053795,-45.0466,-1355.340897180028,1355.340897180028
-57.615,14.3267,214.0,C26-10E,Abbott_2008,R24-000643,-45.0466,-1354.0803755230459,1354.0803755230459
-57.6183,14.3283,203.0,RC26-10E,Langseth_etal._1990,R24-053793,-45.0434,-1354.7710026142454,1354.7710026142454
-57.8003,14.3293,52.0,RC26-4B,Langseth_etal._1990,R24-053851,-45.0414,-1374.588321567171,1374.588321567171
-57.625,14.33,207.0,C26-1G,Abbott_2008,R24-000679,-45.04,-1355.8488614375667,1355.8488614375667
-57.615,14.33,100.0,C26-10F,Abbott_2008,R24-000644,-45.04,-1354.7715083494163,1354.7715083494163
-57.7533,14.3317,45.0,C26-2L,Abbott_2008,R24-000696,-45.0366,-1370.0272168225988,1370.0272168225988
-57.7017,14.3317,53.0,C26-2E,Abbott_2008,R24-000689,-45.0366,-1364.4681170256351,1364.4681170256351
-57.625,14.3317,196.0,RC26-1G,Langseth_etal._1990,R24-053828,-45.0366,-1356.204881474722,1356.204881474722
-57.6183,14.3317,95.0,RC26-10F,Langseth_etal._1990,R24-053794,-45.0366,-1355.483060377054,1355.483060377054
-57.6167,14.3317,85.0,RC26-10D,Langseth_etal._1990,R24-053792,-45.0366,-1355.3106851895516,1355.3106851895516
-57.6167,14.3317,90.0,C26-10D,Abbott_2008,R24-000642,-45.0366,-1355.3106851895516,1355.3106851895516
-57.7553,14.3318,46.0,RC26-2L,Langseth_etal._1990,R24-053844,-45.0364,-1370.2636216924072,1370.2636216924072
-57.702,14.3327,53.0,C26-2E,LDEO_2004,R24-055234,-45.0346,-1364.709820781007,1364.709820781007
-57.8633,14.3333,35.0,C26-5A,Abbott_2008,R24-000713,-45.0334,-1382.2128993064168,1382.2128993064168
-57.765,14.3333,50.0,C26-2M,Abbott_2008,R24-000697,-45.0334,-1371.6226742850354,1371.6226742850354
-57.745,14.3333,53.0,C26-2K,Abbott_2008,R24-000695,-45.0334,-1369.4679998147642,1369.4679998147642
-57.6817,14.3333,53.0,C26-2A,Abbott_2008,R24-000687,-45.0334,-1362.6484551163571,1362.6484551163571
-57.6167,14.3333,34.0,RC26-1F,Langseth_etal._1990,R24-053827,-45.0334,-1355.6457630879768,1355.6457630879768
-57.7438,14.3338,55.0,RC26-2K,Langseth_etal._1990,R24-053843,-45.0324,-1369.443399431074,1369.443399431074
-57.682,14.3347,53.0,RC26-2A,Langseth_etal._1990,R24-053835,-45.0306,-1362.9739195668847,1362.9739195668847
-57.8648,14.335,37.0,RC26-5A,Langseth_etal._1990,R24-053861,-45.03,-1382.7303109592294,1382.7303109592294
-57.7983,14.335,48.0,C26-3C,Abbott_2008,R24-000700,-45.03,-1375.5660726634403,1375.5660726634403
-57.725,14.335,57.0,C26-2G,Abbott_2008,R24-000691,-45.03,-1367.6692506020677,1367.6692506020677
-57.7117,14.335,55.0,C26-2F,Abbott_2008,R24-000690,-45.03,-1366.2364029429098,1366.2364029429098
-57.695,14.335,57.0,C26-2C,Abbott_2008,R24-000688,-45.03,-1364.4372634009596,1364.4372634009596
-57.6633,14.335,61.0,C26-1L,Abbott_2008,R24-000684,-45.03,-1361.0221302584557,1361.0221302584557
-57.6283,14.335,137.0,RC26-1H,Langseth_etal._1990,R24-053829,-45.03,-1357.2514785238307,1357.2514785238307
-57.6267,14.335,145.0,C26-1H,Abbott_2008,R24-000680,-45.03,-1357.0791058731045,1357.0791058731045
-57.6167,14.335,145.0,C26-03-1H,Langseth_etal._1988a,R24-053517,-45.03,-1356.0017768060686,1356.0017768060686
-57.6117,14.335,36.0,C26-1F,Abbott_2008,R24-000678,-45.03,-1355.4631122725505,1355.4631122725505
-57.6117,14.335,44.0,RC26-1E,Langseth_etal._1990,R24-053826,-45.03,-1355.4631122725505,1355.4631122725505
-57.6067,14.335,62.0,C26-1E,Abbott_2008,R24-000677,-45.03,-1354.9244477390323,1354.9244477390323
-57.555,14.335,62.0,C26-03-1A,Langseth_etal._1988a,R24-053516,-45.03,-1349.3546564624571,1349.3546564624571
-57.5517,14.335,62.0,C26-1A,Abbott_2008,R24-000673,-45.03,-1348.9991378703348,1348.9991378703348
-57.335,14.335,62.0,RC26-1A,Langseth_etal._1990,R24-053823,-45.03,-1325.6534169876677,1325.6534169876677
-57.7633,14.3363,51.0,RC26-2M,Langseth_etal._1990,R24-053845,-45.0274,-1372.0675705813026,1372.0675705813026
-57.712,14.3363,55.0,C26-2F,LDEO_2004,R24-055235,-45.0274,-1366.5409045136655,1366.5409045136655
-57.9083,14.3367,35.0,C26-4L,Abbott_2008,R24-000712,-45.0266,-1387.7724611611095,1387.7724611611095
-57.8187,14.3367,39.0,RC26-4C,Langseth_etal._1990,R24-053852,-45.0266,-1378.119665915138,1378.119665915138
-57.8183,14.3367,38.0,C26-4C,Abbott_2008,R24-000704,-45.0266,-1378.0765730792184,1378.0765730792184
-57.8113,14.3367,55.0,RC26-3D,Langseth_etal._1990,R24-053849,-45.0266,-1377.3224484506272,1377.3224484506272
-57.8067,14.3367,55.0,C26-3D,Abbott_2008,R24-000701,-45.0266,-1376.8268808375524,1376.8268808375524
-57.791,14.3367,50.0,RC26-3C,Langseth_etal._1990,R24-053848,-45.0266,-1375.135487027711,1375.135487027711
-57.6928,14.3367,56.0,RC26-2C,Langseth_etal._1990,R24-053836,-45.0266,-1364.5561958094697,1364.5561958094697
-57.68,14.3367,61.0,C26-1M,Abbott_2008,R24-000685,-45.0266,-1363.1772250600452,1363.1772250600452
-57.68,14.3367,60.0,RC26-1M,Langseth_etal._1990,R24-053834,-45.0266,-1363.1772250600452,1363.1772250600452
-57.6633,14.3367,61.0,RC26-1L,Langseth_etal._1990,R24-053833,-45.0266,-1361.3780991604053,1361.3780991604053
-57.8637,14.338,29.0,RC26-4G,Langseth_etal._1990,R24-053856,-45.024,-1383.2396917112756,1383.2396917112756
-57.91,14.3383,37.0,RC26-4L,Langseth_etal._1990,R24-053860,-45.0234,-1388.2904394019827,1388.2904394019827
-57.8617,14.3383,28.0,C26-4G,Abbott_2008,R24-000708,-45.0234,-1383.0870166044167,1383.0870166044167
-57.83,14.3383,45.0,C26-4D,Abbott_2008,R24-000705,-45.0234,-1379.6719337331363,1379.6719337331363
-57.712,14.3383,53.0,RC26-2E,Langseth_etal._1990,R24-053837,-45.0234,-1366.959637871588,1366.959637871588
-57.6467,14.3383,62.0,RC26-1K,Langseth_etal._1990,R24-053832,-45.0234,-1359.9247826193919,1359.9247826193919
-57.6333,14.3383,55.0,RC26-1J,Langseth_etal._1990,R24-053831,-45.0234,-1358.4811829198597,1358.4811829198597
-57.6317,14.3383,45.0,RC26-1I,Langseth_etal._1990,R24-053830,-45.0234,-1358.3088128064833,1358.3088128064833
-57.6317,14.3383,78.0,C26-1J,Abbott_2008,R24-000682,-45.0234,-1358.3088128064833,1358.3088128064833
-57.59,14.3383,53.0,C26-1D,Abbott_2008,R24-000676,-45.0234,-1353.8164167265968,1353.8164167265968
-57.735,14.3385,45.0,RC26-2J,Langseth_etal._1990,R24-053842,-45.023,-1369.4793288618187,1369.4793288618187
-57.8317,14.3392,48.0,RC26-4D,Langseth_etal._1990,R24-053853,-45.0216,-1380.0434521595685,1380.0434521595685
-57.8933,14.34,24.0,C26-4J,Abbott_2008,R24-000711,-45.02,-1386.8470942040058,1386.8470942040058
-57.854,14.34,43.0,RC26-4F,Langseth_etal._1990,R24-053855,-45.02,-1382.6132854057782,1382.6132854057782
-57.8533,14.34,40.0,C26-4F,Abbott_2008,R24-000707,-45.02,-1382.5378740531378,1382.5378740531378
-57.845,14.34,43.0,C26-4E,Abbott_2008,R24-000706,-45.02,-1381.643710871833,1381.643710871833
-57.735,14.34,44.0,C26-2J,Abbott_2008,R24-000694,-45.02,-1369.793355456948,1369.793355456948
-57.73,14.34,66.0,C26-2I,Abbott_2008,R24-000693,-45.02,-1369.2547029380894,1369.2547029380894
-57.7283,14.34,59.0,C26-2H,Abbott_2008,R24-000692,-45.02,-1369.0715610816774,1369.0715610816774
-57.7282,14.34,54.0,RC26-2F,Langseth_etal._1990,R24-053838,-45.02,-1369.0607880313007,1369.0607880313007
-57.645,14.34,63.0,C26-1K,Abbott_2008,R24-000683,-45.02,-1360.097610117497,1360.097610117497
-57.565,14.34,54.0,C26-1B,Abbott_2008,R24-000674,-45.02,-1351.4791698157615,1351.4791698157615
-57.8447,14.3405,45.0,RC26-4E,Langseth_etal._1990,R24-053854,-45.019,-1381.7160397173634,1381.7160397173634
-57.9257,14.3417,45.0,RC26-5D,Langseth_etal._1990,R24-053864,-45.016600000000004,-1390.6932971324186,1390.6932971324186
-57.9233,14.3417,43.0,C26-5D,Abbott_2008,R24-000716,-45.016600000000004,-1390.4347458846073,1390.4347458846073
-57.8933,14.3417,26.0,RC26-4J,Langseth_etal._1990,R24-053859,-45.016600000000004,-1387.20285528697,1387.20285528697
-57.8817,14.3417,28.0,C26-4I,Abbott_2008,R24-000710,-45.016600000000004,-1385.9531909225493,1385.9531909225493
-57.87,14.3417,39.0,C26-4H,Abbott_2008,R24-000709,-45.016600000000004,-1384.69275358947,1384.69275358947
-57.62,14.3417,41.0,RC26-10C,Langseth_etal._1990,R24-053791,-45.016600000000004,-1357.760331942484,1357.760331942484
-57.6183,14.3417,41.0,C26-10C,Abbott_2008,R24-000641,-45.016600000000004,-1357.5771914752847,1357.5771914752847
-57.5867,14.3417,53.0,RC26-1D,Langseth_etal._1990,R24-053825,-45.016600000000004,-1354.172933379106,1354.172933379106
-57.575,14.3417,55.0,C26-1C,Abbott_2008,R24-000675,-45.016600000000004,-1352.9124960460272,1352.9124960460272
-57.885,14.3428,29.0,RC26-4I,Langseth_etal._1990,R24-053858,-45.0144,-1386.5388980133134,1386.5388980133134
-57.8715,14.3428,41.0,RC26-4H,Langseth_etal._1990,R24-053857,-45.0144,-1385.0845543833987,1385.0845543833987
-57.7282,14.343,58.0,RC26-2H,Langseth_etal._1990,R24-053840,-45.014,-1369.6888352329684,1369.6888352329684
-57.9117,14.3433,43.0,C26-5C,Abbott_2008,R24-000715,-45.013400000000004,-1389.519895135326,1389.519895135326
-57.7883,14.3433,42.0,C26-3B,Abbott_2008,R24-000699,-45.013400000000004,-1376.2261467297449,1376.2261467297449
-57.7308,14.3433,65.0,RC26-2I,Langseth_etal._1990,R24-053841,-45.013400000000004,-1370.0317339799813,1370.0317339799813
-57.7238,14.3433,57.0,RC26-2G,Langseth_etal._1990,R24-053839,-45.013400000000004,-1369.2776315582703,1369.2776315582703
-57.5683,14.3433,54.0,RC26-1B,Langseth_etal._1990,R24-053824,-45.013400000000004,-1352.5257849045609,1352.5257849045609
-57.9125,14.3442,45.0,RC26-5C,Langseth_etal._1990,R24-053863,-45.0116,-1389.7944079419558,1389.7944079419558
-57.9417,14.345,32.0,C26-5E,Abbott_2008,R24-000717,-45.01,-1393.1074710203798,1393.1074710203798
-57.9445,14.3455,35.0,RC26-5E,Langseth_etal._1990,R24-053865,-45.009,-1393.5137278429613,1393.5137278429613
-57.7887,14.3457,43.0,RC26-3B,Langseth_etal._1990,R24-053847,-45.0086,-1376.7715893934505,1376.7715893934505
-57.9567,14.3467,33.0,C26-5G,Abbott_2008,R24-000718,-45.0066,-1395.0790818373302,1395.0790818373302
-57.9583,14.348,34.0,RC26-5G,Langseth_etal._1990,R24-053866,-45.004,-1395.5234376223088,1395.5234376223088
-57.8788,14.3483,47.0,RC26-5B,Langseth_etal._1990,R24-053862,-45.0034,-1387.0219466829612,1387.0219466829612
-57.9767,14.35,36.0,RC26-5H,Langseth_etal._1990,R24-053867,-45.0,-1397.9240321024668,1397.9240321024668
-57.8783,14.35,45.0,C26-5B,Abbott_2008,R24-000714,-45.0,-1387.3238236705174,1387.3238236705174
-57.975,14.3517,35.0,C26-5H,Abbott_2008,R24-000719,-44.9966,-1398.0965528070535,1398.0965528070535
-57.78,14.3517,39.0,C26-3A,Abbott_2008,R24-000698,-44.9966,-1377.0902016545713,1377.0902016545713
-57.78,14.355,40.0,RC26-3A,Langseth_etal._1990,R24-053846,-44.99,-1377.7808797848847,1377.7808797848847
-57.6217,14.3583,48.0,C26-10A,Abbott_2008,R24-000640,-44.9834,-1361.4191869516715,1361.4191869516715
-57.6217,14.3583,48.0,RC26-10A,Langseth_etal._1990,R24-053790,-44.9834,-1361.4191869516715,1361.4191869516715
-57.995,14.3633,48.0,C26-5I,Abbott_2008,R24-000720,-44.9734,-1402.6775755460274,1402.6775755460274
-58.0117,14.365,47.0,C26-5J,Abbott_2008,R24-000721,-44.97,-1404.8320589646721,1404.8320589646721
-57.9955,14.365,51.0,RC26-5I,Langseth_etal._1990,R24-053868,-44.97,-1403.0870196404103,1403.0870196404103
-58.0133,14.367,48.0,RC26-5J,Langseth_etal._1990,R24-053869,-44.966,-1405.4227173211104,1405.4227173211104
-58.0267,14.3683,47.0,C26-5K,Abbott_2008,R24-000722,-44.9634,-1407.1380192823435,1407.1380192823435
-58.0283,14.369,48.0,RC26-5K,Langseth_etal._1990,R24-053870,-44.962,-1407.456764956152,1407.456764956152
-58.1417,14.3717,36.0,C26-6A,Abbott_2008,R24-000726,-44.9566,-1420.2363440263841,1420.2363440263841
-58.15,14.3733,36.0,RC26-6A,Langseth_etal._1990,R24-053874,-44.9534,-1421.4648977823404,1421.4648977823404
-58.0917,14.3733,38.0,C26-5N,Abbott_2008,R24-000725,-44.9534,-1415.1851436380375,1415.1851436380375
-58.05,14.3733,36.0,RC26-5L,Langseth_etal._1990,R24-053871,-44.9534,-1410.6934498504309,1410.6934498504309
-58.1183,14.374,39.0,RC26-5N,Langseth_etal._1990,R24-053873,-44.952,-1418.1967088449921,1418.1967088449921
-58.0733,14.3742,29.0,RC26-5M,Langseth_etal._1990,R24-053872,-44.9516,-1413.3913937343993,1413.3913937343993
-58.0617,14.375,29.0,C26-5M,Abbott_2008,R24-000724,-44.95,-1412.3091994637925,1412.3091994637925
-58.16,14.38,37.0,RC26-6B,Langseth_etal._1990,R24-053875,-44.94,-1423.942735351791,1423.942735351791
-58.16,14.38,36.0,C26-6B,Abbott_2008,R24-000727,-44.94,-1423.942735351791,1423.942735351791
-58.245,14.3817,20.0,C26-7H,Abbott_2008,R24-000735,-44.9366,-1433.4535048176297,1433.4535048176297
-58.2,14.3817,48.0,C26-6H,Abbott_2008,R24-000730,-44.9366,-1428.606535406071,1428.606535406071
-58.2533,14.3833,20.0,RC26-7H,Langseth_etal._1990,R24-053881,-44.9334,-1434.6819011289217,1434.6819011289217
-58.2217,14.3833,30.0,RC26-7B,Langseth_etal._1990,R24-053879,-44.9334,-1431.278275870798,1431.278275870798
-58.215,14.3833,30.0,C26-7B,Abbott_2008,R24-000732,-44.9334,-1430.5566211483485,1430.5566211483485
-58.1917,14.3833,49.0,RC26-6H,Langseth_etal._1990,R24-053877,-44.9334,-1428.0469860687822,1428.0469860687822
-58.24,14.385,7.0,C26-7I,Abbott_2008,R24-000736,-44.93,-1433.6046666298905,1433.6046666298905
-58.235,14.385,3.0,C26-7G,Abbott_2008,R24-000734,-44.93,-1433.06612242755,1433.06612242755
-58.2317,14.385,13.0,RC26-7D,Langseth_etal._1990,R24-053880,-44.93,-1432.710683254005,1432.710683254005
-58.225,14.385,13.0,C26-7D,Abbott_2008,R24-000733,-44.93,-1431.9890340228696,1431.9890340228696
-58.21,14.385,21.0,RC26-7A,Langseth_etal._1990,R24-053878,-44.93,-1430.3734014158485,1430.3734014158485
-58.205,14.385,21.0,C26-7A,Abbott_2008,R24-000731,-44.93,-1429.834857213508,1429.834857213508
-58.175,14.385,33.0,C26-6C,Abbott_2008,R24-000728,-44.93,-1426.603591999466,1426.603591999466
-58.236,14.3857,3.0,C26-7G,LDEO_2004,R24-055237,-44.9286,-1433.320132270041,1433.320132270041
-58.24,14.3862,7.0,C26-7I,LDEO_2004,R24-055238,-44.9276,-1433.8554653236731,1433.8554653236731
-58.415,14.3867,7.0,RC26-7I,Langseth_etal._1990,R24-053882,-44.9266,-1452.808867409561,1452.808867409561
-58.1817,14.3867,29.0,C26-6G,Abbott_2008,R24-000729,-44.9266,-1427.6805861629598,1427.6805861629598
-58.18,14.3867,34.0,RC26-6C,Langseth_etal._1990,R24-053876,-44.9266,-1427.497482527644,1427.497482527644
-58.3517,14.3883,9.0,C26-11B,Abbott_2008,R24-000649,-44.9234,-1446.3252545779312,1446.3252545779312
-58.3517,14.3883,9.0,RC26-11B,Langseth_etal._1990,R24-053799,-44.9234,-1446.3252545779312,1446.3252545779312
-58.3967,14.39,22.0,C26-11E,Abbott_2008,R24-000652,-44.92,-1451.5272361897753,1451.5272361897753
-58.3683,14.3917,19.0,C26-11C,Abbott_2008,R24-000650,-44.9166,-1448.8235454279704,1448.8235454279704
-58.335,14.3917,17.0,C26-11A,Abbott_2008,R24-000648,-44.9166,-1445.2369486362827,1445.2369486362827
-58.4133,14.3933,17.0,C26-11F,Abbott_2008,R24-000653,-44.9134,-1454.0045362287135,1454.0045362287135
-58.3817,14.3933,20.0,C26-11D,Abbott_2008,R24-000651,-44.9134,-1450.6010633626313,1450.6010633626313
-58.3733,14.3933,19.0,RC26-11C,Langseth_etal._1990,R24-053800,-44.9134,-1449.6963427273433,1449.6963427273433
-58.3367,14.3933,17.0,RC26-11A,Langseth_etal._1990,R24-053798,-44.9134,-1445.7543456735896,1445.7543456735896
-58.4117,14.395,22.0,RC26-11E,Langseth_etal._1990,R24-053802,-44.910000000000004,-1454.1873314240568,1454.1873314240568
-58.3883,14.395,20.0,RC26-11D,Langseth_etal._1990,R24-053801,-44.910000000000004,-1451.6670574174261,1451.6670574174261
-58.7267,14.4017,37.0,C26-12C,Abbott_2008,R24-000655,-44.9051,-1488.597157117502,1488.597157117502
-58.4317,14.4017,17.0,RC26-11F,Langseth_etal._1990,R24-053803,-44.9051,-1456.8254258165193,1456.8254258165193
-58.728,14.4018,37.0,C26-12C,LDEO_2004,R24-055232,-44.9054,-1488.7041906921793,1488.7041906921793
-58.7183,14.41,74.0,RC26-12B,Langseth_etal._1990,R24-053804,-44.93,-1484.955464652945,1484.955464652945
-58.785,14.4117,52.0,RC26-12G,Langseth_etal._1990,R24-053808,-44.9351,-1491.5782141001969,1491.5782141001969
-58.7417,14.4117,37.0,RC26-12C,Langseth_etal._1990,R24-053805,-44.9351,-1486.9149792269825,1486.9149792269825
-58.7883,14.4133,51.0,C26-12G,Abbott_2008,R24-000658,-44.939899999999994,-1491.4059670766956,1491.4059670766956
-58.7517,14.4167,39.0,RC26-12E,Langseth_etal._1990,R24-053806,-44.9501,-1486.3431614769388,1486.3431614769388
-58.7633,14.4183,51.0,C26-12F,Abbott_2008,R24-000657,-44.9549,-1487.0648017496799,1487.0648017496799
-58.7633,14.4183,53.0,RC26-12F,Langseth_etal._1990,R24-053807,-44.9549,-1487.0648017496799,1487.0648017496799
-58.7483,14.42,39.0,C26-12E,Abbott_2008,R24-000656,-44.96,-1484.8888493419659,1484.8888493419659
-57.6783,14.5633,43.0,C26-9D,Abbott_2008,R24-000743,-45.2,-1342.9440027047933,1342.9440027047933
-57.7,14.565,44.0,RC26-9D,Langseth_etal._1990,R24-053889,-45.2,-1345.269037319663,1345.269037319663
-57.6117,14.565,75.0,C26-8C,Abbott_2008,R24-000739,-45.2,-1335.7660568400368,1335.7660568400368
-57.5817,14.565,49.0,RC26-8A,Langseth_etal._1990,R24-053883,-45.2,-1332.5374111504693,1332.5374111504693
-57.5767,14.565,49.0,C26-8A,Abbott_2008,R24-000737,-45.2,-1331.999303535542,1331.999303535542
-57.6067,14.5667,47.0,C26-8B,Abbott_2008,R24-000738,-45.2,-1335.2176550175936,1335.2176550175936
-57.6017,14.5667,46.0,RC26-8B,Langseth_etal._1990,R24-053884,-45.2,-1334.6795515513152,1334.6795515513152
-57.7067,14.5683,38.0,RC26-9E,Langseth_etal._1990,R24-053890,-45.2,-1345.969956502654,1345.969956502654
-57.705,14.5683,37.0,C26-9F,Abbott_2008,R24-000745,-45.2,-1345.7870026518335,1345.7870026518335
-57.695,14.5683,37.0,C26-9E,Abbott_2008,R24-000744,-45.2,-1344.7108035293613,1344.7108035293613
-57.61,14.5683,75.0,RC26-8C,Langseth_etal._1990,R24-053885,-45.2,-1335.5631109883452,1335.5631109883452
-57.706,14.5688,37.0,C26-9F,LDEO_2004,R24-055239,-45.2,-1345.8915700695209,1345.8915700695209
-58.71,14.5717,74.0,C26-12B,Abbott_2008,R24-000654,-45.2,-1453.92258891444,1453.92258891444
-57.6783,14.5717,43.0,RC26-9C,Langseth_etal._1990,R24-053888,-45.2,-1342.8928379904555,1342.8928379904555
-57.6617,14.5717,41.0,C26-9C,Abbott_2008,R24-000742,-45.2,-1341.1063750018563,1341.1063750018563
-58.711,14.5723,74.0,C26-12B,LDEO_2004,R24-055231,-45.2,-1454.0262488930553,1454.0262488930553
-57.6583,14.5733,37.0,RC26-9B,Langseth_etal._1990,R24-053887,-45.2,-1340.7307396369117,1340.7307396369117
-57.6467,14.5733,38.0,C26-9B,Abbott_2008,R24-000741,-45.2,-1339.4823769726813,1339.4823769726813
-57.6333,14.575,40.0,C26-9A,Abbott_2008,R24-000740,-45.2,-1338.0299808310408,1338.0299808310408
-57.6433,14.59,39.0,RC26-9A,Langseth_etal._1990,R24-053886,-45.2,-1339.0149461660899,1339.0149461660899
-47.926667,14.89,28.0,V22-005,Herman_etal._1977,R24-047314,-48.650000000000006,77.73021534624911,77.73021534624911
-58.3167,14.9833,30.0,LSDA-134,Arnaiz-Rodriguez_Orihuela_2013,R24-003562,-48.7,-1032.9730800262578,1032.9730800262578
-58.3167,14.9833,30.0,LSDA-134,Schoonmaker_Ladd_1984,R24-077925,-48.7,-1032.9730800262578,1032.9730800262578
-58.3167,14.9833,30.0,LSDA-134,Vacquier_VonHerzen_1964,R24-085051,-48.7,-1032.9730800262578,1032.9730800262578
-20.951667,15.02,49.0,V29-121,Herman_etal._1977,R24-047477,-48.7,2980.061908001592,2980.061908001592
-59.9667,15.0667,30.0,LSDA-135,Vacquier_VonHerzen_1964,R24-085052,-48.7,-1209.7342685949743,1209.7342685949743
-59.9667,15.0667,30.0,LSDA-135,Schoonmaker_Ladd_1984,R24-077926,-48.7,-1209.7342685949743,1209.7342685949743
-59.9667,15.0667,30.0,LSDA-135,Arnaiz-Rodriguez_Orihuela_2013,R24-003563,-48.7,-1209.7342685949743,1209.7342685949743
-59.994,15.2933,32.7,ANTI-06-13,Lucazeau_etal._2014,R24-060516,-47.73350000000001,-1315.0292608064676,1315.0292608064676
-58.4993,15.3221,75.0,ANTI-04-08,Lucazeau_etal._2014,R24-060500,-47.5232,-1177.1059044843755,1177.1059044843755
-59.9823,15.41,31.6,ANTI-06-01,Lucazeau_etal._2014,R24-060510,-46.9,-1402.3889796117535,1402.3889796117535
-58.6683,15.4155,93.2,ANTI-C04-09,Lucazeau_etal._2014,R24-060519,-46.9,-1261.4981678698357,1261.4981678698357
-59.6188,15.4311,45.8,ANTI-05-09,Lucazeau_etal._2014,R24-060509,-46.9,-1363.2842245062334,1363.2842245062334
-59.4971,15.4456,46.2,ANTI-05-08,Lucazeau_etal._2014,R24-060508,-46.9,-1350.1452569032813,1350.1452569032813
-59.3454,15.5066,54.0,ANTI-05-07,Lucazeau_etal._2014,R24-060507,-46.9,-1333.493055255364,1333.493055255364
-58.68,15.515,60.0,C26-13D,Abbott_2008,R24-000662,-46.9,-1262.1457775392191,1262.1457775392191
-58.6807,15.5153,60.0,RC26-13D,Langseth_etal._1990,R24-053812,-46.9,-1262.2189430017295,1262.2189430017295
-58.755,15.5167,56.0,C26-14G,Abbott_2008,R24-000671,-46.9,-1270.1710476908434,1270.1710476908434
-58.7467,15.5167,106.0,C26-14F,Abbott_2008,R24-000670,-46.9,-1269.2817672441256,1269.2817672441256
-58.6883,15.5167,70.0,C26-13E,Abbott_2008,R24-000663,-46.9,-1263.0246614503553,1263.0246614503553
-58.7475,15.5172,106.0,RC26-14F,Langseth_etal._1990,R24-053821,-46.9,-1269.3644054834945,1269.3644054834945
-58.6895,15.5173,70.0,RC26-13E,Langseth_etal._1990,R24-053813,-46.9,-1263.1495595271886,1263.1495595271886
-58.7552,15.5178,56.0,RC26-14G,Langseth_etal._1990,R24-053822,-46.9,-1270.1857054251554,1270.1857054251554
-58.7117,15.5183,45.0,C26-14B,Abbott_2008,R24-000666,-46.9,-1265.5219771329876,1265.5219771329876
-58.69,15.5183,63.0,HF7L,Blackwell_Richards_2004,R24-018942,-46.9,-1263.1970089316458,1263.1970089316458
-58.6943,15.5184,63.0,HF7L,Foucher_etal._1990,R24-035520,-46.9,-1263.6571045167059,1263.6571045167059
-58.7125,15.5193,53.0,RC26-14B,Langseth_etal._1990,R24-053817,-46.9,-1265.6015566274918,1265.6015566274918
-58.7137,15.5197,81.0,RC26-13G,Langseth_etal._1990,R24-053815,-46.9,-1265.7276718697542,1265.7276718697542
-58.7283,15.52,76.0,C26-14E,Abbott_2008,R24-000669,-46.9,-1267.2900829074727,1267.2900829074727
-58.7133,15.52,71.0,C26-14C,Abbott_2008,R24-000667,-46.9,-1265.6829752720887,1265.6829752720887
-58.7142,15.5212,71.0,RC26-14C,Langseth_etal._1990,R24-053818,-46.9,-1265.772039495404,1265.772039495404
-58.715,15.5217,83.0,C26-14D,Abbott_2008,R24-000668,-46.9,-1265.85468343465,1265.85468343465
-58.7017,15.5217,76.0,C26-13F,Abbott_2008,R24-000664,-46.9,-1264.4297264063232,1264.4297264063232
-58.7028,15.522,76.0,RC26-13F,Langseth_etal._1990,R24-053814,-46.9,-1264.5457410680085,1264.5457410680085
-58.7162,15.5228,83.0,RC26-14D,Langseth_etal._1990,R24-053819,-46.9,-1265.9765004284234,1265.9765004284234
-58.7293,15.523,77.0,RC26-14E,Langseth_etal._1990,R24-053820,-46.9,-1267.3787932624912,1267.3787932624912
-58.72,15.5233,132.0,C26-14A,Abbott_2008,R24-000665,-46.9,-1266.3805592606293,1266.3805592606293
-58.7207,15.5245,132.0,RC26-14A,Langseth_etal._1990,R24-053816,-46.9,-1266.4481886041535,1266.4481886041535
-58.6617,15.525,125.0,C26-13C,Abbott_2008,R24-000661,-46.9,-1260.1239816993852,1260.1239816993852
-58.6627,15.5265,125.0,RC26-13C,Langseth_etal._1990,R24-053811,-46.9,-1260.2219539689513,1260.2219539689513
-58.72,15.5267,85.0,HF2A,Blackwell_Richards_2004,R24-018891,-46.9,-1266.359683583604,1266.359683583604
-58.6333,15.5267,59.0,C26-13B,Abbott_2008,R24-000660,-46.9,-1257.0709031634096,1257.0709031634096
-58.62,15.5267,51.0,C26-13A,Abbott_2008,R24-000659,-46.9,-1255.6459806768053,1255.6459806768053
-58.6197,15.5267,51.0,RC26-13A,Langseth_etal._1990,R24-053809,-46.9,-1255.6138395680853,1255.6138395680853
-58.6342,15.5268,59.0,RC26-13B,Langseth_etal._1990,R24-053810,-46.9,-1257.1667168889378,1257.1667168889378
-58.7283,15.5283,47.0,ODP671 B,Pribnow_etal._2000a,R24-073271,-46.9,-1267.2390886344444,1267.2390886344444
-58.7283,15.5283,82.0,ODP673 A,Pribnow_etal._2000a,R24-073273,-46.9,-1267.2390886344444,1267.2390886344444
-58.7283,15.5283,80.0,ODP948 C,Pribnow_etal._2000a,R24-073368,-46.9,-1267.2390886344444,1267.2390886344444
-58.7113,15.5283,76.0,HF2B,Foucher_etal._1990,R24-035494,-46.9,-1265.417773271562,1265.417773271562
-58.71,15.5283,80.0,HF2F,Blackwell_Richards_2004,R24-018894,-46.9,-1265.2784962144005,1265.2784962144005
-58.71,15.5283,70.0,HF2D,Blackwell_Richards_2004,R24-018893,-46.9,-1265.2784962144005,1265.2784962144005
-58.71,15.5283,73.0,HF2C,Blackwell_Richards_2004,R24-018892,-46.9,-1265.2784962144005,1265.2784962144005
-58.7072,15.5283,71.0,HF2E,Foucher_etal._1990,R24-035495,-46.9,-1264.978514860514,1264.978514860514
-58.7,15.5283,83.0,ODP676 A,Pribnow_etal._2000a,R24-073275,-46.9,-1264.2071342362344,1264.2071342362344
-58.71,15.53,81.0,HF2G,Blackwell_Richards_2004,R24-018895,-46.9,-1265.2680644873496,1265.2680644873496
-58.71,15.53,106.0,HF1A,Blackwell_Richards_2004,R24-018881,-46.9,-1265.2680644873496,1265.2680644873496
-58.71,15.53,73.0,HF8B,Blackwell_Richards_2004,R24-018949,-46.9,-1265.2680644873496,1265.2680644873496
-58.71,15.53,99.0,HF1B,Blackwell_Richards_2004,R24-018882,-46.9,-1265.2680644873496,1265.2680644873496
-58.704,15.53,82.0,HF2H,Foucher_etal._1990,R24-035496,-46.9,-1264.6252526002265,1264.6252526002265
-58.7,15.53,82.0,HF2H,Blackwell_Richards_2004,R24-018896,-46.9,-1264.1967113421447,1264.1967113421447
-58.7,15.53,62.0,HF8E,Blackwell_Richards_2004,R24-018952,-46.9,-1264.1967113421447,1264.1967113421447
-58.7141,15.5301,106.0,HF1A,Foucher_etal._1990,R24-035487,-46.9,-1265.7067053981505,1265.7067053981505
-58.7121,15.5302,99.0,HF1B,Foucher_etal._1990,R24-035488,-46.9,-1265.491821094367,1265.491821094367
-58.701,15.5305,62.0,HF8E,Foucher_etal._1990,R24-035528,-46.9,-1264.3007806279654,1264.3007806279654
-58.7062,15.5306,89.0,HF8A,Foucher_etal._1990,R24-035525,-46.9,-1264.8572694249535,1264.8572694249535
-58.7106,15.5311,73.0,HF1C,Foucher_etal._1990,R24-035489,-46.9,-1265.3255947985206,1265.3255947985206
-58.7044,15.5311,113.0,HF8C,Foucher_etal._1990,R24-035526,-46.9,-1264.661359392381,1264.661359392381
-58.7031,15.5311,47.0,HF8D,Foucher_etal._1990,R24-035527,-46.9,-1264.5220842265776,1264.5220842265776
-58.702,15.5313,39.0,HF4A,Foucher_etal._1990,R24-035503,-46.9,-1264.4030094207747,1264.4030094207747
-58.701,15.5313,62.0,HF4B,Foucher_etal._1990,R24-035504,-46.9,-1264.2958747817797,1264.2958747817797
-58.7035,15.5314,83.0,HF7A,Foucher_etal._1990,R24-035515,-46.9,-1264.563098001249,1264.563098001249
-58.71,15.5317,73.0,HF1C,Blackwell_Richards_2004,R24-018883,-46.9,-1265.2576316464272,1265.2576316464272
-58.71,15.5317,77.0,HF1D,Blackwell_Richards_2004,R24-018884,-46.9,-1265.2576316464272,1265.2576316464272
-58.7003,15.5317,72.0,HF4C,Foucher_etal._1990,R24-035505,-46.9,-1264.2184276644653,1264.2184276644653
-58.7,15.5317,39.0,HF4A,Blackwell_Richards_2004,R24-018906,-46.9,-1264.1862873351265,1264.1862873351265
-58.7,15.5317,60.0,HF7C,Blackwell_Richards_2004,R24-018935,-46.9,-1264.1862873351265,1264.1862873351265
-58.7,15.5317,84.0,HF7B,Blackwell_Richards_2004,R24-018934,-46.9,-1264.1862873351265,1264.1862873351265
-58.7,15.5317,113.0,HF8C,Blackwell_Richards_2004,R24-018950,-46.9,-1264.1862873351265,1264.1862873351265
-58.7,15.5317,47.0,HF8D,Blackwell_Richards_2004,R24-018951,-46.9,-1264.1862873351265,1264.1862873351265
-58.7,15.5317,72.0,HF4C,Blackwell_Richards_2004,R24-018908,-46.9,-1264.1862873351265,1264.1862873351265
-58.7,15.5317,61.0,HF4D,Blackwell_Richards_2004,R24-018909,-46.9,-1264.1862873351265,1264.1862873351265
-58.7,15.5317,62.0,HF4B,Blackwell_Richards_2004,R24-018907,-46.9,-1264.1862873351265,1264.1862873351265
-58.7,15.5317,85.0,HF4E,Blackwell_Richards_2004,R24-018910,-46.9,-1264.1862873351265,1264.1862873351265
-58.7023,15.5318,84.0,HF7B,Foucher_etal._1990,R24-035516,-46.9,-1264.4320831956593,1264.4320831956593
-58.7013,15.5321,60.0,HF7C,Foucher_etal._1990,R24-035517,-46.9,-1264.3231089560911,1264.3231089560911
-58.7001,15.5325,66.0,HF7E,Foucher_etal._1990,R24-035518,-46.9,-1264.1920949365035,1264.1920949365035
-58.7046,15.5328,97.0,HF1G,Foucher_etal._1990,R24-035490,-46.9,-1264.6723575499461,1264.6723575499461
-58.7031,15.5329,88.0,HF3A,Foucher_etal._1990,R24-035497,-46.9,-1264.5110433457235,1264.5110433457235
-58.7022,15.5329,67.0,HF3D,Foucher_etal._1990,R24-035500,-46.9,-1264.4146229189703,1264.4146229189703
-58.7025,15.5331,65.0,HF3B,Foucher_etal._1990,R24-035498,-46.9,-1264.445536282009,1264.445536282009
-58.7023,15.5331,64.0,HF3C,Foucher_etal._1990,R24-035499,-46.9,-1264.4241095412967,1264.4241095412967
-58.71,15.5333,91.0,HF1E,Blackwell_Richards_2004,R24-018885,-46.9,-1265.247811484522,1265.247811484522
-58.7032,15.5333,80.0,HF1H,Foucher_etal._1990,R24-035491,-46.9,-1264.519303007122,1264.519303007122
-58.7,15.5333,80.0,HF1H,Blackwell_Richards_2004,R24-018887,-46.9,-1264.1764754883457,1264.1764754883457
-58.7,15.5333,84.0,HF7I,Blackwell_Richards_2004,R24-018939,-46.9,-1264.1764754883457,1264.1764754883457
-58.7,15.5333,47.0,HF1I,Blackwell_Richards_2004,R24-018888,-46.9,-1264.1764754883457,1264.1764754883457
-58.7,15.5333,88.0,HF3A,Blackwell_Richards_2004,R24-018899,-46.9,-1264.1764754883457,1264.1764754883457
-58.7,15.5333,65.0,HF3B,Blackwell_Richards_2004,R24-018900,-46.9,-1264.1764754883457,1264.1764754883457
-58.7,15.5333,64.0,HF3C,Blackwell_Richards_2004,R24-018901,-46.9,-1264.1764754883457,1264.1764754883457
-58.7,15.5333,67.0,HF3D,Blackwell_Richards_2004,R24-018902,-46.9,-1264.1764754883457,1264.1764754883457
-58.7,15.5333,57.0,HF3F,Blackwell_Richards_2004,R24-018903,-46.9,-1264.1764754883457,1264.1764754883457
-58.7,15.5333,45.0,HF3J,Blackwell_Richards_2004,R24-018904,-46.9,-1264.1764754883457,1264.1764754883457
-58.7,15.5333,66.0,HF7E,Blackwell_Richards_2004,R24-018936,-46.9,-1264.1764754883457,1264.1764754883457
-58.7,15.5333,63.0,HF7F,Blackwell_Richards_2004,R24-018937,-46.9,-1264.1764754883457,1264.1764754883457
-58.7,15.5333,92.0,HF7G,Blackwell_Richards_2004,R24-018938,-46.9,-1264.1764754883457,1264.1764754883457
-58.7,15.5333,60.0,HF7P,Blackwell_Richards_2004,R24-018946,-46.9,-1264.1764754883457,1264.1764754883457
-58.7,15.5333,78.0,HF7J,Blackwell_Richards_2004,R24-018940,-46.9,-1264.1764754883457,1264.1764754883457
-58.7,15.5333,75.0,HF7Q,Blackwell_Richards_2004,R24-018947,-46.9,-1264.1764754883457,1264.1764754883457
-58.7,15.5333,87.0,HF7T,Blackwell_Richards_2004,R24-018948,-46.9,-1264.1764754883457,1264.1764754883457
-58.7,15.5333,97.0,HF1G,Blackwell_Richards_2004,R24-018886,-46.9,-1264.1764754883457,1264.1764754883457
-58.6976,15.5333,88.0,HF7R,Foucher_etal._1990,R24-035524,-46.9,-1263.919354849263,1263.919354849263
-30.0333,15.5333,56.0,V19-176,Langseth_etal._1966,R24-053065,-46.9,1806.9902846711248,1806.9902846711248
-30.0333,15.5333,56.0,V19-176,Ludwig_Rabinowitz_1975,R24-060580,-46.9,1806.9902846711248,1806.9902846711248
-58.702,15.5334,47.0,HF1I,Foucher_etal._1990,R24-035492,-46.9,-1264.390129310479,1264.390129310479
-58.6974,15.5334,64.0,HF7H,Foucher_etal._1990,R24-035519,-46.9,-1263.897314991311,1263.897314991311
-58.7011,15.5335,65.0,HF3E,Foucher_etal._1990,R24-035501,-46.9,-1264.2930957834212,1264.2930957834212
-58.7004,15.5338,57.0,HF3F,Foucher_etal._1990,R24-035502,-46.9,-1264.2162624199552,1264.2162624199552
-58.6997,15.534,80.0,HF1K,Foucher_etal._1990,R24-035493,-46.9,-1264.1400425246393,1264.1400425246393
-58.6916,15.5348,75.0,HF7N,Foucher_etal._1990,R24-035522,-46.9,-1263.267360298663,1263.267360298663
-58.6904,15.5348,65.0,HF7O,Foucher_etal._1990,R24-035523,-46.9,-1263.138800914664,1263.138800914664
-58.7,15.535,83.0,HF1L,Blackwell_Richards_2004,R24-018889,-46.9,-1264.166049320963,1264.166049320963
-58.7,15.535,64.0,HF7K,Blackwell_Richards_2004,R24-018941,-46.9,-1264.166049320963,1264.166049320963
-58.69,15.535,76.0,HF7M,Blackwell_Richards_2004,R24-018943,-46.9,-1263.0947221605213,1263.0947221605213
-58.69,15.535,65.0,HF7O,Blackwell_Richards_2004,R24-018945,-46.9,-1263.0947221605213,1263.0947221605213
-58.69,15.535,75.0,HF7N,Blackwell_Richards_2004,R24-018944,-46.9,-1263.0947221605213,1263.0947221605213
-58.6923,15.5354,76.0,HF7M,Foucher_etal._1990,R24-035521,-46.9,-1263.3386756307643,1263.3386756307643
-58.85,15.5383,53.0,ODP674 A,Pribnow_etal._2000a,R24-073274,-46.9,-1280.2154572036245,1280.2154572036245
-58.71,15.5383,89.0,ODP949 B,Pribnow_etal._2000a,R24-073369,-46.9,-1265.2171171192304,1265.2171171192304
-58.64,15.5383,99.0,ODP672 A,Pribnow_etal._2000a,R24-073272,-46.9,-1257.7179470770336,1257.7179470770336
-59.2257,15.5544,42.2,ANTI-05-05,Lucazeau_etal._2014,R24-060505,-46.9,-1320.3613541487139,1320.3613541487139
-59.1022,15.5979,45.4,ANTI-05-06,Lucazeau_etal._2014,R24-060506,-46.9,-1306.8551017535576,1306.8551017535576
-58.9931,15.6318,56.9,ANTI-05-03,Lucazeau_etal._2014,R24-060503,-46.9,-1294.9563426180584,1294.9563426180584
-58.9668,15.6359,48.1,ANTI-05-04,Lucazeau_etal._2014,R24-060504,-46.9,-1292.1142045369158,1292.1142045369158
-58.8958,15.671,66.6,ANTI-05-02,Lucazeau_etal._2014,R24-060502,-46.9,-1284.291036601775,1284.291036601775
-58.8524,15.6882,63.5,ANTI-05-01,Lucazeau_etal._2014,R24-060501,-46.9,-1279.5367315738433,1279.5367315738433
-58.6814,15.7299,77.6,ANTI-C04-10,Lucazeau_etal._2014,R24-060520,-46.870099999999994,-1264.1727924017393,1264.1727924017393
-58.303,15.8422,63.1,ANTI-04-05,Lucazeau_etal._2014,R24-060498,-46.8,-1230.4931814395993,1230.4931814395993
-58.4832,15.9404,119.9,ANTI-04-06,Lucazeau_etal._2014,R24-060499,-46.8,-1249.1597824646713,1249.1597824646713
-57.75,15.98,57.3619,Chain-75-44,Arnaiz-Rodriguez_Orihuela_2013,R24-003553,-46.8,-1170.5351417369388,1170.5351417369388
-57.75,15.98,57.3619,Chain-75-44,Birch_1970,R24-005264,-46.8,-1170.5351417369388,1170.5351417369388
-57.75,15.98,57.3619,Chain-75-44,Schoonmaker_Ladd_1984,R24-077917,-46.8,-1170.5351417369388,1170.5351417369388
-57.9488,16.0729,55.6,ANTI-C04-04,Lucazeau_etal._2014,R24-060518,-46.8,-1191.2315649903244,1191.2315649903244
-23.5817,16.2067,52.3,CVB-6,Courtney_White_1986,R24-025570,-46.5,2447.1296256834516,2447.1296256834516
-23.5817,16.2067,51.5,CVB-5,Courtney_White_1986,R24-025569,-46.5,2447.1296256834516,2447.1296256834516
-23.585,16.2283,47.6,CVB-1,Courtney_White_1986,R24-025565,-46.5,2446.5089874581236,2446.5089874581236
-23.58,16.24,53.9,CVRISEB,Courtney_White_1986,R24-025681,-46.5,2446.897316609338,2446.897316609338
-23.5883,16.245,59.0,CVB-4,Courtney_White_1986,R24-025568,-46.5,2445.949038495744,2445.949038495744
-23.5883,16.2467,45.0,CVB-3,Courtney_White_1986,R24-025567,-46.5,2445.9278912570285,2445.9278912570285
-23.5933,16.2483,52.3,CVB-2,Courtney_White_1986,R24-025566,-46.5,2445.3742176728924,2445.3742176728924
-58.6167,16.3,46.0,CH-36-10,Schoonmaker_Ladd_1984,R24-077912,-46.5,-1293.161464913957,1293.161464913957
-58.6167,16.3,46.0,CH-36-10,Arnaiz-Rodriguez_Orihuela_2013,R24-003549,-46.5,-1293.161464913957,1293.161464913957
-58.6167,16.3,46.0,CH-36-10,Birch_1970,R24-005262,-46.5,-1293.161464913957,1293.161464913957
-58.6167,16.3,46.0,CH-36-10,Birch_1964,R24-005246,-46.5,-1293.161464913957,1293.161464913957
-58.6167,16.3,46.0,CH-36-10,Birch_1964,R24-005247,-46.5,-1293.161464913957,1293.161464913957
-59.1617,16.3633,56.0,GS7304-009,Schoonmaker_Ladd_1984,R24-077923,-46.6266,-1337.3824181624775,1337.3824181624775
-59.1617,16.3633,56.0,GS7304-009,Schubert_Peter_1974,R24-077970,-46.6266,-1337.3824181624775,1337.3824181624775
-59.1617,16.3633,56.0,GS7304-009,Arnaiz-Rodriguez_Orihuela_2013,R24-003560,-46.6266,-1337.3824181624775,1337.3824181624775
-58.5796,16.3732,46.5,ANTI-04-02,Lucazeau_etal._2014,R24-060497,-46.64640000000001,-1273.1004905323844,1273.1004905323844
-57.65,16.4,29.0,Zep-9,Nason_Lee_1964,R24-070589,-46.7,-1168.046545518849,1168.046545518849
-57.65,16.4,29.0,Zep-9,Nason_Lee_1962,R24-070569,-46.7,-1168.046545518849,1168.046545518849
-57.65,16.4,29.0,Zep-9,Arnaiz-Rodriguez_Orihuela_2013,R24-003676,-46.7,-1168.046545518849,1168.046545518849
-57.65,16.4,29.0,Zep-9,Schoonmaker_Ladd_1984,R24-077965,-46.7,-1168.046545518849,1168.046545518849
-58.5815,16.4414,81.6,ANTI-04-01,Lucazeau_etal._2014,R24-060496,-46.6586,-1271.555878806881,1271.555878806881
-21.7333,16.45,53.0,AII-42-01,VonHerzen_Simmons_1972,R24-087192,-46.650000000000006,2657.2035860475867,2657.2035860475867
-31.56666667,16.55,24.0,V26-10,Herman_etal._1977,R24-047378,-46.55,1597.0489289108298,1597.0489289108298
-31.56666667,16.55,24.0,V26-10,Ludwig_Rabinowitz_1975,R24-060589,-46.55,1597.0489289108298,1597.0489289108298
-31.56666667,16.55,24.0,V26-10,Langseth_etal._1974,R24-053369,-46.55,1597.0489289108298,1597.0489289108298
-58.91894035,16.55384922,79.1,C15-37,Schoonmaker_Ladd_1984,R24-077901,-46.546150780000005,-1318.7690192484536,1318.7690192484536
-57.8667,16.5583,42.0,CH-36-07,Arnaiz-Rodriguez_Orihuela_2013,R24-003546,-46.541700000000006,-1207.0612023248614,1207.0612023248614
-57.8667,16.5583,42.0,CH-36-07,Birch_1970,R24-005260,-46.541700000000006,-1207.0612023248614,1207.0612023248614
-57.8667,16.5583,42.0,CH-36-07,Schoonmaker_Ladd_1984,R24-077909,-46.541700000000006,-1207.0612023248614,1207.0612023248614
-57.8667,16.5583,42.0,CH-36-07,Birch_1964,R24-005240,-46.541700000000006,-1207.0612023248614,1207.0612023248614
-57.8667,16.5583,42.0,CH-36-07,Birch_1964,R24-005239,-46.541700000000006,-1207.0612023248614,1207.0612023248614
-58.912,16.5767,79.0,C15-37,LDEO_2004,R24-055146,-46.523300000000006,-1320.3082137047181,1320.3082137047181
-58.9117,16.5767,79.1,C15-37,Abbott_2008,R24-000434,-46.523300000000006,-1320.2762416282205,1320.2762416282205
-57.9,16.5833,42.0,CH-36-08,Arnaiz-Rodriguez_Orihuela_2013,R24-003547,-46.5167,-1213.1175217625182,1213.1175217625182
-57.9,16.5833,42.0,CH-36-08,Birch_1970,R24-005261,-46.5167,-1213.1175217625182,1213.1175217625182
-57.9,16.5833,42.0,CH-36-08,Birch_1964,R24-005241,-46.5167,-1213.1175217625182,1213.1175217625182
-57.9,16.5833,42.0,CH-36-08,Birch_1964,R24-005242,-46.5167,-1213.1175217625182,1213.1175217625182
-57.9,16.5833,42.0,CH-36-08,Schoonmaker_Ladd_1984,R24-077910,-46.5167,-1213.1175217625182,1213.1175217625182
-31.1,16.63333333,41.0,V26-9,Herman_etal._1977,R24-047392,-46.433333340000004,1633.6467496238565,1633.6467496238565
-31.1,16.63333333,41.0,V26-9,Ludwig_Rabinowitz_1975,R24-060592,-46.433333340000004,1633.6467496238565,1633.6467496238565
-31.1,16.63333333,41.0,V26-9,Langseth_etal._1974,R24-053434,-46.433333340000004,1633.6467496238565,1633.6467496238565
-59.9417,16.6417,50.0,GS7304-008,Arnaiz-Rodriguez_Orihuela_2013,R24-003559,-46.4166,-1440.9307505980607,1440.9307505980607
-59.9417,16.6417,50.0,GS7304-008,Schubert_Peter_1974,R24-077969,-46.4166,-1440.9307505980607,1440.9307505980607
-59.9417,16.6417,50.0,GS7304-008,Schoonmaker_Ladd_1984,R24-077922,-46.4166,-1440.9307505980607,1440.9307505980607
-51.6167,16.7317,35.0,V22-4,Abbott_2008,R24-001563,-46.3951,-556.0344896681719,556.0344896681719
-51.617,16.733,35.0,V22-4,LDEO_2004,R24-055440,-46.399,-555.6473449837092,555.6473449837092
-59.05,16.7367,46.0,E72-3-4,Schubert_Peter_1974,R24-077968,-46.4101,-1345.9544856095144,1345.9544856095144
-59.05,16.7367,46.0,E72-3-4,Arnaiz-Rodriguez_Orihuela_2013,R24-003558,-46.4101,-1345.9544856095144,1345.9544856095144
-57.6333,16.75,11.0,CH-36-05,Schoonmaker_Ladd_1984,R24-077907,-46.45,-1190.7658832418822,1190.7658832418822
-57.6333,16.75,11.0,CH-36-05,Arnaiz-Rodriguez_Orihuela_2013,R24-003544,-46.45,-1190.7658832418822,1190.7658832418822
-57.6333,16.75,11.0,CH-36-05,Birch_1964,R24-005235,-46.45,-1190.7658832418822,1190.7658832418822
-57.6333,16.75,11.0,CH-36-05,Birch_1964,R24-005236,-46.45,-1190.7658832418822,1190.7658832418822
-58.89,16.7533,34.0,E72-3-3,Schubert_Peter_1974,R24-077967,-46.4599,-1323.4986460689306,1323.4986460689306
-58.89,16.7533,34.0,E72-3-3,Arnaiz-Rodriguez_Orihuela_2013,R24-003557,-46.4599,-1323.4986460689306,1323.4986460689306
-58.89,16.7533,34.0,E72-3-3,Schoonmaker_Ladd_1984,R24-077921,-46.4599,-1323.4986460689306,1323.4986460689306
-58.6019,16.7553,68.5,ANTI-03-05,Lucazeau_etal._2014,R24-060495,-46.46589999999999,-1292.1706809693055,1292.1706809693055
-58.6265,16.7633,74.7,ANTI-03-04,Lucazeau_etal._2014,R24-060494,-46.489900000000006,-1292.1802314189285,1292.1802314189285
-57.8167,16.7833,13.0,CH-36-06,Schoonmaker_Ladd_1984,R24-077908,-46.5499,-1199.446678818853,1199.446678818853
-57.8167,16.7833,13.0,CH-36-06,Birch_1964,R24-005238,-46.5499,-1199.446678818853,1199.446678818853
-57.8167,16.7833,13.0,CH-36-06,Arnaiz-Rodriguez_Orihuela_2013,R24-003545,-46.5499,-1199.446678818853,1199.446678818853
-57.8167,16.7833,13.0,CH-36-06,Birch_1964,R24-005237,-46.5499,-1199.446678818853,1199.446678818853
-57.63,16.85,69.9229,Chain-75-45,Schoonmaker_Ladd_1984,R24-077918,-46.6,-1173.8242314197194,1173.8242314197194
-57.63,16.85,69.9229,Chain-75-45,Birch_1970,R24-005265,-46.6,-1173.8242314197194,1173.8242314197194
-57.63,16.85,69.9229,Chain-75-45,Arnaiz-Rodriguez_Orihuela_2013,R24-003554,-46.6,-1173.8242314197194,1173.8242314197194
-58.47,16.88,45.2196,Chain-44-2,Schoonmaker_Ladd_1984,R24-077916,-46.6,-1263.0174198172008,1263.0174198172008
-58.47,16.88,45.2196,Chain-44-2,Birch_1970,R24-005263,-46.6,-1263.0174198172008,1263.0174198172008
-58.47,16.88,45.2196,Chain-44-2,Arnaiz-Rodriguez_Orihuela_2013,R24-003552,-46.6,-1263.0174198172008,1263.0174198172008
-58.2933,16.9017,41.0,GS7304-013,Arnaiz-Rodriguez_Orihuela_2013,R24-003561,-46.594899999999996,-1244.6153228102032,1244.6153228102032
-58.2933,16.9017,41.0,GS7304-013,Schubert_Peter_1974,R24-077971,-46.594899999999996,-1244.6153228102032,1244.6153228102032
-58.2933,16.9017,41.0,GS7304-013,Schoonmaker_Ladd_1984,R24-077924,-46.594899999999996,-1244.6153228102032,1244.6153228102032
-57.63,16.92,61.5489,Chain-75-45A,Arnaiz-Rodriguez_Orihuela_2013,R24-003555,-46.53999999999999,-1179.7719059955043,1179.7719059955043
-57.63,16.92,61.5489,Chain-75-45A,Schoonmaker_Ladd_1984,R24-077919,-46.53999999999999,-1179.7719059955043,1179.7719059955043
-57.63,16.92,61.5489,Chain-75-45A,Birch_1970,R24-005266,-46.53999999999999,-1179.7719059955043,1179.7719059955043
-58.4,16.95,18.0,CH-36-09,Birch_1964,R24-005244,-46.45,-1271.0574170488646,1271.0574170488646
-58.4,16.95,18.0,CH-36-09,Birch_1964,R24-005243,-46.45,-1271.0574170488646,1271.0574170488646
-58.4,16.95,18.0,CH-36-09,Schoonmaker_Ladd_1984,R24-077911,-46.45,-1271.0574170488646,1271.0574170488646
-58.4,16.95,18.0,CH-36-09,Arnaiz-Rodriguez_Orihuela_2013,R24-003548,-46.45,-1271.0574170488646,1271.0574170488646
-35.83333333,17.2,59.079,V23-065,Herman_etal._1977,R24-047330,-46.3,1111.7921246049038,1111.7921246049038
-35.83333333,17.2,59.079,V23-065,Langseth_etal._1970,R24-053125,-46.3,1111.7921246049038,1111.7921246049038
-32.35,17.21666667,61.174,V23-064,Herman_etal._1977,R24-047329,-46.366666679999994,1488.7467265004395,1488.7467265004395
-32.35,17.21666667,61.174,V23-064,Langseth_etal._1970,R24-053124,-46.366666679999994,1488.7467265004395,1488.7467265004395
-32.35,17.2167,61.0,V23-064,Ludwig_Rabinowitz_1975,R24-060588,-46.3668,1488.7606184050644,1488.7606184050644
-47.35,17.26666667,29.749,V23-070,Herman_etal._1977,R24-047334,-46.56666668,-83.17734500830586,83.17734500830586
-47.35,17.26666667,29.749,V23-070,Langseth_etal._1970,R24-053129,-46.56666668,-83.17734500830586,83.17734500830586
-46.75,17.26666667,270.255,V23-069,Herman_etal._1977,R24-047333,-46.56666668,-19.467037109002696,19.467037109002696
-46.75,17.26666667,270.255,V23-069,Langseth_etal._1970,R24-053128,-46.56666668,-19.467037109002696,19.467037109002696
-45.06666667,17.36666667,25.978,V23-068,Langseth_etal._1970,R24-053127,-46.7,173.33926447363459,173.33926447363459
-45.06666667,17.36666667,25.978,V23-068,Herman_etal._1977,R24-047332,-46.7,173.33926447363459,173.33926447363459
-39.01666667,17.41666667,110.616,V23-066,Langseth_etal._1970,R24-053126,-46.7,815.1792023206352,815.1792023206352
-39.01666667,17.41666667,110.616,V23-066,Herman_etal._1977,R24-047331,-46.7,815.1792023206352,815.1792023206352
-57.72,17.58,50.244,Chain-75-46,Schoonmaker_Ladd_1984,R24-077920,-46.779999999999994,-1159.6593216451208,1159.6593216451208
-57.72,17.58,50.244,Chain-75-46,Arnaiz-Rodriguez_Orihuela_2013,R24-003556,-46.779999999999994,-1159.6593216451208,1159.6593216451208
-57.72,17.58,50.244,Chain-75-46,Birch_1970,R24-005267,-46.779999999999994,-1159.6593216451208,1159.6593216451208
-27.0333,17.6167,89.0,V22-038,Herman_etal._1977,R24-047318,-46.8,2094.8794517464785,2094.8794517464785
-27.0333,17.6167,89.0,V22-038,Ludwig_Rabinowitz_1975,R24-060582,-46.8,2094.8794517464785,2094.8794517464785
-29.8667,17.7,51.0,V23-063,Ludwig_Rabinowitz_1975,R24-060587,-46.8,1793.7646773355593,1793.7646773355593
-29.86666667,17.7,50.699,V23-063,Langseth_etal._1970,R24-053123,-46.8,1793.7682080222357,1793.7682080222357
-29.86666667,17.7,50.699,V23-063,Herman_etal._1977,R24-047328,-46.8,1793.7682080222357,1793.7682080222357
-24.6267,17.93,51.4,CVC-1,Courtney_White_1986,R24-025571,-46.67999999999999,2333.120723748731,2333.120723748731
-24.6233,17.9333,52.1,CVC-2,Courtney_White_1986,R24-025581,-46.666799999999995,2332.040471164569,2332.040471164569
-24.6183,17.9383,52.6,CVC-3,Courtney_White_1986,R24-025585,-46.646799999999985,2330.3877549955064,2330.3877549955064
-24.6133,17.9417,49.6,CVC-4,Courtney_White_1986,R24-025586,-46.63319999999999,2329.4332092952773,2329.4332092952773
-24.5933,17.945,49.7,CVC-6,Courtney_White_1986,R24-025588,-46.61999999999999,2330.1091057476187,2330.1091057476187
-24.6067,17.9467,55.6,CVC-5,Courtney_White_1986,R24-025587,-46.61319999999999,2327.9498646137026,2327.9498646137026
-24.5833,17.9467,59.6,CVC-7,Courtney_White_1986,R24-025589,-46.61319999999999,2330.4252253858367,2330.4252253858367
-24.59,17.9683,64.4,CVC-8,Courtney_White_1986,R24-025590,-46.5268,2320.293157491757,2320.293157491757
-24.595,17.9933,53.9,CVC-9,Courtney_White_1986,R24-025591,-46.42679999999999,2308.8601425530705,2308.8601425530705
-24.56,18.0017,52.9,CVD1-13,Courtney_White_1986,R24-025596,-46.4,2309.617341315736,2309.617341315736
-24.585,18.0033,70.3,CVC-10,Courtney_White_1986,R24-025572,-46.4,2306.9526133043873,2306.9526133043873
-24.5533,18.0033,51.3,CVD1-14,Courtney_White_1986,R24-025597,-46.4,2310.3049120823725,2310.3049120823725
-24.545,18.0033,51.9,CVD1-15,Courtney_White_1986,R24-025598,-46.4,2311.182643308154,2311.182643308154
-24.58,18.01,63.5,CVRISEC,Courtney_White_1986,R24-025682,-46.4,2307.393660986516,2307.393660986516
-24.575,18.0117,56.9,CVC-11,Courtney_White_1986,R24-025573,-46.4,2307.9001307417143,2307.9001307417143
-52.5,18.0167,77.1,V25-69,Abbott_2008,R24-001580,-46.4,-645.0305285304328,645.0305285304328
-52.5,18.017,77.0,V25-69,LDEO_2004,R24-055447,-46.4,-645.029430058491,645.029430058491
-59.1167,18.05,56.0,VFZ-19,VonHerzen_etal._1970,R24-086490,-46.4,-1344.443901183731,1344.443901183731
-59.1167,18.05,56.0,VFZ-19,Schoonmaker_Ladd_1984,R24-077939,-46.4,-1344.443901183731,1344.443901183731
-59.1167,18.05,56.0,VFZ-19,Folinsbee_1969,R24-035395,-46.4,-1344.443901183731,1344.443901183731
-59.1167,18.05,56.0,VFZ-19,Arnaiz-Rodriguez_Orihuela_2013,R24-003661,-46.4,-1344.443901183731,1344.443901183731
-55.2717,18.1083,94.6,V31-30,Abbott_2008,R24-001738,-46.4,-937.6286037703417,937.6286037703417
-24.5667,18.19,58.0,CVC-12,Courtney_White_1986,R24-025574,-46.4,2306.4305601600445,2306.4305601600445
-24.5617,18.26,56.8,CVC-13,Courtney_White_1986,R24-025575,-46.4,2306.03090508101,2306.03090508101
-24.5533,18.31,56.4,CVC-14,Courtney_White_1986,R24-025576,-46.4,2306.2527986951923,2306.2527986951923
-24.545,18.37,74.5,CVC-15,Courtney_White_1986,R24-025577,-46.4,2306.328235576273,2306.328235576273
-21.055,18.453333,63.0,V30-041,Herman_etal._1977,R24-047497,-46.4,2673.3285391747763,2673.3285391747763
-59.9817,18.4817,123.0,V20-2,Abbott_2008,R24-001383,-46.4,-1432.3276111089529,1432.3276111089529
-24.5333,18.5,60.5,CVC-16,Courtney_White_1986,R24-025578,-46.4,2305.818342943914,2305.818342943914
-28.15,18.55,76.0,V23-062,Ludwig_Rabinowitz_1975,R24-060586,-46.45,1929.1497428694984,1929.1497428694984
-28.15,18.55,75.839,V23-062,Langseth_etal._1970,R24-053122,-46.45,1929.1497428694984,1929.1497428694984
-28.15,18.55,75.839,V23-062,Herman_etal._1977,R24-047327,-46.45,1929.1497428694984,1929.1497428694984
-24.5283,18.71,67.9,CVC-17,Courtney_White_1986,R24-025579,-46.5,2314.0335840347707,2314.0335840347707
-24.63,18.9083,54.7,CVD1-1,Courtney_White_1986,R24-025592,-46.3,2279.5700747444253,2279.5700747444253
-24.6333,18.9167,51.5,CVD1-2,Courtney_White_1986,R24-025600,-46.3,2279.108447875032,2279.108447875032
-24.61,18.9167,48.5,CVD2-1,Courtney_White_1986,R24-025608,-46.3,2281.5593622660326,2281.5593622660326
-24.63,18.9267,52.8,CVD1-3,Courtney_White_1986,R24-025601,-46.3,2279.3191977138135,2279.3191977138135
-24.6167,18.9267,45.6,CVD1-4,Courtney_White_1986,R24-025602,-46.3,2280.718133815779,2280.718133815779
-24.6117,18.9267,50.3,CVD2-2,Courtney_White_1986,R24-025615,-46.3,2281.2440496435856,2281.2440496435856
-24.6067,18.93,52.7,CVD1-5,Courtney_White_1986,R24-025603,-46.3,2281.7248979550363,2281.7248979550363
-24.6117,18.9317,50.5,CVD2-3,Courtney_White_1986,R24-025616,-46.3,2281.175778313117,2281.175778313117
-24.6033,18.9417,53.0,CVD2-4,Courtney_White_1986,R24-025617,-46.3,2281.922642781184,2281.922642781184
-24.5917,18.9433,54.6,CVD2-5,Courtney_White_1986,R24-025618,-46.3,2283.120776156556,2283.120776156556
-24.5983,18.945,53.6,CVD1-6,Courtney_White_1986,R24-025604,-46.3,2282.403391994872,2282.403391994872
-24.5833,18.9483,49.0,CVD2-6,Courtney_White_1986,R24-025619,-46.3,2283.935808456143,2283.935808456143
-24.5833,18.9483,48.7,CVD2-7,Courtney_White_1986,R24-025620,-46.3,2283.935808456143,2283.935808456143
-24.58,18.95,54.3,CVRISED,Courtney_White_1986,R24-025683,-46.3,2284.2595982276666,2284.2595982276666
-24.5933,18.9533,49.5,CVD1-7,Courtney_White_1986,R24-025605,-46.3,2282.8157084863583,2282.8157084863583
-24.5733,18.9533,51.5,CVD2-8,Courtney_White_1986,R24-025621,-46.3,2284.91903668317,2284.91903668317
-24.5683,18.955,49.9,CVD2-9,Courtney_White_1986,R24-025622,-46.3,2285.421580499659,2285.421580499659
-24.5867,18.9617,50.7,CVD1-8,Courtney_White_1986,R24-025606,-46.3,2283.394813379699,2283.394813379699
-24.5667,18.9617,54.7,CVD2-10,Courtney_White_1986,R24-025609,-46.3,2285.4980356567175,2285.4980356567175
-24.5633,18.9633,49.7,CVD2-11,Courtney_White_1986,R24-025610,-46.3,2285.833650761289,2285.833650761289
-24.5583,18.9633,52.4,CVD2-12,Courtney_White_1986,R24-025611,-46.3,2286.3594512854625,2286.3594512854625
-24.5467,18.9667,55.0,CVD2-13,Courtney_White_1986,R24-025612,-46.3,2287.53266003505,2287.53266003505
-24.5333,18.9717,52.2,CVD2-14,Courtney_White_1986,R24-025613,-46.3,2288.873119118273,2288.873119118273
-24.5817,18.9733,49.0,CVD1-9,Courtney_White_1986,R24-025607,-46.3,2283.761701252617,2283.761701252617
-24.4983,18.9767,54.1,CVD2-16,Courtney_White_1986,R24-025614,-46.3,2292.4847518899956,2292.4847518899956
-24.5817,18.9817,51.2,CVD1-10,Courtney_White_1986,R24-025593,-46.3,2283.6465644838313,2283.6465644838313
-24.575,18.9917,51.0,CVD1-11,Courtney_White_1986,R24-025594,-46.3,2284.213885517119,2284.213885517119
-24.5667,18.9983,53.2,CVD1-12,Courtney_White_1986,R24-025595,-46.3,2284.9959581366093,2284.9959581366093
-24.54,19.0,56.6,CVD1-16,Courtney_White_1986,R24-025599,-46.3,2287.7797711795483,2287.7797711795483
-29.15,19.0167,67.0,V22-039,Herman_etal._1977,R24-047319,-46.3,1802.9174492842442,1802.9174492842442
-29.15,19.0167,67.0,V22-039,Ludwig_Rabinowitz_1975,R24-060583,-46.3,1802.9174492842442,1802.9174492842442
-24.5083,19.03,61.7,CVC-19,Courtney_White_1986,R24-025580,-46.3,2290.699234487104,2290.699234487104
-38.1667,19.0667,42.0,V20-219,Langseth_etal._1966,R24-053098,-46.3,854.766913045104,854.766913045104
-47.4367,19.15,42.0,AII-42-30,VonHerzen_Simmons_1972,R24-087214,-46.3,-119.40101677092503,119.40101677092503
-47.44,19.1533,42.0,AII-42-31-1,VonHerzen_Simmons_1972,R24-087215,-46.3,-119.74525948776278,119.74525948776278
-52.05,19.1667,59.0,Zep-11,Nason_Lee_1964,R24-070570,-46.3,-603.9292048876019,603.9292048876019
-52.05,19.1667,59.0,Zep-11,Nason_Lee_1962,R24-070556,-46.3,-603.9292048876019,603.9292048876019
-24.48,19.19,80.3,CVC-21,Courtney_White_1986,R24-025582,-46.3,2291.4559118279353,2291.4559118279353
-47.4183,19.2,20.0,AII-42-23,VonHerzen_Simmons_1972,R24-087207,-46.3,-117.43260526535347,117.43260526535347
-47.4283,19.23,33.0,AII-42-26A,VonHerzen_Simmons_1972,R24-087208,-46.14999999999999,-134.20969996638522,134.20969996638522
-24.4683,19.25,62.8,CVC-22,Courtney_White_1986,R24-025583,-46.05,2265.6032412388404,2265.6032412388404
-26.1317,19.2517,38.0,Kur-434,Popova_1974,R24-073163,-46.0415,2090.068901519314,2090.068901519314
-26.1317,19.2517,38.0,Kur-434,Ludwig_Rabinowitz_1975,R24-060554,-46.0415,2090.068901519314,2090.068901519314
-26.1317,19.2517,38.0,K-434,Hobart_etal._1974,R24-047517,-46.0415,2090.068901519314,2090.068901519314
-47.4167,19.2667,57.0,AII-42-22,VonHerzen_Simmons_1972,R24-087206,-45.966499999999996,-152.2235623454929,152.2235623454929
-47.35,19.2717,59.0,AII-42-29B-1,VonHerzen_Simmons_1972,R24-087209,-45.941500000000005,-147.84191602411732,147.84191602411732
-47.3467,19.275,32.0,AII-42-29B-2,VonHerzen_Simmons_1972,R24-087210,-45.925000000000004,-149.22443659978103,149.22443659978103
-47.3433,19.28,44.0,AII-42-29B-3,VonHerzen_Simmons_1972,R24-087211,-45.89999999999999,-151.48699148198773,151.48699148198773
-47.34,19.2833,59.0,AII-42-29B-4,VonHerzen_Simmons_1972,R24-087212,-45.8835,-152.8693670264526,152.8693670264526
-26.11666667,19.28333333,59.0,V26-12,Langseth_etal._1974,R24-053377,-45.883333349999994,2074.642779677535,2074.642779677535
-26.11666667,19.28333333,59.0,V26-12,Herman_etal._1977,R24-047380,-45.883333349999994,2074.642779677535,2074.642779677535
-26.11666667,19.28333333,59.0,V26-12,Ludwig_Rabinowitz_1975,R24-060591,-45.883333349999994,2074.642779677535,2074.642779677535
-47.3367,19.2883,38.0,AII-42-29B-5,VonHerzen_Simmons_1972,R24-087213,-45.8585,-155.14218893073402,155.14218893073402
-24.455,19.35,75.6,CVC-23,Courtney_White_1986,R24-025584,-45.8,2239.385809763709,2239.385809763709
-36.5333,19.5167,34.0,AII-42-08,VonHerzen_Simmons_1972,R24-087196,-45.8,971.2075900750671,971.2075900750671
-38.8,19.5333,75.0,AII-42-09,VonHerzen_Simmons_1972,R24-087197,-45.8,733.5680122320498,733.5680122320498
-46.11,19.5583,72.0,AII-42-20,VonHerzen_Simmons_1972,R24-087205,-45.8,-32.48155142143648,32.48155142143648
-46.1333,19.5617,41.0,AII-42-17,VonHerzen_Simmons_1972,R24-087204,-45.8,-34.9221704388427,34.9221704388427
-44.95,19.5667,292.0,AII-42-15,VonHerzen_Simmons_1972,R24-087202,-45.8,89.05767869560447,89.05767869560447
-43.8167,19.5667,65.0,AII-42-14,VonHerzen_Simmons_1972,R24-087201,-45.8,207.79775783175705,207.79775783175705
-40.5,19.5667,26.0,AII-42-11,VonHerzen_Simmons_1972,R24-087198,-45.8,555.3008201020077,555.3008201020077
-41.6333,19.6167,68.0,AII-42-12,VonHerzen_Simmons_1972,R24-087199,-45.8,436.4251664825426,436.4251664825426
-42.7333,19.65,8.0,AII-42-13,VonHerzen_Simmons_1972,R24-087200,-45.8,321.1432529932288,321.1432529932288
-34.4167,19.65,57.0,AII-42-07,VonHerzen_Simmons_1972,R24-087195,-45.8,1192.0533445716324,1192.0533445716324
-34.4167,19.65,57.0,AII-42-07,Ludwig_Rabinowitz_1975,R24-060552,-45.8,1192.0533445716324,1192.0533445716324
-26.11666667,19.66666667,40.0,V26-11,Langseth_etal._1974,R24-053376,-45.8,2061.0144025828054,2061.0144025828054
-26.11666667,19.66666667,40.0,V26-11,Ludwig_Rabinowitz_1975,R24-060590,-45.8,2061.0144025828054,2061.0144025828054
-26.11666667,19.66666667,40.0,V26-11,Herman_etal._1977,R24-047379,-45.8,2061.0144025828054,2061.0144025828054
-30.1167,19.6667,58.0,V22-040,Herman_etal._1977,R24-047320,-45.8,1642.176145571053,1642.176145571053
-30.1167,19.6667,58.0,V22-040,Ludwig_Rabinowitz_1975,R24-060584,-45.8,1642.176145571053,1642.176145571053
-48.65,19.6833,247.0,AII-42-32,VonHerzen_Simmons_1972,R24-087216,-45.8,-298.388553420859,298.388553420859
-44.55,19.6833,96.0,AII-42-16,VonHerzen_Simmons_1972,R24-087203,-45.8,130.87217255300826,130.87217255300826
-29.0167,19.75,52.0,AII-42-04,Ludwig_Rabinowitz_1975,R24-060550,-45.8,1756.440602956885,1756.440602956885
-29.0167,19.75,52.0,AII-42-04,VonHerzen_Simmons_1972,R24-087193,-45.8,1756.440602956885,1756.440602956885
-31.9,19.8667,54.0,AII-42-06,Ludwig_Rabinowitz_1975,R24-060551,-45.8,1453.6247197927153,1453.6247197927153
-31.9,19.8667,54.0,AII-42-06,VonHerzen_Simmons_1972,R24-087194,-45.8,1453.6247197927153,1453.6247197927153
-24.525,19.8683,52.3,CVE1-2,Courtney_White_1986,R24-025624,-45.8,2224.8599888875115,2224.8599888875115
-24.5233,19.8683,53.8,CVE1-3,Courtney_White_1986,R24-025625,-45.8,2225.0377685340964,2225.0377685340964
-24.5267,19.8767,51.8,CVE1-4,Courtney_White_1986,R24-025626,-45.8,2224.564322766894,2224.564322766894
-24.5267,19.8817,57.6,CVE1-5,Courtney_White_1986,R24-025627,-45.8,2224.4941295454996,2224.4941295454996
-24.5267,19.8833,54.6,CVE1-6,Courtney_White_1986,R24-025628,-45.8,2224.4716641367963,2224.4716641367963
-24.5267,19.8867,55.4,CVE1-7,Courtney_White_1986,R24-025629,-45.8,2224.4239193836142,2224.4239193836142
-24.5217,19.8883,55.7,CVE1-9,Courtney_White_1986,R24-025630,-45.8,2224.9242638785704,2224.9242638785704
-24.52,19.89,56.7,CVE1-10,Courtney_White_1986,R24-025623,-45.8,2225.078136411782,2225.078136411782
-55.7817,19.8933,62.8,C17-10,Abbott_2008,R24-000522,-45.8,-1043.6841909370967,1043.6841909370967
-24.4967,19.9083,54.9,CVE2-1,Courtney_White_1986,R24-025631,-45.8083,2228.12467625276,2228.12467625276
-24.48,19.91,56.6,CVRISEE,Courtney_White_1986,R24-025684,-45.81,2230.024429677986,2230.024429677986
-24.4917,19.9117,58.0,CVE2-2,Courtney_White_1986,R24-025639,-45.8117,2228.954987746684,2228.954987746684
-24.4817,19.9117,55.4,CVE2-4,Courtney_White_1986,R24-025641,-45.8117,2230.0004638197356,2230.0004638197356
-24.4783,19.9117,54.8,CVE2-5,Courtney_White_1986,R24-025642,-45.8117,2230.3559256845733,2230.3559256845733
-24.4733,19.9117,55.7,CVE2-6,Courtney_White_1986,R24-025643,-45.8117,2230.8786637210997,2230.8786637210997
-24.485,19.9133,58.5,CVE2-3,Courtney_White_1986,R24-025640,-45.8133,2229.8001767899523,2229.8001767899523
-24.4683,19.9133,53.7,CVE2-8,Courtney_White_1986,R24-025644,-45.8133,2231.546104170587,2231.546104170587
-24.4683,19.9167,54.7,CVE2-9,Courtney_White_1986,R24-025645,-45.8167,2231.8535797825616,2231.8535797825616
-24.4667,19.9183,54.6,CVE2-10,Courtney_White_1986,R24-025632,-45.818299999999994,2232.165535370975,2232.165535370975
-24.465,19.9183,53.6,CVE2-11,Courtney_White_1986,R24-025633,-45.818299999999994,2232.3432588863147,2232.3432588863147
-24.4617,19.9183,53.1,CVE2-12,Courtney_White_1986,R24-025634,-45.818299999999994,2232.6882515925627,2232.6882515925627
-24.455,19.92,48.9,CVE2-13,Courtney_White_1986,R24-025635,-45.82,2233.542400061042,2233.542400061042
-24.4483,19.9217,50.5,CVE2-14,Courtney_White_1986,R24-025636,-45.8217,2234.396527678849,2234.396527678849
-24.4417,19.9283,48.3,CVE2-15,Courtney_White_1986,R24-025637,-45.8283,2235.6831144070497,2235.6831144070497
-24.4367,19.93,46.6,CVE2-16,Courtney_White_1986,R24-025638,-45.83,2236.359451660243,2236.359451660243
-49.7667,20.0167,24.0,AII-42-33,VonHerzen_Simmons_1972,R24-087217,-45.9167,-402.24042187355985,402.24042187355985
-49.0167,20.2,21.0,Zep-12,Nason_Lee_1964,R24-070571,-46.0,-314.80993571606444,314.80993571606444
-49.0167,20.2,21.0,Zep-12,Nason_Lee_1962,R24-070557,-46.0,-314.80993571606444,314.80993571606444
-50.8667,20.35,21.0,AII-42-34,VonHerzen_Simmons_1972,R24-087218,-45.949999999999996,-512.5898463168126,512.5898463168126
-53.6,20.38333333,78.772,V25-032,Langseth_etal._1972,R24-053349,-45.91666667,-800.8518203354573,800.8518203354573
-34.1167,20.4667,58.0,V19-178,Langseth_etal._1966,R24-053066,-45.9,1227.5356346898695,1227.5356346898695
-34.1167,20.4667,58.0,V19-178,Ludwig_Rabinowitz_1975,R24-060581,-45.9,1227.5356346898695,1227.5356346898695
-34.1167,20.4667,58.0,V19-178,Rabinowitz_Ludwig_1980,R24-073736,-45.9,1227.5356346898695,1227.5356346898695
-51.018,20.4917,83.0,V31-31,LDEO_2004,R24-055541,-45.9,-533.0852712831232,533.0852712831232
-51.9333,20.65,52.0,AII-42-36-1,VonHerzen_Simmons_1972,R24-087219,-46.0,-617.3655559957583,617.3655559957583
-51.9333,20.65,46.0,AII-42-36-2,VonHerzen_Simmons_1972,R24-087220,-46.0,-617.3655559957583,617.3655559957583
-24.5283,20.66,49.8,CVF1-2,Courtney_White_1986,R24-025652,-46.0,2234.003991183482,2234.003991183482
-24.5367,20.6617,52.2,CVF1-1,Courtney_White_1986,R24-025646,-46.0,2233.105035569469,2233.105035569469
-32.2167,20.6667,43.1,V32-2,Abbott_2008,R24-001779,-46.0,1434.0079860690562,1434.0079860690562
-24.5233,20.6667,47.3,CVF1-3,Courtney_White_1986,R24-025653,-46.0,2234.4256683384465,2234.4256683384465
-32.2183,20.67,49.0,V32-002,Ludwig_Rabinowitz_1975,R24-060595,-46.0,1433.8103696438993,1433.8103696438993
-32.2183,20.67,49.0,V32-02,Rabinowitz_Ludwig_1980,R24-073742,-46.0,1433.8103696438993,1433.8103696438993
-24.5183,20.68,47.7,CVF1-4,Courtney_White_1986,R24-025654,-46.0,2234.7501138492917,2234.7501138492917
-24.585,20.6883,46.7,CVF2-1,Courtney_White_1986,R24-025659,-46.0,2227.6894427096377,2227.6894427096377
-24.5867,20.6933,48.7,CVF2-2,Courtney_White_1986,R24-025666,-46.0,2227.4391847765173,2227.4391847765173
-24.5917,20.6983,49.0,CVF2-4,Courtney_White_1986,R24-025667,-46.0,2226.8456625837784,2226.8456625837784
-24.5117,20.6983,47.6,CVF1-5,Courtney_White_1986,R24-025655,-46.0,2235.167091796126,2235.167091796126
-24.5067,20.6983,50.9,CVF1-6,Courtney_White_1986,R24-025656,-46.0,2235.687181121898,2235.687181121898
-24.5033,20.6983,47.2,CVF1-7,Courtney_White_1986,R24-025657,-46.0,2236.040841863423,2236.040841863423
-31.45,20.7,57.0,V22-041,Ludwig_Rabinowitz_1975,R24-060585,-46.0,1513.4429705682492,1513.4429705682492
-31.45,20.7,57.0,V22-041,Herman_etal._1977,R24-047321,-46.0,1513.4429705682492,1513.4429705682492
-24.56,20.7,50.5,CVRISF2,Courtney_White_1986,R24-025687,-46.0,2230.1180267342447,2230.1180267342447
-24.5783,20.7017,50.1,CVF2-5,Courtney_White_1986,R24-025668,-46.0,2228.1895383463493,2228.1895383463493
-24.5717,20.7017,43.7,CVF2-6,Courtney_White_1986,R24-025669,-46.0,2228.8760408626335,2228.8760408626335
-24.5667,20.7033,43.8,CVF2-7,Courtney_White_1986,R24-025670,-46.0,2229.372590781246,2229.372590781246
-24.5533,20.7033,43.2,CVF2-10,Courtney_White_1986,R24-025660,-46.0,2230.766384210931,2230.766384210931
-24.5617,20.705,46.2,CVF2-8,Courtney_White_1986,R24-025671,-46.0,2229.8676569902154,2229.8676569902154
-24.5517,20.705,49.6,CVF2-11,Courtney_White_1986,R24-025661,-46.0,2230.9077896765707,2230.9077896765707
-24.5583,20.7067,48.4,CVF2-9,Courtney_White_1986,R24-025672,-46.0,2230.1962902081145,2230.1962902081145
-24.5483,20.7067,51.1,CVF2-12,Courtney_White_1986,R24-025662,-46.0,2231.2364112293994,2231.2364112293994
-24.5467,20.7117,48.8,CVF2-13,Courtney_White_1986,R24-025663,-46.0,2231.3292150106136,2231.3292150106136
-24.4933,20.7117,46.8,CVF1-8,Courtney_White_1986,R24-025658,-46.0,2236.8832780257003,2236.8832780257003
-24.5417,20.7167,52.9,CVF2-14,Courtney_White_1986,R24-025664,-46.0,2231.775608628221,2231.775608628221
-24.49,20.72,51.8,CVRISF1,Courtney_White_1986,R24-025686,-46.0,2237.1039441841094,2237.1039441841094
-24.5317,20.7233,50.8,CVF2-16,Courtney_White_1986,R24-025665,-46.0,2232.7183720199555,2232.7183720199555
-24.485,20.7233,55.2,CVF1-11,Courtney_White_1986,R24-025647,-46.0,2237.5752050236556,2237.5752050236556
-24.485,20.7383,44.9,CVF1-13,Courtney_White_1986,R24-025648,-46.0,2237.3535022745864,2237.3535022745864
-24.4717,20.7417,50.0,CVF1-15,Courtney_White_1986,R24-025650,-46.0,2238.6862696030407,2238.6862696030407
-24.455,20.7417,43.3,CVF1-17,Courtney_White_1986,R24-025651,-46.0,2240.4228702961923,2240.4228702961923
-24.4817,20.7467,58.5,CVF1-14,Courtney_White_1986,R24-025649,-46.0,2237.572431026678,2237.572431026678
-32.3233,20.8,80.0,V32-003,Ludwig_Rabinowitz_1975,R24-060596,-46.0,1421.664805862587,1421.664805862587
-32.3233,20.8,80.0,V32-03,Rabinowitz_Ludwig_1980,R24-073743,-46.0,1421.664805862587,1421.664805862587
-32.3167,20.8,69.9,V32-3,Abbott_2008,R24-001780,-46.0,1422.3508622737609,1422.3508622737609
-52.9333,21.0,21.0,AII-42-37,VonHerzen_Simmons_1972,R24-087221,-46.0,-719.7422366530201,719.7422366530201
-44.95,21.0667,75.0,Zep-14,Nason_Lee_1964,R24-070573,-46.0,108.95116670976687,108.95116670976687
-44.95,21.0667,75.0,Zep-14,Nason_Lee_1962,R24-070559,-46.0,108.95116670976687,108.95116670976687
-39.85,21.0667,35.0,V20-220,Langseth_etal._1966,R24-053099,-46.0,638.1425478714932,638.1425478714932
-46.5,21.1,13.0,Zep-13,Nason_Lee_1962,R24-070558,-46.0,-51.86988415246012,51.86988415246012
-46.5,21.1,13.0,Zep-13,Nason_Lee_1964,R24-070572,-46.0,-51.86988415246012,51.86988415246012
-32.445,21.165,73.0,V32-01,Rabinowitz_Ludwig_1980,R24-073741,-46.0,1405.5760892786252,1405.5760892786252
-32.445,21.165,73.0,V32-001,Ludwig_Rabinowitz_1975,R24-060594,-46.0,1405.5760892786252,1405.5760892786252
-32.45,21.1667,64.1,V32-1,Abbott_2008,R24-001771,-46.0,1405.0414764469917,1405.0414764469917
-21.295,21.216667,39.0,V30-043,Herman_etal._1977,R24-047498,-46.0,2560.8719670330947,2560.8719670330947
-22.68333333,21.3,38.548,V23-061,Langseth_etal._1970,R24-053121,-46.0,2415.592818109894,2415.592818109894
-22.68333333,21.3,38.548,V23-061,Herman_etal._1977,R24-047326,-46.0,2415.592818109894,2415.592818109894
-53.9667,21.3167,88.0,AII-42-38,VonHerzen_Simmons_1972,R24-087222,-46.0,-825.2515613788111,825.2515613788111
-57.602,21.405,115.0,C11-4,LDEO_2004,R24-055080,-45.969999999999985,-1204.2052477722693,1204.2052477722693
-57.6017,21.405,115.0,C11-4,Abbott_2008,R24-000305,-45.969999999999985,-1204.1741902091394,1204.1741902091394
-53.4,21.5,24.9180976,V25-031,Langseth_etal._1972,R24-053348,-45.4,-827.6622517740898,827.6622517740898
-55.0,21.7333,63.0,AII-42-39,VonHerzen_Simmons_1972,R24-087223,-45.6,-970.9352459603466,970.9352459603466
-29.2433,21.855,57.6,PK-435,Hobart_etal._1974,R24-047526,-45.489999999999995,1676.7129619523469,1676.7129619523469
-29.2433,21.855,59.0,Kur-435,Popova_1974,R24-073164,-45.489999999999995,1676.7129619523469,1676.7129619523469
-29.2433,21.855,58.0,K-435,Hobart_etal._1974,R24-047518,-45.489999999999995,1676.7129619523469,1676.7129619523469
-29.2433,21.855,59.0,Kur-435,Ludwig_Rabinowitz_1975,R24-060555,-45.489999999999995,1676.7129619523469,1676.7129619523469
-45.7667,21.9333,272.0,Zep-15,Nason_Lee_1964,R24-070574,-45.4333,-34.38908648981602,34.38908648981602
-45.7667,21.9333,272.0,Zep-15,Nason_Lee_1962,R24-070560,-45.4333,-34.38908648981602,34.38908648981602
-46.5618,22.0088,13.0,POND1204,Langseth_etal._1992,R24-053950,-45.5,-109.46288368709227,109.46288368709227
-46.5828,22.0092,14.0,POND1101,Langseth_etal._1992,R24-053912,-45.5,-111.62749669042083,111.62749669042083
-46.5528,22.0093,10.0,POND1205,Langseth_etal._1992,R24-053951,-45.5,-108.53467455293098,108.53467455293098
-46.5762,22.0095,55.0,POND1201,Langseth_etal._1992,R24-053947,-45.5,-110.94685784954004,110.94685784954004
-46.57,22.0097,26.0,POND1202,Langseth_etal._1992,R24-053948,-45.5,-110.30753614117278,110.30753614117278
-46.5665,22.0097,22.0,POND1203,Langseth_etal._1992,R24-053949,-45.5,-109.94671709772007,109.94671709772007
-46.6484,22.01,57.0,POND1301,Langseth_etal._1992,R24-053969,-45.5,-118.3896321398007,118.3896321398007
-46.5828,22.0128,34.0,POND1102,Langseth_etal._1992,R24-053913,-45.5,-111.62466141597395,111.62466141597395
-46.6487,22.0145,100.0,POND1302,Langseth_etal._1992,R24-053970,-45.5,-118.4167994288613,118.4167994288613
-46.5462,22.015,16.0,POND1206,Langseth_etal._1992,R24-053952,-45.5,-107.84993334823106,107.84993334823106
-46.5297,22.0152,26.0,POND1208,Langseth_etal._1992,R24-053954,-45.5,-106.1488430795507,106.1488430795507
-46.536,22.0153,17.0,POND1207,Langseth_etal._1992,R24-053953,-45.5,-106.79821678601222,106.79821678601222
-46.5255,22.0172,8.0,POND1209,Langseth_etal._1992,R24-053955,-45.5,-105.71438489738081,105.71438489738081
-46.584,22.0173,90.0,POND1103,Langseth_etal._1992,R24-053914,-45.5,-111.74481945538038,111.74481945538038
-46.646,22.0185,97.0,POND1303,Langseth_etal._1992,R24-053971,-45.5,-118.13512776542409,118.13512776542409
-46.525,22.0213,21.0,POND1210,Langseth_etal._1992,R24-053956,-45.5,-105.65978426406966,105.65978426406966
-46.6415,22.0225,84.0,POND1304,Langseth_etal._1992,R24-053972,-45.5,-117.66792392446978,117.66792392446978
-46.5837,22.0233,88.0,POND1104,Langseth_etal._1992,R24-053915,-45.5,-111.70916248333457,111.70916248333457
-46.5245,22.0263,38.0,POND1211,Langseth_etal._1992,R24-053957,-45.5,-105.60451498874374,105.60451498874374
-46.641,22.0273,72.0,POND1305,Langseth_etal._1992,R24-053973,-45.5,-117.6123970535356,117.6123970535356
-46.5819,22.0282,81.0,POND1105,Langseth_etal._1992,R24-053916,-45.5,-111.51975784229167,111.51975784229167
-46.5247,22.0308,45.0,POND1212,Langseth_etal._1992,R24-053958,-45.5,-105.62177433610232,105.62177433610232
-46.576,22.032,58.0,POND1106,Langseth_etal._1992,R24-053917,-45.5,-110.90862299663242,110.90862299663242
-46.6405,22.0325,75.0,POND1306,Langseth_etal._1992,R24-053974,-45.5,-117.55654072800718,117.55654072800718
-46.573,22.0332,57.0,POND1108,Langseth_etal._1992,R24-053919,-45.5,-110.59846080017662,110.59846080017662
-46.5747,22.0338,72.0,POND1107,Langseth_etal._1992,R24-053918,-45.5,-110.77321722694968,110.77321722694968
-46.525,22.0355,35.0,POND1213,Langseth_etal._1992,R24-053959,-45.5,-105.64918971003524,105.64918971003524
-46.6395,22.037,58.0,POND1307,Langseth_etal._1992,R24-053975,-45.5,-117.4497326627064,117.4497326627064
-46.5248,22.04,28.0,POND1214,Langseth_etal._1992,R24-053960,-45.5,-105.6252171061581,105.6252171061581
-46.6388,22.0415,71.0,POND1308,Langseth_etal._1992,R24-053976,-45.5,-117.37385082970344,117.37385082970344
-46.581,22.0427,74.0,POND1109,Langseth_etal._1992,R24-053920,-45.5,-111.4155750116758,111.4155750116758
-46.5949,22.0438,63.0,POND1322,Langseth_etal._1992,R24-053990,-45.5,-112.84733098036479,112.84733098036479
-46.5257,22.044,36.0,POND1215,Langseth_etal._1992,R24-053961,-45.5,-105.71499112769597,105.71499112769597
-46.638,22.045,59.0,POND1309,Langseth_etal._1992,R24-053977,-45.5,-117.28849534651174,117.28849534651174
-46.5953,22.0475,80.0,POND1323,Langseth_etal._1992,R24-053991,-45.5,-112.88560543340178,112.88560543340178
-46.5822,22.0485,66.0,POND1110,Langseth_etal._1992,R24-053922,-45.5,-111.53468334584308,111.53468334584308
-46.5267,22.0493,35.0,POND1216,Langseth_etal._1992,R24-053962,-45.5,-105.81409333601283,105.81409333601283
-46.6339,22.0495,118.0,POND1310,Langseth_etal._1992,R24-053978,-45.5,-116.86220979844177,116.86220979844177
-46.6292,22.0502,209.0,POND1311,Langseth_etal._1992,R24-053979,-45.5,-116.37724164433668,116.37724164433668
-46.6253,22.0507,135.0,POND1312,Langseth_etal._1992,R24-053980,-45.5,-115.97489117665518,115.97489117665518
-46.5949,22.0515,109.0,POND1324,Langseth_etal._1992,R24-053992,-45.5,-112.84118917415213,112.84118917415213
-46.5747,22.0517,80.0,POND1339,Langseth_etal._1992,R24-054007,-45.5,-110.75920589290676,110.75920589290676
-46.6235,22.0522,87.0,POND1313,Langseth_etal._1992,R24-053981,-45.5,-115.78815291064629,115.78815291064629
-46.5827,22.0522,113.0,POND1111,Langseth_etal._1992,R24-053923,-45.5,-111.58329608932537,111.58329608932537
-46.62,22.0532,81.0,POND1314,Langseth_etal._1992,R24-053982,-45.5,-115.42662605376954,115.42662605376954
-46.5947,22.0533,100.0,POND1325,Langseth_etal._1992,R24-053993,-45.5,-112.81914125041271,112.81914125041271
-46.5252,22.0533,32.0,POND1217,Langseth_etal._1992,R24-053963,-45.5,-105.65651193013845,105.65651193013845
-46.577,22.0542,158.0,POND1338,Langseth_etal._1992,R24-054006,-45.5,-110.994283287665,110.994283287665
-46.6163,22.055,63.0,POND1315,Langseth_etal._1992,R24-053983,-45.5,-115.043841734149,115.043841734149
-46.61,22.0552,52.0,POND1113,Langseth_etal._1992,R24-053925,-45.5,-114.3944134466747,114.3944134466747
-46.5949,22.0557,149.0,POND1326,Langseth_etal._1992,R24-053994,-45.5,-112.83783823903799,112.83783823903799
-46.5785,22.0558,274.0,POND1120,Langseth_etal._1992,R24-053933,-45.5,-111.14761392419861,111.14761392419861
-46.615,22.0573,54.0,POND1316,Langseth_etal._1992,R24-053984,-45.5,-114.90799717701661,114.90799717701661
-46.587,22.0575,299.0,POND1118,Langseth_etal._1992,R24-053930,-45.5,-112.02225674218296,112.02225674218296
-46.6003,22.0577,81.0,POND1115,Langseth_etal._1992,R24-053927,-45.5,-113.3927458667428,113.3927458667428
-46.525,22.0577,18.0,POND1218,Langseth_etal._1992,R24-053964,-45.5,-105.63261339035856,105.63261339035856
-46.596,22.0583,286.0,POND1327,Langseth_etal._1992,R24-053995,-45.5,-112.9491248947588,112.9491248947588
-46.6047,22.0588,61.0,POND1114,Langseth_etal._1992,R24-053926,-45.5,-113.84530752424044,113.84530752424044
-46.576,22.0597,371.0,POND1334,Langseth_etal._1992,R24-054002,-45.5,-110.88691152434511,110.88691152434511
-46.5625,22.0597,156.0,POND1124,Langseth_etal._1992,R24-053937,-45.5,-109.49567239276638,109.49567239276638
-46.5667,22.0598,408.0,POND1123,Langseth_etal._1992,R24-053936,-45.5,-109.92842459495225,109.92842459495225
-46.6125,22.06,242.0,POND1317,Langseth_etal._1992,R24-053985,-45.5,-114.64816665166123,114.64816665166123
-46.6092,22.0615,102.0,POND1318,Langseth_etal._1992,R24-053986,-45.5,-114.30687393027334,114.30687393027334
-46.5887,22.0615,302.0,POND1330,Langseth_etal._1992,R24-053998,-45.5,-112.19427844202018,112.19427844202018
-46.6057,22.0623,105.0,POND1319,Langseth_etal._1992,R24-053987,-45.5,-113.94554209598375,113.94554209598375
-46.582,22.0623,85.0,POND1332,Langseth_etal._1992,R24-054000,-45.5,-111.5031894255717,111.5031894255717
-46.5592,22.0625,279.0,POND1125,Langseth_etal._1992,R24-053938,-45.5,-109.153429900901,109.153429900901
-46.5782,22.0632,178.0,POND1333,Langseth_etal._1992,R24-054001,-45.5,-111.11088119140187,111.11088119140187
-46.5247,22.0633,19.0,POND1219,Langseth_etal._1992,R24-053965,-45.5,-105.59751383369512,105.59751383369512
-46.602,22.0642,304.0,POND1320,Langseth_etal._1992,R24-053988,-45.5,-113.56272016787798,113.56272016787798
-46.6017,22.0645,245.0,POND1321,Langseth_etal._1992,R24-053989,-45.5,-113.53156377624566,113.53156377624566
-46.5252,22.068,29.0,POND1220,Langseth_etal._1992,R24-053966,-45.5,-105.64552692944699,105.64552692944699
-46.554,22.0687,389.0,POND1126,Langseth_etal._1992,R24-053939,-45.5,-108.61279151228152,108.61279151228152
-46.5478,22.0688,109.0,POND1128,Langseth_etal._1992,R24-053941,-45.5,-107.97381633680403,107.97381633680403
-46.5338,22.0713,8.0,POND1129,Langseth_etal._1992,R24-053942,-45.5,-106.52925807596776,106.52925807596776
-46.5253,22.0717,24.0,POND1221,Langseth_etal._1992,R24-053967,-45.5,-105.65306550198092,105.65306550198092
-46.5302,22.0747,31.0,POND1130,Langseth_etal._1992,R24-053944,-45.5,-106.15573692202602,106.15573692202602
-46.523,22.0767,56.0,POND1222,Langseth_etal._1992,R24-053968,-45.5,-105.4123291457511,105.4123291457511
-41.5,22.1317,132.0,V20-220,Abbott_2008,R24-001386,-45.5,412.0087589179304,412.0087589179304
-41.5,22.133,132.0,V20-220,LDEO_2004,R24-055360,-45.5,412.00495688251107,412.00495688251107
-56.65,22.2333,54.0,AII-42-41,VonHerzen_Simmons_1972,R24-087224,-45.4667,-1151.0718392074548,1151.0718392074548
-24.7533,22.3867,40.5,CVG1-1,Courtney_White_1986,R24-025673,-45.3133,2113.870837674706,2113.870837674706
-24.705,22.3883,43.6,CVG2-1,Courtney_White_1986,R24-025678,-45.311699999999995,2118.6479149360975,2118.6479149360975
-23.7433,22.3917,45.7,CVRISEG,Courtney_White_1986,R24-025685,-45.308299999999996,2217.119935221204,2217.119935221204
-24.745,22.3933,45.5,CVG1-2,Courtney_White_1986,R24-025675,-45.3067,2113.9453028767316,2113.9453028767316
-24.6767,22.4133,41.3,CVG2-4,Courtney_White_1986,R24-025680,-45.286699999999996,2118.6061333569482,2118.6061333569482
-24.7233,22.42,45.2,CVG1-6,Courtney_White_1986,R24-025676,-45.279999999999994,2113.0252267822193,2113.0252267822193
-24.7217,22.4333,50.0,CVG1-8,Courtney_White_1986,R24-025677,-45.2667,2111.6202735446427,2111.6202735446427
-24.7117,22.4467,43.7,CVG1-10,Courtney_White_1986,R24-025674,-45.253299999999996,2111.066909169997,2111.066909169997
-24.6867,22.4967,38.0,CVG2-3,Courtney_White_1986,R24-025679,-45.2033,2107.7366952400607,2107.7366952400607
-28.0,22.6,44.0,V27-095,Herman_etal._1977,R24-047444,-45.2,1765.6893935803002,1765.6893935803002
-28.0,22.6,44.0,V27-095,Ludwig_Rabinowitz_1975,R24-060593,-45.2,1765.6893935803002,1765.6893935803002
-46.1257,22.7237,60.0,POND801,Langseth_etal._1992,R24-054110,-45.1,-105.19975563200119,105.19975563200119
-46.121,22.7268,36.0,POND802,Langseth_etal._1992,R24-054111,-45.1,-104.71533251802224,104.71533251802224
-46.1145,22.7297,28.0,POND804,Langseth_etal._1992,R24-054113,-45.1,-104.04647650541756,104.04647650541756
-46.1182,22.7302,26.0,POND803,Langseth_etal._1992,R24-054112,-45.1,-104.42556439923509,104.42556439923509
-54.2167,22.7317,26.4,C17-9,Abbott_2008,R24-000558,-45.1,-934.9892961784977,934.9892961784977
-54.217,22.733,26.0,C17-9,LDEO_2004,R24-055206,-45.1,-935.0111751045484,935.0111751045484
-46.095,22.7333,61.9,H0904P01,Schmidt-Schierhorn_etal._2012,R24-077857,-45.1,-102.0438826631436,102.0438826631436
-46.1117,22.7368,18.0,POND805,Langseth_etal._1992,R24-054114,-45.1,-103.75392316564132,103.75392316564132
-46.1017,22.7383,48.8,H0904P02,Schmidt-Schierhorn_etal._2012,R24-077858,-45.1,-102.72725568147924,102.72725568147924
-46.108,22.7395,32.0,POND806,Langseth_etal._1992,R24-054115,-45.1,-103.3724316684812,103.3724316684812
-46.135,22.7408,39.0,POND602,Langseth_etal._1992,R24-054069,-45.1,-106.14032670811388,106.14032670811388
-46.1083,22.7433,16.3,H0904P03,Schmidt-Schierhorn_etal._2012,R24-077859,-45.1,-103.40032274220555,103.40032274220555
-46.1307,22.7437,36.0,POND603,Langseth_etal._1992,R24-054070,-45.1,-105.69711469963582,105.69711469963582
-46.1022,22.7443,46.0,POND807,Langseth_etal._1992,R24-054116,-45.1,-102.77402088343291,102.77402088343291
-46.1289,22.7473,33.0,POND604,Langseth_etal._1992,R24-054071,-45.1,-105.50974739223993,105.50974739223993
-46.0972,22.7485,35.0,POND808,Langseth_etal._1992,R24-054117,-45.1,-102.2581360199245,102.2581360199245
-46.115,22.75,14.0,H0904P04,Schmidt-Schierhorn_etal._2012,R24-077860,-45.1,-104.08229910056939,104.08229910056939
-46.126,22.7512,42.0,POND605,Langseth_etal._1992,R24-054072,-45.1,-105.20936057276448,105.20936057276448
-46.1218,22.7532,32.0,POND606,Langseth_etal._1992,R24-054073,-45.1,-104.77714512314517,104.77714512314517
-46.1217,22.7533,32.4,H0904P05,Schmidt-Schierhorn_etal._2012,R24-077861,-45.1,-104.76681426093859,104.76681426093859
-46.0924,22.7533,41.0,POND809,Langseth_etal._1992,R24-054118,-45.1,-101.76234361608644,101.76234361608644
-46.0817,22.755,180.0,DSDP395A,Hyndman_etal._1984,R24-048853,-45.1,-100.66389513787743,100.66389513787743
-46.077,22.7557,15.0,POND813,Langseth_etal._1992,R24-054122,-45.1,-100.18144195292413,100.18144195292413
-46.0729,22.7562,19.0,POND814,Langseth_etal._1992,R24-054123,-45.1,-99.7606633624416,99.7606633624416
-46.0845,22.7563,24.0,POND811,Langseth_etal._1992,R24-054120,-45.1,-100.9500474637607,100.9500474637607
-46.0805,22.7565,6.0,POND812,Langseth_etal._1992,R24-054121,-45.1,-100.53974261887718,100.53974261887718
-46.1175,22.7567,53.0,POND607,Langseth_etal._1992,R24-054074,-45.1,-104.33354240238793,104.33354240238793
-46.0893,22.7567,29.0,POND810,Langseth_etal._1992,R24-054119,-45.1,-101.44193955644478,101.44193955644478
-46.125,22.7583,19.1,H0904P06,Schmidt-Schierhorn_etal._2012,R24-077862,-45.1,-105.10135451277613,105.10135451277613
-46.1335,22.76,47.0,POND902,Langseth_etal._1992,R24-054136,-45.1,-105.97160763262673,105.97160763262673
-46.085,22.76,5.3,H0902P03,Schmidt-Schierhorn_etal._2012,R24-077837,-45.1,-100.99858105286657,100.99858105286657
-46.1145,22.7605,31.0,POND608,Langseth_etal._1992,R24-054075,-45.1,-104.02303080078973,104.02303080078973
-46.0722,22.7608,17.0,POND815,Langseth_etal._1992,R24-054124,-45.1,-99.68552822293013,99.68552822293013
-46.1317,22.7617,24.3,H0904P07,Schmidt-Schierhorn_etal._2012,R24-077863,-45.1,-105.78572481367145,105.78572481367145
-46.0883,22.7617,34.5,H0902P04,Schmidt-Schierhorn_etal._2012,R24-077838,-45.1,-101.33569044620619,101.33569044620619
-46.114,22.7628,24.0,POND609,Langseth_etal._1992,R24-054076,-45.1,-103.9700115148654,103.9700115148654
-46.1289,22.7632,46.0,POND903,Langseth_etal._1992,R24-054137,-45.1,-105.49746694210275,105.49746694210275
-46.0805,22.7632,19.0,POND1001,Langseth_etal._1992,R24-053891,-45.1,-100.53481031852624,100.53481031852624
-46.135,22.765,25.4,H0904P08,Schmidt-Schierhorn_etal._2012,R24-077864,-45.1,-106.12152673455368,106.12152673455368
-46.0917,22.765,20.8,H0902P05,Schmidt-Schierhorn_etal._2012,R24-077839,-45.1,-101.68185320063517,101.68185320063517
-46.0735,22.765,19.0,POND816,Langseth_etal._1992,R24-054125,-45.1,-99.81575485612416,99.81575485612416
-46.108,22.7658,28.0,POND610,Langseth_etal._1992,R24-054077,-45.1,-103.35253349172707,103.35253349172707
-46.1255,22.7668,75.0,POND905,Langseth_etal._1992,R24-054138,-45.1,-105.14607815224389,105.14607815224389
-46.0832,22.7668,18.0,POND1002,Langseth_etal._1992,R24-053892,-45.1,-100.8089946750714,100.8089946750714
-46.0967,22.7683,34.6,H0902P06,Schmidt-Schierhorn_etal._2012,R24-077840,-45.1,-102.19204740242715,102.19204740242715
-46.1052,22.7692,113.0,POND611,Langseth_etal._1992,R24-054078,-45.1,-103.062876293321,103.062876293321
-46.0882,22.7698,33.0,POND1003,Langseth_etal._1992,R24-053893,-45.1,-101.31942567777088,101.31942567777088
-46.1417,22.77,87.5,H0904P09,Schmidt-Schierhorn_etal._2012,R24-077865,-45.1,-106.80458519226659,106.80458519226659
-46.1222,22.7703,49.0,POND906,Langseth_etal._1992,R24-054139,-45.1,-104.80503699514603,104.80503699514603
-46.073,22.7708,36.0,POND817,Langseth_etal._1992,R24-054126,-45.1,-99.7602499066382,99.7602499066382
-46.1,22.7717,40.3,H0902P07,Schmidt-Schierhorn_etal._2012,R24-077841,-45.1,-102.52784390026999,102.52784390026999
-46.1015,22.7727,60.0,POND612,Langseth_etal._1992,R24-054079,-45.1,-102.68088334867805,102.68088334867805
-46.1467,22.7733,61.3,H0904P10,Schmidt-Schierhorn_etal._2012,R24-077866,-45.1,-107.31463616070549,107.31463616070549
-46.0633,22.7733,37.8,H0903P02,Schmidt-Schierhorn_etal._2012,R24-077846,-45.1,-98.76391421955394,98.76391421955394
-46.1167,22.7738,55.0,POND907,Langseth_etal._1992,R24-054140,-45.1,-104.23845501209505,104.23845501209505
-46.0918,22.774,25.0,POND1004,Langseth_etal._1992,R24-053894,-45.1,-101.68540196292547,101.68540196292547
-46.0714,22.7743,50.0,POND818,Langseth_etal._1992,R24-054127,-45.1,-99.59365026444891,99.59365026444891
-46.1383,22.775,118.7,H0904P11,Schmidt-Schierhorn_etal._2012,R24-077867,-45.1,-106.45208632643451,106.45208632643451
-46.105,22.775,43.0,H0902P08,Schmidt-Schierhorn_etal._2012,R24-077842,-45.1,-103.03799167684315,103.03799167684315
-46.098,22.7755,100.0,POND613,Langseth_etal._1992,R24-054080,-45.1,-102.3199392312053,102.3199392312053
-46.0958,22.777,53.0,POND1005,Langseth_etal._1992,R24-053895,-45.1,-102.09326201252794,102.09326201252794
-46.0668,22.7777,55.0,POND819,Langseth_etal._1992,R24-054128,-45.1,-99.11956152310624,99.11956152310624
-46.1123,22.7782,142.0,POND908,Langseth_etal._1992,R24-054141,-45.1,-103.78399301815949,103.78399301815949
-46.1083,22.7783,35.6,H0902P09,Schmidt-Schierhorn_etal._2012,R24-077843,-45.1,-103.3738254141433,103.3738254141433
-46.0953,22.779,64.0,POND614,Langseth_etal._1992,R24-054081,-45.1,-102.04050440071424,102.04050440071424
-46.137,22.78,50.0,POND701,Langseth_etal._1992,R24-054085,-45.1,-106.31490757032934,106.31490757032934
-46.1328,22.78,105.0,POND702,Langseth_etal._1992,R24-054086,-45.1,-105.88431681642858,105.88431681642858
-46.1278,22.78,17.0,POND703,Langseth_etal._1992,R24-054087,-45.1,-105.37170877606992,105.37170877606992
-46.1117,22.78,98.0,ODP1074A,Pribnow_etal._2000a,R24-073239,-45.1,-103.72111088611577,103.72111088611577
-46.1117,22.78,69.5,H0902P10,Schmidt-Schierhorn_etal._2012,R24-077844,-45.1,-103.72111088611577,103.72111088611577
-46.0817,22.78,14.8,H0905P02,Schmidt-Schierhorn_etal._2012,R24-077869,-45.1,-100.64546264396532,100.64546264396532
-46.0817,22.78,15.5,H0905P01,Schmidt-Schierhorn_etal._2012,R24-077868,-45.1,-100.64546264396532,100.64546264396532
-46.0667,22.78,41.5,H0903P03,Schmidt-Schierhorn_etal._2012,R24-077847,-45.1,-99.10763852289011,99.10763852289011
-46.1184,22.7802,44.0,POND705,Langseth_etal._1992,R24-054089,-45.1,-104.40785260743081,104.40785260743081
-46.099,22.7802,188.0,POND1006,Langseth_etal._1992,R24-053896,-45.1,-102.41893632641684,102.41893632641684
-46.0945,22.7802,58.0,POND615,Langseth_etal._1992,R24-054082,-45.1,-101.95758976638793,101.95758976638793
-46.0635,22.7807,91.0,POND820,Langseth_etal._1992,R24-054129,-45.1,-98.77906256485458,98.77906256485458
-46.1125,22.7808,329.0,POND706,Langseth_etal._1992,R24-054090,-45.1,-103.80251950070686,103.80251950070686
-46.1022,22.781,148.0,POND1007,Langseth_etal._1992,R24-053897,-45.1,-102.74640250637438,102.74640250637438
-46.11,22.7812,278.0,POND909,Langseth_etal._1992,R24-054142,-45.1,-103.54591339136505,103.54591339136505
-46.123,22.7815,23.0,POND704,Langseth_etal._1992,R24-054088,-45.1,-104.87845194551777,104.87845194551777
-46.0903,22.7815,39.0,POND616,Langseth_etal._1992,R24-054083,-45.1,-101.5260322205732,101.5260322205732
-46.1088,22.7817,230.0,POND707,Langseth_etal._1992,R24-054091,-45.1,-103.42250949749197,103.42250949749197
-46.0733,22.7817,35.6,H0903P04,Schmidt-Schierhorn_etal._2012,R24-077848,-45.1,-99.78303776160692,99.78303776160692
-46.0595,22.783,33.0,POND821,Langseth_etal._1992,R24-054130,-45.1,-98.36731980642578,98.36731980642578
-46.113,22.7832,147.0,POND910,Langseth_etal._1992,R24-054143,-45.1,-103.8519529653495,103.8519529653495
-46.101,22.7833,160.0,POND708,Langseth_etal._1992,R24-054092,-45.1,-102.62164729675472,102.62164729675472
-46.0767,22.785,22.1,H0903P05,Schmidt-Schierhorn_etal._2012,R24-077849,-45.1,-100.12918459314382,100.12918459314382
-46.0877,22.7852,44.0,POND617,Langseth_etal._1992,R24-054084,-45.1,-101.25673247896863,101.25673247896863
-46.097,22.7853,62.0,POND709,Langseth_etal._1992,R24-054093,-45.1,-102.21007215640672,102.21007215640672
-46.104,22.7855,144.0,POND1008,Langseth_etal._1992,R24-053898,-45.1,-102.92754460976586,102.92754460976586
-46.119,22.7867,49.0,POND1011,Langseth_etal._1992,R24-053901,-45.1,-104.46438764368031,104.46438764368031
-46.0917,22.787,23.0,POND710,Langseth_etal._1992,R24-054094,-45.1,-101.66546158445071,101.66546158445071
-46.1138,22.7872,48.0,POND1012,Langseth_etal._1992,R24-053902,-45.1,-103.93092045327863,103.93092045327863
-46.0565,22.7872,32.0,POND822,Langseth_etal._1992,R24-054131,-45.1,-98.05674236887079,98.05674236887079
-46.1023,22.7882,168.0,POND911,Langseth_etal._1992,R24-054144,-45.1,-102.75123078494846,102.75123078494846
-46.0817,22.7883,5.7,H0903P06,Schmidt-Schierhorn_etal._2012,R24-077850,-45.1,-100.63933881898147,100.63933881898147
-46.0733,22.7883,13.2,H0905P03,Schmidt-Schierhorn_etal._2012,R24-077870,-45.1,-99.7782097102121,99.7782097102121
-46.0733,22.7883,13.3,H0905P04,Schmidt-Schierhorn_etal._2012,R24-077871,-45.1,-99.7782097102121,99.7782097102121
-46.1075,22.7888,226.0,POND1009,Langseth_etal._1992,R24-053899,-45.1,-103.28385669783529,103.28385669783529
-46.0875,22.7888,29.0,POND711,Langseth_etal._1992,R24-054095,-45.1,-101.23355681301443,101.23355681301443
-46.083,22.789,23.0,POND712,Langseth_etal._1992,R24-054096,-45.1,-100.77209155231263,100.77209155231263
-46.1106,22.7895,174.01,J2-773P33,Villinger_etal._2019,R24-086126,-45.1,-103.6011213982197,103.6011213982197
-46.0532,22.7897,29.0,POND823,Langseth_etal._1992,R24-054132,-45.1,-97.71664762231444,97.71664762231444
-46.11,22.7899,113.18,J2-773P34,Villinger_etal._2019,R24-086127,-45.1,-103.53930901557884,103.53930901557884
-46.0989,22.7903,54.0,POND912,Langseth_etal._1992,R24-054145,-45.1,-102.40110138898433,102.40110138898433
-46.1085,22.7909,132.81,J2-773P36,Villinger_etal._2019,R24-086129,-45.1,-103.38477961557928,103.38477961557928
-46.1075,22.7909,354.76,J2-773P38,Villinger_etal._2019,R24-086131,-45.1,-103.2822661999964,103.2822661999964
-46.1267,22.7917,70.0,H0902P14,Schmidt-Schierhorn_etal._2012,R24-077845,-45.1,-105.24990629130751,105.24990629130751
-46.1066,22.792,166.95,J2-773P40,Villinger_etal._2019,R24-086133,-45.1,-103.18917169695722,103.18917169695722
-46.1074,22.7925,319.2,J2-773P41,Villinger_etal._2019,R24-086134,-45.1,-103.27080307772205,103.27080307772205
-46.1096,22.7929,60.9,J2-773P32,Villinger_etal._2019,R24-086125,-45.1,-103.49602632629708,103.49602632629708
-46.109,22.7933,156.49,J2-773P31,Villinger_etal._2019,R24-086124,-45.1,-103.43421573513918,103.43421573513918
-46.1078,22.7933,134.25,J2-773P43,Villinger_etal._2019,R24-086136,-45.1,-103.3112018016579,103.3112018016579
-46.0883,22.7933,26.3,H0903P07,Schmidt-Schierhorn_etal._2012,R24-077851,-45.1,-101.31222538259418,101.31222538259418
-46.0798,22.7933,30.0,POND713,Langseth_etal._1992,R24-054097,-45.1,-100.4408766871051,100.4408766871051
-46.0683,22.7933,53.8,H0905P05,Schmidt-Schierhorn_etal._2012,R24-077872,-45.1,-99.26199315791393,99.26199315791393
-46.049,22.7935,25.0,POND824,Langseth_etal._1992,R24-054133,-45.1,-97.28337635945148,97.28337635945148
-46.1081,22.7937,131.24,J2-773P30,Villinger_etal._2019,R24-086123,-45.1,-103.34165210668003,103.34165210668003
-46.1067,22.7938,182.08,J2-773P44,Villinger_etal._2019,R24-086137,-45.1,-103.19806058187808,103.19806058187808
-46.0953,22.7938,59.0,POND913,Langseth_etal._1992,R24-054146,-45.1,-102.02943249939781,102.02943249939781
-46.108,22.7944,348.12,J2-773P29,Villinger_etal._2019,R24-086122,-45.1,-103.33087045403231,103.33087045403231
-46.0767,22.7948,29.0,POND714,Langseth_etal._1992,R24-054098,-45.1,-100.12198916072182,100.12198916072182
-46.1067,22.7967,327.0,H0903P12,Schmidt-Schierhorn_etal._2012,R24-077856,-45.1,-103.19586543185065,103.19586543185065
-46.0917,22.7967,24.3,H0903P08,Schmidt-Schierhorn_etal._2012,R24-077852,-45.1,-101.65822961037742,101.65822961037742
-46.065,22.7967,44.7,H0905P06,Schmidt-Schierhorn_etal._2012,R24-077873,-45.1,-98.92123784815335,98.92123784815335
-46.0925,22.7977,34.0,POND914,Langseth_etal._1992,R24-054147,-45.1,-101.73949052259837,101.73949052259837
-46.1079,22.7981,64.16,J2-773P28,Villinger_etal._2019,R24-086121,-45.1,-103.31781521202667,103.31781521202667
-46.0817,22.7983,27.1,H0901P01,Schmidt-Schierhorn_etal._2012,R24-077827,-45.1,-100.63195791153359,100.63195791153359
-46.051,22.7998,47.0,POND825,Langseth_etal._1992,R24-054134,-45.1,-97.48389409797143,97.48389409797143
-46.0672,22.8,166.0,POND716,Langseth_etal._1992,R24-054100,-45.1,-99.14435754186216,99.14435754186216
-46.06,22.8,90.3,H0905P07,Schmidt-Schierhorn_etal._2012,R24-077874,-45.1,-98.40631021524807,98.40631021524807
-46.0895,22.8015,53.0,POND915,Langseth_etal._1992,R24-054148,-45.1,-101.42913784485897,101.42913784485897
-46.105,22.8017,77.6,H0903P11,Schmidt-Schierhorn_etal._2012,R24-077855,-45.1,-103.01782106876809,103.01782106876809
-46.0967,22.8017,31.0,H0903P09,Schmidt-Schierhorn_etal._2012,R24-077853,-45.1,-102.16702712362319,102.16702712362319
-46.0725,22.8017,39.0,POND715,Langseth_etal._1992,R24-054099,-45.1,-99.68639899440504,99.68639899440504
-46.0607,22.802,69.0,POND826,Langseth_etal._1992,R24-054135,-45.1,-98.47661975065678,98.47661975065678
-46.1085,22.8025,99.31,J2-773P27,Villinger_etal._2019,R24-086120,-45.1,-103.37598278590346,103.37598278590346
-46.0767,22.8033,33.8,H0901P02,Schmidt-Schierhorn_etal._2012,R24-077828,-45.1,-100.1157458523778,100.1157458523778
-46.0567,22.805,23.6,H0905P08,Schmidt-Schierhorn_etal._2012,R24-077875,-45.1,-98.06444067716464,98.06444067716464
-46.0893,22.806,61.0,POND916,Langseth_etal._1992,R24-054149,-45.1,-101.4052881815712,101.4052881815712
-46.0733,22.8067,43.9,H0901P03,Schmidt-Schierhorn_etal._2012,R24-077829,-45.1,-99.76474269768178,99.76474269768178
-46.0653,22.8067,157.0,POND717,Langseth_etal._1992,R24-054101,-45.1,-98.94473042851325,98.94473042851325
-46.0533,22.8067,33.0,H0905P10,Schmidt-Schierhorn_etal._2012,R24-077877,-45.1,-97.71471202476084,97.71471202476084
-46.0533,22.8067,32.7,H0905P09,Schmidt-Schierhorn_etal._2012,R24-077876,-45.1,-97.71471202476084,97.71471202476084
-46.1103,22.8069,254.26,J2-767P01,Villinger_etal._2019,R24-086056,-45.1,-103.55714743867938,103.55714743867938
-46.1067,22.8083,54.7,H0903P10,Schmidt-Schierhorn_etal._2012,R24-077854,-45.1,-103.18708218809198,103.18708218809198
-46.07,22.8083,47.1,H0901P04,Schmidt-Schierhorn_etal._2012,R24-077830,-45.1,-99.42532007792748,99.42532007792748
-46.05,22.81,30.2,H0905P11,Schmidt-Schierhorn_etal._2012,R24-077878,-45.1,-97.37409844199922,97.37409844199922
-46.089,22.8108,50.0,POND917,Langseth_etal._1992,R24-054150,-45.1,-101.37096614481531,101.37096614481531
-46.0632,22.8115,88.0,POND718,Langseth_etal._1992,R24-054102,-45.1,-98.72599885556345,98.72599885556345
-46.1097,22.8116,154.75,J2-767P02,Villinger_etal._2019,R24-086057,-45.1,-103.49207627536595,103.49207627536595
-46.0667,22.8117,39.3,H0901P05,Schmidt-Schierhorn_etal._2012,R24-077831,-45.1,-99.08459611088529,99.08459611088529
-46.0588,22.8117,47.0,POND719,Langseth_etal._1992,R24-054103,-45.1,-98.27486371275151,98.27486371275151
-46.0803,22.8122,29.0,POND726,Langseth_etal._1992,R24-054109,-45.1,-100.47819700442662,100.47819700442662
-46.0752,22.8123,35.0,POND724,Langseth_etal._1992,R24-054108,-45.1,-99.95538690828259,99.95538690828259
-46.0723,22.8137,117.0,POND723,Langseth_etal._1992,R24-054107,-45.1,-99.65712040893865,99.65712040893865
-46.067,22.8145,44.0,POND722,Langseth_etal._1992,R24-054106,-45.1,-99.11330806053836,99.11330806053836
-46.0623,22.8148,172.0,POND721,Langseth_etal._1992,R24-054105,-45.1,-98.63136119109996,98.63136119109996
-46.0595,22.8148,56.0,POND720,Langseth_etal._1992,R24-054104,-45.1,-98.34437396119749,98.34437396119749
-46.065,22.815,52.4,H0901P06,Schmidt-Schierhorn_etal._2012,R24-077832,-45.1,-98.90795363993742,98.90795363993742
-46.0897,22.8152,38.0,POND918,Langseth_etal._1992,R24-054151,-45.1,-101.4394383161208,101.4394383161208
-46.135,22.8155,92.44,J2-767P15,Villinger_etal._2019,R24-086066,-45.1,-106.08223441531558,106.08223441531558
-46.1101,22.816,147.18,J2-767P03,Villinger_etal._2019,R24-086058,-45.1,-103.52973101893049,103.52973101893049
-46.0617,22.8167,89.5,H0901P07,Schmidt-Schierhorn_etal._2012,R24-077833,-45.1,-98.56848884455754,98.56848884455754
-46.1369,22.8168,65.4,J2-767P16,Villinger_etal._2019,R24-086067,-45.1,-106.27596031658821,106.27596031658821
-46.1103,22.8183,353.95,J2-767P04,Villinger_etal._2019,R24-086059,-45.1,-103.54848113035052,103.54848113035052
-46.1347,22.8186,108.27,J2-767P12,Villinger_etal._2019,R24-086065,-45.1,-106.04907195272736,106.04907195272736
-46.0963,22.8189,66.55,J2-772P21,Villinger_etal._2019,R24-086092,-45.1,-102.11313194416508,102.11313194416508
-46.1103,22.8194,12.59,J2-767P05,Villinger_etal._2019,R24-086060,-45.1,-103.5476446907557,103.5476446907557
-46.1634,22.8195,48.64,J2-772P07,Villinger_etal._2019,R24-086078,-45.1,-108.9898886481642,108.9898886481642
-46.168,22.8197,60.13,J2-772P08,Villinger_etal._2019,R24-086079,-45.1,-109.46119062715078,109.46119062715078
-46.1616,22.82,82.63,J2-772P06,Villinger_etal._2019,R24-086077,-45.1,-108.80500370432449,108.80500370432449
-46.1611,22.82,186.2,J2-772P05,Villinger_etal._2019,R24-086076,-45.1,-108.75375794146426,108.75375794146426
-46.0583,22.82,250.1,H0901P08,Schmidt-Schierhorn_etal._2012,R24-077834,-45.1,-98.21762909745144,98.21762909745144
-46.1601,22.8201,50.84,J2-772P04,Villinger_etal._2019,R24-086075,-45.1,-108.65118662362583,108.65118662362583
-46.1106,22.8202,84.97,J2-773P01,Villinger_etal._2019,R24-086094,-45.1,-103.5777837596325,103.5777837596325
-46.1102,22.8203,73.4,J2-773P11,Villinger_etal._2019,R24-086104,-45.1,-103.53671117270731,103.53671117270731
-46.1098,22.8203,108.55,J2-773P10,Villinger_etal._2019,R24-086103,-45.1,-103.49571465274198,103.49571465274198
-46.1581,22.8204,69.17,J2-772P03,Villinger_etal._2019,R24-086074,-45.1,-108.44596479599531,108.44596479599531
-46.1089,22.8204,293.09,J2-773P09,Villinger_etal._2019,R24-086102,-45.1,-103.40339654350227,103.40339654350227
-46.1106,22.8205,85.45,J2-773P26,Villinger_etal._2019,R24-086119,-45.1,-103.57755555780645,103.57755555780645
-46.1105,22.8205,65.67,J2-773P02,Villinger_etal._2019,R24-086095,-45.1,-103.5673064428694,103.5673064428694
-46.1565,22.8206,119.71,J2-772P02,Villinger_etal._2019,R24-086073,-45.1,-108.28181979129207,108.28181979129207
-46.1108,22.8206,386.94,J2-773P03,Villinger_etal._2019,R24-086096,-45.1,-103.5979777047209,103.5979777047209
-46.1105,22.8206,64.52,J2-773P25,Villinger_etal._2019,R24-086118,-45.1,-103.56723038249002,103.56723038249002
-46.1109,22.8207,359.3,J2-773P16,Villinger_etal._2019,R24-086109,-45.1,-103.60815072132867,103.60815072132867
-46.1106,22.8207,51.56,J2-773P04,Villinger_etal._2019,R24-086097,-45.1,-103.57740342167817,103.57740342167817
-46.1103,22.8207,52.2,J2-773P24,Villinger_etal._2019,R24-086117,-45.1,-103.5466561220284,103.5466561220284
-46.1109,22.8208,228.85,J2-773P17,Villinger_etal._2019,R24-086110,-45.1,-103.60807463021007,103.60807463021007
-46.1101,22.8208,62.66,J2-773P23,Villinger_etal._2019,R24-086116,-45.1,-103.52608189135957,103.52608189135957
-46.1545,22.8209,22.23,J2-772P01,Villinger_etal._2019,R24-086072,-45.1,-108.0765995243238,108.0765995243238
-46.1089,22.8209,299.02,J2-773P08,Villinger_etal._2019,R24-086101,-45.1,-103.40301684219082,103.40301684219082
-46.1437,22.8211,78.57,J2-767P17,Villinger_etal._2019,R24-086068,-45.1,-106.96954124114409,106.96954124114409
-46.1103,22.8211,220.77,J2-773P05,Villinger_etal._2019,R24-086098,-45.1,-103.54635193631104,103.54635193631104
-46.1701,22.8212,82.63,J2-772P09,Villinger_etal._2019,R24-086080,-45.1,-109.67521511325162,109.67521511325162
-46.1103,22.8212,196.94,J2-773P22,Villinger_etal._2019,R24-086115,-45.1,-103.54627588909315,103.54627588909315
-46.11,22.8214,82.11,J2-773P06,Villinger_etal._2019,R24-086099,-45.1,-103.515376652131,103.515376652131
-46.1087,22.8215,114.63,J2-773P07,Villinger_etal._2019,R24-086100,-45.1,-103.3820631108907,103.3820631108907
-46.1437,22.8223,201.37,J2-767P18,Villinger_etal._2019,R24-086069,-45.1,-106.96859848403912,106.96859848403912
-46.1014,22.8228,76.23,J2-772P22,Villinger_etal._2019,R24-086093,-45.1,-102.632903269758,102.632903269758
-46.146,22.823,68.35,J2-767P20,Villinger_etal._2019,R24-086071,-45.1,-107.20377383604391,107.20377383604391
-46.055,22.8233,58.6,H0901P09,Schmidt-Schierhorn_etal._2012,R24-077835,-45.1,-97.87703481891124,97.87703481891124
-46.1429,22.824,40.28,J2-767P19,Villinger_etal._2019,R24-086070,-45.1,-106.88527201936283,106.88527201936283
-46.055,22.8267,130.0,H0901P10,Schmidt-Schierhorn_etal._2012,R24-077836,-45.1,-97.8745903494823,97.8745903494823
-46.0964,22.8269,23.23,J2-772P20,Villinger_etal._2019,R24-086091,-45.1,-102.11738066896636,102.11738066896636
-46.119,22.827,125.71,J2-767P11,Villinger_etal._2019,R24-086064,-45.1,-104.43349503947739,104.43349503947739
-46.1209,22.8278,43.1,J2-767P10,Villinger_etal._2019,R24-086063,-45.1,-104.62760400604171,104.62760400604171
-46.1199,22.8278,112.63,J2-767P09,Villinger_etal._2019,R24-086062,-45.1,-104.52511835220118,104.52511835220118
-46.0925,22.831,26.49,J2-772P19,Villinger_etal._2019,R24-086090,-45.1,-101.71461998286271,101.71461998286271
-46.0949,22.8312,194.15,J2-772P18,Villinger_etal._2019,R24-086089,-45.1,-101.96042993134913,101.96042993134913
-46.0969,22.8315,45.15,J2-772P17,Villinger_etal._2019,R24-086088,-45.1,-102.16517090780975,102.16517090780975
-46.1028,22.8358,237.66,J2-772P16,Villinger_etal._2019,R24-086087,-45.1,-102.76657238992294,102.76657238992294
-46.1014,22.8359,192.83,J2-772P15,Villinger_etal._2019,R24-086086,-45.1,-102.62302548547036,102.62302548547036
-46.0999,22.8363,166.26,J2-772P14,Villinger_etal._2019,R24-086085,-45.1,-102.46900491007665,102.46900491007665
-46.0985,22.8368,160.44,J2-772P13,Villinger_etal._2019,R24-086084,-45.1,-102.32515792103794,102.32515792103794
-46.0986,22.8403,127.71,J2-772P12,Villinger_etal._2019,R24-086083,-45.1,-102.33277308134379,102.33277308134379
-46.0978,22.8404,194.17,J2-772P11,Villinger_etal._2019,R24-086082,-45.1,-102.25071692336424,102.25071692336424
-46.0962,22.8404,25.35,J2-772P10,Villinger_etal._2019,R24-086081,-45.1,-102.08675506018824,102.08675506018824
-50.55,22.85,127.0,V32-11,LDEO_2004,R24-055559,-45.1,-558.4556748964255,558.4556748964255
-50.5483,22.85,127.0,V32-11,Abbott_2008,R24-001772,-45.1,-558.2814777134304,558.2814777134304
-43.5485,22.9172,47.0,POND401,Langseth_etal._1992,R24-054029,-45.1,158.90186438510312,158.90186438510312
-43.5457,22.9208,44.0,POND402,Langseth_etal._1992,R24-054030,-45.1,159.18440648132122,159.18440648132122
-43.5297,22.921,55.0,POND501,Langseth_etal._1992,R24-054046,-45.1,160.82281705143245,160.82281705143245
-43.5308,22.9233,47.0,POND502,Langseth_etal._1992,R24-054047,-45.1,160.70743211103954,160.70743211103954
-43.544,22.9252,98.0,POND403,Langseth_etal._1992,R24-054031,-45.1,159.35333764709216,159.35333764709216
-43.5312,22.926,57.0,POND503,Langseth_etal._1992,R24-054048,-45.1,160.66326464861277,160.66326464861277
-43.5408,22.9285,150.0,POND404,Langseth_etal._1992,R24-054032,-45.1,159.677166609204,159.677166609204
-43.5324,22.9287,107.0,POND504,Langseth_etal._1992,R24-054049,-45.1,160.53717084262755,160.53717084262755
-43.5364,22.9288,109.0,POND406,Langseth_etal._1992,R24-054034,-45.1,160.1274145237995,160.1274145237995
-43.5382,22.9292,89.0,POND405,Langseth_etal._1992,R24-054033,-45.1,159.94260517412513,159.94260517412513
-43.5342,22.9293,102.0,POND407,Langseth_etal._1992,R24-054035,-45.1,160.35212337155787,160.35212337155787
-43.5312,22.9298,332.0,POND408,Langseth_etal._1992,R24-054036,-45.1,160.65875749805605,160.65875749805605
-43.5267,22.9298,121.0,POND410,Langseth_etal._1992,R24-054038,-45.1,161.1195966163256,161.1195966163256
-43.5295,22.93,97.0,POND409,Langseth_etal._1992,R24-054037,-45.1,160.83261478096418,160.83261478096418
-43.5337,22.9313,69.0,POND505,Langseth_etal._1992,R24-054050,-45.1,160.4009592682704,160.4009592682704
-43.5218,22.9323,45.0,POND411,Langseth_etal._1992,R24-054039,-45.1,161.6184158262463,161.6184158262463
-43.5188,22.934,27.0,POND412,Langseth_etal._1992,R24-054040,-45.1,161.9236034993652,161.9236034993652
-43.5162,22.934,27.0,POND413,Langseth_etal._1992,R24-054041,-45.1,162.1898578435965,162.1898578435965
-43.5337,22.9343,140.0,POND506,Langseth_etal._1992,R24-054051,-45.1,160.39740594363403,160.39740594363403
-43.5097,22.9347,22.0,POND415,Langseth_etal._1992,R24-054043,-45.1,162.85465183704775,162.85465183704775
-43.5128,22.935,49.0,POND414,Langseth_etal._1992,R24-054042,-45.1,162.53683627106795,162.53683627106795
-43.5073,22.9352,39.0,POND416,Langseth_etal._1992,R24-054044,-45.1,163.09982155130476,163.09982155130476
-43.5047,22.9355,32.0,POND417,Langseth_etal._1992,R24-054045,-45.1,163.36571158650187,163.36571158650187
-43.533,22.9373,78.0,POND507,Langseth_etal._1992,R24-054052,-45.1,160.4655342941322,160.4655342941322
-43.532,22.9393,66.0,POND508,Langseth_etal._1992,R24-054053,-45.1,160.5655653231601,160.5655653231601
-43.5299,22.9422,76.0,POND509,Langseth_etal._1992,R24-054054,-45.1,160.77716414798306,160.77716414798306
-43.527,22.945,96.0,POND510,Langseth_etal._1992,R24-054055,-45.1,161.0707900543625,161.0707900543625
-43.5303,22.948,65.0,POND511,Langseth_etal._1992,R24-054056,-45.1,160.72931625566585,160.72931625566585
-43.5328,22.9507,58.0,POND512,Langseth_etal._1992,R24-054057,-45.1,160.47012692501588,160.47012692501588
-43.5258,22.9522,47.0,POND206,Langseth_etal._1992,R24-054011,-45.1,161.18509011208815,161.18509011208815
-43.5237,22.9522,56.0,POND207,Langseth_etal._1992,R24-054012,-45.1,161.4001127834356,161.4001127834356
-43.5347,22.9528,28.0,POND202,Langseth_etal._1992,R24-054009,-45.1,160.27309276424268,160.27309276424268
-43.532,22.9528,68.0,POND203,Langseth_etal._1992,R24-054010,-45.1,160.54954925850203,160.54954925850203
-43.5373,22.953,24.0,POND201,Langseth_etal._1992,R24-054008,-45.1,160.0066388596053,160.0066388596053
-43.5148,22.953,52.0,POND210,Langseth_etal._1992,R24-054015,-45.1,162.31043957269245,162.31043957269245
-43.5087,22.953,30.0,POND302,Langseth_etal._1992,R24-054017,-45.1,162.9350255437964,162.9350255437964
-43.4695,22.9532,31.0,POND308,Langseth_etal._1992,R24-054023,-45.1,166.94851153725742,166.94851153725742
-43.5148,22.9533,47.0,POND301,Langseth_etal._1992,R24-054016,-45.1,162.31007965068554,162.31007965068554
-43.5057,22.954,33.0,POND303,Langseth_etal._1992,R24-054018,-45.1,163.24099232755262,163.24099232755262
-43.5187,22.9542,56.0,POND209,Langseth_etal._1992,R24-054014,-45.1,161.9096779430995,161.9096779430995
-43.5027,22.9542,38.0,POND304,Langseth_etal._1992,R24-054019,-45.1,163.5479216963977,163.5479216963977
-43.5002,22.9542,24.0,POND305,Langseth_etal._1992,R24-054020,-45.1,163.80389728285024,163.80389728285024
-43.4645,22.9542,39.0,POND310,Langseth_etal._1992,R24-054025,-45.1,167.4592286573955,167.4592286573955
-43.4993,22.9543,40.0,POND306,Langseth_etal._1992,R24-054021,-45.1,163.89592734137995,163.89592734137995
-43.5213,22.9547,51.0,POND208,Langseth_etal._1992,R24-054013,-45.1,161.64286589089642,161.64286589089642
-43.4967,22.9547,55.0,POND307,Langseth_etal._1992,R24-054022,-45.1,164.16165635198212,164.16165635198212
-43.5347,22.9553,30.0,POND513,Langseth_etal._1992,R24-054058,-45.1,160.2701309570405,160.2701309570405
-43.4668,22.956,32.0,POND309,Langseth_etal._1992,R24-054024,-45.1,167.22150601619458,167.22150601619458
-43.463,22.9565,34.0,POND311,Langseth_etal._1992,R24-054026,-45.1,167.60996417915095,167.60996417915095
-43.5342,22.958,75.0,POND514,Langseth_etal._1992,R24-054059,-45.1,160.3181255416617,160.3181255416617
-43.4628,22.959,33.0,POND312,Langseth_etal._1992,R24-054027,-45.1,167.62734355162704,167.62734355162704
-43.533,22.9602,73.0,POND515,Langseth_etal._1992,R24-054060,-45.1,160.43838060755252,160.43838060755252
-43.4645,22.9625,31.0,POND313,Langseth_etal._1992,R24-054028,-45.1,167.4489526411957,167.4489526411957
-43.5322,22.9638,93.0,POND516,Langseth_etal._1992,R24-054061,-45.1,160.51601594815688,160.51601594815688
-43.5327,22.9672,183.0,POND517,Langseth_etal._1992,R24-054062,-45.1,160.46078935711066,160.46078935711066
-43.5318,22.9702,113.0,POND518,Langseth_etal._1992,R24-054063,-45.1,160.54936880752646,160.54936880752646
-43.534,22.9737,305.0,POND519,Langseth_etal._1992,R24-054064,-45.1,160.3199854978513,160.3199854978513
-43.5342,22.9738,208.0,POND520,Langseth_etal._1992,R24-054065,-45.1,160.29939179758452,160.29939179758452
-43.4625,22.974,50.0,POND114,Langseth_etal._1992,R24-053945,-45.1,167.639459465068,167.639459465068
-43.4977,22.9742,41.0,POND112,Langseth_etal._1992,R24-053932,-45.1,164.03560818605965,164.03560818605965
-43.4672,22.9752,67.0,POND113,Langseth_etal._1992,R24-053943,-45.1,167.15681159629625,167.15681159629625
-43.5002,22.9755,118.0,POND111,Langseth_etal._1992,R24-053921,-45.1,163.77809502442494,163.77809502442494
-43.4597,22.9765,49.0,POND115,Langseth_etal._1992,R24-053946,-45.1,167.92300371289917,167.92300371289917
-43.5332,22.9777,155.0,POND521,Langseth_etal._1992,R24-054066,-45.1,160.3971382092066,160.3971382092066
-43.5017,22.9783,60.0,POND110,Langseth_etal._1992,R24-053911,-45.1,163.6211435174944,163.6211435174944
-43.5337,22.979,81.0,POND522,Langseth_etal._1992,R24-054067,-45.1,160.34440932266608,160.34440932266608
-43.5277,22.9797,70.0,POND523,Langseth_etal._1992,R24-054068,-45.1,160.9578041671235,160.9578041671235
-43.5112,22.9802,43.0,POND107,Langseth_etal._1992,R24-053908,-45.1,162.6463225206325,162.6463225206325
-43.5237,22.9815,78.0,POND102,Langseth_etal._1992,R24-053903,-45.1,161.36513802755937,161.36513802755937
-43.5228,22.9815,57.0,POND103,Langseth_etal._1992,R24-053904,-45.1,161.45727063190182,161.45727063190182
-43.5202,22.9815,94.0,POND104,Langseth_etal._1992,R24-053905,-45.1,161.72343148889013,161.72343148889013
-43.5275,22.9817,68.0,POND101,Langseth_etal._1992,R24-053900,-45.1,160.9758953934333,160.9758953934333
-43.5052,22.9817,50.0,POND109,Langseth_etal._1992,R24-053910,-45.1,163.25873321045952,163.25873321045952
-43.5148,22.9818,61.0,POND106,Langseth_etal._1992,R24-053907,-45.1,162.27586677024823,162.27586677024823
-43.5077,22.9818,47.0,POND108,Langseth_etal._1992,R24-053909,-45.1,163.0026890349902,163.0026890349902
-43.5163,22.9842,79.0,POND105,Langseth_etal._1992,R24-053906,-45.1,162.11943258089693,162.11943258089693
-43.515,22.98567,23.0,DSDP_46_396A,Erickson_Hyndman_1979,R24-033811,-45.1,162.25074464472723,162.25074464472723
-43.515,22.98567,23.0,DSDP_46_396A,Erickson_Hyndman_1979,R24-033810,-45.1,162.25074464472723,162.25074464472723
-43.515,22.98567,23.0,DSDP_46_396B,Erickson_Hyndman_1979,R24-033812,-45.1,162.25074464472723,162.25074464472723
-45.65,23.1,126.0,Zep-16,Nason_Lee_1964,R24-070575,-45.1,-56.253753267079546,56.253753267079546
-45.65,23.1,126.0,Zep-16,Nason_Lee_1962,R24-070561,-45.1,-56.253753267079546,56.253753267079546
-31.8,23.1583,58.0,Kur-436,Ludwig_Rabinowitz_1975,R24-060556,-45.1,1359.7269350560505,1359.7269350560505
-31.8,23.1583,58.0,Kur-436,Popova_1974,R24-073165,-45.1,1359.7269350560505,1359.7269350560505
-31.8,23.1583,59.6,K-436,Hobart_etal._1974,R24-047519,-45.1,1359.7269350560505,1359.7269350560505
-43.65,23.3667,96.0,V20-221,Langseth_etal._1966,R24-053100,-45.1,148.00929291035607,148.00929291035607
-50.2317,23.45,61.9,V32-13,Abbott_2008,R24-001774,-45.2,-513.2894990777015,513.2894990777015
-50.2,23.45,101.0,V32-12,Abbott_2008,R24-001773,-45.2,-510.05574565027945,510.05574565027945
-44.2333,23.5667,67.0,Zep-17,Nason_Lee_1964,R24-070576,-45.4334,122.31516340247059,122.31516340247059
-44.2333,23.5667,67.0,Zep-17,Nason_Lee_1962,R24-070562,-45.4334,122.31516340247059,122.31516340247059
-59.113,23.5783,69.0,C11-3,LDEO_2004,R24-055073,-45.456599999999995,-1391.748394887965,1391.748394887965
-59.1117,23.5783,68.5,C11-3,Abbott_2008,R24-000295,-45.456599999999995,-1391.6159095394578,1391.6159095394578
-42.4667,23.6,21.0,Zep-19,Nason_Lee_1962,R24-070564,-45.5,309.07796309968467,309.07796309968467
-42.4667,23.6,21.0,Zep-19,Nason_Lee_1964,R24-070578,-45.5,309.07796309968467,309.07796309968467
-58.9617,23.6317,63.0,C21-12F,Embley_etal._1983,R24-033416,-45.62679999999999,-1358.4303745714003,1358.4303745714003
-58.9617,23.6317,63.0,DHF12F,Embley_etal._1983,R24-033473,-45.62679999999999,-1358.4303745714003,1358.4303745714003
-58.9917,23.6333,51.0,C21-12K,Embley_etal._1983,R24-033421,-45.63319999999999,-1360.8178857523349,1360.8178857523349
-58.9917,23.6333,51.0,DHF12K,Embley_etal._1983,R24-033477,-45.63319999999999,-1360.8178857523349,1360.8178857523349
-58.9867,23.6333,49.0,C21-12J,Embley_etal._1983,R24-033420,-45.63319999999999,-1360.308540434465,1360.308540434465
-58.9833,23.6333,49.0,C21-12I,Embley_etal._1983,R24-033419,-45.63319999999999,-1359.9621856183137,1359.9621856183137
-58.9833,23.6333,49.0,DHF12I,Embley_etal._1983,R24-033476,-45.63319999999999,-1359.9621856183137,1359.9621856183137
-58.9783,23.6333,61.0,DHF12H,Embley_etal._1983,R24-033475,-45.63319999999999,-1359.4528403004435,1359.4528403004435
-58.9783,23.6333,61.0,C21-12H,Embley_etal._1983,R24-033418,-45.63319999999999,-1359.4528403004435,1359.4528403004435
-58.9683,23.6333,72.0,C21-12G,Embley_etal._1983,R24-033417,-45.63319999999999,-1358.4341496647046,1358.4341496647046
-58.9683,23.6333,72.0,DHF12G,Embley_etal._1983,R24-033474,-45.63319999999999,-1358.4341496647046,1358.4341496647046
-58.9567,23.6333,57.0,DHF12E,Embley_etal._1983,R24-033472,-45.63319999999999,-1357.252468527247,1357.252468527247
-58.9567,23.6333,57.0,C21-12E,Embley_etal._1983,R24-033415,-45.63319999999999,-1357.252468527247,1357.252468527247
-58.9433,23.6367,56.0,DHF12D,Embley_etal._1983,R24-033471,-45.6468,-1354.466829597105,1354.466829597105
-58.9433,23.6367,56.0,C21-12D,Embley_etal._1983,R24-033414,-45.6468,-1354.466829597105,1354.466829597105
-58.9367,23.6383,89.0,C21-12C,Embley_etal._1983,R24-033413,-45.6532,-1353.1260281240702,1353.1260281240702
-58.9367,23.6383,89.0,DHF12C,Embley_etal._1983,R24-033470,-45.6532,-1353.1260281240702,1353.1260281240702
-58.9283,23.64,72.0,DHF12B,Embley_etal._1983,R24-033469,-45.66,-1351.5601247797968,1351.5601247797968
-58.9283,23.64,72.0,C21-12B,Embley_etal._1983,R24-033412,-45.66,-1351.5601247797968,1351.5601247797968
-58.9217,23.6417,66.0,C21-12A,Embley_etal._1983,R24-033411,-45.666799999999995,-1350.177613012513,1350.177613012513
-58.9217,23.6417,66.0,DHF12A,Embley_etal._1983,R24-033468,-45.666799999999995,-1350.177613012513,1350.177613012513
-59.8767,23.7667,52.0,C21-10J,Embley_etal._1983,R24-033398,-46.0334,-1408.763460151734,1408.763460151734
-59.8767,23.7683,52.0,C21-10I,Embley_etal._1983,R24-033397,-46.0366,-1408.420491853578,1408.420491853578
-59.8767,23.7683,52.0,DHF10I,Embley_etal._1983,R24-033455,-46.0366,-1408.420491853578,1408.420491853578
-59.8767,23.77,56.0,C21-10H,Embley_etal._1983,R24-033396,-46.04,-1408.0560956094978,1408.0560956094978
-59.8767,23.77,56.0,DHF10H,Embley_etal._1983,R24-033454,-46.04,-1408.0560956094978,1408.0560956094978
-59.8767,23.7733,54.0,C21-10G,Embley_etal._1983,R24-033395,-46.0466,-1407.348760470632,1407.348760470632
-59.8767,23.7733,54.0,DHF10G,Embley_etal._1983,R24-033453,-46.0466,-1407.348760470632,1407.348760470632
-59.8783,23.775,59.0,DHF10F,Embley_etal._1983,R24-033452,-46.05,-1407.1472007951447,1407.1472007951447
-59.8783,23.775,59.0,C21-10F,Embley_etal._1983,R24-033394,-46.05,-1407.1472007951447,1407.1472007951447
-59.8783,23.7767,70.0,C21-10E,Embley_etal._1983,R24-033393,-46.0534,-1406.7828331816604,1406.7828331816604
-59.8783,23.7767,70.0,DHF10E,Embley_etal._1983,R24-033451,-46.0534,-1406.7828331816604,1406.7828331816604
-59.88,23.78,68.0,C21-10D,Embley_etal._1983,R24-033392,-46.06,-1406.2485364455156,1406.2485364455156
-59.88,23.78,68.0,DHF10D,Embley_etal._1983,R24-033450,-46.06,-1406.2485364455156,1406.2485364455156
-59.8667,23.7817,45.0,C21-2,Abbott_2008,R24-000593,-46.0634,-1404.5308710819188,1404.5308710819188
-59.88,23.7833,62.0,C21-10C,Embley_etal._1983,R24-033391,-46.0666,-1405.5412819268058,1405.5412819268058
-59.88,23.7833,62.0,DHF10C,Embley_etal._1983,R24-033449,-46.0666,-1405.5412819268058,1405.5412819268058
-59.88,23.785,59.0,C21-10B,Embley_etal._1983,R24-033390,-46.07,-1405.1769501748747,1405.1769501748747
-59.88,23.785,59.0,DHF10B,Embley_etal._1983,R24-033448,-46.07,-1405.1769501748747,1405.1769501748747
-59.8817,23.7883,58.0,DHF10A,Embley_etal._1983,R24-033447,-46.0766,-1404.6427120212884,1404.6427120212884
-59.8817,23.7883,58.0,C21-10A,Embley_etal._1983,R24-033389,-46.0766,-1404.6427120212884,1404.6427120212884
-44.9833,23.95,117.0,Zep-18,Nason_Lee_1964,R24-070577,-46.1,113.48030085347554,113.48030085347554
-44.9833,23.95,117.0,Zep-18,Nason_Lee_1962,R24-070563,-46.1,113.48030085347554,113.48030085347554
-55.25,24.0667,26.0,CH39-3,Birch_Halunen_1966,R24-005272,-46.1,-928.9900565765106,928.9900565765106
-55.25,24.0667,26.0,CH39-3,Birch_1964,R24-005251,-46.1,-928.9900565765106,928.9900565765106
-39.1,24.2667,17.0,Zep-20,Nason_Lee_1962,R24-070565,-46.0333,702.8290697868208,702.8290697868208
-39.1,24.2667,17.0,Zep-20,Nason_Lee_1964,R24-070579,-46.0333,702.8290697868208,702.8290697868208
-58.75,24.3167,48.6,C16-96,Abbott_2008,R24-000518,-46.0,-1291.9593596951786,1291.9593596951786
-58.7317,24.33,49.0,C16,Rabinowitz_Ludwig_1980,R24-073731,-46.0,-1289.9696620504728,1289.9696620504728
-58.7317,24.35,55.7,C16-97,Abbott_2008,R24-000519,-46.0,-1289.7659883810572,1289.7659883810572
-58.133,24.35,148.0,V32-18,LDEO_2004,R24-055571,-46.0,-1229.1155727065022,1229.1155727065022
-58.1317,24.35,148.0,V32-18,Abbott_2008,R24-001778,-46.0,-1228.983878134301,1228.983878134301
-58.7217,24.3517,56.0,C16,Rabinowitz_Ludwig_1980,R24-073732,-46.0,-1288.735647304715,1288.735647304715
-58.1417,24.3583,100.0,V32,Rabinowitz_Ludwig_1980,R24-073740,-46.0,-1229.9162616819583,1229.9162616819583
-51.03333333,24.4,110.197,V25-029,Langseth_etal._1972,R24-053347,-46.0,-509.69279696794723,509.69279696794723
-48.01666667,24.48333333,99.96,V25-027,Herman_etal._1977,R24-047367,-46.0,-204.0797147877618,204.0797147877618
-48.01666667,24.48333333,59.6138535,V25-027,Langseth_etal._1972,R24-053345,-46.0,-204.0797147877618,204.0797147877618
-58.76,24.585,73.0,C16,Rabinowitz_Ludwig_1980,R24-073733,-45.83,-1307.4120875493963,1307.4120875493963
-57.7833,24.5967,52.0,V32,Rabinowitz_Ludwig_1980,R24-073739,-45.8066,-1210.9063493619697,1210.9063493619697
-58.7817,24.6,73.3,C16-98,Abbott_2008,R24-000520,-45.8,-1312.4824429739922,1312.4824429739922
-57.783,24.6,72.0,V32-17,LDEO_2004,R24-055570,-45.8,-1211.5113670903925,1211.5113670903925
-57.7817,24.6,71.5,V32-17,Abbott_2008,R24-001777,-45.8,-1211.3799338285032,1211.3799338285032
-57.8667,24.8833,38.0,C8,Rabinowitz_Ludwig_1980,R24-073735,-45.7,-1227.2842370801352,1227.2842370801352
-57.8867,24.8983,37.7,C8-90,Abbott_2008,R24-000884,-45.7,-1229.1523682564882,1229.1523682564882
-48.9,24.91666667,63.9,V25-028,Herman_etal._1977,R24-047368,-45.7,-322.7044363639515,322.7044363639515
-48.9,24.91666667,32.7460232,V25-028,Langseth_etal._1972,R24-053346,-45.7,-322.7044363639515,322.7044363639515
-34.2167,25.0833,29.0,Zep-22,Nason_Lee_1962,R24-070566,-45.7,1156.4655348983258,1156.4655348983258
-34.2167,25.0833,29.0,Zep-22,Nason_Lee_1964,R24-070580,-45.7,1156.4655348983258,1156.4655348983258
-45.03333333,25.21666667,282.825,V25-025,Herman_etal._1977,R24-047365,-45.1,6.706564860306063,6.706564860306063
-45.03333333,25.21666667,282.825,V25-025,Langseth_etal._1972,R24-053343,-45.1,6.706564860306063,6.706564860306063
-45.01666667,25.26666667,136.594,V25-026,Herman_etal._1977,R24-047366,-45.1,8.379757009917567,8.379757009917567
-45.01666667,25.26666667,136.594,V25-026,Langseth_etal._1972,R24-053344,-45.1,8.379757009917567,8.379757009917567
-56.7983,25.2667,72.0,C8-91,Abbott_2008,R24-000885,-45.1,-1176.3466612216985,1176.3466612216985
-56.8,25.267,72.0,C8-91,LDEO_2004,R24-055256,-45.1,-1176.5147006593315,1176.5147006593315
-55.7333,25.3,50.0,CH39-2,Birch_1964,R24-005250,-45.1,-1068.959897549368,1068.959897549368
-55.7333,25.3,50.0,CH39-2,Birch_Halunen_1966,R24-005271,-45.1,-1068.959897549368,1068.959897549368
-57.1817,25.4817,49.5,V32-15,Abbott_2008,R24-001775,-45.1,-1212.7399663602687,1212.7399663602687
-57.1783,25.4817,33.0,V32,Rabinowitz_Ludwig_1980,R24-073737,-45.1,-1212.3986802924453,1212.3986802924453
-57.183,25.483,50.0,V32-15,LDEO_2004,R24-055568,-45.1,-1212.857342602461,1212.857342602461
-58.7817,25.7667,74.8,C16-99,Abbott_2008,R24-000521,-44.833299999999994,-1396.7796100281198,1396.7796100281198
-58.7717,25.7833,75.0,C16,Rabinowitz_Ludwig_1980,R24-073734,-44.8167,-1397.2450361253814,1397.2450361253814
-31.111667,25.93,33.0,V27-100,Herman_etal._1977,R24-047449,-44.730000000000004,1361.8453145918697,1361.8453145918697
-58.2317,25.9817,170.0,V32-16,Abbott_2008,R24-001776,-44.7817,-1344.4212155595378,1344.4212155595378
-58.233,25.983,170.0,V32-16,LDEO_2004,R24-055569,-44.783,-1344.4063495016906,1344.4063495016906
-58.2217,25.9833,45.0,V32,Rabinowitz_Ludwig_1980,R24-073738,-44.7833,-1343.243433729481,1343.243433729481
-48.2667,26.0,55.7,V20-223,Abbott_2008,R24-001387,-44.8,-346.4668651713506,346.4668651713506
-39.488333,26.05,54.0,V22-043,Herman_etal._1977,R24-047322,-44.75,525.6343675266551,525.6343675266551
-45.973,26.0817,67.0,V31-33,LDEO_2004,R24-055542,-44.7183,-125.30914206603019,125.30914206603019
-45.9717,26.0817,67.4,V31-33,Abbott_2008,R24-001739,-44.7183,-125.17930873161886,125.17930873161886
-30.783333,26.103333,48.0,V27-098,Herman_etal._1977,R24-047447,-44.7,1389.6255481318672,1389.6255481318672
-44.8098,26.1438,200.0,ALVIN2592-2,Rona_etal._1996,R24-075977,-44.7,-10.96009883232017,10.96009883232017
-44.8152,26.159,40.0,ALVIN2599-1,Rona_etal._1996,R24-075979,-44.7,-11.497622314376752,11.497622314376752
-44.8148,26.159,10.0,ALVIN2599-2,Rona_etal._1996,R24-075980,-44.7,-11.457700014674147,11.457700014674147
-45.58333333,26.21666667,26.9863654,V25-019,Langseth_etal._1972,R24-053340,-44.7,-88.11811726696229,88.11811726696229
-26.45,26.2333,50.0,Zep-23,Nason_Lee_1962,R24-070567,-44.7,1820.2932307753995,1820.2932307753995
-26.45,26.2333,50.0,Zep-23,Nason_Lee_1964,R24-070581,-44.7,1820.2932307753995,1820.2932307753995
-47.36666667,26.25,69.554,V25-011,Langseth_etal._1972,R24-053332,-44.7,-265.9407056516984,265.9407056516984
-47.36666667,26.25,69.554,V25-011,Herman_etal._1977,R24-047357,-44.7,-265.9407056516984,265.9407056516984
-46.658,26.2733,104.0,V31-36,LDEO_2004,R24-055543,-44.7,-195.2277872419218,195.2277872419218
-46.6567,26.2733,104.0,V31-36,Abbott_2008,R24-001741,-44.7,-195.09816715846182,195.09816715846182
-46.892,26.28,44.0,V31-37,LDEO_2004,R24-055544,-44.7,-218.5467841870528,218.5467841870528
-46.8917,26.28,44.0,V31-37,Abbott_2008,R24-001742,-44.7,-218.51687358702694,218.51687358702694
-46.305,26.3083,222.0,V31-35,Abbott_2008,R24-001740,-44.7,-159.98266132044992,159.98266132044992
-40.93333333,26.35,61.0,V26-8,Langseth_etal._1974,R24-053428,-44.7,375.31735977760087,375.31735977760087
-40.93333333,26.35,61.0,V26-8,Herman_etal._1977,R24-047391,-44.7,375.31735977760087,375.31735977760087
-45.01666667,26.36666667,360.34,V25-023,Langseth_etal._1972,R24-053342,-44.7,-31.54868208105161,31.54868208105161
-45.01666667,26.36666667,360.34,V25-023,Herman_etal._1977,R24-047364,-44.7,-31.54868208105161,31.54868208105161
-38.8333,26.3667,106.0,V19-179,Langseth_etal._1966,R24-053067,-44.7,584.4839932031008,584.4839932031008
-45.45,26.4,85.476,V25-018,Langseth_etal._1972,R24-053339,-44.7,-74.69900188486614,74.69900188486614
-29.973333,26.421667,36.0,V27-096,Herman_etal._1977,R24-047445,-44.634999,1460.0081922095337,1460.0081922095337
-47.21,26.4417,201.0,V25-9,Abbott_2008,R24-001581,-44.5749,-262.35756372995627,262.35756372995627
-58.852,26.4567,54.0,V31-39,LDEO_2004,R24-055545,-44.5299,-1425.7606626299116,1425.7606626299116
-58.8517,26.4567,54.0,V31-39,Abbott_2008,R24-001743,-44.5299,-1425.7307977219173,1425.7307977219173
-47.25,26.46666667,20.95,V25-012,Herman_etal._1977,R24-047358,-44.499999990000006,-273.7379553485949,273.7379553485949
-47.25,26.46666667,20.95,V25-012,Langseth_etal._1972,R24-053333,-44.499999990000006,-273.7379553485949,273.7379553485949
-45.38333333,26.48333333,112.711,V25-017,Langseth_etal._1972,R24-053338,-44.45000001,-92.8915429097428,92.8915429097428
-45.38333333,26.48333333,112.711,V25-017,Herman_etal._1977,R24-047362,-44.45000001,-92.8915429097428,92.8915429097428
-47.81666667,26.56666667,20.112,V25-008,Langseth_etal._1972,R24-053330,-44.4,-339.80263395007427,339.80263395007427
-47.81666667,26.56666667,20.112,V25-008,Herman_etal._1977,R24-047355,-44.4,-339.80263395007427,339.80263395007427
-44.2588,26.5735,42.0,Shinkai6500437,Tucholke_etal._2001,R24-084331,-44.4,14.042127854701773,14.042127854701773
-44.2875,26.5812,293.0,Shinkai6500439,Tucholke_etal._2001,R24-084332,-44.4,11.187203820021391,11.187203820021391
-59.8667,26.5817,52.8,C16-106,Abbott_2008,R24-000453,-44.4,-1538.0299538000154,1538.0299538000154
-46.26666667,26.58333333,89.666,V25-014,Herman_etal._1977,R24-047359,-44.4,-185.62125726214882,185.62125726214882
-46.26666667,26.58333333,89.666,V25-014,Langseth_etal._1972,R24-053335,-44.4,-185.62125726214882,185.62125726214882
-46.25,26.58333333,93.856,V25-016,Langseth_etal._1972,R24-053337,-44.4,-183.96392427951554,183.96392427951554
-46.25,26.58333333,93.856,V25-016,Herman_etal._1977,R24-047361,-44.4,-183.96392427951554,183.96392427951554
-44.3362,26.5872,100.0,Shinkai6500440,Tucholke_etal._2001,R24-084333,-44.4,6.34405512835185,6.34405512835185
-44.3533,26.6132,176.0,Shinkai6500436,Tucholke_etal._2001,R24-084330,-44.4,4.642634139199908,4.642634139199908
-59.8667,26.6317,85.6,C16-105,Abbott_2008,R24-000452,-44.4,-1537.357788499344,1537.357788499344
-40.553,26.6533,19.0,V22-44,LDEO_2004,R24-055441,-44.4,382.31147852608336,382.31147852608336
-46.16666667,26.73333333,116.482,V25-015,Langseth_etal._1972,R24-053336,-44.4,-175.4465151132124,175.4465151132124
-46.16666667,26.73333333,116.482,V25-015,Herman_etal._1977,R24-047360,-44.4,-175.4465151132124,175.4465151132124
-34.88,26.758333,47.0,V27-099,Herman_etal._1977,R24-047448,-44.4,945.2171291469623,945.2171291469623
-46.7,26.78333333,74.9657202,V25-021,Langseth_etal._1972,R24-053341,-44.4,-228.31101722300048,228.31101722300048
-46.7,26.78333333,133.9,V25-021,Herman_etal._1977,R24-047363,-44.4,-228.31101722300048,228.31101722300048
-59.3,26.85,47.0,C16-101,LDEO_2004,R24-055150,-44.349999999999994,-1483.1489999858293,1483.1489999858293
-59.2983,26.85,47.3,C16-101,Abbott_2008,R24-000450,-44.349999999999994,-1482.9803475911822,1482.9803475911822
-47.0,26.91666667,46.928,V25-010,Herman_etal._1977,R24-047356,-44.3,-267.7017275012469,267.7017275012469
-47.0,26.91666667,46.928,V25-010,Langseth_etal._1972,R24-053331,-44.3,-267.7017275012469,267.7017275012469
-41.436667,26.983333,41.0,V22-045,Herman_etal._1977,R24-047323,-44.3,283.72809940254473,283.72809940254473
-21.1,27.1667,44.0,D-4790,Lister_1963b,R24-057163,-44.3,2295.1337134864666,2295.1337134864666
-21.0,27.1667,50.0,D-4794,Lister_1963b,R24-057164,-44.3,2305.026531217012,2305.026531217012
-21.0833,27.2083,39.0,D-4795,Lister_1963b,R24-057165,-44.3,2295.9294049356417,2295.9294049356417
-20.0433333,27.47,59.0,V29-125,Herman_etal._1977,R24-047480,-44.1,2373.3835807720698,2373.3835807720698
-50.25,27.66666667,29.33,V25-007,Langseth_etal._1972,R24-053329,-44.3,-585.9643209211955,585.9643209211955
-59.7817,27.7167,52.3,C16-104,Abbott_2008,R24-000451,-44.3,-1523.9608709421125,1523.9608709421125
-59.783,27.717,52.0,C16-104,LDEO_2004,R24-055151,-44.3,-1524.0846454588573,1524.0846454588573
-36.721667,27.756667,32.0,V27-097,Herman_etal._1977,R24-047446,-44.3,745.7092949321986,745.7092949321986
-56.4617,27.84,70.7,C8-92,Abbott_2008,R24-000886,-44.3,-1195.79614318484,1195.79614318484
-43.57,27.91,89.0,V22-46,LDEO_2004,R24-055442,-44.3,71.7307026733607,71.7307026733607
-59.2,27.9167,81.2,C16-100,Abbott_2008,R24-000449,-44.3,-1464.001726895085,1464.001726895085
-59.2,27.917,81.0,C16-100,LDEO_2004,R24-055149,-44.3,-1463.997665343215,1463.997665343215
-40.83333333,28.08333333,35.16912,24,Popova_1974,R24-073116,-44.3,340.0915365170367,340.0915365170367
-40.6,28.1167,42.0,K-439,Hobart_etal._1974,R24-047520,-44.2833,361.2316444371943,361.2316444371943
-44.8306,28.136,19.0,2587-1,Becker_VonHerzen_1996,R24-004852,-44.264,-55.558059235918385,55.558059235918385
-44.8297,28.136,43.0,2596-3,Becker_VonHerzen_1996,R24-004874,-44.264,-55.46980958305567,55.46980958305567
-44.8295,28.136,379.0,2594-2,Becker_VonHerzen_1996,R24-004870,-44.264,-55.4501985490861,55.4501985490861
-44.8306,28.1362,27.0,2587-2,Becker_VonHerzen_1996,R24-004853,-44.2638,-55.577566525071276,55.577566525071276
-44.8307,28.1364,10.0,2587-3,Becker_VonHerzen_1996,R24-004854,-44.263600000000004,-55.606879220710134,55.606879220710134
-44.8302,28.1365,62.0,2594-4,Becker_VonHerzen_1996,R24-004871,-44.2635,-55.56760543535131,55.56760543535131
-44.8309,28.1366,13.0,2583-2,Becker_VonHerzen_1996,R24-004846,-44.2634,-55.645997267922716,55.645997267922716
-44.8308,28.1367,15.0,2582-1,Becker_VonHerzen_1996,R24-004842,-44.2633,-55.64594533051949,55.64594533051949
-44.8307,28.1367,161.0,2587-4,Becker_VonHerzen_1996,R24-004855,-44.2633,-55.636139877597486,55.636139877597486
-44.8296,28.1367,101.0,2593-2,Becker_VonHerzen_1996,R24-004865,-44.2633,-55.52827989545894,55.52827989545894
-44.8308,28.1368,4.0,2588-2,Becker_VonHerzen_1996,R24-004858,-44.2632,-55.655698836716745,55.655698836716745
-44.8308,28.1369,4.0,2583-3,Becker_VonHerzen_1996,R24-004847,-44.2631,-55.665452324439755,55.665452324439755
-44.8303,28.137,100.0,2583-6,Becker_VonHerzen_1996,R24-004850,-44.263,-55.62617866636157,55.62617866636157
-44.8289,28.137,382.0,2582-5,Becker_VonHerzen_1996,R24-004845,-44.263,-55.48890270984276,55.48890270984276
-44.8303,28.1371,228.0,2583-5,Becker_VonHerzen_1996,R24-004849,-44.2629,-55.63593216289762,55.63593216289762
-44.8311,28.1372,23.0,2600-4,Becker_VonHerzen_1996,R24-004884,-44.2628,-55.72412889825173,55.72412889825173
-57.9833,28.5,33.0,CH39-5,Birch_Halunen_1966,R24-005273,-43.9,-1376.2210455288373,1376.2210455288373
-57.9833,28.5,33.0,CH39-5,Birch_1964,R24-005252,-43.9,-1376.2210455288373,1376.2210455288373
-51.767,28.5,230.0,V20-224,LDEO_2004,R24-055361,-43.9,-768.7637815835328,768.7637815835328
-51.7667,28.5,230.0,V20-224,Abbott_2008,R24-001388,-43.9,-768.7344655628799,768.7344655628799
-59.71666667,28.63333333,47.347,V25-004,Langseth_etal._1972,R24-053326,-43.800000010000005,-1553.4083084911952,1553.4083084911952
-53.68333333,28.68333333,58.241,V25-006,Langseth_etal._1972,R24-053328,-43.65000001,-978.7496238800638,978.7496238800638
-57.55,28.71666667,51.537,V25-005,Langseth_etal._1972,R24-053327,-43.533333320000004,-1366.8875413707362,1366.8875413707362
-44.9167,28.7833,47.0,5,Lister_Reitzel_1964,R24-057293,-43.2668,-160.79353014580727,160.79353014580727
-25.3917,28.8333,44.0,D4813,Lister_1963a,R24-057143,-43.1667,1731.4586803952977,1731.4586803952977
-25.3917,28.8333,44.0,D-4813,Lister_1963b,R24-057168,-43.1667,1731.4586803952977,1731.4586803952977
-42.8167,28.85,34.0,12,Lister_Reitzel_1964,R24-057295,-43.15,32.46146578496056,32.46146578496056
-42.8167,28.85,34.0,CH-21-12,Lister_1963b,R24-057150,-43.15,32.46146578496056,32.46146578496056
-25.4417,28.85,46.0,D-4809,Lister_1963b,R24-057167,-43.15,1724.684592138658,1724.684592138658
-25.4417,28.85,46.0,D4809,Lister_1963a,R24-057142,-43.15,1724.684592138658,1724.684592138658
-42.1833,28.8583,85.0,K-440,Hobart_etal._1974,R24-047521,-43.1417,93.33509064369309,93.33509064369309
-42.1833,28.8583,85.4,PK-440,Hobart_etal._1974,R24-047527,-43.1417,93.33509064369309,93.33509064369309
-42.18333333,28.85833333,70.33824,25,Popova_1974,R24-073117,-43.14166667,93.32856895001548,93.32856895001548
-46.7333,28.9333,28.0,4,Lister_Reitzel_1964,R24-057292,-43.1,-353.5783283939062,353.5783283939062
-46.7333,28.9333,28.0,CH-21-4,Lister_1963b,R24-057155,-43.1,-353.5783283939062,353.5783283939062
-25.4333,28.9917,50.0,D4777,Lister_1963a,R24-057138,-43.1,1718.2834988511015,1718.2834988511015
-25.4333,28.9917,50.0,D-4777,Lister_1963b,R24-057159,-43.1,1718.2834988511015,1718.2834988511015
-59.1833,29.0,40.0,CH39-1,Birch_Halunen_1966,R24-005270,-43.1,-1564.1546164491779,1564.1546164491779
-59.1833,29.0,40.0,CH39-1,Birch_1964,R24-005249,-43.1,-1564.1546164491779,1564.1546164491779
-41.4,29.0167,134.0,V19-180,Langseth_etal._1966,R24-053068,-43.1835,173.4232979850384,173.4232979850384
-41.1667,29.0333,17.0,13,Lister_Reitzel_1964,R24-057296,-43.2665,204.14673593570055,204.14673593570055
-25.4417,29.0333,58.0,D4775,Lister_1963a,R24-057137,-43.2665,1732.962538673527,1732.962538673527
-25.4417,29.0333,58.0,D-4775,Lister_1963b,R24-057158,-43.2665,1732.962538673527,1732.962538673527
-25.55,29.05,47.0,D4778,Lister_1963a,R24-057139,-43.35,1730.2713808530264,1730.2713808530264
-25.55,29.05,47.0,D-4778,Lister_1963b,R24-057160,-43.35,1730.2713808530264,1730.2713808530264
-25.45,29.0583,51.0,D4784,Lister_1963a,R24-057140,-43.39149999999999,1743.8857169380758,1743.8857169380758
-25.45,29.0583,51.0,D-4784,Lister_1963b,R24-057161,-43.39149999999999,1743.8857169380758,1743.8857169380758
-43.2,29.0667,33.0,CH-21-10,Lister_1963b,R24-057149,-43.4335,22.693985441470986,22.693985441470986
-43.2,29.0667,33.0,10,Lister_Reitzel_1964,R24-057294,-43.4335,22.693985441470986,22.693985441470986
-25.2417,29.0833,54.0,D4788,Lister_1963a,R24-057141,-43.5165,1775.8511378373498,1775.8511378373498
-25.2417,29.0833,54.0,D-4788,Lister_1963b,R24-057162,-43.5165,1775.8511378373498,1775.8511378373498
-24.3167,29.1333,56.0,D-4822,Lister_1963b,R24-057171,-43.40020000000001,1853.5356242770836,1853.5356242770836
-24.3167,29.1333,56.0,D4822,Lister_1963a,R24-057146,-43.40020000000001,1853.5356242770836,1853.5356242770836
-25.2917,29.5667,43.0,D-4817,Lister_1963b,R24-057169,-42.7999,1693.3124579358673,1693.3124579358673
-25.2917,29.5667,43.0,D4817,Lister_1963a,R24-057144,-42.7999,1693.3124579358673,1693.3124579358673
-25.3833,29.5833,52.0,D-4821,Lister_1963b,R24-057170,-42.7501,1679.3607591588682,1679.3607591588682
-25.3833,29.5833,52.0,D4821,Lister_1963a,R24-057145,-42.7501,1679.3607591588682,1679.3607591588682
-23.8667,29.5833,47.0,D-4805,Lister_1963b,R24-057166,-42.7501,1826.0152106030223,1826.0152106030223
-44.0966667,29.585,84.0,V22-051,Herman_etal._1977,R24-047324,-42.745000000000005,-130.70328328050817,130.70328328050817
-54.6,29.85,44.0,1,Lister_Reitzel_1964,R24-057289,-42.599999999999994,-1157.3150221843816,1157.3150221843816
-44.7,29.85,32.7,V22-52,Abbott_2008,R24-001564,-42.599999999999994,-202.5301288822675,202.5301288822675
-42.92166667,29.86333333,131.8842,27,Popova_1974,R24-073119,-42.57333334,-33.58979572388776,33.58979572388776
-42.9983,29.8967,12.0,K-441-5,Hobart_etal._1974,R24-047524,-42.5066,-47.398786625912436,47.398786625912436
-42.9983,29.8967,11.5,PK-441-5,Hobart_etal._1974,R24-047529,-42.5066,-47.398786625912436,47.398786625912436
-45.11666667,29.9,13.0,V26-4,Herman_etal._1977,R24-047388,-42.5,-252.23249511580556,252.23249511580556
-45.11666667,29.9,13.0,V26-4,Langseth_etal._1974,R24-053396,-42.5,-252.23249511580556,252.23249511580556
-42.9983,29.9633,142.0,K-441-4,Hobart_etal._1974,R24-047523,-42.5,-48.00287701558887,48.00287701558887
-42.455,30.0633,360.0,K-441-1,Hobart_etal._1974,R24-047522,-42.3734,-7.852874920854458,7.852874920854458
-42.455,30.0633,360.0,PK-441-1,Hobart_etal._1974,R24-047528,-42.3734,-7.852874920854458,7.852874920854458
-42.45833333,30.075,318.1968,26,Popova_1974,R24-073118,-42.35,-10.424356840600872,10.424356840600872
-42.6083,30.1,300.0,K-441-7,Hobart_etal._1974,R24-047525,-42.3,-29.658617914419807,29.658617914419807
-42.60833333,30.13333333,290.14524,28,Popova_1974,R24-073120,-42.3,-29.65181598726161,29.65181598726161
-45.1,30.21666667,48.0,V26-7,Herman_etal._1977,R24-047390,-42.26666666,-272.24582686254104,272.24582686254104
-45.1,30.21666667,48.0,V26-7,Langseth_etal._1974,R24-053420,-42.26666666,-272.24582686254104,272.24582686254104
-44.9,30.35,60.0,V26-6,Langseth_etal._1974,R24-053411,-42.1,-268.67756828093707,268.67756828093707
-44.9,30.35,60.0,V26-6,Herman_etal._1977,R24-047389,-42.1,-268.67756828093707,268.67756828093707
-55.0333,30.45,20.0,V20-225,Langseth_etal._1966,R24-053101,-41.95,-1254.1398541491214,1254.1398541491214
-47.8667,30.6667,253.0,V22-54,Abbott_2008,R24-001565,-41.633300000000006,-596.1888773327199,596.1888773327199
-47.867,30.667,253.0,V22-54,LDEO_2004,R24-055443,-41.633,-596.2444126575208,596.2444126575208
-59.378,30.8683,48.0,C8-93,LDEO_2004,R24-055257,-41.39509999999999,-1716.3618146786844,1716.3618146786844
-59.3767,30.8683,48.1,C8-93,Abbott_2008,R24-000887,-41.39509999999999,-1716.2377373408196,1716.2377373408196
-25.49,31.2,76.0,CD9B/34-1,Noel_Hounslow_1988,R24-071213,-41.0,1475.1906703715724,1475.1906703715724
-25.49,31.21,74.0,CD9B/34-2,Noel_Hounslow_1988,R24-071214,-41.0,1475.0347189273082,1475.0347189273082
-25.4013,31.2848,60.0,CD9B/12-6,Noel_Hounslow_1988,R24-071187,-41.0,1482.2956609231223,1482.2956609231223
-25.472,31.2862,53.0,CD9B/12-11,Noel_Hounslow_1988,R24-071181,-41.0,1475.5553518870772,1475.5553518870772
-25.4233,31.2878,60.0,CD9B/12-8,Noel_Hounslow_1988,R24-071189,-41.0,1480.1579730984452,1480.1579730984452
-25.46,31.29,58.0,CD9B/12-10,Noel_Hounslow_1988,R24-071180,-41.0,1476.6361391332052,1476.6361391332052
-25.44,31.29,57.0,CD9B/12-9,Noel_Hounslow_1988,R24-071190,-41.0,1478.5365717447023,1478.5365717447023
-25.42,31.29,59.0,CD9B/12-7,Noel_Hounslow_1988,R24-071188,-41.0,1480.4370043561994,1480.4370043561994
-25.38,31.29,58.0,CD9B/12-5,Noel_Hounslow_1988,R24-071186,-41.0,1484.2378695791938,1484.2378695791938
-25.32,31.29,70.0,CD9B/12-12,Noel_Hounslow_1988,R24-071182,-41.0,1489.9391674136848,1489.9391674136848
-25.3608,31.3005,57.0,CD9B/12-4,Noel_Hounslow_1988,R24-071185,-40.9995,1485.8492371471566,1485.8492371471566
-25.35,31.31,55.0,CD9B/12-3,Noel_Hounslow_1988,R24-071184,-40.99,1485.8229245515465,1485.8229245515465
-25.3203,31.3183,57.0,CD9B/12-2,Noel_Hounslow_1988,R24-071183,-40.9817,1487.7248418835409,1487.7248418835409
-25.314,31.3187,61.0,CD9B/12-1,Noel_Hounslow_1988,R24-071179,-40.9813,1488.278979219987,1488.278979219987
-24.83,31.36,62.0,CD9B/30-1,Noel_Hounslow_1988,R24-071192,-40.94,1529.6606599313225,1529.6606599313225
-24.8333,31.365,55.0,CD9B/30-2,Noel_Hounslow_1988,R24-071203,-40.935,1528.7912490897904,1528.7912490897904
-24.84,31.3703,54.0,CD9B/30-3,Noel_Hounslow_1988,R24-071206,-40.9297,1527.565752626179,1527.565752626179
-24.85,31.38,63.0,CD9B/30-4,Noel_Hounslow_1988,R24-071207,-40.92,1525.5379204006038,1525.5379204006038
-24.8525,31.3897,69.0,CD9B/30-5,Noel_Hounslow_1988,R24-071208,-40.9103,1524.2223381200877,1524.2223381200877
-24.86,31.4,58.0,CD9B/30-6,Noel_Hounslow_1988,R24-071209,-40.9,1522.3657176846016,1522.3657176846016
-24.796,31.4031,53.0,Disc144-T10972-12,Noel_1985,R24-071162,-40.8969,1528.095301344839,1528.095301344839
-24.8148,31.4088,56.0,Disc144-T10972-11,Noel_1985,R24-071161,-40.8912,1525.677397470892,1525.677397470892
-24.86,31.41,56.0,CD9B/30-7,Noel_Hounslow_1988,R24-071210,-40.89,1521.2545040487812,1521.2545040487812
-24.822,31.4114,64.0,Disc144-T10972-10,Noel_1985,R24-071160,-40.8886,1524.7051105620503,1524.7051105620503
-24.8328,31.4186,59.0,Disc144-T10972-9,Noel_1985,R24-071168,-40.8814,1522.8800411549091,1522.8800411549091
-24.88,31.42,51.0,CD9B/30-9,Noel_Hounslow_1988,R24-071212,-40.879999999999995,1518.2456393082257,1518.2456393082257
-24.87,31.42,52.0,CD9B/30-8,Noel_Hounslow_1988,R24-071211,-40.879999999999995,1519.194542832793,1519.194542832793
-24.8815,31.4287,48.0,CD9B/30-10,Noel_Hounslow_1988,R24-071193,-40.8713,1517.1369997764405,1517.1369997764405
-24.8386,31.4299,57.0,Disc144-T10972-7,Noel_1985,R24-071167,-40.870099999999994,1521.0740921169624,1521.0740921169624
-24.89,31.43,54.0,CD9B/30-11,Noel_Hounslow_1988,R24-071194,-40.87,1516.1861376850695,1516.1861376850695
-24.8917,31.4333,61.0,CD9B/30-12,Noel_Hounslow_1988,R24-071195,-40.866699999999994,1515.658383869261,1515.658383869261
-24.7984,31.4345,55.0,Disc144-T10983-11,Noel_1985,R24-071171,-40.8655,1524.3770317518247,1524.3770317518247
-24.902,31.437,67.0,CD9B/30-14,Noel_Hounslow_1988,R24-071197,-40.863,1514.2703341679414,1514.2703341679414
-24.8029,31.4374,57.0,Disc144-T10983-10,Noel_1985,R24-071170,-40.8626,1523.6278116866522,1523.6278116866522
-24.8058,31.4397,57.0,Disc144-T10983-9,Noel_1985,R24-071178,-40.860299999999995,1523.0970958221,1523.0970958221
-24.91,31.44,68.0,CD9B/30-15,Noel_Hounslow_1988,R24-071198,-40.86,1513.178293551926,1513.178293551926
-24.9,31.44,70.0,CD9B/30-13,Noel_Hounslow_1988,R24-071196,-40.86,1514.12699467641,1514.12699467641
-24.9125,31.4422,57.0,CD9B/30-16,Noel_Hounslow_1988,R24-071199,-40.8578,1512.6968921392602,1512.6968921392602
-24.8074,31.4437,66.0,Disc144-T10983-8,Noel_1985,R24-071177,-40.8563,1522.5008338106406,1522.5008338106406
-24.9217,31.4453,54.0,CD9B/30-17,Noel_Hounslow_1988,R24-071200,-40.854699999999994,1511.4800124937435,1511.4800124937435
-24.8085,31.4486,67.0,Disc144-T10983-7,Noel_1985,R24-071176,-40.8514,1521.8520453544415,1521.8520453544415
-24.9347,31.45,59.0,CD9B/30-18,Noel_Hounslow_1988,R24-071201,-40.849999999999994,1509.7251687542769,1509.7251687542769
-24.809,31.4509,69.0,Disc144-T10983-6,Noel_1985,R24-071175,-40.84909999999999,1521.5490774095986,1521.5490774095986
-24.8103,31.4544,65.0,Disc144-T10983-5,Noel_1985,R24-071174,-40.8456,1521.0369200487532,1521.0369200487532
-24.9435,31.4547,61.0,CD9B/30-19,Noel_Hounslow_1988,R24-071202,-40.845299999999995,1508.3688752890862,1508.3688752890862
-24.9533,31.4568,63.0,CD9B/30-20,Noel_Hounslow_1988,R24-071204,-40.843199999999996,1507.2063040076102,1507.2063040076102
-24.8754,31.4593,94.0,Disc144-T10972-5,Noel_1985,R24-071166,-40.8407,1514.3178033125052,1514.3178033125052
-24.9617,31.4608,69.0,CD9B/30-21,Noel_Hounslow_1988,R24-071205,-40.8392,1505.965800540573,1505.965800540573
-24.8132,31.4618,63.0,Disc144-T10983-3,Noel_1985,R24-071173,-40.8382,1519.9398036995308,1519.9398036995308
-24.9066,31.4647,53.0,Disc144-T10972-4,Noel_1985,R24-071165,-40.8353,1510.7591457196722,1510.7591457196722
-24.8151,31.465,60.0,Disc144-T10983-2,Noel_1985,R24-071172,-40.834999999999994,1519.4041503638555,1519.4041503638555
-24.8175,31.4679,58.0,Disc144-T10983-1,Noel_1985,R24-071169,-40.8321,1518.8544243595888,1518.8544243595888
-24.9104,31.469,57.0,Disc144-T10972-3,Noel_1985,R24-071164,-40.830999999999996,1509.9215473999118,1509.9215473999118
-24.8117,31.4702,61.0,CD9B/27-1,Noel_Hounslow_1988,R24-071191,-40.8298,1519.1490455466728,1519.1490455466728
-24.9135,31.484,65.0,Disc144-T10972-2,Noel_1985,R24-071163,-40.815999999999995,1507.9632093817374,1507.9632093817374
-24.9178,31.4941,66.0,Disc144-T10972-1,Noel_1985,R24-071159,-40.805899999999994,1506.4350522531206,1506.4350522531206
-58.35,31.8333,45.0,V20-226,Langseth_etal._1966,R24-053102,-40.5,-1686.2849843941462,1686.2849843941462
-55.9667,32.5,53.7,SOHM-A,Bram_1980,R24-022980,-39.8,-1516.1278670745428,1516.1278670745428
-52.06666667,32.6,26.0,V26-3,Langseth_etal._1974,R24-053387,-39.7,-1158.4659796393487,1158.4659796393487
-59.16666667,32.61666667,29.0,V26-1,Langseth_etal._1974,R24-053368,-39.7,-1823.229771887014,1823.229771887014
-52.2983,32.6483,63.6,V22-56,Abbott_2008,R24-001566,-39.7,-1179.5279117024284,1179.5279117024284
-52.58333333,32.7,33.0,V26-2,Langseth_etal._1974,R24-053383,-39.7,-1205.5165788709212,1205.5165788709212
-29.1317,32.9667,120.0,V30-64,Abbott_2008,R24-001703,-39.4,957.9415757062966,957.9415757062966
-29.133,32.967,120.0,V30-64,LDEO_2004,R24-055520,-39.4,957.8170444660274,957.8170444660274
-48.2667,33.3,52.0,V19-182,Langseth_etal._1966,R24-053069,-38.9,-870.5186136801148,870.5186136801148
-54.1667,33.4817,54.0,V22-57,Abbott_2008,R24-001567,-38.9,-1415.8876705581972,1415.8876705581972
-54.167,33.483,54.0,V22-57,LDEO_2004,R24-055444,-38.9,-1415.8942442021637,1415.8942442021637
-57.615,33.685,48.0,ODP1063B,Pribnow_etal._2000a,R24-073237,-38.445,-1773.7097593729166,1773.7097593729166
-29.395,33.686667,153.0,V29-127,Herman_etal._1977,R24-047482,-38.43999900000001,836.8749020271542,836.8749020271542
-25.567,33.85,76.0,V30-63,LDEO_2004,R24-055519,-38.19999999999999,1166.6234688734162,1166.6234688734162
-25.5667,33.85,76.2,V30-63,Abbott_2008,R24-001702,-38.19999999999999,1166.6511730640802,1166.6511730640802
-34.9709,34.5974,77.4,KT20,LeGal_etal._2018,R24-056051,-36.8,167.42029165401763,167.42029165401763
-34.9709,34.5974,77.4,KT20,LeGal_etal._2018,R24-056052,-36.8,167.42029165401763,167.42029165401763
-35.1557,34.6325,85.2,OCNG9-21,LeGal_etal._2018,R24-056425,-36.8,150.4416405743826,150.4416405743826
-35.1557,34.6325,85.2,OCNG9-21,LeGal_etal._2018,R24-056426,-36.8,150.4416405743826,150.4416405743826
-35.1687,34.6348,59.4,OCNG9-20,LeGal_etal._2018,R24-056424,-36.8,149.24809563443657,149.24809563443657
-35.1687,34.6348,59.4,OCNG9-20,LeGal_etal._2018,R24-056423,-36.8,149.24809563443657,149.24809563443657
-35.1813,34.6371,60.9,OCNG9-19,LeGal_etal._2018,R24-056421,-36.8,148.09121151077048,148.09121151077048
-35.1813,34.6371,60.9,OCNG9-19,LeGal_etal._2018,R24-056422,-36.8,148.09121151077048,148.09121151077048
-34.8022,34.6424,20.6,OCNG7-1,LeGal_etal._2018,R24-056326,-36.8,182.76253498284564,182.76253498284564
-34.8022,34.6424,20.6,OCNG7-1,LeGal_etal._2018,R24-056325,-36.8,182.76253498284564,182.76253498284564
-34.8199,34.6455,18.9,OCNG7-2,LeGal_etal._2018,R24-056328,-36.8,181.13653330444706,181.13653330444706
-34.8199,34.6455,18.9,OCNG7-2,LeGal_etal._2018,R24-056327,-36.8,181.13653330444706,181.13653330444706
-35.236,34.6476,130.6,OCNG9-18,LeGal_etal._2018,R24-056420,-36.8,143.06871506262942,143.06871506262942
-35.236,34.6476,130.6,OCNG9-18,LeGal_etal._2018,R24-056419,-36.8,143.06871506262942,143.06871506262942
-34.8367,34.6491,27.1,OCNG7-3,LeGal_etal._2018,R24-056330,-36.8,179.59189658312795,179.59189658312795
-34.8367,34.6491,27.1,OCNG7-3,LeGal_etal._2018,R24-056329,-36.8,179.59189658312795,179.59189658312795
-35.253,34.6511,117.8,OCNG9-17,LeGal_etal._2018,R24-056417,-36.8,141.50764597116225,141.50764597116225
-35.253,34.6511,117.8,OCNG9-17,LeGal_etal._2018,R24-056418,-36.8,141.50764597116225,141.50764597116225
-34.8523,34.6525,52.2,OCNG7-4,LeGal_etal._2018,R24-056332,-36.8,178.15758711292946,178.15758711292946
-34.8523,34.6525,52.2,OCNG7-4,LeGal_etal._2018,R24-056331,-36.8,178.15758711292946,178.15758711292946
-35.2699,34.6543,28.5,OCNG9-16,LeGal_etal._2018,R24-056415,-36.8,139.95636106496835,139.95636106496835
-35.2699,34.6543,28.5,OCNG9-16,LeGal_etal._2018,R24-056416,-36.8,139.95636106496835,139.95636106496835
-34.8825,34.6579,34.8,OCNG7-5,LeGal_etal._2018,R24-056334,-36.8,175.3837434998774,175.3837434998774
-34.8825,34.6579,34.8,OCNG7-5,LeGal_etal._2018,R24-056333,-36.8,175.3837434998774,175.3837434998774
-34.8996,34.6613,22.1,OCNG8-32,LeGal_etal._2018,R24-056385,-36.8,173.81256419971143,173.81256419971143
-34.8996,34.6613,22.1,OCNG8-32,LeGal_etal._2018,R24-056386,-36.8,173.81256419971143,173.81256419971143
-34.9161,34.6645,34.9,OCNG8-31,LeGal_etal._2018,R24-056384,-36.8,172.29680290247398,172.29680290247398
-34.9161,34.6645,34.9,OCNG8-31,LeGal_etal._2018,R24-056383,-36.8,172.29680290247398,172.29680290247398
-34.933,34.6676,95.5,OCNG8-30,LeGal_etal._2018,R24-056381,-36.8,170.74478214054508,170.74478214054508
-34.933,34.6676,95.5,OCNG8-30,LeGal_etal._2018,R24-056382,-36.8,170.74478214054508,170.74478214054508
-34.9496,34.6708,37.8,OCNG8-29,LeGal_etal._2018,R24-056378,-36.8,169.22010746250237,169.22010746250237
-34.9496,34.6708,37.8,OCNG8-29,LeGal_etal._2018,R24-056377,-36.8,169.22010746250237,169.22010746250237
-34.9654,34.6739,92.0,OCNG8-28,LeGal_etal._2018,R24-056376,-36.8,167.76890971885743,167.76890971885743
-34.9654,34.6739,92.0,OCNG8-28,LeGal_etal._2018,R24-056375,-36.8,167.76890971885743,167.76890971885743
-35.4288,34.6843,57.8,OCNG9-15,LeGal_etal._2018,R24-056413,-36.8,125.37656156710248,125.37656156710248
-35.4288,34.6843,57.8,OCNG9-15,LeGal_etal._2018,R24-056414,-36.8,125.37656156710248,125.37656156710248
-35.4459,34.688,48.0,OCNG9-14,LeGal_etal._2018,R24-056411,-36.8,123.80747861251909,123.80747861251909
-35.4459,34.688,48.0,OCNG9-14,LeGal_etal._2018,R24-056412,-36.8,123.80747861251909,123.80747861251909
-35.0493,34.6895,54.8,OCNG8-27,LeGal_etal._2018,R24-056374,-36.8,160.06633578309703,160.06633578309703
-35.0493,34.6895,54.8,OCNG8-27,LeGal_etal._2018,R24-056373,-36.8,160.06633578309703,160.06633578309703
-35.4628,34.6906,76.9,OCNG9-13,LeGal_etal._2018,R24-056410,-36.8,122.25844512412988,122.25844512412988
-35.4628,34.6906,76.9,OCNG9-13,LeGal_etal._2018,R24-056409,-36.8,122.25844512412988,122.25844512412988
-35.0651,34.6926,37.4,OCNG8-26,LeGal_etal._2018,R24-056371,-36.8,158.61580272847746,158.61580272847746
-35.0651,34.6926,37.4,OCNG8-26,LeGal_etal._2018,R24-056372,-36.8,158.61580272847746,158.61580272847746
-35.4798,34.6942,63.2,OCNG9-12,LeGal_etal._2018,R24-056407,-36.8,120.69890752941377,120.69890752941377
-35.4798,34.6942,63.2,OCNG9-12,LeGal_etal._2018,R24-056408,-36.8,120.69890752941377,120.69890752941377
-35.0814,34.6955,73.1,OCNG8-25,LeGal_etal._2018,R24-056369,-36.8,157.1200455918352,157.1200455918352
-35.0814,34.6955,73.1,OCNG8-25,LeGal_etal._2018,R24-056370,-36.8,157.1200455918352,157.1200455918352
-35.4967,34.6972,52.4,OCNG9-11,LeGal_etal._2018,R24-056406,-36.8,119.14951062713354,119.14951062713354
-35.4967,34.6972,52.4,OCNG9-11,LeGal_etal._2018,R24-056405,-36.8,119.14951062713354,119.14951062713354
-35.0973,34.6986,120.2,OCNG8-24,LeGal_etal._2018,R24-056368,-36.8,155.6605843011466,155.6605843011466
-35.0973,34.6986,120.2,OCNG8-24,LeGal_etal._2018,R24-056367,-36.8,155.6605843011466,155.6605843011466
-35.5133,34.7,35.5,OCNG9-10,LeGal_etal._2018,R24-056404,-36.8,117.62793515679226,117.62793515679226
-35.5133,34.7,35.5,OCNG9-10,LeGal_etal._2018,R24-056403,-36.8,117.62793515679226,117.62793515679226
-35.1136,34.7018,52.3,OCNG8-23,LeGal_etal._2018,R24-056366,-36.7982,153.99992919597025,153.99992919597025
-35.1136,34.7018,52.3,OCNG8-23,LeGal_etal._2018,R24-056365,-36.7982,153.99992919597025,153.99992919597025
-35.1222,34.7034,40.4,KT18,LeGal_etal._2018,R24-056046,-36.7966,153.0645227248228,153.0645227248228
-35.1222,34.7034,40.4,KT18,LeGal_etal._2018,R24-056045,-36.7966,153.0645227248228,153.0645227248228
-35.53,34.7035,59.5,OCNG9-9,LeGal_etal._2018,R24-056441,-36.7965,115.77638779338103,115.77638779338103
-35.53,34.7035,59.5,OCNG9-9,LeGal_etal._2018,R24-056442,-36.7965,115.77638779338103,115.77638779338103
-35.1295,34.7049,36.4,OCNG8-22,LeGal_etal._2018,R24-056363,-36.7951,152.25731413394615,152.25731413394615
-35.1295,34.7049,36.4,OCNG8-22,LeGal_etal._2018,R24-056364,-36.7951,152.25731413394615,152.25731413394615
-35.1456,34.7079,76.3,OCNG8-21,LeGal_etal._2018,R24-056361,-36.7921,150.5058697860166,150.5058697860166
-35.1456,34.7079,76.3,OCNG8-21,LeGal_etal._2018,R24-056362,-36.7921,150.5058697860166,150.5058697860166
-35.1618,34.7111,66.3,OCNG8-20,LeGal_etal._2018,R24-056359,-36.7889,148.72677015587504,148.72677015587504
-35.1618,34.7111,66.3,OCNG8-20,LeGal_etal._2018,R24-056360,-36.7889,148.72677015587504,148.72677015587504
-35.1782,34.7141,26.9,OCNG8-19,LeGal_etal._2018,R24-056356,-36.7859,146.94816264181597,146.94816264181597
-35.1782,34.7141,26.9,OCNG8-19,LeGal_etal._2018,R24-056355,-36.7859,146.94816264181597,146.94816264181597
-35.1946,34.7174,29.5,OCNG8-18,LeGal_etal._2018,R24-056353,-36.7826,145.1417369865341,145.1417369865341
-35.1946,34.7174,29.5,OCNG8-18,LeGal_etal._2018,R24-056354,-36.7826,145.1417369865341,145.1417369865341
-35.2169,34.7213,14.7,OCNG8-17,LeGal_etal._2018,R24-056352,-36.7787,142.74034841364906,142.74034841364906
-35.2169,34.7213,14.7,OCNG8-17,LeGal_etal._2018,R24-056351,-36.7787,142.74034841364906,142.74034841364906
-35.2494,34.7278,10.2,OCNG8-15,LeGal_etal._2018,R24-056348,-36.7722,139.16501005660322,139.16501005660322
-35.2494,34.7278,10.2,OCNG8-15,LeGal_etal._2018,R24-056347,-36.7722,139.16501005660322,139.16501005660322
-35.6595,34.7282,53.3,OCNG9-8,LeGal_etal._2018,R24-056439,-36.7718,101.64991569559635,101.64991569559635
-35.6595,34.7282,53.3,OCNG9-8,LeGal_etal._2018,R24-056440,-36.7718,101.64991569559635,101.64991569559635
-35.2659,34.7309,9.4,OCNG8-14,LeGal_etal._2018,R24-056346,-36.7691,137.36866130574717,137.36866130574717
-35.2659,34.7309,9.4,OCNG8-14,LeGal_etal._2018,R24-056345,-36.7691,137.36866130574717,137.36866130574717
-35.6787,34.7317,55.3,OCNG9-7,LeGal_etal._2018,R24-056437,-36.7683,99.57121113090412,99.57121113090412
-35.6787,34.7317,55.3,OCNG9-7,LeGal_etal._2018,R24-056438,-36.7683,99.57121113090412,99.57121113090412
-35.2825,34.7339,17.5,OCNG8-13,LeGal_etal._2018,R24-056343,-36.7661,135.5726105640737,135.5726105640737
-35.2825,34.7339,17.5,OCNG8-13,LeGal_etal._2018,R24-056344,-36.7661,135.5726105640737,135.5726105640737
-35.299,34.737,38.9,OCNG8-12,LeGal_etal._2018,R24-056342,-36.763,133.77652759253618,133.77652759253618
-35.299,34.737,38.9,OCNG8-12,LeGal_etal._2018,R24-056341,-36.763,133.77652759253618,133.77652759253618
-35.7237,34.7402,51.3,OCNG9-6,LeGal_etal._2018,R24-056436,-36.7598,94.67246745504517,94.67246745504517
-35.7237,34.7402,51.3,OCNG9-6,LeGal_etal._2018,R24-056435,-36.7598,94.67246745504517,94.67246745504517
-35.7382,34.7428,34.5,OCNG9-5,LeGal_etal._2018,R24-056434,-36.7572,93.10704411700908,93.10704411700908
-35.7382,34.7428,34.5,OCNG9-5,LeGal_etal._2018,R24-056433,-36.7572,93.10704411700908,93.10704411700908
-35.3395,34.7446,34.8,OCNG8-11,LeGal_etal._2018,R24-056340,-36.7554,129.36937326967993,129.36937326967993
-35.3395,34.7446,34.8,OCNG8-11,LeGal_etal._2018,R24-056339,-36.7554,129.36937326967993,129.36937326967993
-35.7551,34.746,30.8,OCNG9-4,LeGal_etal._2018,R24-056432,-36.754,91.26695165426099,91.26695165426099
-35.7551,34.746,30.8,OCNG9-4,LeGal_etal._2018,R24-056431,-36.754,91.26695165426099,91.26695165426099
-35.7712,34.749,23.5,OCNG9-3,LeGal_etal._2018,R24-056430,-36.751,89.51858187746006,89.51858187746006
-35.7712,34.749,23.5,OCNG9-3,LeGal_etal._2018,R24-056429,-36.751,89.51858187746006,89.51858187746006
-57.25,34.75,40.6,V22-58,Abbott_2008,R24-001568,-36.75,-1872.9421409218173,1872.9421409218173
-35.7869,34.7519,28.2,OCNG9-2a,LeGal_etal._2018,R24-056427,-36.7481,87.81612536586175,87.81612536586175
-35.7869,34.7519,28.2,OCNG9-2a,LeGal_etal._2018,R24-056428,-36.7481,87.81612536586175,87.81612536586175
-35.8022,34.7552,18.2,OCNG9-1,LeGal_etal._2018,R24-056401,-36.7448,86.11337083680712,86.11337083680712
-35.8022,34.7552,18.2,OCNG9-1,LeGal_etal._2018,R24-056402,-36.7448,86.11337083680712,86.11337083680712
-35.4094,34.7577,37.9,OCNG8-10,LeGal_etal._2018,R24-056337,-36.7423,121.76642994151577,121.76642994151577
-35.4094,34.7577,37.9,OCNG8-10,LeGal_etal._2018,R24-056338,-36.7423,121.76642994151577,121.76642994151577
-35.4227,34.7605,43.4,OCNG8-9,LeGal_etal._2018,R24-056399,-36.7395,120.29154273732055,120.29154273732055
-35.4227,34.7605,43.4,OCNG8-9,LeGal_etal._2018,R24-056400,-36.7395,120.29154273732055,120.29154273732055
-35.4394,34.7637,57.8,OCNG8-8,LeGal_etal._2018,R24-056398,-36.7363,118.46905735656497,118.46905735656497
-35.4394,34.7637,57.8,OCNG8-8,LeGal_etal._2018,R24-056397,-36.7363,118.46905735656497,118.46905735656497
-35.466,34.7689,143.4,KT19,LeGal_etal._2018,R24-056047,-36.7311,115.5569148083737,115.5569148083737
-35.466,34.7689,143.4,KT19,LeGal_etal._2018,R24-056048,-36.7311,115.5569148083737,115.5569148083737
-35.482,34.7717,111.1,OCNG8-7a,LeGal_etal._2018,R24-056396,-36.7283,113.8358207471086,113.8358207471086
-35.482,34.7717,111.1,OCNG8-7a,LeGal_etal._2018,R24-056395,-36.7283,113.8358207471086,113.8358207471086
-35.482,34.7717,140.8,OCNG8-7,LeGal_etal._2018,R24-056394,-36.7283,113.8358207471086,113.8358207471086
-35.482,34.7717,140.8,OCNG8-7,LeGal_etal._2018,R24-056393,-36.7283,113.8358207471086,113.8358207471086
-35.4984,34.7748,106.6,OCNG8-6,LeGal_etal._2018,R24-056391,-36.7252,112.0505004144334,112.0505004144334
-35.4984,34.7748,106.6,OCNG8-6,LeGal_etal._2018,R24-056392,-36.7252,112.0505004144334,112.0505004144334
-35.1269,34.7816,103.7,KT26,LeGal_etal._2018,R24-056063,-36.7184,145.34860962468807,145.34860962468807
-35.1269,34.7816,103.7,KT26,LeGal_etal._2018,R24-056064,-36.7184,145.34860962468807,145.34860962468807
-35.5699,34.7881,79.1,OCNG8-5,LeGal_etal._2018,R24-056390,-36.7119,104.28842750536447,104.28842750536447
-35.5699,34.7881,79.1,OCNG8-5,LeGal_etal._2018,R24-056389,-36.7119,104.28842750536447,104.28842750536447
-35.1897,34.793,65.4,OCNG12-11,LeGal_etal._2018,R24-056115,-36.707,138.5529152764619,138.5529152764619
-35.1897,34.793,65.4,OCNG12-11,LeGal_etal._2018,R24-056116,-36.707,138.5529152764619,138.5529152764619
-34.7201,34.7954,166.2,KT31,LeGal_etal._2018,R24-056073,-36.7046,181.2102137961453,181.2102137961453
-34.7201,34.7954,166.2,KT31,LeGal_etal._2018,R24-056074,-36.7046,181.2102137961453,181.2102137961453
-34.72,34.7957,124.9,KT15,LeGal_etal._2018,R24-056040,-36.7043,181.19129197365731,181.19129197365731
-34.72,34.7957,124.9,KT15,LeGal_etal._2018,R24-056039,-36.7043,181.19129197365731,181.19129197365731
-35.6328,34.8002,46.8,OCNG8-4,LeGal_etal._2018,R24-056387,-36.699000000000005,97.35201895925688,97.35201895925688
-35.6328,34.8002,46.8,OCNG8-4,LeGal_etal._2018,R24-056388,-36.699000000000005,97.35201895925688,97.35201895925688
-35.6438,34.8023,51.4,OCNG8-3,LeGal_etal._2018,R24-056380,-36.688499999999976,95.3864784714588,95.3864784714588
-35.6438,34.8023,51.4,OCNG8-3,LeGal_etal._2018,R24-056379,-36.688499999999976,95.3864784714588,95.3864784714588
-35.6612,34.8054,106.0,OCNG8-2,LeGal_etal._2018,R24-056357,-36.672999999999995,92.3790650110836,92.3790650110836
-35.6612,34.8054,106.0,OCNG8-2,LeGal_etal._2018,R24-056358,-36.672999999999995,92.3790650110836,92.3790650110836
-35.262,34.8072,112.3,OCNG12-10,LeGal_etal._2018,R24-056114,-36.66399999999998,128.00219469258133,128.00219469258133
-35.262,34.8072,112.3,OCNG12-10,LeGal_etal._2018,R24-056113,-36.66399999999998,128.00219469258133,128.00219469258133
-35.6768,34.8084,54.8,OCNG8-1,LeGal_etal._2018,R24-056335,-36.657999999999994,89.58197196102567,89.58197196102567
-35.6768,34.8084,54.8,OCNG8-1,LeGal_etal._2018,R24-056336,-36.657999999999994,89.58197196102567,89.58197196102567
-35.2784,34.8101,68.5,OCNG12-9,LeGal_etal._2018,R24-056132,-36.649499999999996,125.17662866243836,125.17662866243836
-35.2784,34.8101,68.5,OCNG12-9,LeGal_etal._2018,R24-056131,-36.649499999999996,125.17662866243836,125.17662866243836
-35.2939,34.8143,44.2,OCNG12-8,LeGal_etal._2018,R24-056129,-36.628499999999974,121.83809615466599,121.83809615466599
-35.2939,34.8143,44.2,OCNG12-8,LeGal_etal._2018,R24-056130,-36.628499999999974,121.83809615466599,121.83809615466599
-35.411,34.8349,114.4,KT21,LeGal_etal._2018,R24-056054,-36.5255,101.71931646205732,101.71931646205732
-35.411,34.8349,114.4,KT21,LeGal_etal._2018,R24-056053,-36.5255,101.71931646205732,101.71931646205732
-35.2735,34.8431,53.3,OCNG12-7,LeGal_etal._2018,R24-056127,-36.48449999999999,110.51576693924092,110.51576693924092
-35.2735,34.8431,53.3,OCNG12-7,LeGal_etal._2018,R24-056128,-36.48449999999999,110.51576693924092,110.51576693924092
-35.0748,34.8488,48.9,KT27,LeGal_etal._2018,R24-056065,-36.456,126.0394758859924,126.0394758859924
-35.0748,34.8488,48.9,KT27,LeGal_etal._2018,R24-056066,-36.456,126.0394758859924,126.0394758859924
-34.7277,34.8601,38.3,KT14,LeGal_etal._2018,R24-056037,-36.39949999999998,152.53682024953434,152.53682024953434
-34.7277,34.8601,38.3,KT14,LeGal_etal._2018,R24-056038,-36.39949999999998,152.53682024953434,152.53682024953434
-35.2429,34.8806,56.9,OCNG12-6,LeGal_etal._2018,R24-056126,-36.29699999999999,96.15323519231498,96.15323519231498
-35.2429,34.8806,56.9,OCNG12-6,LeGal_etal._2018,R24-056125,-36.29699999999999,96.15323519231498,96.15323519231498
-35.6522,34.8816,39.5,KT16,LeGal_etal._2018,R24-056041,-36.292,58.36077353109444,58.36077353109444
-35.6522,34.8816,39.5,KT16,LeGal_etal._2018,R24-056042,-36.292,58.36077353109444,58.36077353109444
-35.2587,34.884,31.4,OCNG12-5,LeGal_etal._2018,R24-056123,-36.279999999999994,93.15742019106614,93.15742019106614
-35.2587,34.884,31.4,OCNG12-5,LeGal_etal._2018,R24-056124,-36.279999999999994,93.15742019106614,93.15742019106614
-35.7259,34.8948,35.8,KT17,LeGal_etal._2018,R24-056044,-36.22600000000001,45.610400960385704,45.610400960385704
-35.7259,34.8948,35.8,KT17,LeGal_etal._2018,R24-056043,-36.22600000000001,45.610400960385704,45.610400960385704
-35.3199,34.895,64.9,OCNG12-3,LeGal_etal._2018,R24-056120,-36.22499999999998,82.54723735651459,82.54723735651459
-35.3199,34.895,64.9,OCNG12-3,LeGal_etal._2018,R24-056119,-36.22499999999998,82.54723735651459,82.54723735651459
-35.3329,34.8977,60.6,OCNG12-2,LeGal_etal._2018,R24-056118,-36.211499999999994,80.12774155187182,80.12774155187182
-35.3329,34.8977,60.6,OCNG12-2,LeGal_etal._2018,R24-056117,-36.211499999999994,80.12774155187182,80.12774155187182
-35.3498,34.9013,76.8,OCNG12-1,LeGal_etal._2018,R24-056111,-36.2,77.53428174744059,77.53428174744059
-35.3498,34.9013,76.8,OCNG12-1,LeGal_etal._2018,R24-056112,-36.2,77.53428174744059,77.53428174744059
-35.0236,34.9163,109.4,KT28,LeGal_etal._2018,R24-056067,-36.2,107.26260508891214,107.26260508891214
-35.0236,34.9163,109.4,KT28,LeGal_etal._2018,R24-056068,-36.2,107.26260508891214,107.26260508891214
-35.2386,34.9181,4.1,OCNG12-4,LeGal_etal._2018,R24-056121,-36.2,87.65726545217599,87.65726545217599
-35.2386,34.9181,4.1,OCNG12-4,LeGal_etal._2018,R24-056122,-36.2,87.65726545217599,87.65726545217599
-34.3167,34.9317,198.0,V30-72,Abbott_2008,R24-001708,-36.2,171.68459422886593,171.68459422886593
-34.317,34.933,198.0,V30-72,LDEO_2004,R24-055525,-36.2,171.65452547167743,171.65452547167743
-35.5261,34.9344,39.1,KT22,LeGal_etal._2018,R24-056056,-36.2,61.43176337416035,61.43176337416035
-35.5261,34.9344,39.1,KT22,LeGal_etal._2018,R24-056055,-36.2,61.43176337416035,61.43176337416035
-34.988,34.9513,183.0,KT29,LeGal_etal._2018,R24-056070,-36.2,110.46142437715727,110.46142437715727
-34.988,34.9513,183.0,KT29,LeGal_etal._2018,R24-056069,-36.2,110.46142437715727,110.46142437715727
-35.2105,34.9515,48.3,OCNG11-6a,LeGal_etal._2018,R24-056102,-36.2,90.18260127905347,90.18260127905347
-35.2105,34.9515,48.3,OCNG11-6a,LeGal_etal._2018,R24-056101,-36.2,90.18260127905347,90.18260127905347
-35.2272,34.9547,26.6,OCNG11-5,LeGal_etal._2018,R24-056100,-36.2,88.65710937340344,88.65710937340344
-35.2272,34.9547,26.6,OCNG11-5,LeGal_etal._2018,R24-056099,-36.2,88.65710937340344,88.65710937340344
-35.2862,34.9657,71.3,OCNG11-4,LeGal_etal._2018,R24-056098,-36.2,83.26890678907287,83.26890678907287
-35.2862,34.9657,71.3,OCNG11-4,LeGal_etal._2018,R24-056097,-36.2,83.26890678907287,83.26890678907287
-34.935,34.9766,181.1,OCNG11-11,LeGal_etal._2018,R24-056093,-36.2,115.25623939020485,115.25623939020485
-34.935,34.9766,181.1,OCNG11-11,LeGal_etal._2018,R24-056094,-36.2,115.25623939020485,115.25623939020485
-34.9547,34.9803,140.9,OCNG11-10a,LeGal_etal._2018,R24-056091,-36.2,113.4562136434001,113.4562136434001
-34.9547,34.9803,140.9,OCNG11-10a,LeGal_etal._2018,R24-056092,-36.2,113.4562136434001,113.4562136434001
-35.3692,34.9811,141.9,OCNG11-3,LeGal_etal._2018,R24-056095,-36.2,75.69140079495345,75.69140079495345
-35.3692,34.9811,141.9,OCNG11-3,LeGal_etal._2018,R24-056096,-36.2,75.69140079495345,75.69140079495345
-34.1483,34.9817,195.0,V30-68,Abbott_2008,R24-001705,-36.2,186.92213418967154,186.92213418967154
-34.15,34.983,195.0,V30-68,LDEO_2004,R24-055522,-36.2,186.76428878667147,186.76428878667147
-34.9841,34.9862,201.0,OCNG11-9,LeGal_etal._2018,R24-056107,-36.2,110.76966991053564,110.76966991053564
-34.9841,34.9862,201.0,OCNG11-9,LeGal_etal._2018,R24-056108,-36.2,110.76966991053564,110.76966991053564
-35.4026,34.9877,118.0,KT25,LeGal_etal._2018,R24-056061,-36.2,72.64258279141687,72.64258279141687
-35.4026,34.9877,118.0,KT25,LeGal_etal._2018,R24-056062,-36.2,72.64258279141687,72.64258279141687
-35.4159,34.99,141.2,OCNG10-1,LeGal_etal._2018,R24-056087,-36.2,71.4289551539789,71.4289551539789
-35.4159,34.99,141.2,OCNG10-1,LeGal_etal._2018,R24-056088,-36.2,71.4289551539789,71.4289551539789
-35.4159,34.9901,128.4,KT24,LeGal_etal._2018,R24-056060,-36.2,71.42886789348806,71.42886789348806
-35.4159,34.9901,128.4,KT24,LeGal_etal._2018,R24-056059,-36.2,71.42886789348806,71.42886789348806
-35.0112,34.9911,109.7,OCNG11-8,LeGal_etal._2018,R24-056105,-36.2,108.29435121137192,108.29435121137192
-35.0112,34.9911,109.7,OCNG11-8,LeGal_etal._2018,R24-056106,-36.2,108.29435121137192,108.29435121137192
-35.0615,35.0007,140.4,OCNG11-7,LeGal_etal._2018,R24-056104,-36.2,103.70008163331053,103.70008163331053
-35.0615,35.0007,140.4,OCNG11-7,LeGal_etal._2018,R24-056103,-36.2,103.70008163331053,103.70008163331053
-35.5915,35.0232,111.4,KT23,LeGal_etal._2018,R24-056057,-36.2,55.40987552407036,55.40987552407036
-35.5915,35.0232,111.4,KT23,LeGal_etal._2018,R24-056058,-36.2,55.40987552407036,55.40987552407036
-35.6,35.0317,221.0,V30-74,Abbott_2008,R24-001710,-36.2,54.630186450749015,54.630186450749015
-35.6,35.033,221.0,V30-74,LDEO_2004,R24-055527,-36.2,54.62931749329122,54.62931749329122
-34.4317,35.0667,170.0,V30-67,Abbott_2008,R24-001704,-36.2,160.93528659244504,160.93528659244504
-34.433,35.067,170.0,V30-67,LDEO_2004,R24-055521,-36.2,160.81638083492908,160.81638083492908
-37.5348,35.0831,29.6,KT12,LeGal_etal._2018,R24-056033,-36.2,-121.45747372455763,121.45747372455763
-37.5348,35.0831,29.6,KT12,LeGal_etal._2018,R24-056034,-36.2,-121.45747372455763,121.45747372455763
-37.5507,35.0859,35.1,OCNG5-1,LeGal_etal._2018,R24-056258,-36.2,-122.90004387740261,122.90004387740261
-37.5507,35.0859,35.1,OCNG5-1,LeGal_etal._2018,R24-056257,-36.2,-122.90004387740261,122.90004387740261
-37.5662,35.0886,30.9,OCNG5-2,LeGal_etal._2018,R24-056280,-36.2,-124.30627211780154,124.30627211780154
-37.5662,35.0886,30.9,OCNG5-2,LeGal_etal._2018,R24-056279,-36.2,-124.30627211780154,124.30627211780154
-37.5979,35.0945,23.9,OCNG5-3,LeGal_etal._2018,R24-056288,-36.2,-127.18135436565105,127.18135436565105
-37.5979,35.0945,23.9,OCNG5-3,LeGal_etal._2018,R24-056287,-36.2,-127.18135436565105,127.18135436565105
-37.6136,35.0977,46.5,OCNG5-4,LeGal_etal._2018,R24-056290,-36.2,-128.60469758344558,128.60469758344558
-37.6136,35.0977,46.5,OCNG5-4,LeGal_etal._2018,R24-056289,-36.2,-128.60469758344558,128.60469758344558
-37.6294,35.1008,33.1,OCNG5-5a,LeGal_etal._2018,R24-056292,-36.19120000000002,-130.83774984003395,130.83774984003395
-37.6294,35.1008,33.1,OCNG5-5a,LeGal_etal._2018,R24-056291,-36.19120000000002,-130.83774984003395,130.83774984003395
-37.6449,35.1041,43.4,OCNG5-6,LeGal_etal._2018,R24-056294,-36.15489999999999,-135.5446776413802,135.5446776413802
-37.6449,35.1041,43.4,OCNG5-6,LeGal_etal._2018,R24-056293,-36.15489999999999,-135.5446776413802,135.5446776413802
-37.6607,35.1064,30.6,OCNG5-7,LeGal_etal._2018,R24-056296,-36.12960000000001,-139.27959720375785,139.27959720375785
-37.6607,35.1064,30.6,OCNG5-7,LeGal_etal._2018,R24-056295,-36.12960000000001,-139.27959720375785,139.27959720375785
-37.6769,35.1098,27.0,OCNG5-8,LeGal_etal._2018,R24-056298,-36.09220000000002,-144.1494154434825,144.1494154434825
-37.6769,35.1098,27.0,OCNG5-8,LeGal_etal._2018,R24-056297,-36.09220000000002,-144.1494154434825,144.1494154434825
-37.6932,35.1128,25.4,OCNG5-9,LeGal_etal._2018,R24-056299,-36.05920000000002,-148.62843041941952,148.62843041941952
-37.6932,35.1128,25.4,OCNG5-9,LeGal_etal._2018,R24-056300,-36.05920000000002,-148.62843041941952,148.62843041941952
-37.7096,35.1157,27.1,OCNG5-10,LeGal_etal._2018,R24-056260,-36.027300000000054,-153.0163460752398,153.0163460752398
-37.7096,35.1157,27.1,OCNG5-10,LeGal_etal._2018,R24-056259,-36.027300000000054,-153.0163460752398,153.0163460752398
-37.7258,35.1173,32.1,OCNG5-11,LeGal_etal._2018,R24-056262,-36.00970000000002,-156.087615004853,156.087615004853
-37.7258,35.1173,32.1,OCNG5-11,LeGal_etal._2018,R24-056261,-36.00970000000002,-156.087615004853,156.087615004853
-37.7421,35.1221,36.2,OCNG5-12,LeGal_etal._2018,R24-056264,-35.95689999999998,-162.36302803416328,162.36302803416328
-37.7421,35.1221,36.2,OCNG5-12,LeGal_etal._2018,R24-056263,-35.95689999999998,-162.36302803416328,162.36302803416328
-37.7581,35.1252,32.6,OCNG5-13,LeGal_etal._2018,R24-056266,-35.92280000000003,-166.91324474352905,166.91324474352905
-37.7581,35.1252,32.6,OCNG5-13,LeGal_etal._2018,R24-056265,-35.92280000000003,-166.91324474352905,166.91324474352905
-37.3608,35.1271,34.5,KT5,LeGal_etal._2018,R24-056077,-35.90190000000004,-132.6780646475337,132.6780646475337
-37.3608,35.1271,34.5,KT5,LeGal_etal._2018,R24-056078,-35.90190000000004,-132.6780646475337,132.6780646475337
-37.3783,35.1301,20.0,KT6,LeGal_etal._2018,R24-056079,-35.86890000000004,-137.26567519364735,137.26567519364735
-37.3783,35.1301,20.0,KT6,LeGal_etal._2018,R24-056080,-35.86890000000004,-137.26567519364735,137.26567519364735
-37.3952,35.1338,35.4,KT7,LeGal_etal._2018,R24-056082,-35.82820000000002,-142.49737607241514,142.49737607241514
-37.3952,35.1338,35.4,KT7,LeGal_etal._2018,R24-056081,-35.82820000000002,-142.49737607241514,142.49737607241514
-37.8087,35.1345,54.5,OCNG5-14,LeGal_etal._2018,R24-056267,-35.820499999999996,-180.79824337875635,180.79824337875635
-37.8087,35.1345,54.5,OCNG5-14,LeGal_etal._2018,R24-056268,-35.820499999999996,-180.79824337875635,180.79824337875635
-37.8249,35.1376,48.2,OCNG5-15,LeGal_etal._2018,R24-056269,-35.786400000000036,-185.3652479469702,185.3652479469702
-37.8249,35.1376,48.2,OCNG5-15,LeGal_etal._2018,R24-056270,-35.786400000000036,-185.3652479469702,185.3652479469702
-37.432,35.1402,43.7,KT8,LeGal_etal._2018,R24-056084,-35.757800000000024,-152.23379273139332,152.23379273139332
-37.432,35.1402,43.7,KT8,LeGal_etal._2018,R24-056083,-35.757800000000024,-152.23379273139332,152.23379273139332
-37.8408,35.1407,133.1,OCNG5-16,LeGal_etal._2018,R24-056271,-35.7523,-189.90462502072822,189.90462502072822
-37.8408,35.1407,133.1,OCNG5-16,LeGal_etal._2018,R24-056272,-35.7523,-189.90462502072822,189.90462502072822
-37.4458,35.1436,71.0,KT9,LeGal_etal._2018,R24-056086,-35.72040000000003,-156.8828184083345,156.8828184083345
-37.4458,35.1436,71.0,KT9,LeGal_etal._2018,R24-056085,-35.72040000000003,-156.8828184083345,156.8828184083345
-37.8583,35.1439,74.0,OCNG5-17,LeGal_etal._2018,R24-056273,-35.7171,-194.6889142362931,194.6889142362931
-37.8583,35.1439,74.0,OCNG5-17,LeGal_etal._2018,R24-056274,-35.7171,-194.6889142362931,194.6889142362931
-37.4675,35.1475,33.8,KT10,LeGal_etal._2018,R24-056029,-35.677500000000016,-162.7488051653894,162.7488051653894
-37.4675,35.1475,33.8,KT10,LeGal_etal._2018,R24-056030,-35.677500000000016,-162.7488051653894,162.7488051653894
-34.5317,35.1483,263.0,V30-71,Abbott_2008,R24-001707,-35.66870000000004,103.37629742098126,103.37629742098126
-37.8731,35.1485,78.9,OCNG5-18,LeGal_etal._2018,R24-056276,-35.66650000000004,-200.6240785112126,200.6240785112126
-37.8731,35.1485,78.9,OCNG5-18,LeGal_etal._2018,R24-056275,-35.66650000000004,-200.6240785112126,200.6240785112126
-34.533,35.15,263.0,V30-71,LDEO_2004,R24-055524,-35.65000000000004,101.55577128006531,101.55577128006531
-37.4853,35.1505,34.4,OCNG4-7,LeGal_etal._2018,R24-056251,-35.644500000000015,-167.36142799898153,167.36142799898153
-37.4853,35.1505,34.4,OCNG4-7,LeGal_etal._2018,R24-056252,-35.644500000000015,-167.36142799898153,167.36142799898153
-37.9051,35.1531,75.6,OCNG5-19,LeGal_etal._2018,R24-056277,-35.6159,-208.1223049031898,208.1223049031898
-37.9051,35.1531,75.6,OCNG5-19,LeGal_etal._2018,R24-056278,-35.6159,-208.1223049031898,208.1223049031898
-37.5119,35.1555,50.9,OCNG4-8,LeGal_etal._2018,R24-056253,-35.58949999999999,-174.7695775271384,174.7695775271384
-37.5119,35.1555,50.9,OCNG4-8,LeGal_etal._2018,R24-056254,-35.58949999999999,-174.7695775271384,174.7695775271384
-37.9209,35.1558,63.1,OCNG5-20,LeGal_etal._2018,R24-056282,-35.586200000000034,-212.2518872353629,212.2518872353629
-37.9209,35.1558,63.1,OCNG5-20,LeGal_etal._2018,R24-056281,-35.586200000000034,-212.2518872353629,212.2518872353629
-37.5281,35.1586,65.8,OCNG4-9,LeGal_etal._2018,R24-056255,-35.55540000000003,-179.33562630138798,179.33562630138798
-37.5281,35.1586,65.8,OCNG4-9,LeGal_etal._2018,R24-056256,-35.55540000000003,-179.33562630138798,179.33562630138798
-38.0044,35.1739,79.2,OCNG5-21,LeGal_etal._2018,R24-056283,-35.38709999999999,-237.89062506780124,237.89062506780124
-38.0044,35.1739,79.2,OCNG5-21,LeGal_etal._2018,R24-056284,-35.38709999999999,-237.89062506780124,237.89062506780124
-37.6202,35.1762,68.3,OCNG4-10,LeGal_etal._2018,R24-056208,-35.36180000000002,-205.26381702740832,205.26381702740832
-37.6202,35.1762,68.3,OCNG4-10,LeGal_etal._2018,R24-056207,-35.36180000000002,-205.26381702740832,205.26381702740832
-37.6334,35.1783,62.2,OCNG4-11,LeGal_etal._2018,R24-056210,-35.33870000000003,-208.55770152384477,208.55770152384477
-37.6334,35.1783,62.2,OCNG4-11,LeGal_etal._2018,R24-056209,-35.33870000000003,-208.55770152384477,208.55770152384477
-38.0145,35.1802,65.5,OCNG5-22,LeGal_etal._2018,R24-056285,-35.31780000000004,-245.0884244149191,245.0884244149191
-38.0145,35.1802,65.5,OCNG5-22,LeGal_etal._2018,R24-056286,-35.31780000000004,-245.0884244149191,245.0884244149191
-34.4817,35.1817,79.3,V30-73,Abbott_2008,R24-001709,-35.30130000000004,74.48762026548128,74.48762026548128
-34.483,35.183,79.0,V30-73,LDEO_2004,R24-055526,-35.287000000000035,73.06867836521377,73.06867836521377
-37.6641,35.1848,41.5,OCNG4-12a,LeGal_etal._2018,R24-056213,-35.2672,-217.8289007512992,217.8289007512992
-37.6641,35.1848,43.0,OCNG4-12,LeGal_etal._2018,R24-056212,-35.2672,-217.8289007512992,217.8289007512992
-37.6641,35.1848,41.5,OCNG4-12a,LeGal_etal._2018,R24-056214,-35.2672,-217.8289007512992,217.8289007512992
-37.6641,35.1848,43.0,OCNG4-12,LeGal_etal._2018,R24-056211,-35.2672,-217.8289007512992,217.8289007512992
-37.6793,35.1869,29.3,OCNG4-13,LeGal_etal._2018,R24-056215,-35.24410000000002,-221.30386393632463,221.30386393632463
-37.6793,35.1869,29.3,OCNG4-13,LeGal_etal._2018,R24-056216,-35.24410000000002,-221.30386393632463,221.30386393632463
-37.6959,35.1902,18.6,OCNG4-14,LeGal_etal._2018,R24-056217,-35.20780000000006,-226.10207875608268,226.10207875608268
-37.6959,35.1902,18.6,OCNG4-14,LeGal_etal._2018,R24-056218,-35.20780000000006,-226.10207875608268,226.10207875608268
-37.7127,35.1939,12.8,OCNG4-15,LeGal_etal._2018,R24-056219,-35.16710000000004,-231.31676402983993,231.31676402983993
-37.7127,35.1939,12.8,OCNG4-15,LeGal_etal._2018,R24-056220,-35.16710000000004,-231.31676402983993,231.31676402983993
-37.7296,35.1963,29.8,OCNG4-16,LeGal_etal._2018,R24-056221,-35.140700000000024,-235.24445257570048,235.24445257570048
-37.7296,35.1963,29.8,OCNG4-16,LeGal_etal._2018,R24-056222,-35.140700000000024,-235.24445257570048,235.24445257570048
-37.7461,35.1995,36.6,OCNG4-17,LeGal_etal._2018,R24-056224,-35.10550000000003,-239.932801659291,239.932801659291
-37.7461,35.1995,36.6,OCNG4-17,LeGal_etal._2018,R24-056223,-35.10550000000003,-239.932801659291,239.932801659291
-37.7623,35.2027,34.8,OCNG4-18,LeGal_etal._2018,R24-056226,-35.08380000000002,-243.36692003758648,243.36692003758648
-37.7623,35.2027,34.8,OCNG4-18,LeGal_etal._2018,R24-056225,-35.08380000000002,-243.36692003758648,243.36692003758648
-37.7777,35.2063,43.6,OCNG4-19,LeGal_etal._2018,R24-056227,-35.062200000000026,-246.71778073705778,246.71778073705778
-37.7777,35.2063,43.6,OCNG4-19,LeGal_etal._2018,R24-056228,-35.062200000000026,-246.71778073705778,246.71778073705778
-37.7941,35.2084,50.2,OCNG4-20,LeGal_etal._2018,R24-056230,-35.049600000000034,-249.34613801404367,249.34613801404367
-37.7941,35.2084,50.2,OCNG4-20,LeGal_etal._2018,R24-056229,-35.049600000000034,-249.34613801404367,249.34613801404367
-37.8097,35.2118,96.2,OCNG4-21,LeGal_etal._2018,R24-056231,-35.02920000000003,-252.60626862575742,252.60626862575742
-37.8097,35.2118,96.2,OCNG4-21,LeGal_etal._2018,R24-056232,-35.02920000000003,-252.60626862575742,252.60626862575742
-37.8311,35.2149,83.1,OCNG4-22,LeGal_etal._2018,R24-056233,-35.01060000000001,-256.23045302507313,256.23045302507313
-37.8311,35.2149,83.1,OCNG4-22,LeGal_etal._2018,R24-056234,-35.01060000000001,-256.23045302507313,256.23045302507313
-37.43,35.2167,37.7,KT13,LeGal_etal._2018,R24-056036,-34.99979999999999,-220.76845922460575,220.76845922460575
-37.43,35.2167,37.7,KT13,LeGal_etal._2018,R24-056035,-34.99979999999999,-220.76845922460575,220.76845922460575
-37.8428,35.2181,64.7,OCNG4-23,LeGal_etal._2018,R24-056236,-34.99140000000001,-259.02737520687106,259.02737520687106
-37.8428,35.2181,64.7,OCNG4-23,LeGal_etal._2018,R24-056235,-34.99140000000001,-259.02737520687106,259.02737520687106
-37.8603,35.2212,75.7,OCNG4-24,LeGal_etal._2018,R24-056237,-34.97279999999999,-262.29675912247774,262.29675912247774
-37.8603,35.2212,75.7,OCNG4-24,LeGal_etal._2018,R24-056238,-34.97279999999999,-262.29675912247774,262.29675912247774
-37.8703,35.2226,102.7,KT11,LeGal_etal._2018,R24-056032,-34.96440000000001,-263.9636376845795,263.9636376845795
-37.8703,35.2226,102.7,KT11,LeGal_etal._2018,R24-056031,-34.96440000000001,-263.9636376845795,263.9636376845795
-37.893,35.2278,51.7,OCNG4-25,LeGal_etal._2018,R24-056240,-34.9332,-268.84253089887466,268.84253089887466
-37.893,35.2278,51.7,OCNG4-25,LeGal_etal._2018,R24-056239,-34.9332,-268.84253089887466,268.84253089887466
-37.9094,35.2305,55.2,OCNG4-26,LeGal_etal._2018,R24-056241,-34.91700000000001,-271.7945868445192,271.7945868445192
-37.9094,35.2305,55.2,OCNG4-26,LeGal_etal._2018,R24-056242,-34.91700000000001,-271.7945868445192,271.7945868445192
-37.9259,35.2335,81.1,OCNG4-27,LeGal_etal._2018,R24-056243,-34.89900000000001,-274.9179964287415,274.9179964287415
-37.9259,35.2335,81.1,OCNG4-27,LeGal_etal._2018,R24-056244,-34.89900000000001,-274.9179964287415,274.9179964287415
-37.942,35.2367,102.7,OCNG4-28,LeGal_etal._2018,R24-056245,-34.87980000000001,-278.113145006231,278.113145006231
-37.942,35.2367,102.7,OCNG4-28,LeGal_etal._2018,R24-056246,-34.87980000000001,-278.113145006231,278.113145006231
-37.9585,35.2397,50.7,OCNG4-29,LeGal_etal._2018,R24-056247,-34.86180000000001,-281.23607906982244,281.23607906982244
-37.9585,35.2397,50.7,OCNG4-29,LeGal_etal._2018,R24-056248,-34.86180000000001,-281.23607906982244,281.23607906982244
-37.9753,35.2431,55.8,OCNG4-30,LeGal_etal._2018,R24-056249,-34.841400000000014,-284.6025762391367,284.6025762391367
-37.9753,35.2431,55.8,OCNG4-30,LeGal_etal._2018,R24-056250,-34.841400000000014,-284.6025762391367,284.6025762391367
-37.6332,35.2551,56.6,OCNG6-3,LeGal_etal._2018,R24-056311,-34.769400000000005,-260.0351734623807,260.0351734623807
-37.6332,35.2551,56.6,OCNG6-3,LeGal_etal._2018,R24-056312,-34.769400000000005,-260.0351734623807,260.0351734623807
-37.6853,35.2645,81.0,OCNG6-4,LeGal_etal._2018,R24-056313,-34.71300000000001,-269.8557522055465,269.8557522055465
-37.6853,35.2645,81.0,OCNG6-4,LeGal_etal._2018,R24-056314,-34.71300000000001,-269.8557522055465,269.8557522055465
-37.7124,35.2703,58.8,OCNG6-5,LeGal_etal._2018,R24-056316,-34.6782,-275.45594645436654,275.45594645436654
-37.7124,35.2703,58.8,OCNG6-5,LeGal_etal._2018,R24-056315,-34.6782,-275.45594645436654,275.45594645436654
-37.7258,35.2729,94.6,OCNG6-6,LeGal_etal._2018,R24-056318,-34.66259999999999,-278.07974876806145,278.07974876806145
-37.7258,35.2729,94.6,OCNG6-6,LeGal_etal._2018,R24-056317,-34.66259999999999,-278.07974876806145,278.07974876806145
-37.7375,35.275,42.8,OCNG6-7,LeGal_etal._2018,R24-056320,-34.65,-280.2784556344436,280.2784556344436
-37.7375,35.275,42.8,OCNG6-7,LeGal_etal._2018,R24-056319,-34.65,-280.2784556344436,280.2784556344436
-37.7861,35.284,16.7,OCNG6-8,LeGal_etal._2018,R24-056322,-34.596,-289.5601424840116,289.5601424840116
-37.7861,35.284,16.7,OCNG6-8,LeGal_etal._2018,R24-056321,-34.596,-289.5601424840116,289.5601424840116
-37.803,35.2866,46.7,OCNG6-9,LeGal_etal._2018,R24-056323,-34.58039999999999,-292.50072112374335,292.50072112374335
-37.803,35.2866,46.7,OCNG6-9,LeGal_etal._2018,R24-056324,-34.58039999999999,-292.50072112374335,292.50072112374335
-37.8198,35.2903,98.8,OCNG6-10,LeGal_etal._2018,R24-056302,-34.55819999999997,-296.0270436289921,296.0270436289921
-37.8198,35.2903,98.8,OCNG6-10,LeGal_etal._2018,R24-056301,-34.55819999999997,-296.0270436289921,296.0270436289921
-37.8344,35.2931,132.6,OCNG6-11,LeGal_etal._2018,R24-056304,-34.54139999999997,-298.8666101424975,298.8666101424975
-37.8344,35.2931,132.6,OCNG6-11,LeGal_etal._2018,R24-056303,-34.54139999999997,-298.8666101424975,298.8666101424975
-37.8468,35.2955,114.5,OCNG6-12,LeGal_etal._2018,R24-056305,-34.527,-301.28999475007424,301.28999475007424
-37.8468,35.2955,114.5,OCNG6-12,LeGal_etal._2018,R24-056306,-34.527,-301.28999475007424,301.28999475007424
-37.6837,35.3416,86.9,KT4,LeGal_etal._2018,R24-056076,-34.5,-288.7735056683045,288.7735056683045
-37.6837,35.3416,86.9,KT4,LeGal_etal._2018,R24-056075,-34.5,-288.7735056683045,288.7735056683045
-37.6979,35.3445,54.7,OCNG6-13,LeGal_etal._2018,R24-056308,-34.5,-290.05108746942426,290.05108746942426
-37.6979,35.3445,54.7,OCNG6-13,LeGal_etal._2018,R24-056307,-34.5,-290.05108746942426,290.05108746942426
-37.7119,35.3467,44.6,OCNG6-14,LeGal_etal._2018,R24-056310,-34.5,-291.31296095039215,291.31296095039215
-37.7119,35.3467,44.6,OCNG6-14,LeGal_etal._2018,R24-056309,-34.5,-291.31296095039215,291.31296095039215
-55.45,35.35,61.0,V19-184,Langseth_etal._1966,R24-053070,-34.5,-1900.045832656903,1900.045832656903
-37.0717,35.3807,37.6,OCNG1-1,LeGal_etal._2018,R24-056090,-34.5,-233.1498786029948,233.1498786029948
-37.0717,35.3807,37.6,OCNG1-1,LeGal_etal._2018,R24-056089,-34.5,-233.1498786029948,233.1498786029948
-37.0889,35.3829,23.2,OCNG1-2,LeGal_etal._2018,R24-056110,-34.5,-234.70282740407924,234.70282740407924
-37.0889,35.3829,23.2,OCNG1-2,LeGal_etal._2018,R24-056109,-34.5,-234.70282740407924,234.70282740407924
-37.1057,35.387,26.6,OCNG1-3,LeGal_etal._2018,R24-056134,-34.5,-236.2138649360408,236.2138649360408
-37.1057,35.387,26.6,OCNG1-3,LeGal_etal._2018,R24-056133,-34.5,-236.2138649360408,236.2138649360408
-37.1227,35.3897,39.8,OCNG1-4,LeGal_etal._2018,R24-056135,-34.5,-237.74700298522373,237.74700298522373
-37.1227,35.3897,39.8,OCNG1-4,LeGal_etal._2018,R24-056136,-34.5,-237.74700298522373,237.74700298522373
-37.2621,35.4158,38.1,OCNG2-1,LeGal_etal._2018,R24-056137,-34.4842,-251.73432330624397,251.73432330624397
-37.2621,35.4158,38.1,OCNG2-1,LeGal_etal._2018,R24-056138,-34.4842,-251.73432330624397,251.73432330624397
-37.2625,35.4159,35.7,KT1,LeGal_etal._2018,R24-056027,-34.4841,-251.77932101540407,251.77932101540407
-37.2625,35.4159,35.7,KT1,LeGal_etal._2018,R24-056028,-34.4841,-251.77932101540407,251.77932101540407
-37.2809,35.4193,28.3,OCNG2-3,LeGal_etal._2018,R24-056150,-34.4807,-253.74413462703438,253.74413462703438
-37.2809,35.4193,28.3,OCNG2-3,LeGal_etal._2018,R24-056149,-34.4807,-253.74413462703438,253.74413462703438
-37.2909,35.4207,41.1,OCNG2-4,LeGal_etal._2018,R24-056151,-34.4793,-254.7727345784003,254.7727345784003
-37.2909,35.4207,41.1,OCNG2-4,LeGal_etal._2018,R24-056152,-34.4793,-254.7727345784003,254.7727345784003
-37.3015,35.4234,52.2,OCNG2-5,LeGal_etal._2018,R24-056154,-34.4766,-255.96933284717477,255.96933284717477
-37.3015,35.4234,52.2,OCNG2-5,LeGal_etal._2018,R24-056153,-34.4766,-255.96933284717477,255.96933284717477
-37.2707,35.4252,35.8,OCNG2-2,LeGal_etal._2018,R24-056147,-34.4748,-253.33592888361912,253.33592888361912
-37.2707,35.4252,35.8,OCNG2-2,LeGal_etal._2018,R24-056148,-34.4748,-253.33592888361912,253.33592888361912
-37.3147,35.4265,39.1,OCNG2-6,LeGal_etal._2018,R24-056155,-34.4735,-257.43639762965853,257.43639762965853
-37.3147,35.4265,39.1,OCNG2-6,LeGal_etal._2018,R24-056156,-34.4735,-257.43639762965853,257.43639762965853
-37.3298,35.4283,33.1,OCNG2-7,LeGal_etal._2018,R24-056158,-34.4717,-258.9618909279522,258.9618909279522
-37.3298,35.4283,33.1,OCNG2-7,LeGal_etal._2018,R24-056157,-34.4717,-258.9618909279522,258.9618909279522
-37.3421,35.4308,38.5,OCNG2-8,LeGal_etal._2018,R24-056159,-34.4692,-260.2947839954202,260.2947839954202
-37.3421,35.4308,38.5,OCNG2-8,LeGal_etal._2018,R24-056160,-34.4692,-260.2947839954202,260.2947839954202
-37.3537,35.4336,65.2,OCNG2-9,LeGal_etal._2018,R24-056162,-34.4664,-261.5903784490749,261.5903784490749
-37.3537,35.4336,65.2,OCNG2-9,LeGal_etal._2018,R24-056161,-34.4664,-261.5903784490749,261.5903784490749
-37.3758,35.4371,73.0,KT2,LeGal_etal._2018,R24-056049,-34.4629,-263.898275742457,263.898275742457
-37.3758,35.4371,73.0,KT2,LeGal_etal._2018,R24-056050,-34.4629,-263.898275742457,263.898275742457
-37.3755,35.4374,63.7,OCNG2-10,LeGal_etal._2018,R24-056139,-34.4626,-263.8972924201254,263.8972924201254
-37.3755,35.4374,63.7,OCNG2-10,LeGal_etal._2018,R24-056140,-34.4626,-263.8972924201254,263.8972924201254
-37.3902,35.4403,65.9,OCNG2-11,LeGal_etal._2018,R24-056142,-34.4597,-265.48221999561235,265.48221999561235
-37.3902,35.4403,65.9,OCNG2-11,LeGal_etal._2018,R24-056141,-34.4597,-265.48221999561235,265.48221999561235
-37.4039,35.4428,46.7,OCNG2-12,LeGal_etal._2018,R24-056144,-34.4572,-266.9415331533656,266.9415331533656
-37.4039,35.4428,46.7,OCNG2-12,LeGal_etal._2018,R24-056143,-34.4572,-266.9415331533656,266.9415331533656
-37.4378,35.4488,60.0,OCNG2-13,LeGal_etal._2018,R24-056146,-34.4512,-270.5359056243878,270.5359056243878
-37.4378,35.4488,60.0,OCNG2-13,LeGal_etal._2018,R24-056145,-34.4512,-270.5359056243878,270.5359056243878
-37.471,35.4551,50.9,OCNG3-1,LeGal_etal._2018,R24-056163,-34.4449,-274.0924836324836,274.0924836324836
-37.471,35.4551,50.9,OCNG3-1,LeGal_etal._2018,R24-056164,-34.4449,-274.0924836324836,274.0924836324836
-37.4923,35.459,58.0,OCNG3-2,LeGal_etal._2018,R24-056186,-34.440999999999995,-276.36160552314436,276.36160552314436
-37.4923,35.459,58.0,OCNG3-2,LeGal_etal._2018,R24-056185,-34.440999999999995,-276.36160552314436,276.36160552314436
-37.5011,35.4611,45.1,OCNG3-3,LeGal_etal._2018,R24-056194,-34.4389,-277.34159758488056,277.34159758488056
-37.5011,35.4611,45.1,OCNG3-3,LeGal_etal._2018,R24-056193,-34.4389,-277.34159758488056,277.34159758488056
-37.5811,35.4757,46.5,OCNG3-4,LeGal_etal._2018,R24-056196,-34.424299999999995,-285.8575606536801,285.8575606536801
-37.5811,35.4757,46.5,OCNG3-4,LeGal_etal._2018,R24-056195,-34.424299999999995,-285.8575606536801,285.8575606536801
-37.6013,35.4797,143.7,OCNG3-5,LeGal_etal._2018,R24-056197,-34.4203,-288.0346102227537,288.0346102227537
-37.6013,35.4797,143.7,OCNG3-5,LeGal_etal._2018,R24-056198,-34.4203,-288.0346102227537,288.0346102227537
-37.6231,35.4833,170.4,OCNG3-6,LeGal_etal._2018,R24-056199,-34.4167,-290.3215378796039,290.3215378796039
-37.6231,35.4833,170.4,OCNG3-6,LeGal_etal._2018,R24-056200,-34.4167,-290.3215378796039,290.3215378796039
-37.6395,35.4866,165.4,OCNG3-7,LeGal_etal._2018,R24-056201,-34.413399999999996,-292.09326882870283,292.09326882870283
-37.6395,35.4866,165.4,OCNG3-7,LeGal_etal._2018,R24-056202,-34.413399999999996,-292.09326882870283,292.09326882870283
-37.6556,35.4897,132.5,OCNG3-8,LeGal_etal._2018,R24-056204,-34.4103,-293.8203151445475,293.8203151445475
-37.6556,35.4897,132.5,OCNG3-8,LeGal_etal._2018,R24-056203,-34.4103,-293.8203151445475,293.8203151445475
-37.6718,35.493,127.2,OCNG3-9,LeGal_etal._2018,R24-056205,-34.407,-295.5736508390443,295.5736508390443
-37.6718,35.493,127.2,OCNG3-9,LeGal_etal._2018,R24-056206,-34.407,-295.5736508390443,295.5736508390443
-37.688,35.4952,141.0,OCNG3-10,LeGal_etal._2018,R24-056165,-34.4048,-297.23132750802927,297.23132750802927
-37.688,35.4952,141.0,OCNG3-10,LeGal_etal._2018,R24-056166,-34.4048,-297.23132750802927,297.23132750802927
-37.704,35.4988,134.6,OCNG3-11,LeGal_etal._2018,R24-056167,-34.401199999999996,-298.9923358867114,298.9923358867114
-37.704,35.4988,134.6,OCNG3-11,LeGal_etal._2018,R24-056168,-34.401199999999996,-298.9923358867114,298.9923358867114
-37.7201,35.5016,121.9,OCNG3-12,LeGal_etal._2018,R24-056170,-34.398399999999995,-300.6928129822058,300.6928129822058
-37.7201,35.5016,121.9,OCNG3-12,LeGal_etal._2018,R24-056169,-34.398399999999995,-300.6928129822058,300.6928129822058
-37.7361,35.5044,135.5,OCNG3-13,LeGal_etal._2018,R24-056172,-34.3956,-302.38411801361883,302.38411801361883
-37.7361,35.5044,135.5,OCNG3-13,LeGal_etal._2018,R24-056171,-34.3956,-302.38411801361883,302.38411801361883
-37.7521,35.5078,151.2,OCNG3-14,LeGal_etal._2018,R24-056174,-34.392199999999995,-304.1273417942271,304.1273417942271
-37.7521,35.5078,151.2,OCNG3-14,LeGal_etal._2018,R24-056173,-34.392199999999995,-304.1273417942271,304.1273417942271
-37.7686,35.5107,139.3,OCNG3-15,LeGal_etal._2018,R24-056175,-34.3893,-305.8723205180676,305.8723205180676
-37.7686,35.5107,139.3,OCNG3-15,LeGal_etal._2018,R24-056176,-34.3893,-305.8723205180676,305.8723205180676
-37.7846,35.5136,134.9,OCNG3-16,LeGal_etal._2018,R24-056177,-34.3864,-307.5719164944094,307.5719164944094
-37.7846,35.5136,134.9,OCNG3-16,LeGal_etal._2018,R24-056178,-34.3864,-307.5719164944094,307.5719164944094
-37.8014,35.517,130.7,OCNG3-17,LeGal_etal._2018,R24-056179,-34.382999999999996,-309.38712014536185,309.38712014536185
-37.8014,35.517,130.7,OCNG3-17,LeGal_etal._2018,R24-056180,-34.382999999999996,-309.38712014536185,309.38712014536185
-37.817,35.5202,123.9,OCNG3-18,LeGal_etal._2018,R24-056182,-34.379799999999996,-311.07623934656266,311.07623934656266
-37.817,35.5202,123.9,OCNG3-18,LeGal_etal._2018,R24-056181,-34.379799999999996,-311.07623934656266,311.07623934656266
-37.8335,35.5228,108.1,OCNG3-19,LeGal_etal._2018,R24-056183,-34.3772,-312.79471010271965,312.79471010271965
-37.8335,35.5228,108.1,OCNG3-19,LeGal_etal._2018,R24-056184,-34.3772,-312.79471010271965,312.79471010271965
-37.8498,35.5262,123.0,OCNG3-20,LeGal_etal._2018,R24-056188,-34.373799999999996,-314.5642304977165,314.5642304977165
-37.8498,35.5262,123.0,OCNG3-20,LeGal_etal._2018,R24-056187,-34.373799999999996,-314.5642304977165,314.5642304977165
-37.8658,35.5291,102.0,OCNG3-21,LeGal_etal._2018,R24-056190,-34.3709,-316.26317571166726,316.26317571166726
-37.8658,35.5291,102.0,OCNG3-21,LeGal_etal._2018,R24-056189,-34.3709,-316.26317571166726,316.26317571166726
-37.882,35.5323,113.1,OCNG3-22,LeGal_etal._2018,R24-056192,-34.3677,-318.0060521370646,318.0060521370646
-37.882,35.5323,113.1,OCNG3-22,LeGal_etal._2018,R24-056191,-34.3677,-318.0060521370646,318.0060521370646
-37.9108,35.5372,102.2,KT3,LeGal_etal._2018,R24-056071,-34.3628,-321.03592735269467,321.03592735269467
-37.9108,35.5372,102.2,KT3,LeGal_etal._2018,R24-056072,-34.3628,-321.03592735269467,321.03592735269467
-43.895,35.581667,44.0,V27-102,Herman_etal._1977,R24-047451,-34.318332999999996,-866.0509976684053,866.0509976684053
-51.25,35.7983,43.8,V19-183,Abbott_2008,R24-001347,-34.0,-1555.7459535120322,1555.7459535120322
-43.691667,36.0883333,40.0,V27-101,Herman_etal._1977,R24-047450,-33.9,-879.8573977693493,879.8573977693493
-29.393333,36.291667,37.0,V29-128,Herman_etal._1977,R24-047483,-33.8,394.9465094672639,394.9465094672639
-21.0,36.3333,47.7,13,Bullard_Day_1961,R24-023474,-33.8,1146.5845862950305,1146.5845862950305
-21.0,36.3333,48.0,13,Haenel_1979a,R24-044624,-33.8,1146.5845862950305,1146.5845862950305
-21.0,36.3333,47.7,13,Bullard_Day_1961,R24-023475,-33.8,1146.5845862950305,1146.5845862950305
-33.9683,36.3983,75.0,ATL_69.1,Williams_etal._1977,R24-088672,-33.8,-15.063207398224638,15.063207398224638
-33.9783,36.4017,0.0,ATL_72.2,Williams_etal._1977,R24-088674,-33.7932,-16.56611828912213,16.56611828912213
-33.975,36.405,59.0,ATL_72.1,Williams_etal._1977,R24-088673,-33.77999999999999,-17.451409396216125,17.451409396216125
-33.985,36.4067,75.0,ATL_72.3,Williams_etal._1977,R24-088675,-33.77319999999999,-18.954500712660188,18.954500712660188
-33.62,36.41,130.0,ATL_65.1,Williams_etal._1977,R24-088664,-33.760000000000005,12.52841069782781,12.52841069782781
-33.6167,36.4133,314.0,ATL_65.2,Williams_etal._1977,R24-088665,-33.74679999999999,11.6419785059863,11.6419785059863
-33.96,36.4167,21.0,ATL_68.4,Williams_etal._1977,R24-088671,-33.7332,-20.29427476216821,20.29427476216821
-33.615,36.4183,113.0,ATL_65.3,Williams_etal._1977,R24-088666,-33.72679999999998,10.003761800086066,10.003761800086066
-33.6117,36.4217,201.0,ATL_65.4,Williams_etal._1977,R24-088667,-33.713199999999986,9.081729589896012,9.081729589896012
-33.9533,36.425,138.0,ATL_68.3,Williams_etal._1977,R24-088670,-33.7,-22.663096956497895,22.663096956497895
-33.9467,36.43,142.0,ATL_68.2,Williams_etal._1977,R24-088669,-33.67999999999999,-23.86047652100467,23.86047652100467
-33.9417,36.435,17.0,ATL_68.1,Williams_etal._1977,R24-088668,-33.65999999999998,-25.200837217534218,25.200837217534218
-33.9133,36.44,71.0,ATL_25.2,Williams_etal._1977,R24-088626,-33.64,-24.44779941383014,24.44779941383014
-33.9017,36.4483,84.0,ATL_25.3,Williams_etal._1977,R24-088627,-33.60679999999998,-26.377185663348538,26.377185663348538
-33.8833,36.4517,318.0,ATL_25.6,Williams_etal._1977,R24-088628,-33.59319999999999,-25.946714749138067,25.946714749138067
-33.8717,36.49,142.0,ATL_61.2,Williams_etal._1977,R24-088663,-33.43999999999999,-38.59242851029689,38.59242851029689
-33.5783,36.58,105.0,ATL_50.4,Williams_etal._1977,R24-088654,-32.840000000000025,-65.92459797701487,65.92459797701487
-52.45,36.5817,30.0,V27-103,Abbott_2008,R24-001584,-32.82810000000003,-1752.048469600763,1752.048469600763
-52.45,36.583,30.0,V27-103,LDEO_2004,R24-055450,-32.819000000000024,-1752.8314953701465,1752.8314953701465
-33.6483,36.5917,29.0,ATL_41.1,Williams_etal._1977,R24-088634,-32.75809999999999,-79.47606982533443,79.47606982533443
-33.6433,36.5917,17.0,ATL_41.2,Williams_etal._1977,R24-088635,-32.75809999999999,-79.02967536439722,79.02967536439722
-33.5767,36.595,222.0,ATL_50.2,Williams_etal._1977,R24-088653,-32.73500000000002,-75.14283007051166,75.14283007051166
-33.5633,36.595,193.0,ATL_47.3,Williams_etal._1977,R24-088651,-32.73500000000002,-73.94654407437861,73.94654407437861
-33.6133,36.5967,117.0,ATL_22.1,Williams_etal._1977,R24-088622,-32.723100000000024,-79.47092025363354,79.47092025363354
-33.6117,36.5983,234.0,ATL_22.2,Williams_etal._1977,R24-088623,-32.7119,-80.32627632232186,80.32627632232186
-33.5767,36.5983,272.0,ATL_50.1,Williams_etal._1977,R24-088652,-32.7119,-77.20178235557259,77.20178235557259
-33.6117,36.6017,130.0,ATL_22.3,Williams_etal._1977,R24-088624,-32.6983,-81.5367719479736,81.5367719479736
-33.6467,36.6033,142.0,ATL_42.4,Williams_etal._1977,R24-088637,-32.69670000000001,-84.80219703178304,84.80219703178304
-33.6333,36.605,109.0,ATL_42.1,Williams_etal._1977,R24-088636,-32.69500000000001,-83.75594513669431,83.75594513669431
-33.6117,36.605,46.0,ATL_22.4,Williams_etal._1977,R24-088625,-32.69500000000001,-81.82785346563755,81.82785346563755
-33.59,36.605,163.0,ATL_43.1,Williams_etal._1977,R24-088638,-32.69500000000001,-79.89083544425215,79.89083544425215
-33.5817,36.605,348.0,ATL_43.2,Williams_etal._1977,R24-088639,-32.69500000000001,-79.14994836694741,79.14994836694741
-33.5533,36.605,331.0,ATL_46.7,Williams_etal._1977,R24-088647,-32.69500000000001,-76.61486487352104,76.61486487352104
-33.575,36.6067,394.0,ATL_43.3,Williams_etal._1977,R24-088640,-32.69330000000001,-78.70189623916211,78.70189623916211
-33.5717,36.6117,368.0,ATL_47.1,Williams_etal._1977,R24-088649,-32.688300000000005,-78.84852881313473,78.84852881313473
-33.555,36.6117,234.0,ATL_46.6,Williams_etal._1977,R24-088646,-32.688300000000005,-77.35795780206459,77.35795780206459
-33.5417,36.6133,318.0,ATL_51.5,Williams_etal._1977,R24-088659,-32.6867,-76.31208215241237,76.31208215241237
-33.5367,36.6133,272.0,ATL_51.6,Williams_etal._1977,R24-088660,-32.6867,-75.86581266614137,75.86581266614137
-33.525,36.6133,184.0,ATL_51.7,Williams_etal._1977,R24-088661,-32.6867,-74.82154206826583,74.82154206826583
-33.5167,36.6133,197.0,ATL_51.8,Williams_etal._1977,R24-088662,-32.6867,-74.0807347210554,74.0807347210554
-33.5617,36.615,352.0,ATL_51.2,Williams_etal._1977,R24-088656,-32.685,-78.24716661189663,78.24716661189663
-33.5467,36.615,381.0,ATL_51.4,Williams_etal._1977,R24-088658,-32.685,-76.9083876690673,76.9083876690673
-33.57,36.6167,247.0,ATL_51.1,Williams_etal._1977,R24-088655,-32.6833,-79.13794104918857,79.13794104918857
-33.555,36.6183,264.0,ATL_46.5,Williams_etal._1977,R24-088645,-32.681700000000006,-77.9403740979222,77.9403740979222
-33.5583,36.6233,289.0,ATL_46.4,Williams_etal._1977,R24-088644,-32.676700000000004,-78.67603039633829,78.67603039633829
-33.625,36.625,75.0,ATL_21.6,Williams_etal._1977,R24-088621,-32.675000000000004,-84.77833538369637,84.77833538369637
-33.5633,36.6283,134.0,ATL_46.3,Williams_etal._1977,R24-088643,-32.6717,-79.5632921080548,79.5632921080548
-33.635,36.63,75.0,ATL_21.5,Williams_etal._1977,R24-088620,-32.67,-86.111354040752,86.111354040752
-33.6383,36.6317,38.0,ATL_21.4,Williams_etal._1977,R24-088619,-32.6683,-86.5556174106259,86.5556174106259
-33.57,36.6317,151.0,ATL_46.2,Williams_etal._1977,R24-088642,-32.6683,-80.46103115377454,80.46103115377454
-33.58,36.635,151.0,ATL_46.1,Williams_etal._1977,R24-088641,-32.665000000000006,-81.64432805497118,81.64432805497118
-33.6483,36.6367,33.0,ATL_21.2,Williams_etal._1977,R24-088618,-32.66330000000001,-87.8884030189843,87.8884030189843
-33.6517,36.6383,29.0,ATL_21.1,Williams_etal._1977,R24-088617,-32.6617,-88.33270257549196,88.33270257549196
-33.7217,36.6667,33.0,ATL_16.1,Williams_etal._1977,R24-088612,-32.633300000000006,-97.07662698905966,97.07662698905966
-33.6883,36.675,92.0,ATL_16.3,Williams_etal._1977,R24-088613,-32.62500000000001,-94.82767764234308,94.82767764234308
-33.6767,36.68,159.0,ATL_16.4,Williams_etal._1977,R24-088614,-32.620000000000005,-94.23294891276255,94.23294891276255
-33.6717,36.685,138.0,ATL_16.5,Williams_etal._1977,R24-088615,-32.615,-94.22682350246109,94.22682350246109
-33.635,36.6983,29.0,ATL_17.1,Williams_etal._1977,R24-088616,-32.6017,-92.12428972071537,92.12428972071537
-33.3267,36.75,142.0,ATL_35.3,Williams_etal._1977,R24-088629,-32.55,-69.20041092928561,69.20041092928561
-33.3283,36.7617,172.0,ATL_36.3,Williams_etal._1977,R24-088633,-32.5383,-70.37464573205534,70.37464573205534
-30.7617,36.7617,42.2,CD-5-1,Adam_etal._2003,R24-002098,-32.5383,158.26277925008802,158.26277925008802
-33.33,36.7633,126.0,ATL_35.4,Williams_etal._1977,R24-088630,-32.536699999999996,-70.66714147827663,70.66714147827663
-33.325,36.7633,100.0,ATL_36.2,Williams_etal._1977,R24-088632,-32.536699999999996,-70.22174162022665,70.22174162022665
-33.3317,36.7667,147.0,ATL_36.1,Williams_etal._1977,R24-088631,-32.5333,-71.11829613615795,71.11829613615795
-30.7817,36.7667,143.0,CD-5-2,Adam_etal._2003,R24-002099,-32.5333,156.02556051113962,156.02556051113962
-30.8017,36.77,109.4,CD-5-3,Adam_etal._2003,R24-002100,-32.529999999999994,153.9434636920059,153.9434636920059
-30.8217,36.7733,74.0,CD-5-4,Adam_etal._2003,R24-002101,-32.5267,151.86154501189503,151.86154501189503
-30.8383,36.7767,31.3,CD-5-5,Adam_etal._2003,R24-002102,-32.5233,150.07352162919625,150.07352162919625
-30.9017,36.7917,55.0,CD-6-1,Adam_etal._2003,R24-002103,-32.5083,143.06286667796311,143.06286667796311
-30.9233,36.795,53.5,CD-6-2,Adam_etal._2003,R24-002111,-32.504999999999995,140.83953000736128,140.83953000736128
-30.9417,36.8,100.9,CD-6-3,Adam_etal._2003,R24-002112,-32.5,138.7468632243777,138.7468632243777
-30.96,36.8033,120.4,CD-6-4,Adam_etal._2003,R24-002113,-32.48679999999999,135.93632989805175,135.93632989805175
-30.9717,36.805,126.2,AB-4-16,Adam_etal._2003,R24-002084,-32.47999999999999,134.28622920516597,134.28622920516597
-30.9783,36.8067,148.1,CD-6-5,Adam_etal._2003,R24-002114,-32.47319999999999,133.0902521555999,133.0902521555999
-30.9983,36.81,138.4,CD-6-6,Adam_etal._2003,R24-002115,-32.45999999999998,130.12886287275364,130.12886287275364
-31.0183,36.8133,185.2,CD-6-7,Adam_etal._2003,R24-002116,-32.446799999999996,127.1677279526371,127.1677279526371
-30.96,36.8167,131.0,AB-4-15,Adam_etal._2003,R24-002083,-32.4332,131.14118008124308,131.14118008124308
-31.0383,36.8183,131.6,CD-6-8,Adam_etal._2003,R24-002117,-32.426799999999986,123.59877964253141,123.59877964253141
-31.0567,36.8217,133.0,CD-6-9,Adam_etal._2003,R24-002118,-32.41319999999999,120.74490194019428,120.74490194019428
-31.0767,36.8267,138.9,CD-6-10,Adam_etal._2003,R24-002104,-32.39319999999998,117.17676156985402,117.17676156985402
-30.95,36.8283,111.9,AB-4-14,Adam_etal._2003,R24-002082,-32.386799999999994,127.88154225498721,127.88154225498721
-31.0967,36.83,127.9,CD-6-11,Adam_etal._2003,R24-002105,-32.379999999999995,114.21682675699245,114.21682675699245
-31.1183,36.8333,124.1,CD-6-12,Adam_etal._2003,R24-002106,-32.366799999999984,111.1147487227978,111.1147487227978
-31.1383,36.84,157.5,CD-6-13,Adam_etal._2003,R24-002107,-32.339999999999975,106.94024633404892,106.94024633404892
-33.6675,36.8408,23.0,DSDP_37_333,Hyndman_etal._1976,R24-048703,-32.33679999999998,-118.41882099004177,118.41882099004177
-30.9383,36.8417,110.7,AB-4-13,Adam_etal._2003,R24-002081,-32.33319999999998,124.13050982738262,124.13050982738262
-31.1583,36.8433,126.2,CD-6-14,Adam_etal._2003,R24-002108,-32.32679999999999,103.98126456626068,103.98126456626068
-31.1783,36.8467,116.7,CD-6-15,Adam_etal._2003,R24-002109,-32.313199999999995,100.98681211750458,100.98681211750458
-31.1983,36.8517,114.9,CD-6-16,Adam_etal._2003,R24-002110,-32.29319999999999,97.421120318138,97.421120318138
-30.925,36.8567,113.5,AB-4-12,Adam_etal._2003,R24-002080,-32.27320000000001,119.95119482162995,119.95119482162995
-31.2517,36.8617,144.6,CD-7-1,Adam_etal._2003,R24-002119,-32.2532,89.09899300204533,89.09899300204533
-31.2733,36.865,143.2,CD-7-2,Adam_etal._2003,R24-002120,-32.23999999999999,85.99927794904735,85.99927794904735
-31.3017,36.8717,214.8,CD-7-3,Adam_etal._2003,R24-002121,-32.21320000000001,81.08148097876924,81.08148097876924
-30.9133,36.8717,112.2,AB-4-11,Adam_etal._2003,R24-002079,-32.21320000000001,115.63117621974979,115.63117621974979
-31.3198,36.8763,203.0,CD-18-1,Lucazeau_etal._2006,R24-059252,-32.194799999999994,77.82997630009577,77.82997630009577
-31.3198,36.8765,183.0,CD-18-2,Lucazeau_etal._2006,R24-059253,-32.193999999999996,77.75861384464497,77.75861384464497
-31.32,36.8767,181.4,CD-16-2,Adam_etal._2003,R24-002093,-32.1932,77.66946214522223,77.66946214522223
-33.6417,36.8783,29.0,DSDP_37_332A,Hyndman_etal._1976,R24-048700,-32.186799999999984,-129.40784831870258,129.40784831870258
-31.3383,36.8783,302.6,CD-16-3,Adam_etal._2003,R24-002094,-32.186799999999984,75.47086349468402,75.47086349468402
-31.3387,36.8793,305.0,CD-18-3,Lucazeau_etal._2006,R24-059254,-32.18279999999999,75.0785170482498,75.0785170482498
-33.6433,36.88,27.0,DSDP_37_332B,Hyndman_etal._1976,R24-048702,-32.179999999999986,-130.15209925073324,130.15209925073324
-33.6433,36.88,23.0,DSDP_37_332B,Hyndman_etal._1976,R24-048701,-32.179999999999986,-130.15209925073324,130.15209925073324
-31.3617,36.883,181.0,CD-18-4,Lucazeau_etal._2006,R24-059255,-32.167999999999985,71.71291937370836,71.71291937370836
-31.3617,36.8833,182.8,CD-16-4,Adam_etal._2003,R24-002095,-32.1668,71.60590915282722,71.60590915282722
-30.9,36.885,92.7,AB-4-10,Adam_etal._2003,R24-002078,-32.160000000000004,112.06239818236389,112.06239818236389
-31.38,36.8867,139.2,CD-16-5,Adam_etal._2003,R24-002096,-32.153200000000005,68.76564843978561,68.76564843978561
-31.381,36.8868,140.0,CD-18-5,Lucazeau_etal._2006,R24-059256,-32.15279999999999,68.64104753035137,68.64104753035137
-31.3967,36.89,144.0,CD-16-6,Adam_etal._2003,R24-002097,-32.13999999999999,66.10359170498566,66.10359170498566
-31.397,36.8907,144.0,CD-18-6,Lucazeau_etal._2006,R24-059257,-32.137199999999986,65.82729706060783,65.82729706060783
-31.4067,36.8933,114.7,CD-8-1,Adam_etal._2003,R24-002122,-32.12679999999998,64.03758721964005,64.03758721964005
-31.4267,36.8967,38.8,CD-8-2,Adam_etal._2003,R24-002124,-32.113199999999985,61.04686199696125,61.04686199696125
-30.8867,36.8967,106.4,AB-4-9,Adam_etal._2003,R24-002092,-32.113199999999985,109.06624361146926,109.06624361146926
-31.4467,36.9,32.0,CD-8-3,Adam_etal._2003,R24-002125,-32.1,58.09204722778852,58.09204722778852
-31.4667,36.905,29.5,CD-8-4,Adam_etal._2003,R24-002126,-32.1,56.30993854718701,56.30993854718701
-31.4867,36.9083,35.9,CD-8-5,Adam_etal._2003,R24-002127,-32.1,54.529277670632524,54.529277670632524
-31.5083,36.9117,43.3,CD-8-6,Adam_etal._2003,R24-002128,-32.1,52.606449622058385,52.606449622058385
-30.8767,36.9117,103.9,AB-4-8,Adam_etal._2003,R24-002091,-32.1,108.76030052841608,108.76030052841608
-31.5283,36.9167,25.3,CD-8-7,Adam_etal._2003,R24-002129,-32.1,50.82497165738022,50.82497165738022
-31.5483,36.9217,22.3,CD-8-8,Adam_etal._2003,R24-002130,-32.1,49.04372644547926,49.04372644547926
-31.5683,36.925,20.5,CD-8-9,Adam_etal._2003,R24-002131,-32.1,47.26376791477357,47.26376791477357
-30.865,36.925,135.8,AB-4-7,Adam_etal._2003,R24-002090,-32.1,109.78136801720034,109.78136801720034
-31.5883,36.93,27.6,CD-8-10,Adam_etal._2003,R24-002123,-32.1,45.482948805931336,45.482948805931336
-30.8517,36.94,67.8,AB-4-6,Adam_etal._2003,R24-002089,-32.1,110.9417937587416,110.9417937587416
-33.1617,36.9417,18.0,KNR_42B4,Williams_etal._1977,R24-088708,-32.1,-94.35574348207787,94.35574348207787
-33.1017,36.9417,180.0,KNR_43.2,Williams_etal._1977,R24-088710,-32.1,-89.0234042064587,89.0234042064587
-33.1267,36.9433,56.0,KNR_26.6,Williams_etal._1977,R24-088690,-32.1,-91.24329617309176,91.24329617309176
-33.1,36.9433,52.0,KNR_43.3,Williams_etal._1977,R24-088711,-32.1,-88.8704550239524,88.8704550239524
-33.1883,36.945,8.0,KNR_32.6,Williams_etal._1977,R24-088698,-32.1,-96.71555815582717,96.71555815582717
-33.1933,36.9467,59.0,KNR_32.5,Williams_etal._1977,R24-088697,-32.1,-97.15773246915228,97.15773246915228
-33.18,36.9467,14.0,KNR_36B4,Williams_etal._1977,R24-088703,-32.1,-95.97580816489926,95.97580816489926
-33.1283,36.9467,52.0,KNR_26.5,Williams_etal._1977,R24-088689,-32.1,-91.3814106814502,91.3814106814502
-33.1967,36.9483,11.0,KNR_32.3,Williams_etal._1977,R24-088696,-32.1,-97.4578315929643,97.4578315929643
-33.1783,36.9483,48.0,KNR_36B5,Williams_etal._1977,R24-088704,-32.1,-95.82272253733329,95.82272253733329
-33.1983,36.95,13.0,KNR_32.2,Williams_etal._1977,R24-088695,-32.1,-97.5978368601296,97.5978368601296
-33.13,36.95,51.0,KNR_26.4,Williams_etal._1977,R24-088688,-32.1,-91.52851858866742,91.52851858866742
-33.1017,36.95,72.0,KNR_17.10,Williams_etal._1977,R24-088678,-32.1,-89.0137058934641,89.0137058934641
-33.1983,36.9517,0.4,KNR_32.1,Williams_etal._1977,R24-088694,-32.1,-97.5956586452331,97.5956586452331
-33.1817,36.9517,123.0,KNR_36B3,Williams_etal._1977,R24-088702,-32.1,-96.12057175320793,96.12057175320793
-33.1683,36.9517,8.0,KNR_27.1,Williams_etal._1977,R24-088691,-32.1,-94.92983896085079,94.92983896085079
-33.1667,36.9517,32.0,KNR_27.2,Williams_etal._1977,R24-088692,-32.1,-94.78766191101677,94.78766191101677
-33.1233,36.9517,122.0,KNR_17.5,Williams_etal._1977,R24-088682,-32.1,-90.93110943427732,90.93110943427732
-33.115,36.9517,143.0,KNR_17.6,Williams_etal._1977,R24-088683,-32.1,-90.19356598826504,90.19356598826504
-33.1117,36.9517,55.0,KNR_17.7,Williams_etal._1977,R24-088684,-32.1,-89.90032582298274,89.90032582298274
-33.1083,36.9517,229.0,KNR_17.8,Williams_etal._1977,R24-088685,-32.1,-89.59819959208615,89.59819959208615
-33.1767,36.9533,21.0,KNR_36B1,Williams_etal._1977,R24-088700,-32.1,-95.67425862944422,95.67425862944422
-33.165,36.9533,42.0,KNR_27.3,Williams_etal._1977,R24-088693,-32.1,-94.63461079256832,94.63461079256832
-33.13,36.9533,70.0,KNR_17.3,Williams_etal._1977,R24-088680,-32.1,-91.52455316088796,91.52455316088796
-33.1267,36.9533,98.0,KNR_17.4,Williams_etal._1977,R24-088681,-32.1,-91.23131915561495,91.23131915561495
-33.105,36.9533,62.0,KNR_43.1,Williams_etal._1977,R24-088709,-32.1,-89.30308342397271,89.30308342397271
-30.8417,36.9533,52.0,AB-4-5,Adam_etal._2003,R24-002088,-32.1,111.81101479839359,111.81101479839359
-33.1817,36.955,18.0,KNR_36B2,Williams_etal._1977,R24-088701,-32.1,-96.11640711979443,96.11640711979443
-33.135,36.955,7.0,KNR_26.2,Williams_etal._1977,R24-088687,-32.1,-91.96679427658972,91.96679427658972
-33.1533,36.9567,36.0,KNR_361,Williams_etal._1977,R24-088699,-32.1,-93.59078461704847,93.59078461704847
-33.1317,36.9567,82.0,KNR_17.2,Williams_etal._1977,R24-088679,-32.1,-91.67152044945311,91.67152044945311
-33.1317,36.9583,62.0,KNR_17.1,Williams_etal._1977,R24-088677,-32.1,-91.66959438314382,91.66959438314382
-30.83,36.965,60.1,AB-4-4,Adam_etal._2003,R24-002087,-32.1,112.83332443458012,112.83332443458012
-33.1383,36.9667,52.0,KNR_26.1,Williams_etal._1977,R24-088686,-32.1,-92.24584617467696,92.24584617467696
-30.8183,36.9767,89.7,AB-4-3,Adam_etal._2003,R24-002086,-32.1,113.85530986261429,113.85530986261429
-30.8067,36.9933,63.2,AB-4-2,Adam_etal._2003,R24-002085,-32.1,114.86068921809677,114.86068921809677
-30.795,37.0067,39.2,AB-4-1,Adam_etal._2003,R24-002077,-32.1,115.87936678323076,115.87936678323076
-30.7817,37.0183,35.1,AB-3-5,Adam_etal._2003,R24-002076,-32.1,117.04249371694536,117.04249371694536
-30.7977,37.022,44.0,OP-17-2,Lucazeau_etal._2006,R24-059259,-32.1,115.61633693459153,115.61633693459153
-30.7983,37.0233,46.5,OP-17-1,Adam_etal._2003,R24-002176,-32.1,115.56109233045721,115.56109233045721
-30.8133,37.025,43.2,OP-17-3,Adam_etal._2003,R24-002178,-32.1,114.22688030817415,114.22688030817415
-30.83,37.0283,54.0,OP-17-4,Adam_etal._2003,R24-002179,-32.1,112.73943875344449,112.73943875344449
-56.6667,37.0317,37.1,V27-104,Abbott_2008,R24-001585,-32.1,-2180.718101239288,2180.718101239288
-30.8467,37.0317,67.7,OP-17-5,Adam_etal._2003,R24-002180,-32.1,111.25197915402583,111.25197915402583
-56.667,37.033,37.0,V27-104,LDEO_2004,R24-055451,-32.1,-2180.707402411846,2180.707402411846
-30.7733,37.0333,40.4,AB-3-4,Adam_etal._2003,R24-002075,-32.1,117.7650133050267,117.7650133050267
-30.8633,37.035,78.2,OP-17-6,Adam_etal._2003,R24-002181,-32.1,109.77367277748013,109.77367277748013
-34.4145,37.0355,45.0,DSDP_37_334,Hyndman_etal._1976,R24-048704,-32.1,-205.44149166122642,205.44149166122642
-32.1317,37.0367,93.6,GH-10-1,Adam_etal._2003,R24-002150,-32.1,-2.8137361714717395,2.8137361714717395
-30.88,37.0367,89.6,OP-17-7,Adam_etal._2003,R24-002182,-32.1,108.28889997461988,108.28889997461988
-32.1517,37.04,68.7,GH-10-2,Adam_etal._2003,R24-002151,-32.1,-4.588764598366345,4.588764598366345
-30.8967,37.04,94.8,OP-17-8,Adam_etal._2003,R24-002183,-32.1,106.80194277010794,106.80194277010794
-30.9133,37.0433,80.8,OP-17-9,Adam_etal._2003,R24-002184,-32.1,105.32398943017897,105.32398943017897
-30.7617,37.0433,97.2,AB-3-3,Adam_etal._2003,R24-002074,-32.1,118.77904698273221,118.77904698273221
-32.1733,37.045,77.0,GH-10-3,Adam_etal._2003,R24-002152,-32.1,-6.505498894308741,6.505498894308741
-30.9283,37.0467,85.3,OP-17-10,Adam_etal._2003,R24-002177,-32.1,103.98802654445451,103.98802654445451
-32.1933,37.05,78.7,GH-10-4,Adam_etal._2003,R24-002153,-32.1,-8.279987249363485,8.279987249363485
-30.945,37.05,96.6,OP-18-1,Adam_etal._2003,R24-002185,-32.1,102.50144987154245,102.50144987154245
-32.2133,37.0533,72.9,GH-10-5,Adam_etal._2003,R24-002154,-32.1,-10.054466921799825,10.054466921799825
-30.9617,37.0533,92.2,OP-18-2,Adam_etal._2003,R24-002186,-32.1,101.0150017394989,101.0150017394989
-31.8767,37.055,49.8,EF-9-1,Adam_etal._2003,R24-002132,-32.1,19.815641369685057,19.815641369685057
-30.9783,37.055,149.0,OP-18-3,Adam_etal._2003,R24-002187,-32.1,99.53965483374633,99.53965483374633
-32.2333,37.0567,163.4,GH-10-6,Adam_etal._2003,R24-002155,-32.1,-11.828776611486798,11.828776611486798
-30.75,37.0567,96.7,AB-3-2,Adam_etal._2003,R24-002073,-32.1,119.7963122693727,119.7963122693727
-31.045,37.0583,82.5,OP-18-8,Adam_etal._2003,R24-002190,-32.1,93.61662545772049,93.61662545772049
-30.995,37.0583,80.5,OP-18-4,Adam_etal._2003,R24-002188,-32.1,98.05343235145139,98.05343235145139
-31.0317,37.06,95.1,OP-19-16,Adam_etal._2003,R24-002194,-32.1,94.79469205413622,94.79469205413622
-31.0017,37.06,106.7,OP-19-12,Adam_etal._2003,R24-002192,-32.1,97.45671654316007,97.45671654316007
-31.0088,37.0613,63.0,OP-18-5,Lucazeau_etal._2006,R24-059260,-32.1,96.82504494181198,96.82504494181198
-32.2533,37.0617,260.6,GH-10-7,Adam_etal._2003,R24-002156,-32.1,-13.60264032966898,13.60264032966898
-31.8967,37.0617,36.3,EF-9-2,Adam_etal._2003,R24-002142,-32.1,18.03924839544492,18.03924839544492
-31.03,37.0617,117.2,OP-19-17,Adam_etal._2003,R24-002195,-32.1,94.9434126076038,94.9434126076038
-31.0233,37.0617,193.1,OP-19-15,Adam_etal._2003,R24-002193,-32.1,95.53791808841797,95.53791808841797
-31.0083,37.0617,385.4,OP-18-6,Adam_etal._2003,R24-002189,-32.1,96.86890050815077,96.86890050815077
-32.2733,37.065,206.5,GH-10-8,Adam_etal._2003,R24-002157,-32.1,-15.376614635259028,15.376614635259028
-31.9167,37.065,83.1,EF-9-3,Adam_etal._2003,R24-002143,-32.1,16.263897649411774,16.263897649411774
-31.0093,37.0662,57.0,OP-19-13,Lucazeau_etal._2006,R24-059262,-32.1,96.7744273673607,96.7744273673607
-31.9383,37.0667,95.7,EF-9-5,Adam_etal._2003,R24-002145,-32.1,14.347044790573975,14.347044790573975
-32.295,37.0683,71.5,GH-10-9,Adam_etal._2003,R24-002158,-32.1,-17.301266038017836,17.301266038017836
-31.9383,37.0683,101.0,EF-9-4,Adam_etal._2003,R24-002144,-32.1,14.34674214537167,14.34674214537167
-30.7367,37.07,77.2,AB-3-1,Adam_etal._2003,R24-002072,-32.1,120.9553195213732,120.9553195213732
-31.9583,37.0717,49.4,EF-9-6,Adam_etal._2003,R24-002146,-32.1,12.57168971231889,12.57168971231889
-31.075,37.0733,123.9,OP-19-2,Adam_etal._2003,R24-002196,-32.1,90.93655667706453,90.93655667706453
-31.0758,37.0743,163.0,OP-19-1,Lucazeau_etal._2006,R24-059261,-32.1,90.86438354160467,90.86438354160467
-31.9783,37.0767,44.2,EF-9-7,Adam_etal._2003,R24-002147,-32.1,10.796568516811021,10.796568516811021
-31.0933,37.0767,157.9,OP-19-3,Adam_etal._2003,R24-002197,-32.1,89.30900185598708,89.30900185598708
-32.0,37.08,34.2,EF-9-8,Adam_etal._2003,R24-002148,-32.1,8.871075270449266,8.871075270449266
-31.11,37.08,155.2,OP-19-4,Adam_etal._2003,R24-002198,-32.1,87.82364517744666,87.82364517744666
-32.02,37.0833,29.8,EF-9-9,Adam_etal._2003,R24-002149,-32.1,7.096551293770441,7.096551293770441
-31.1267,37.0833,129.7,OP-19-5,Adam_etal._2003,R24-002199,-32.1,86.33841717783663,86.33841717783663
-30.73,37.085,101.1,AB-2-10,Adam_etal._2003,R24-002063,-32.1,121.52571544277035,121.52571544277035
-31.1417,37.0867,134.4,OP-19-6,Adam_etal._2003,R24-002200,-32.1,85.00400087229328,85.00400087229328
-32.04,37.0883,49.0,EF-9-10,Adam_etal._2003,R24-002133,-32.1,5.3220623882901545,5.3220623882901545
-31.1583,37.09,143.9,OP-19-7,Adam_etal._2003,R24-002201,-32.1,83.5278955602223,83.5278955602223
-31.1767,37.0917,119.9,OP-19-8,Adam_etal._2003,R24-002202,-32.1,81.89399594969878,81.89399594969878
-32.06,37.0933,54.4,EF-9-11,Adam_etal._2003,R24-002134,-32.1,3.5478075104813493,3.5478075104813493
-31.1917,37.095,106.8,OP-19-10,Adam_etal._2003,R24-002191,-32.1,80.56003166493598,80.56003166493598
-31.1917,37.095,153.0,OP-19-9,Lucazeau_etal._2006,R24-059263,-32.1,80.56003166493598,80.56003166493598
-32.08,37.0967,97.9,EF-9-12,Adam_etal._2003,R24-002135,-32.1,1.7738241597425286,1.7738241597425286
-30.7217,37.0983,125.2,AB-2-9,Adam_etal._2003,R24-002071,-32.1,122.24051049085082,122.24051049085082
-32.1,37.1,57.9,EF-9-13,Adam_etal._2003,R24-002136,-32.1,0.0,0.0
-32.1217,37.105,83.7,EF-9-14,Adam_etal._2003,R24-002137,-32.085000000000015,-3.254610732265782,3.254610732265782
-30.7033,37.1067,145.8,AB-2-8,Adam_etal._2003,R24-002070,-32.079900000000016,122.07620101695584,122.07620101695584
-32.1417,37.1083,102.0,EF-9-15,Adam_etal._2003,R24-002138,-32.075100000000006,-5.905929996901278,5.905929996901278
-32.1617,37.1117,46.1,EF-9-16,Adam_etal._2003,R24-002139,-32.06490000000001,-8.583608974271499,8.583608974271499
-32.1817,37.1167,43.3,EF-9-17,Adam_etal._2003,R24-002140,-32.0499,-11.686414883441513,11.686414883441513
-32.2017,37.1217,48.5,EF-9-18,Adam_etal._2003,R24-002141,-32.034900000000015,-14.78881081573245,14.78881081573245
-30.6933,37.1217,156.8,AB-2-7,Adam_etal._2003,R24-002069,-32.034900000000015,118.94885246036155,118.94885246036155
-30.6817,37.1333,103.8,AB-2-6,Adam_etal._2003,R24-002068,-32.00010000000001,116.8739808260222,116.8739808260222
-30.67,37.1483,101.4,AB-2-5,Adam_etal._2003,R24-002067,-31.95510000000001,113.89940345383272,113.89940345383272
-30.6617,37.1617,130.2,AB-2-4,Adam_etal._2003,R24-002066,-31.9149,111.05239822046774,111.05239822046774
-30.6267,37.1667,148.0,AB-2-1,Adam_etal._2003,R24-002062,-31.899900000000013,112.81723606093495,112.81723606093495
-30.6483,37.1733,135.9,AB-2-3,Adam_etal._2003,R24-002065,-31.880100000000017,109.13928242650826,109.13928242650826
-30.6383,37.1867,144.6,AB-2-2,Adam_etal._2003,R24-002064,-31.839900000000004,106.44463419018867,106.44463419018867
-30.6117,37.2117,161.9,AB-1-11,Adam_etal._2003,R24-002053,-31.764900000000004,102.12325675436118,102.12325675436118
-30.6017,37.2233,159.2,AB-1-10,Adam_etal._2003,R24-002052,-31.7301,99.91169292011612,99.91169292011612
-30.5933,37.235,164.6,AB-1-9,Adam_etal._2003,R24-002061,-31.695000000000004,97.53246564469306,97.53246564469306
-30.5817,37.2483,180.9,AB-1-8,Adam_etal._2003,R24-002060,-31.6551,95.01032610115821,95.01032610115821
-30.5717,37.2633,155.2,AB-1-7,Adam_etal._2003,R24-002059,-31.610099999999996,91.89405606616103,91.89405606616103
-30.56,37.2767,164.0,AB-1-6,Adam_etal._2003,R24-002058,-31.5699,89.35602110411287,89.35602110411287
-30.5483,37.2883,151.2,AB-1-5,Adam_etal._2003,R24-002057,-31.535099999999996,87.29867478266463,87.29867478266463
-35.1987,37.2957,21.0,DSDP_37_335,Hyndman_etal._1976,R24-048705,-31.512900000000002,-326.037503014113,326.037503014113
-30.535,37.3,187.3,AB-1-4,Adam_etal._2003,R24-002056,-31.5,85.35683012403203,85.35683012403203
-30.5233,37.3167,161.4,AB-1-3,Adam_etal._2003,R24-002055,-31.4833,84.89570866523862,84.89570866523862
-30.51,37.3283,168.0,AB-1-2,Adam_etal._2003,R24-002054,-31.4717,85.0329183346396,85.0329183346396
-59.9817,37.3317,14.1,V27-105,Abbott_2008,R24-001586,-31.4683,-2521.0230756683627,2521.0230756683627
-59.983,37.333,14.0,V27-105,LDEO_2004,R24-055452,-31.467,-2521.209326118908,2521.209326118908
-32.4717,37.535,105.2,MN-14-2,Adam_etal._2003,R24-002174,-30.240000000000062,-196.7813927871175,196.7813927871175
-32.485,37.5372,39.0,MN-14-4,Lucazeau_etal._2006,R24-059258,-30.20480000000003,-201.0519758881208,201.0519758881208
-32.5017,37.54,139.1,MN-14-5,Adam_etal._2003,R24-002175,-30.16000000000002,-206.46685954196965,206.46685954196965
-32.2733,37.5717,41.5,KL-11-1,Adam_etal._2003,R24-002159,-29.652800000000017,-230.95029055175675,230.95029055175675
-32.2933,37.5767,50.1,KL-11-2,Adam_etal._2003,R24-002160,-29.57279999999998,-239.74740765082518,239.74740765082518
-32.3033,37.58,133.7,KL-11-3,Adam_etal._2003,R24-002161,-29.520000000000046,-245.27086419348237,245.27086419348237
-32.3267,37.5817,59.8,KL-11-4,Adam_etal._2003,R24-002162,-29.492800000000052,-249.72415160736938,249.72415160736938
-32.4017,37.595,271.2,KL-12-1,Adam_etal._2003,R24-002163,-29.28000000000004,-275.03602729886705,275.03602729886705
-32.42,37.6017,92.2,KL-12-4,Adam_etal._2003,R24-002164,-29.2,-283.6711609960811,283.6711609960811
-32.4417,37.605,100.2,KL-12-5,Adam_etal._2003,R24-002165,-29.2,-285.57018973251553,285.57018973251553
-32.4417,37.605,127.2,KL-12-6,Adam_etal._2003,R24-002166,-29.2,-285.57018973251553,285.57018973251553
-32.4817,37.615,142.0,KL-13-1,Adam_etal._2003,R24-002167,-29.2,-289.05503069099075,289.05503069099075
-32.5033,37.6167,72.3,KL-13-4,Adam_etal._2003,R24-002170,-29.2,-290.9509257979397,290.9509257979397
-32.5017,37.6167,125.3,KL-13-2,Adam_etal._2003,R24-002168,-29.2,-290.8099996085904,290.8099996085904
-32.5017,37.6167,130.2,KL-13-3,Adam_etal._2003,R24-002169,-29.2,-290.8099996085904,290.8099996085904
-32.515,37.62,141.6,KL-13-5,Adam_etal._2003,R24-002171,-29.2,-291.9684894878557,291.9684894878557
-32.5767,37.6317,94.9,KL-13-6,Adam_etal._2003,R24-002172,-29.2,-297.3559055637575,297.3559055637575
-32.595,37.6367,91.1,KL-13-7,Adam_etal._2003,R24-002173,-29.2,-298.9473076181831,298.9473076181831
-54.1,38.6317,10.0,V23-6,Abbott_2008,R24-001571,-28.136599999999998,-2255.252948228952,2255.252948228952
-57.8557,38.9873,51.0,Sohm208,Louden_etal._1987,R24-057438,-27.3,-2640.936912222062,2640.936912222062
-57.8468,38.996,48.0,Sohm209,Louden_etal._1987,R24-057439,-27.3,-2639.8431631360477,2639.8431631360477
-59.3767,39.835,55.0,Sohm105,Louden_etal._1987,R24-057435,-30.504999999999946,-2465.232939577591,2465.232939577591
-59.3667,39.8433,61.0,Sohm106,Louden_etal._1987,R24-057436,-30.363899999999976,-2476.1277276117507,2476.1277276117507
-59.355,39.86,50.0,Sohm107,Louden_etal._1987,R24-057437,-30.079999999999977,-2498.758936171756,2498.758936171756
