"lon","lat","heat_flow_mW_m2","name","reference","id"
"-40.5667","10","180","SP-7","VonHerzen_etal._1970","R24-086480"
"-40.5667","10","180","SP-7","Ludwig_Rabinowitz_1975","R24-060576"
"-40.5667","10","180","SP-7","Folinsbee_1969","R24-035385"
"-59.1142","10.0492","157","CARAM-15","Deville_etal._2006","R24-031011"
"-59.1333","10.052","39","CARAM-16a","Deville_etal._2006","R24-031012"
"-59.1311","10.052","40","CARAM-16b","Deville_etal._2006","R24-031013"
"-59.1288","10.052","43","CARAM-16c","Deville_etal._2006","R24-031014"
"-59.1158","10.0555","133","CARAM-14","Deville_etal._2006","R24-031010"
"-59.1017","10.0597","77","CARAM-11","Deville_etal._2006","R24-031007"
"-58.3067","10.2153","34","CARAM-07","Deville_etal._2006","R24-031004"
"-58.2","10.2417","99","CARAM-21","Deville_etal._2006","R24-031017"
"-25.3667","10.25","58","V19-174","Langseth_etal._1966","R24-053063"
"-41.3167","10.35","60","VFZ-12","Folinsbee_1969","R24-035390"
"-41.3167","10.35","60","VFZ-12","Ludwig_Rabinowitz_1975","R24-060603"
"-41.3167","10.35","60","VFZ-12","VonHerzen_etal._1970","R24-086485"
"-45.315","10.3583","38","C16-38","Abbott_2008","R24-000476"
"-44.3","10.3667","39","VFZ-5","Ludwig_Rabinowitz_1975","R24-060607"
"-44.3","10.3667","39","VFZ-5","Folinsbee_1969","R24-035397"
"-44.3","10.3667","39","VFZ-5","VonHerzen_etal._1970","R24-086492"
"-42.85","10.3667","212","SP-6","Folinsbee_1969","R24-035384"
"-42.85","10.3667","212","SP-6","Ludwig_Rabinowitz_1975","R24-060575"
"-42.85","10.3667","212","SP-6","VonHerzen_etal._1970","R24-086479"
"-42.425","10.3817","23","V32-6","Langseth_Hobart_1976","R24-054258"
"-42.425","10.3817","23","V32-6","Langseth_Hobart_1976","R24-054257"
"-42.425","10.3817","23","V32-6","Ludwig_Rabinowitz_1975","R24-060600"
"-58.8947","10.385","27","CARAM-08","Deville_etal._2006","R24-031005"
"-57.9917","10.4083","96","CARAM-22","Deville_etal._2006","R24-031018"
"-44.6667","10.45","27.7","V32-9","Abbott_2008","R24-001811"
"-44.67","10.4517","28","V32-009","Ludwig_Rabinowitz_1975","R24-060598"
"-58.0248","10.4567","46","CARAM-24","Deville_etal._2006","R24-031019"
"-57.9233","10.4607","76","CARAM-05","Deville_etal._2006","R24-031003"
"-58.7375","10.49","30","CARAM-18","Deville_etal._2006","R24-031016"
"-49.223","10.52","53","C16-36","LDEO_2004","R24-055163"
"-49.2217","10.52","52.5","C16-36","Abbott_2008","R24-000475"
"-50.1617","10.5633","31.8","C11-7","Abbott_2008","R24-000309"
"-59.1938","10.5656","52","CARAM-IO","Deville_etal._2006","R24-031021"
"-44.8667","10.5667","20","SP-1","Folinsbee_1969","R24-035376"
"-44.8667","10.5667","20","SP-1","VonHerzen_etal._1970","R24-086471"
"-58.7855","10.5732","36","CARAM-17","Deville_etal._2006","R24-031015"
"-59.1585","10.6172","57","CARAM-09","Deville_etal._2006","R24-031006"
"-54.347","10.6267","69","C16-30","LDEO_2004","R24-055161"
"-57.8517","10.6323","46","CARAM-25","Deville_etal._2006","R24-031020"
"-50","10.65","67","V26-51","Langseth_etal._1974","R24-053403"
"-54.307","10.6667","60","C16-29","LDEO_2004","R24-055160"
"-42.585","10.7217","288.65","RC17-17","Langseth_Hobart_1976","R24-054238"
"-42.585","10.7217","288.65","RC17-17","Langseth_Hobart_1976","R24-054237"
"-42.585","10.7217","288.65","RC17-17","Herman_etal._1977","R24-047305"
"-42.585","10.7217","288.65","RC17-17","Ludwig_Rabinowitz_1975","R24-060563"
"-41.5217","10.725","131.1","RC17-12","Ludwig_Rabinowitz_1975","R24-060558"
"-41.5217","10.725","131.1","RC17-12","Herman_etal._1977","R24-047300"
"-41.5217","10.725","131.1","RC17-12","Langseth_Hobart_1976","R24-054227"
"-41.5217","10.725","131.1","RC17-12","Langseth_Hobart_1976","R24-054228"
"-41.565","10.74","138","RC17-27","Herman_etal._1977","R24-047313"
"-41.565","10.74","138","RC17-27","Ludwig_Rabinowitz_1975","R24-060571"
"-41.565","10.74","138","RC17-27","Langseth_Hobart_1976","R24-054253"
"-41.565","10.74","138","RC17-27","Langseth_Hobart_1976","R24-054254"
"-42.5267","10.7417","201.25","RC17-15","Langseth_Hobart_1976","R24-054234"
"-42.5267","10.7417","201.25","RC17-15","Herman_etal._1977","R24-047303"
"-42.5267","10.7417","201.25","RC17-15","Langseth_Hobart_1976","R24-054233"
"-42.5267","10.7417","201.25","RC17-15","Ludwig_Rabinowitz_1975","R24-060561"
"-42.4333","10.7417","148.35","V32-4","Langseth_Hobart_1976","R24-054256"
"-42.4333","10.7417","148.35","V32-4","Langseth_Hobart_1976","R24-054255"
"-42.4333","10.7417","148.35","V32-4","Ludwig_Rabinowitz_1975","R24-060599"
"-41.35","10.75","141","V15-8","Langseth_etal._1966","R24-052990"
"-41.35","10.75","141","V15-8","Ludwig_Rabinowitz_1975","R24-060579"
"-41.35","10.75","141","V15-8","Gerard_etal._1962","R24-037275"
"-59.9347","10.7533","24","CARAM-13","Deville_etal._2006","R24-031009"
"-42.3633","10.7733","177.1","V32-8","Ludwig_Rabinowitz_1975","R24-060602"
"-42.3633","10.7733","177.1","V32-8","Langseth_Hobart_1976","R24-054262"
"-42.3633","10.7733","177.1","V32-8","Langseth_Hobart_1976","R24-054261"
"-42.195","10.7783","134.55","V32-7","Ludwig_Rabinowitz_1975","R24-060601"
"-42.195","10.7783","134.55","V32-7","Langseth_Hobart_1976","R24-054259"
"-42.195","10.7783","134.55","V32-7","Langseth_Hobart_1976","R24-054260"
"-41.2417","10.7917","192.05","RC17-26","Herman_etal._1977","R24-047312"
"-41.2417","10.7917","192.05","RC17-26","Langseth_Hobart_1976","R24-054251"
"-41.2417","10.7917","192.05","RC17-26","Langseth_Hobart_1976","R24-054252"
"-41.2417","10.7917","192.05","RC17-26","Ludwig_Rabinowitz_1975","R24-060570"
"-50.9333","10.8","52","C13-64","Bookman_etal._1972","R24-022756"
"-43.2","10.8","112","C08-3","Ludwig_Rabinowitz_1975","R24-060553"
"-43.2","10.8","112","C08-3","Langseth_etal._1966","R24-052951"
"-42.9333","10.8","126","VFZ-8","VonHerzen_etal._1970","R24-086494"
"-42.9333","10.8","126","VFZ-8","Folinsbee_1969","R24-035399"
"-42.9333","10.8","126","VFZ-8","Ludwig_Rabinowitz_1975","R24-060608"
"-43.9467","10.81","147.2","RC17-18","Ludwig_Rabinowitz_1975","R24-060564"
"-43.9467","10.81","147.2","RC17-18","Langseth_Hobart_1976","R24-054239"
"-43.9467","10.81","147.2","RC17-18","Langseth_Hobart_1976","R24-054240"
"-43.9467","10.81","147.2","RC17-18","Herman_etal._1977","R24-047306"
"-41.5867","10.825","171.35","RC17-14","Herman_etal._1977","R24-047302"
"-41.5867","10.825","171.35","RC17-14","Ludwig_Rabinowitz_1975","R24-060560"
"-41.5867","10.825","171.35","RC17-14","Langseth_Hobart_1976","R24-054231"
"-41.5867","10.825","171.35","RC17-14","Langseth_Hobart_1976","R24-054232"
"-41.1967","10.8283","184","RC17-13","Herman_etal._1977","R24-047301"
"-41.1967","10.8283","184","RC17-13","Ludwig_Rabinowitz_1975","R24-060559"
"-41.1967","10.8283","184","RC17-13","Langseth_Hobart_1976","R24-054229"
"-41.1967","10.8283","184","RC17-13","Langseth_Hobart_1976","R24-054230"
"-44.1667","10.8333","121","VFZ-4","Folinsbee_1969","R24-035396"
"-44.1667","10.8333","121","VFZ-4","VonHerzen_etal._1970","R24-086491"
"-44.1667","10.8333","121","VFZ-4","Ludwig_Rabinowitz_1975","R24-060606"
"-43.6417","10.8417","147.2","RC17-21","Herman_etal._1977","R24-047309"
"-43.6417","10.8417","147.2","RC17-21","Ludwig_Rabinowitz_1975","R24-060567"
"-43.6417","10.8417","147.2","RC17-21","Langseth_Hobart_1976","R24-054245"
"-43.6417","10.8417","147.2","RC17-21","Langseth_Hobart_1976","R24-054246"
"-42.58","10.8417","299","RC17-16","Ludwig_Rabinowitz_1975","R24-060562"
"-42.58","10.8417","299","RC17-16","Herman_etal._1977","R24-047304"
"-42.58","10.8417","299","RC17-16","Langseth_Hobart_1976","R24-054235"
"-42.58","10.8417","299","RC17-16","Langseth_Hobart_1976","R24-054236"
"-44.575","10.8433","75.9","RC17-19","Ludwig_Rabinowitz_1975","R24-060565"
"-44.575","10.8433","75.9","RC17-19","Herman_etal._1977","R24-047307"
"-44.575","10.8433","75.9","RC17-19","Langseth_Hobart_1976","R24-054242"
"-44.575","10.8433","75.9","RC17-19","Langseth_Hobart_1976","R24-054241"
"-44.1333","10.85","135","SP-3","Folinsbee_1969","R24-035382"
"-44.1333","10.85","135","SP-3","VonHerzen_etal._1970","R24-086477"
"-44.1333","10.85","135","SP-3","Ludwig_Rabinowitz_1975","R24-060573"
"-43.9233","10.865","141.45","RC17-20","Langseth_Hobart_1976","R24-054244"
"-43.9233","10.865","141.45","RC17-20","Langseth_Hobart_1976","R24-054243"
"-43.9233","10.865","141.45","RC17-20","Herman_etal._1977","R24-047308"
"-43.9233","10.865","141.45","RC17-20","Ludwig_Rabinowitz_1975","R24-060566"
"-43.6717","10.8767","133.4","RC17-24","Langseth_Hobart_1976","R24-054249"
"-43.6717","10.8767","133.4","RC17-24","Langseth_Hobart_1976","R24-054250"
"-43.6717","10.8767","133.4","RC17-24","Herman_etal._1977","R24-047311"
"-43.6717","10.8767","133.4","RC17-24","Ludwig_Rabinowitz_1975","R24-060569"
"-43.7167","10.8817","28","V22-7","Abbott_2008","R24-001570"
"-43.717","10.883","28","V22-7","LDEO_2004","R24-055446"
"-58.875","10.8992","49","CARAM-04","Deville_etal._2006","R24-031002"
"-58.9036","10.9162","27","CARAM-03","Deville_etal._2006","R24-031001"
"-44.1333","10.9167","124","SP-2","Ludwig_Rabinowitz_1975","R24-060572"
"-44.1333","10.9167","124","SP-2","VonHerzen_etal._1970","R24-086476"
"-44.1333","10.9167","124","SP-2","Folinsbee_1969","R24-035381"
"-44.01","10.9183","195.5","RC17-22","Langseth_Hobart_1976","R24-054248"
"-44.01","10.9183","195.5","RC17-22","Herman_etal._1977","R24-047310"
"-44.01","10.9183","195.5","RC17-22","Langseth_Hobart_1976","R24-054247"
"-44.01","10.9183","195.5","RC17-22","Ludwig_Rabinowitz_1975","R24-060568"
"-55.06","10.925","62.8","C15-35","Abbott_2008","R24-000432"
"-55.127","10.935","66","V31-27","LDEO_2004","R24-055539"
"-55.1267","10.935","66.2","V31-27","Abbott_2008","R24-001735"
"-54.4833","10.9833","49","C13-63","Bookman_etal._1972","R24-022755"
"-42.8333","11.0833","22","SP-5","Folinsbee_1969","R24-035383"
"-42.8333","11.0833","22","SP-5","Ludwig_Rabinowitz_1975","R24-060574"
"-42.8333","11.0833","22","SP-5","VonHerzen_etal._1970","R24-086478"
"-41.2833","11.1","43","SP-8","Ludwig_Rabinowitz_1975","R24-060577"
"-41.2833","11.1","43","SP-8","Folinsbee_1969","R24-035386"
"-41.2833","11.1","43","SP-8","VonHerzen_etal._1970","R24-086481"
"-58.35","11.15","41.5","C9-38","Abbott_2008","R24-000901"
"-58.34442291","11.16501245","116","C9-37","Schoonmaker_Ladd_1984","R24-077905"
"-42.5","11.2817","139","V32-5","Abbott_2008","R24-001792"
"-42.5","11.283","139","V32-5","LDEO_2004","R24-055579"
"-42.505","11.2917","21","V32-005","Ludwig_Rabinowitz_1975","R24-060597"
"-42.0333","11.35","96","SP-9","Ludwig_Rabinowitz_1975","R24-060578"
"-42.0333","11.35","96","SP-9","VonHerzen_etal._1970","R24-086482"
"-42.0333","11.35","96","SP-9","Folinsbee_1969","R24-035387"
"-41.8667","11.35","49","VFZ-13","Folinsbee_1969","R24-035391"
"-41.8667","11.35","49","VFZ-13","Ludwig_Rabinowitz_1975","R24-060604"
"-41.8667","11.35","49","VFZ-13","VonHerzen_etal._1970","R24-086486"
"-50.8167","11.3833","30","C13-65","Bookman_etal._1972","R24-022757"
"-45.15","11.5","29.33","V25-040","Langseth_etal._1972","R24-053352"
"-45.15","11.5","29.33","V25-040","Herman_etal._1977","R24-047371"
"-42.7167","11.5333","55","VFZ-14","Ludwig_Rabinowitz_1975","R24-060605"
"-42.7167","11.5333","55","VFZ-14","VonHerzen_etal._1970","R24-086487"
"-42.7167","11.5333","55","VFZ-14","Folinsbee_1969","R24-035392"
"-42.63333333","11.55","87.152","V25-041","Langseth_etal._1972","R24-053353"
"-42.63333333","11.55","87.152","V25-041","Herman_etal._1977","R24-047372"
"-45.55","11.5667","96","LSDA-132","Vacquier_VonHerzen_1964","R24-085049"
"-44.8","11.5667","35","LSDA-131","Vacquier_VonHerzen_1964","R24-085048"
"-52.17","11.5717","47.7","C16-32","Abbott_2008","R24-000473"
"-44.05","11.5833","101","LSDA-130","Vacquier_VonHerzen_1964","R24-085047"
"-44.05","11.5833","101","LSDA-130","Ludwig_Rabinowitz_1975","R24-060557"
"-47.28333333","11.63333333","62.431","V25-039","Langseth_etal._1972","R24-053351"
"-47.28333333","11.63333333","62.431","V25-039","Herman_etal._1977","R24-047370"
"-50.8","11.65","36","C13-66","Bookman_etal._1972","R24-022758"
"-50.822","11.6717","74","C16-33","LDEO_2004","R24-055162"
"-50.8217","11.6717","74","C16-33","Abbott_2008","R24-000474"
"-45.2667","11.75","59","SP-11","VonHerzen_etal._1970","R24-086472"
"-45.2667","11.75","59","SP-11","Folinsbee_1969","R24-035377"
"-48.4167","11.9","67","VFZ-17","VonHerzen_etal._1970","R24-086489"
"-48.4167","11.9","67","VFZ-17","Folinsbee_1969","R24-035394"
"-46.1667","11.95","28","VFZ-16","VonHerzen_etal._1970","R24-086488"
"-46.1667","11.95","28","VFZ-16","Folinsbee_1969","R24-035393"
"-47.0667","11.9667","172","SP-12","Folinsbee_1969","R24-035378"
"-47.0667","11.9667","172","SP-12","VonHerzen_etal._1970","R24-086473"
"-32.4167","11.9833","40","V20-216","Langseth_etal._1966","R24-053096"
"-57.95","12.0333","68","CH-75-42","Folinsbee_1969","R24-035375"
"-57.95","12.0333","68","CH-75-42","VonHerzen_etal._1970","R24-086470"
"-48.88333333","12.11666667","52.794","V25-038","Herman_etal._1977","R24-047369"
"-48.88333333","12.11666667","52.794","V25-038","Langseth_etal._1972","R24-053350"
"-55.6833","12.15","69","CH-75-40","VonHerzen_etal._1970","R24-086469"
"-55.6833","12.15","69","CH-75-40","Folinsbee_1969","R24-035374"
"-57.4617","12.2233","77.9","C16-26","Abbott_2008","R24-000471"
"-57.46503506","12.2468493","58.6","C16-25","Schoonmaker_Ladd_1984","R24-077903"
"-54.25","12.25","56","CH-75-39","VonHerzen_etal._1970","R24-086468"
"-54.25","12.25","56","CH-75-39","Folinsbee_1969","R24-035373"
"-46.2167","12.2833","19","LSDA-133","Vacquier_VonHerzen_1964","R24-085050"
"-57.5","12.305","57","HF5B","Blackwell_Richards_2004","R24-018913"
"-57.5","12.305","66","HF5A","Blackwell_Richards_2004","R24-018912"
"-57.5007","12.3057","66","HF5A","Foucher_etal._1990","R24-035506"
"-57.5","12.3067","53","HF5C","Blackwell_Richards_2004","R24-018914"
"-57.4852","12.3076","52","HF5H","Foucher_etal._1990","R24-035508"
"-57.4835","12.3082","51","HF5I","Foucher_etal._1990","R24-035509"
"-57.51","12.3083","60","HF6A","Blackwell_Richards_2004","R24-018932"
"-57.49","12.3083","52","HF5G","Blackwell_Richards_2004","R24-018918"
"-57.49","12.3083","54","HF5F","Blackwell_Richards_2004","R24-018917"
"-57.49","12.3083","55","HF5E","Blackwell_Richards_2004","R24-018916"
"-57.49","12.3083","53","HF5D","Blackwell_Richards_2004","R24-018915"
"-57.48","12.3083","68","HF5M","Blackwell_Richards_2004","R24-018923"
"-57.48","12.3083","51","HF5I","Blackwell_Richards_2004","R24-018919"
"-57.48","12.3083","71","HF5K","Blackwell_Richards_2004","R24-018921"
"-57.48","12.3083","67","HF5L","Blackwell_Richards_2004","R24-018922"
"-57.48","12.3083","58","HF5J","Blackwell_Richards_2004","R24-018920"
"-57.47","12.3083","72","HF5O","Blackwell_Richards_2004","R24-018925"
"-57.47","12.3083","66","HF5N","Blackwell_Richards_2004","R24-018924"
"-57.4917","12.3086","55","HF5E","Foucher_etal._1990","R24-035507"
"-57.4744","12.3087","66","HF5N","Foucher_etal._1990","R24-035511"
"-57.4719","12.3088","72","HF5O","Foucher_etal._1990","R24-035512"
"-57.4818","12.309","58","HF5J","Foucher_etal._1990","R24-035510"
"-57.4621","12.3096","51","HF5T","Foucher_etal._1990","R24-035513"
"-57.47","12.31","48","HF5R","Blackwell_Richards_2004","R24-018928"
"-57.47","12.31","52","HF5Q","Blackwell_Richards_2004","R24-018927"
"-57.47","12.31","63","HF5P","Blackwell_Richards_2004","R24-018926"
"-57.46","12.31","51","HF5T","Blackwell_Richards_2004","R24-018929"
"-57.4541","12.3111","46","HF5U","Foucher_etal._1990","R24-035514"
"-57.45","12.3117","46","HF5U","Blackwell_Richards_2004","R24-018930"
"-57.5167","12.4","118","V24-212","Langseth_etal._1971","R24-053258"
"-27.7833","12.7833","53","V19-175","Langseth_etal._1966","R24-053064"
"-44.7667","12.95","97","CH-75-30","VonHerzen_etal._1970","R24-086463"
"-44.7667","12.95","97","CH-75-30","Folinsbee_1969","R24-035368"
"-44.5667","12.9667","461","CH-75-29","Folinsbee_1969","R24-035367"
"-44.5667","12.9667","461","CH-75-29","VonHerzen_etal._1970","R24-086462"
"-45.9667","13","16","CH-75-31","Folinsbee_1969","R24-035369"
"-45.9667","13","16","CH-75-31","VonHerzen_etal._1970","R24-086464"
"-46.9167","13.0333","68","CH-75-32","VonHerzen_etal._1970","R24-086465"
"-46.9167","13.0333","68","CH-75-32","Folinsbee_1969","R24-035370"
"-52.96666667","13.03333333","73","V26-52","Langseth_etal._1974","R24-053404"
"-49.75","13.0667","35","CH-75-35","VonHerzen_etal._1970","R24-086466"
"-49.75","13.0667","35","CH-75-35","Folinsbee_1969","R24-035371"
"-51.3167","13.1","57","CH-75-37","VonHerzen_etal._1970","R24-086467"
"-51.3167","13.1","57","CH-75-37","Folinsbee_1969","R24-035372"
"-57.58934285","13.12657912","63.6","C16-22","Schoonmaker_Ladd_1984","R24-077902"
"-56.36644145","13.13478652","41.5","C9-38","Schoonmaker_Ladd_1984","R24-077906"
"-57.5817","13.1417","58.6","C16-25","Abbott_2008","R24-000470"
"-56.367","13.15","109","C9-37","LDEO_2004","R24-055262"
"-56.3667","13.15","109","C9-37","Abbott_2008","R24-000900"
"-42.85","13.2667","13","CH-75-17","Folinsbee_1969","R24-035363"
"-42.85","13.2667","13","CH-75-17","VonHerzen_etal._1970","R24-086458"
"-46.1333","13.35","106","CH-75-16","Folinsbee_1969","R24-035362"
"-46.1333","13.35","106","CH-75-16","VonHerzen_etal._1970","R24-086457"
"-45.4","13.3667","80","CH-75-20","VonHerzen_etal._1970","R24-086461"
"-45.4","13.3667","80","CH-75-20","Folinsbee_1969","R24-035366"
"-43.9","13.3833","69","CH-75-18","Folinsbee_1969","R24-035364"
"-43.9","13.3833","69","CH-75-18","VonHerzen_etal._1970","R24-086459"
"-44.6333","13.4","176","CH-75-19","Folinsbee_1969","R24-035365"
"-44.6333","13.4","176","CH-75-19","VonHerzen_etal._1970","R24-086460"
"-58.8667","13.4833","41","V18-9","Schoonmaker_Ladd_1984","R24-077934"
"-58.8667","13.4833","41","V18-9","Arnaiz-Rodriguez_Orihuela_2013","R24-003626"
"-58.8667","13.4833","41","V18-9","Langseth_etal._1966","R24-053018"
"-55.9833","13.4833","57","V18-10","Langseth_etal._1966","R24-052992"
"-51.1167","13.7333","50","V18-11","Langseth_etal._1966","R24-052993"
"-47.0333","13.9","50","CH-75-15","VonHerzen_etal._1970","R24-086456"
"-47.0333","13.9","50","CH-75-15","Folinsbee_1969","R24-035361"
"-58.09956905","14.19285613","68.2","C15-36","Schoonmaker_Ladd_1984","R24-077900"
"-34.4667","14.2","28","V20-218","Langseth_etal._1966","R24-053097"
"-58.102","14.2033","68","C15-36","LDEO_2004","R24-055145"
"-58.1017","14.2033","68.3","C15-36","Abbott_2008","R24-000433"
"-57.4","14.2167","65","CH-75-08","Folinsbee_1969","R24-035357"
"-57.4","14.2167","65","CH-75-08","Schoonmaker_Ladd_1984","R24-077915"
"-57.4","14.2167","65","CH-75-08","Arnaiz-Rodriguez_Orihuela_2013","R24-003551"
"-57.4","14.2167","65","CH-75-08","VonHerzen_etal._1970","R24-086452"
"-58.4167","14.2333","30","CH-75-07","VonHerzen_etal._1970","R24-086451"
"-58.4167","14.2333","30","CH-75-07","Arnaiz-Rodriguez_Orihuela_2013","R24-003550"
"-58.4167","14.2333","30","CH-75-07","Schoonmaker_Ladd_1984","R24-077914"
"-58.4167","14.2333","30","CH-75-07","Folinsbee_1969","R24-035356"
"-57.1","14.2333","67","V15-10","Langseth_etal._1966","R24-052977"
"-57.1","14.2333","67","V15-10","Gerard_etal._1962","R24-037262"
"-57.1","14.2333","67","V15-10","Arnaiz-Rodriguez_Orihuela_2013","R24-003617"
"-57.1","14.2333","67","V15-10","Schoonmaker_Ladd_1984","R24-077932"
"-50.6667","14.25","39","CH-75-12","Folinsbee_1969","R24-035359"
"-50.6667","14.25","39","CH-75-12","VonHerzen_etal._1970","R24-086454"
"-59.6333","14.3","59","CH-75-06","VonHerzen_etal._1970","R24-086450"
"-59.6333","14.3","59","CH-75-06","Schoonmaker_Ladd_1984","R24-077913"
"-59.6333","14.3","59","CH-75-06","Folinsbee_1969","R24-035355"
"-52.55","14.3","61","CH-75-11","Folinsbee_1969","R24-035358"
"-52.55","14.3","61","CH-75-11","VonHerzen_etal._1970","R24-086453"
"-57.625","14.31","52","C26-10I","Abbott_2008","R24-000647"
"-57.6183","14.31","52","RC26-10I","Langseth_etal._1990","R24-053797"
"-48.1","14.3167","28","CH-75-14","VonHerzen_etal._1970","R24-086455"
"-48.1","14.3167","28","CH-75-14","Folinsbee_1969","R24-035360"
"-57.6267","14.3217","40","C26-10H","Abbott_2008","R24-000646"
"-57.804","14.3228","33","RC26-4A","Langseth_etal._1990","R24-053850"
"-57.805","14.3233","32","C26-4A","Abbott_2008","R24-000702"
"-57.6283","14.325","40","RC26-10H","Langseth_etal._1990","R24-053796"
"-57.625","14.325","69","C26-10G","Abbott_2008","R24-000645"
"-57.8","14.3267","51","C26-4B","Abbott_2008","R24-000703"
"-57.6267","14.3267","65","RC26-10G","Langseth_etal._1990","R24-053795"
"-57.615","14.3267","214","C26-10E","Abbott_2008","R24-000643"
"-57.6183","14.3283","203","RC26-10E","Langseth_etal._1990","R24-053793"
"-57.8003","14.3293","52","RC26-4B","Langseth_etal._1990","R24-053851"
"-57.625","14.33","207","C26-1G","Abbott_2008","R24-000679"
"-57.615","14.33","100","C26-10F","Abbott_2008","R24-000644"
"-57.7533","14.3317","45","C26-2L","Abbott_2008","R24-000696"
"-57.7017","14.3317","53","C26-2E","Abbott_2008","R24-000689"
"-57.625","14.3317","196","RC26-1G","Langseth_etal._1990","R24-053828"
"-57.6183","14.3317","95","RC26-10F","Langseth_etal._1990","R24-053794"
"-57.6167","14.3317","85","RC26-10D","Langseth_etal._1990","R24-053792"
"-57.6167","14.3317","90","C26-10D","Abbott_2008","R24-000642"
"-57.7553","14.3318","46","RC26-2L","Langseth_etal._1990","R24-053844"
"-57.702","14.3327","53","C26-2E","LDEO_2004","R24-055234"
"-57.8633","14.3333","35","C26-5A","Abbott_2008","R24-000713"
"-57.765","14.3333","50","C26-2M","Abbott_2008","R24-000697"
"-57.745","14.3333","53","C26-2K","Abbott_2008","R24-000695"
"-57.6817","14.3333","53","C26-2A","Abbott_2008","R24-000687"
"-57.6167","14.3333","34","RC26-1F","Langseth_etal._1990","R24-053827"
"-57.7438","14.3338","55","RC26-2K","Langseth_etal._1990","R24-053843"
"-57.682","14.3347","53","RC26-2A","Langseth_etal._1990","R24-053835"
"-57.8648","14.335","37","RC26-5A","Langseth_etal._1990","R24-053861"
"-57.7983","14.335","48","C26-3C","Abbott_2008","R24-000700"
"-57.725","14.335","57","C26-2G","Abbott_2008","R24-000691"
"-57.7117","14.335","55","C26-2F","Abbott_2008","R24-000690"
"-57.695","14.335","57","C26-2C","Abbott_2008","R24-000688"
"-57.6633","14.335","61","C26-1L","Abbott_2008","R24-000684"
"-57.6283","14.335","137","RC26-1H","Langseth_etal._1990","R24-053829"
"-57.6267","14.335","145","C26-1H","Abbott_2008","R24-000680"
"-57.6167","14.335","145","C26-03-1H","Langseth_etal._1988a","R24-053517"
"-57.6117","14.335","36","C26-1F","Abbott_2008","R24-000678"
"-57.6117","14.335","44","RC26-1E","Langseth_etal._1990","R24-053826"
"-57.6067","14.335","62","C26-1E","Abbott_2008","R24-000677"
"-57.555","14.335","62","C26-03-1A","Langseth_etal._1988a","R24-053516"
"-57.5517","14.335","62","C26-1A","Abbott_2008","R24-000673"
"-57.335","14.335","62","RC26-1A","Langseth_etal._1990","R24-053823"
"-57.7633","14.3363","51","RC26-2M","Langseth_etal._1990","R24-053845"
"-57.712","14.3363","55","C26-2F","LDEO_2004","R24-055235"
"-57.9083","14.3367","35","C26-4L","Abbott_2008","R24-000712"
"-57.8187","14.3367","39","RC26-4C","Langseth_etal._1990","R24-053852"
"-57.8183","14.3367","38","C26-4C","Abbott_2008","R24-000704"
"-57.8113","14.3367","55","RC26-3D","Langseth_etal._1990","R24-053849"
"-57.8067","14.3367","55","C26-3D","Abbott_2008","R24-000701"
"-57.791","14.3367","50","RC26-3C","Langseth_etal._1990","R24-053848"
"-57.6928","14.3367","56","RC26-2C","Langseth_etal._1990","R24-053836"
"-57.68","14.3367","61","C26-1M","Abbott_2008","R24-000685"
"-57.68","14.3367","60","RC26-1M","Langseth_etal._1990","R24-053834"
"-57.6633","14.3367","61","RC26-1L","Langseth_etal._1990","R24-053833"
"-57.8637","14.338","29","RC26-4G","Langseth_etal._1990","R24-053856"
"-57.91","14.3383","37","RC26-4L","Langseth_etal._1990","R24-053860"
"-57.8617","14.3383","28","C26-4G","Abbott_2008","R24-000708"
"-57.83","14.3383","45","C26-4D","Abbott_2008","R24-000705"
"-57.712","14.3383","53","RC26-2E","Langseth_etal._1990","R24-053837"
"-57.6467","14.3383","62","RC26-1K","Langseth_etal._1990","R24-053832"
"-57.6333","14.3383","55","RC26-1J","Langseth_etal._1990","R24-053831"
"-57.6317","14.3383","45","RC26-1I","Langseth_etal._1990","R24-053830"
"-57.6317","14.3383","78","C26-1J","Abbott_2008","R24-000682"
"-57.59","14.3383","53","C26-1D","Abbott_2008","R24-000676"
"-57.735","14.3385","45","RC26-2J","Langseth_etal._1990","R24-053842"
"-57.8317","14.3392","48","RC26-4D","Langseth_etal._1990","R24-053853"
"-57.8933","14.34","24","C26-4J","Abbott_2008","R24-000711"
"-57.854","14.34","43","RC26-4F","Langseth_etal._1990","R24-053855"
"-57.8533","14.34","40","C26-4F","Abbott_2008","R24-000707"
"-57.845","14.34","43","C26-4E","Abbott_2008","R24-000706"
"-57.735","14.34","44","C26-2J","Abbott_2008","R24-000694"
"-57.73","14.34","66","C26-2I","Abbott_2008","R24-000693"
"-57.7283","14.34","59","C26-2H","Abbott_2008","R24-000692"
"-57.7282","14.34","54","RC26-2F","Langseth_etal._1990","R24-053838"
"-57.645","14.34","63","C26-1K","Abbott_2008","R24-000683"
"-57.565","14.34","54","C26-1B","Abbott_2008","R24-000674"
"-57.8447","14.3405","45","RC26-4E","Langseth_etal._1990","R24-053854"
"-57.9257","14.3417","45","RC26-5D","Langseth_etal._1990","R24-053864"
"-57.9233","14.3417","43","C26-5D","Abbott_2008","R24-000716"
"-57.8933","14.3417","26","RC26-4J","Langseth_etal._1990","R24-053859"
"-57.8817","14.3417","28","C26-4I","Abbott_2008","R24-000710"
"-57.87","14.3417","39","C26-4H","Abbott_2008","R24-000709"
"-57.62","14.3417","41","RC26-10C","Langseth_etal._1990","R24-053791"
"-57.6183","14.3417","41","C26-10C","Abbott_2008","R24-000641"
"-57.5867","14.3417","53","RC26-1D","Langseth_etal._1990","R24-053825"
"-57.575","14.3417","55","C26-1C","Abbott_2008","R24-000675"
"-57.885","14.3428","29","RC26-4I","Langseth_etal._1990","R24-053858"
"-57.8715","14.3428","41","RC26-4H","Langseth_etal._1990","R24-053857"
"-57.7282","14.343","58","RC26-2H","Langseth_etal._1990","R24-053840"
"-57.9117","14.3433","43","C26-5C","Abbott_2008","R24-000715"
"-57.7883","14.3433","42","C26-3B","Abbott_2008","R24-000699"
"-57.7308","14.3433","65","RC26-2I","Langseth_etal._1990","R24-053841"
"-57.7238","14.3433","57","RC26-2G","Langseth_etal._1990","R24-053839"
"-57.5683","14.3433","54","RC26-1B","Langseth_etal._1990","R24-053824"
"-57.9125","14.3442","45","RC26-5C","Langseth_etal._1990","R24-053863"
"-57.9417","14.345","32","C26-5E","Abbott_2008","R24-000717"
"-57.9445","14.3455","35","RC26-5E","Langseth_etal._1990","R24-053865"
"-57.7887","14.3457","43","RC26-3B","Langseth_etal._1990","R24-053847"
"-57.9567","14.3467","33","C26-5G","Abbott_2008","R24-000718"
"-57.9583","14.348","34","RC26-5G","Langseth_etal._1990","R24-053866"
"-57.8788","14.3483","47","RC26-5B","Langseth_etal._1990","R24-053862"
"-57.9767","14.35","36","RC26-5H","Langseth_etal._1990","R24-053867"
"-57.8783","14.35","45","C26-5B","Abbott_2008","R24-000714"
"-57.975","14.3517","35","C26-5H","Abbott_2008","R24-000719"
"-57.78","14.3517","39","C26-3A","Abbott_2008","R24-000698"
"-57.78","14.355","40","RC26-3A","Langseth_etal._1990","R24-053846"
"-57.6217","14.3583","48","C26-10A","Abbott_2008","R24-000640"
"-57.6217","14.3583","48","RC26-10A","Langseth_etal._1990","R24-053790"
"-57.995","14.3633","48","C26-5I","Abbott_2008","R24-000720"
"-58.0117","14.365","47","C26-5J","Abbott_2008","R24-000721"
"-57.9955","14.365","51","RC26-5I","Langseth_etal._1990","R24-053868"
"-58.0133","14.367","48","RC26-5J","Langseth_etal._1990","R24-053869"
"-58.0267","14.3683","47","C26-5K","Abbott_2008","R24-000722"
"-58.0283","14.369","48","RC26-5K","Langseth_etal._1990","R24-053870"
"-58.1417","14.3717","36","C26-6A","Abbott_2008","R24-000726"
"-58.15","14.3733","36","RC26-6A","Langseth_etal._1990","R24-053874"
"-58.0917","14.3733","38","C26-5N","Abbott_2008","R24-000725"
"-58.05","14.3733","36","RC26-5L","Langseth_etal._1990","R24-053871"
"-58.1183","14.374","39","RC26-5N","Langseth_etal._1990","R24-053873"
"-58.0733","14.3742","29","RC26-5M","Langseth_etal._1990","R24-053872"
"-58.0617","14.375","29","C26-5M","Abbott_2008","R24-000724"
"-58.16","14.38","37","RC26-6B","Langseth_etal._1990","R24-053875"
"-58.16","14.38","36","C26-6B","Abbott_2008","R24-000727"
"-58.245","14.3817","20","C26-7H","Abbott_2008","R24-000735"
"-58.2","14.3817","48","C26-6H","Abbott_2008","R24-000730"
"-58.2533","14.3833","20","RC26-7H","Langseth_etal._1990","R24-053881"
"-58.2217","14.3833","30","RC26-7B","Langseth_etal._1990","R24-053879"
"-58.215","14.3833","30","C26-7B","Abbott_2008","R24-000732"
"-58.1917","14.3833","49","RC26-6H","Langseth_etal._1990","R24-053877"
"-58.24","14.385","7","C26-7I","Abbott_2008","R24-000736"
"-58.235","14.385","3","C26-7G","Abbott_2008","R24-000734"
"-58.2317","14.385","13","RC26-7D","Langseth_etal._1990","R24-053880"
"-58.225","14.385","13","C26-7D","Abbott_2008","R24-000733"
"-58.21","14.385","21","RC26-7A","Langseth_etal._1990","R24-053878"
"-58.205","14.385","21","C26-7A","Abbott_2008","R24-000731"
"-58.175","14.385","33","C26-6C","Abbott_2008","R24-000728"
"-58.236","14.3857","3","C26-7G","LDEO_2004","R24-055237"
"-58.24","14.3862","7","C26-7I","LDEO_2004","R24-055238"
"-58.415","14.3867","7","RC26-7I","Langseth_etal._1990","R24-053882"
"-58.1817","14.3867","29","C26-6G","Abbott_2008","R24-000729"
"-58.18","14.3867","34","RC26-6C","Langseth_etal._1990","R24-053876"
"-58.3517","14.3883","9","C26-11B","Abbott_2008","R24-000649"
"-58.3517","14.3883","9","RC26-11B","Langseth_etal._1990","R24-053799"
"-58.3967","14.39","22","C26-11E","Abbott_2008","R24-000652"
"-58.3683","14.3917","19","C26-11C","Abbott_2008","R24-000650"
"-58.335","14.3917","17","C26-11A","Abbott_2008","R24-000648"
"-58.4133","14.3933","17","C26-11F","Abbott_2008","R24-000653"
"-58.3817","14.3933","20","C26-11D","Abbott_2008","R24-000651"
"-58.3733","14.3933","19","RC26-11C","Langseth_etal._1990","R24-053800"
"-58.3367","14.3933","17","RC26-11A","Langseth_etal._1990","R24-053798"
"-58.4117","14.395","22","RC26-11E","Langseth_etal._1990","R24-053802"
"-58.3883","14.395","20","RC26-11D","Langseth_etal._1990","R24-053801"
"-58.7267","14.4017","37","C26-12C","Abbott_2008","R24-000655"
"-58.4317","14.4017","17","RC26-11F","Langseth_etal._1990","R24-053803"
"-58.728","14.4018","37","C26-12C","LDEO_2004","R24-055232"
"-58.7183","14.41","74","RC26-12B","Langseth_etal._1990","R24-053804"
"-58.785","14.4117","52","RC26-12G","Langseth_etal._1990","R24-053808"
"-58.7417","14.4117","37","RC26-12C","Langseth_etal._1990","R24-053805"
"-58.7883","14.4133","51","C26-12G","Abbott_2008","R24-000658"
"-58.7517","14.4167","39","RC26-12E","Langseth_etal._1990","R24-053806"
"-58.7633","14.4183","51","C26-12F","Abbott_2008","R24-000657"
"-58.7633","14.4183","53","RC26-12F","Langseth_etal._1990","R24-053807"
"-58.7483","14.42","39","C26-12E","Abbott_2008","R24-000656"
"-57.6783","14.5633","43","C26-9D","Abbott_2008","R24-000743"
"-57.7","14.565","44","RC26-9D","Langseth_etal._1990","R24-053889"
"-57.6117","14.565","75","C26-8C","Abbott_2008","R24-000739"
"-57.5817","14.565","49","RC26-8A","Langseth_etal._1990","R24-053883"
"-57.5767","14.565","49","C26-8A","Abbott_2008","R24-000737"
"-57.6067","14.5667","47","C26-8B","Abbott_2008","R24-000738"
"-57.6017","14.5667","46","RC26-8B","Langseth_etal._1990","R24-053884"
"-57.7067","14.5683","38","RC26-9E","Langseth_etal._1990","R24-053890"
"-57.705","14.5683","37","C26-9F","Abbott_2008","R24-000745"
"-57.695","14.5683","37","C26-9E","Abbott_2008","R24-000744"
"-57.61","14.5683","75","RC26-8C","Langseth_etal._1990","R24-053885"
"-57.706","14.5688","37","C26-9F","LDEO_2004","R24-055239"
"-58.71","14.5717","74","C26-12B","Abbott_2008","R24-000654"
"-57.6783","14.5717","43","RC26-9C","Langseth_etal._1990","R24-053888"
"-57.6617","14.5717","41","C26-9C","Abbott_2008","R24-000742"
"-58.711","14.5723","74","C26-12B","LDEO_2004","R24-055231"
"-57.6583","14.5733","37","RC26-9B","Langseth_etal._1990","R24-053887"
"-57.6467","14.5733","38","C26-9B","Abbott_2008","R24-000741"
"-57.6333","14.575","40","C26-9A","Abbott_2008","R24-000740"
"-57.6433","14.59","39","RC26-9A","Langseth_etal._1990","R24-053886"
"-47.926667","14.89","28","V22-005","Herman_etal._1977","R24-047314"
"-58.3167","14.9833","30","LSDA-134","Arnaiz-Rodriguez_Orihuela_2013","R24-003562"
"-58.3167","14.9833","30","LSDA-134","Schoonmaker_Ladd_1984","R24-077925"
"-58.3167","14.9833","30","LSDA-134","Vacquier_VonHerzen_1964","R24-085051"
"-20.951667","15.02","49","V29-121","Herman_etal._1977","R24-047477"
"-59.9667","15.0667","30","LSDA-135","Vacquier_VonHerzen_1964","R24-085052"
"-59.9667","15.0667","30","LSDA-135","Schoonmaker_Ladd_1984","R24-077926"
"-59.9667","15.0667","30","LSDA-135","Arnaiz-Rodriguez_Orihuela_2013","R24-003563"
"-59.994","15.2933","32.7","ANTI-06-13","Lucazeau_etal._2014","R24-060516"
"-58.4993","15.3221","75","ANTI-04-08","Lucazeau_etal._2014","R24-060500"
"-59.9823","15.41","31.6","ANTI-06-01","Lucazeau_etal._2014","R24-060510"
"-58.6683","15.4155","93.2","ANTI-C04-09","Lucazeau_etal._2014","R24-060519"
"-59.6188","15.4311","45.8","ANTI-05-09","Lucazeau_etal._2014","R24-060509"
"-59.4971","15.4456","46.2","ANTI-05-08","Lucazeau_etal._2014","R24-060508"
"-59.3454","15.5066","54","ANTI-05-07","Lucazeau_etal._2014","R24-060507"
"-58.68","15.515","60","C26-13D","Abbott_2008","R24-000662"
"-58.6807","15.5153","60","RC26-13D","Langseth_etal._1990","R24-053812"
"-58.755","15.5167","56","C26-14G","Abbott_2008","R24-000671"
"-58.7467","15.5167","106","C26-14F","Abbott_2008","R24-000670"
"-58.6883","15.5167","70","C26-13E","Abbott_2008","R24-000663"
"-58.7475","15.5172","106","RC26-14F","Langseth_etal._1990","R24-053821"
"-58.6895","15.5173","70","RC26-13E","Langseth_etal._1990","R24-053813"
"-58.7552","15.5178","56","RC26-14G","Langseth_etal._1990","R24-053822"
"-58.7117","15.5183","45","C26-14B","Abbott_2008","R24-000666"
"-58.69","15.5183","63","HF7L","Blackwell_Richards_2004","R24-018942"
"-58.6943","15.5184","63","HF7L","Foucher_etal._1990","R24-035520"
"-58.7125","15.5193","53","RC26-14B","Langseth_etal._1990","R24-053817"
"-58.7137","15.5197","81","RC26-13G","Langseth_etal._1990","R24-053815"
"-58.7283","15.52","76","C26-14E","Abbott_2008","R24-000669"
"-58.7133","15.52","71","C26-14C","Abbott_2008","R24-000667"
"-58.7142","15.5212","71","RC26-14C","Langseth_etal._1990","R24-053818"
"-58.715","15.5217","83","C26-14D","Abbott_2008","R24-000668"
"-58.7017","15.5217","76","C26-13F","Abbott_2008","R24-000664"
"-58.7028","15.522","76","RC26-13F","Langseth_etal._1990","R24-053814"
"-58.7162","15.5228","83","RC26-14D","Langseth_etal._1990","R24-053819"
"-58.7293","15.523","77","RC26-14E","Langseth_etal._1990","R24-053820"
"-58.72","15.5233","132","C26-14A","Abbott_2008","R24-000665"
"-58.7207","15.5245","132","RC26-14A","Langseth_etal._1990","R24-053816"
"-58.6617","15.525","125","C26-13C","Abbott_2008","R24-000661"
"-58.6627","15.5265","125","RC26-13C","Langseth_etal._1990","R24-053811"
"-58.72","15.5267","85","HF2A","Blackwell_Richards_2004","R24-018891"
"-58.6333","15.5267","59","C26-13B","Abbott_2008","R24-000660"
"-58.62","15.5267","51","C26-13A","Abbott_2008","R24-000659"
"-58.6197","15.5267","51","RC26-13A","Langseth_etal._1990","R24-053809"
"-58.6342","15.5268","59","RC26-13B","Langseth_etal._1990","R24-053810"
"-58.7283","15.5283","47","ODP671 B","Pribnow_etal._2000a","R24-073271"
"-58.7283","15.5283","82","ODP673 A","Pribnow_etal._2000a","R24-073273"
"-58.7283","15.5283","80","ODP948 C","Pribnow_etal._2000a","R24-073368"
"-58.7113","15.5283","76","HF2B","Foucher_etal._1990","R24-035494"
"-58.71","15.5283","80","HF2F","Blackwell_Richards_2004","R24-018894"
"-58.71","15.5283","70","HF2D","Blackwell_Richards_2004","R24-018893"
"-58.71","15.5283","73","HF2C","Blackwell_Richards_2004","R24-018892"
"-58.7072","15.5283","71","HF2E","Foucher_etal._1990","R24-035495"
"-58.7","15.5283","83","ODP676 A","Pribnow_etal._2000a","R24-073275"
"-58.71","15.53","81","HF2G","Blackwell_Richards_2004","R24-018895"
"-58.71","15.53","106","HF1A","Blackwell_Richards_2004","R24-018881"
"-58.71","15.53","73","HF8B","Blackwell_Richards_2004","R24-018949"
"-58.71","15.53","99","HF1B","Blackwell_Richards_2004","R24-018882"
"-58.704","15.53","82","HF2H","Foucher_etal._1990","R24-035496"
"-58.7","15.53","82","HF2H","Blackwell_Richards_2004","R24-018896"
"-58.7","15.53","62","HF8E","Blackwell_Richards_2004","R24-018952"
"-58.7141","15.5301","106","HF1A","Foucher_etal._1990","R24-035487"
"-58.7121","15.5302","99","HF1B","Foucher_etal._1990","R24-035488"
"-58.701","15.5305","62","HF8E","Foucher_etal._1990","R24-035528"
"-58.7062","15.5306","89","HF8A","Foucher_etal._1990","R24-035525"
"-58.7106","15.5311","73","HF1C","Foucher_etal._1990","R24-035489"
"-58.7044","15.5311","113","HF8C","Foucher_etal._1990","R24-035526"
"-58.7031","15.5311","47","HF8D","Foucher_etal._1990","R24-035527"
"-58.702","15.5313","39","HF4A","Foucher_etal._1990","R24-035503"
"-58.701","15.5313","62","HF4B","Foucher_etal._1990","R24-035504"
"-58.7035","15.5314","83","HF7A","Foucher_etal._1990","R24-035515"
"-58.71","15.5317","73","HF1C","Blackwell_Richards_2004","R24-018883"
"-58.71","15.5317","77","HF1D","Blackwell_Richards_2004","R24-018884"
"-58.7003","15.5317","72","HF4C","Foucher_etal._1990","R24-035505"
"-58.7","15.5317","39","HF4A","Blackwell_Richards_2004","R24-018906"
"-58.7","15.5317","60","HF7C","Blackwell_Richards_2004","R24-018935"
"-58.7","15.5317","84","HF7B","Blackwell_Richards_2004","R24-018934"
"-58.7","15.5317","113","HF8C","Blackwell_Richards_2004","R24-018950"
"-58.7","15.5317","47","HF8D","Blackwell_Richards_2004","R24-018951"
"-58.7","15.5317","72","HF4C","Blackwell_Richards_2004","R24-018908"
"-58.7","15.5317","61","HF4D","Blackwell_Richards_2004","R24-018909"
"-58.7","15.5317","62","HF4B","Blackwell_Richards_2004","R24-018907"
"-58.7","15.5317","85","HF4E","Blackwell_Richards_2004","R24-018910"
"-58.7023","15.5318","84","HF7B","Foucher_etal._1990","R24-035516"
"-58.7013","15.5321","60","HF7C","Foucher_etal._1990","R24-035517"
"-58.7001","15.5325","66","HF7E","Foucher_etal._1990","R24-035518"
"-58.7046","15.5328","97","HF1G","Foucher_etal._1990","R24-035490"
"-58.7031","15.5329","88","HF3A","Foucher_etal._1990","R24-035497"
"-58.7022","15.5329","67","HF3D","Foucher_etal._1990","R24-035500"
"-58.7025","15.5331","65","HF3B","Foucher_etal._1990","R24-035498"
"-58.7023","15.5331","64","HF3C","Foucher_etal._1990","R24-035499"
"-58.71","15.5333","91","HF1E","Blackwell_Richards_2004","R24-018885"
"-58.7032","15.5333","80","HF1H","Foucher_etal._1990","R24-035491"
"-58.7","15.5333","80","HF1H","Blackwell_Richards_2004","R24-018887"
"-58.7","15.5333","84","HF7I","Blackwell_Richards_2004","R24-018939"
"-58.7","15.5333","47","HF1I","Blackwell_Richards_2004","R24-018888"
"-58.7","15.5333","88","HF3A","Blackwell_Richards_2004","R24-018899"
"-58.7","15.5333","65","HF3B","Blackwell_Richards_2004","R24-018900"
"-58.7","15.5333","64","HF3C","Blackwell_Richards_2004","R24-018901"
"-58.7","15.5333","67","HF3D","Blackwell_Richards_2004","R24-018902"
"-58.7","15.5333","57","HF3F","Blackwell_Richards_2004","R24-018903"
"-58.7","15.5333","45","HF3J","Blackwell_Richards_2004","R24-018904"
"-58.7","15.5333","66","HF7E","Blackwell_Richards_2004","R24-018936"
"-58.7","15.5333","63","HF7F","Blackwell_Richards_2004","R24-018937"
"-58.7","15.5333","92","HF7G","Blackwell_Richards_2004","R24-018938"
"-58.7","15.5333","60","HF7P","Blackwell_Richards_2004","R24-018946"
"-58.7","15.5333","78","HF7J","Blackwell_Richards_2004","R24-018940"
"-58.7","15.5333","75","HF7Q","Blackwell_Richards_2004","R24-018947"
"-58.7","15.5333","87","HF7T","Blackwell_Richards_2004","R24-018948"
"-58.7","15.5333","97","HF1G","Blackwell_Richards_2004","R24-018886"
"-58.6976","15.5333","88","HF7R","Foucher_etal._1990","R24-035524"
"-30.0333","15.5333","56","V19-176","Langseth_etal._1966","R24-053065"
"-30.0333","15.5333","56","V19-176","Ludwig_Rabinowitz_1975","R24-060580"
"-58.702","15.5334","47","HF1I","Foucher_etal._1990","R24-035492"
"-58.6974","15.5334","64","HF7H","Foucher_etal._1990","R24-035519"
"-58.7011","15.5335","65","HF3E","Foucher_etal._1990","R24-035501"
"-58.7004","15.5338","57","HF3F","Foucher_etal._1990","R24-035502"
"-58.6997","15.534","80","HF1K","Foucher_etal._1990","R24-035493"
"-58.6916","15.5348","75","HF7N","Foucher_etal._1990","R24-035522"
"-58.6904","15.5348","65","HF7O","Foucher_etal._1990","R24-035523"
"-58.7","15.535","83","HF1L","Blackwell_Richards_2004","R24-018889"
"-58.7","15.535","64","HF7K","Blackwell_Richards_2004","R24-018941"
"-58.69","15.535","76","HF7M","Blackwell_Richards_2004","R24-018943"
"-58.69","15.535","65","HF7O","Blackwell_Richards_2004","R24-018945"
"-58.69","15.535","75","HF7N","Blackwell_Richards_2004","R24-018944"
"-58.6923","15.5354","76","HF7M","Foucher_etal._1990","R24-035521"
"-58.85","15.5383","53","ODP674 A","Pribnow_etal._2000a","R24-073274"
"-58.71","15.5383","89","ODP949 B","Pribnow_etal._2000a","R24-073369"
"-58.64","15.5383","99","ODP672 A","Pribnow_etal._2000a","R24-073272"
"-59.2257","15.5544","42.2","ANTI-05-05","Lucazeau_etal._2014","R24-060505"
"-59.1022","15.5979","45.4","ANTI-05-06","Lucazeau_etal._2014","R24-060506"
"-58.9931","15.6318","56.9","ANTI-05-03","Lucazeau_etal._2014","R24-060503"
"-58.9668","15.6359","48.1","ANTI-05-04","Lucazeau_etal._2014","R24-060504"
"-58.8958","15.671","66.6","ANTI-05-02","Lucazeau_etal._2014","R24-060502"
"-58.8524","15.6882","63.5","ANTI-05-01","Lucazeau_etal._2014","R24-060501"
"-58.6814","15.7299","77.6","ANTI-C04-10","Lucazeau_etal._2014","R24-060520"
"-58.303","15.8422","63.1","ANTI-04-05","Lucazeau_etal._2014","R24-060498"
"-58.4832","15.9404","119.9","ANTI-04-06","Lucazeau_etal._2014","R24-060499"
"-57.75","15.98","57.3619","Chain-75-44","Arnaiz-Rodriguez_Orihuela_2013","R24-003553"
"-57.75","15.98","57.3619","Chain-75-44","Birch_1970","R24-005264"
"-57.75","15.98","57.3619","Chain-75-44","Schoonmaker_Ladd_1984","R24-077917"
"-57.9488","16.0729","55.6","ANTI-C04-04","Lucazeau_etal._2014","R24-060518"
"-23.5817","16.2067","52.3","CVB-6","Courtney_White_1986","R24-025570"
"-23.5817","16.2067","51.5","CVB-5","Courtney_White_1986","R24-025569"
"-23.585","16.2283","47.6","CVB-1","Courtney_White_1986","R24-025565"
"-23.58","16.24","53.9","CVRISEB","Courtney_White_1986","R24-025681"
"-23.5883","16.245","59","CVB-4","Courtney_White_1986","R24-025568"
"-23.5883","16.2467","45","CVB-3","Courtney_White_1986","R24-025567"
"-23.5933","16.2483","52.3","CVB-2","Courtney_White_1986","R24-025566"
"-58.6167","16.3","46","CH-36-10","Schoonmaker_Ladd_1984","R24-077912"
"-58.6167","16.3","46","CH-36-10","Arnaiz-Rodriguez_Orihuela_2013","R24-003549"
"-58.6167","16.3","46","CH-36-10","Birch_1970","R24-005262"
"-58.6167","16.3","46","CH-36-10","Birch_1964","R24-005246"
"-58.6167","16.3","46","CH-36-10","Birch_1964","R24-005247"
"-59.1617","16.3633","56","GS7304-009","Schoonmaker_Ladd_1984","R24-077923"
"-59.1617","16.3633","56","GS7304-009","Schubert_Peter_1974","R24-077970"
"-59.1617","16.3633","56","GS7304-009","Arnaiz-Rodriguez_Orihuela_2013","R24-003560"
"-58.5796","16.3732","46.5","ANTI-04-02","Lucazeau_etal._2014","R24-060497"
"-57.65","16.4","29","Zep-9","Nason_Lee_1964","R24-070589"
"-57.65","16.4","29","Zep-9","Nason_Lee_1962","R24-070569"
"-57.65","16.4","29","Zep-9","Arnaiz-Rodriguez_Orihuela_2013","R24-003676"
"-57.65","16.4","29","Zep-9","Schoonmaker_Ladd_1984","R24-077965"
"-58.5815","16.4414","81.6","ANTI-04-01","Lucazeau_etal._2014","R24-060496"
"-21.7333","16.45","53","AII-42-01","VonHerzen_Simmons_1972","R24-087192"
"-31.56666667","16.55","24","V26-10","Herman_etal._1977","R24-047378"
"-31.56666667","16.55","24","V26-10","Ludwig_Rabinowitz_1975","R24-060589"
"-31.56666667","16.55","24","V26-10","Langseth_etal._1974","R24-053369"
"-58.91894035","16.55384922","79.1","C15-37","Schoonmaker_Ladd_1984","R24-077901"
"-57.8667","16.5583","42","CH-36-07","Arnaiz-Rodriguez_Orihuela_2013","R24-003546"
"-57.8667","16.5583","42","CH-36-07","Birch_1970","R24-005260"
"-57.8667","16.5583","42","CH-36-07","Schoonmaker_Ladd_1984","R24-077909"
"-57.8667","16.5583","42","CH-36-07","Birch_1964","R24-005240"
"-57.8667","16.5583","42","CH-36-07","Birch_1964","R24-005239"
"-58.912","16.5767","79","C15-37","LDEO_2004","R24-055146"
"-58.9117","16.5767","79.1","C15-37","Abbott_2008","R24-000434"
"-57.9","16.5833","42","CH-36-08","Arnaiz-Rodriguez_Orihuela_2013","R24-003547"
"-57.9","16.5833","42","CH-36-08","Birch_1970","R24-005261"
"-57.9","16.5833","42","CH-36-08","Birch_1964","R24-005241"
"-57.9","16.5833","42","CH-36-08","Birch_1964","R24-005242"
"-57.9","16.5833","42","CH-36-08","Schoonmaker_Ladd_1984","R24-077910"
"-31.1","16.63333333","41","V26-9","Herman_etal._1977","R24-047392"
"-31.1","16.63333333","41","V26-9","Ludwig_Rabinowitz_1975","R24-060592"
"-31.1","16.63333333","41","V26-9","Langseth_etal._1974","R24-053434"
"-59.9417","16.6417","50","GS7304-008","Arnaiz-Rodriguez_Orihuela_2013","R24-003559"
"-59.9417","16.6417","50","GS7304-008","Schubert_Peter_1974","R24-077969"
"-59.9417","16.6417","50","GS7304-008","Schoonmaker_Ladd_1984","R24-077922"
"-51.6167","16.7317","35","V22-4","Abbott_2008","R24-001563"
"-51.617","16.733","35","V22-4","LDEO_2004","R24-055440"
"-59.05","16.7367","46","E72-3-4","Schubert_Peter_1974","R24-077968"
"-59.05","16.7367","46","E72-3-4","Arnaiz-Rodriguez_Orihuela_2013","R24-003558"
"-57.6333","16.75","11","CH-36-05","Schoonmaker_Ladd_1984","R24-077907"
"-57.6333","16.75","11","CH-36-05","Arnaiz-Rodriguez_Orihuela_2013","R24-003544"
"-57.6333","16.75","11","CH-36-05","Birch_1964","R24-005235"
"-57.6333","16.75","11","CH-36-05","Birch_1964","R24-005236"
"-58.89","16.7533","34","E72-3-3","Schubert_Peter_1974","R24-077967"
"-58.89","16.7533","34","E72-3-3","Arnaiz-Rodriguez_Orihuela_2013","R24-003557"
"-58.89","16.7533","34","E72-3-3","Schoonmaker_Ladd_1984","R24-077921"
"-58.6019","16.7553","68.5","ANTI-03-05","Lucazeau_etal._2014","R24-060495"
"-58.6265","16.7633","74.7","ANTI-03-04","Lucazeau_etal._2014","R24-060494"
"-57.8167","16.7833","13","CH-36-06","Schoonmaker_Ladd_1984","R24-077908"
"-57.8167","16.7833","13","CH-36-06","Birch_1964","R24-005238"
"-57.8167","16.7833","13","CH-36-06","Arnaiz-Rodriguez_Orihuela_2013","R24-003545"
"-57.8167","16.7833","13","CH-36-06","Birch_1964","R24-005237"
"-57.63","16.85","69.9229","Chain-75-45","Schoonmaker_Ladd_1984","R24-077918"
"-57.63","16.85","69.9229","Chain-75-45","Birch_1970","R24-005265"
"-57.63","16.85","69.9229","Chain-75-45","Arnaiz-Rodriguez_Orihuela_2013","R24-003554"
"-58.47","16.88","45.2196","Chain-44-2","Schoonmaker_Ladd_1984","R24-077916"
"-58.47","16.88","45.2196","Chain-44-2","Birch_1970","R24-005263"
"-58.47","16.88","45.2196","Chain-44-2","Arnaiz-Rodriguez_Orihuela_2013","R24-003552"
"-58.2933","16.9017","41","GS7304-013","Arnaiz-Rodriguez_Orihuela_2013","R24-003561"
"-58.2933","16.9017","41","GS7304-013","Schubert_Peter_1974","R24-077971"
"-58.2933","16.9017","41","GS7304-013","Schoonmaker_Ladd_1984","R24-077924"
"-57.63","16.92","61.5489","Chain-75-45A","Arnaiz-Rodriguez_Orihuela_2013","R24-003555"
"-57.63","16.92","61.5489","Chain-75-45A","Schoonmaker_Ladd_1984","R24-077919"
"-57.63","16.92","61.5489","Chain-75-45A","Birch_1970","R24-005266"
"-58.4","16.95","18","CH-36-09","Birch_1964","R24-005244"
"-58.4","16.95","18","CH-36-09","Birch_1964","R24-005243"
"-58.4","16.95","18","CH-36-09","Schoonmaker_Ladd_1984","R24-077911"
"-58.4","16.95","18","CH-36-09","Arnaiz-Rodriguez_Orihuela_2013","R24-003548"
"-35.83333333","17.2","59.079","V23-065","Herman_etal._1977","R24-047330"
"-35.83333333","17.2","59.079","V23-065","Langseth_etal._1970","R24-053125"
"-32.35","17.21666667","61.174","V23-064","Herman_etal._1977","R24-047329"
"-32.35","17.21666667","61.174","V23-064","Langseth_etal._1970","R24-053124"
"-32.35","17.2167","61","V23-064","Ludwig_Rabinowitz_1975","R24-060588"
"-47.35","17.26666667","29.749","V23-070","Herman_etal._1977","R24-047334"
"-47.35","17.26666667","29.749","V23-070","Langseth_etal._1970","R24-053129"
"-46.75","17.26666667","270.255","V23-069","Herman_etal._1977","R24-047333"
"-46.75","17.26666667","270.255","V23-069","Langseth_etal._1970","R24-053128"
"-45.06666667","17.36666667","25.978","V23-068","Langseth_etal._1970","R24-053127"
"-45.06666667","17.36666667","25.978","V23-068","Herman_etal._1977","R24-047332"
"-39.01666667","17.41666667","110.616","V23-066","Langseth_etal._1970","R24-053126"
"-39.01666667","17.41666667","110.616","V23-066","Herman_etal._1977","R24-047331"
"-57.72","17.58","50.244","Chain-75-46","Schoonmaker_Ladd_1984","R24-077920"
"-57.72","17.58","50.244","Chain-75-46","Arnaiz-Rodriguez_Orihuela_2013","R24-003556"
"-57.72","17.58","50.244","Chain-75-46","Birch_1970","R24-005267"
"-27.0333","17.6167","89","V22-038","Herman_etal._1977","R24-047318"
"-27.0333","17.6167","89","V22-038","Ludwig_Rabinowitz_1975","R24-060582"
"-29.8667","17.7","51","V23-063","Ludwig_Rabinowitz_1975","R24-060587"
"-29.86666667","17.7","50.699","V23-063","Langseth_etal._1970","R24-053123"
"-29.86666667","17.7","50.699","V23-063","Herman_etal._1977","R24-047328"
"-24.6267","17.93","51.4","CVC-1","Courtney_White_1986","R24-025571"
"-24.6233","17.9333","52.1","CVC-2","Courtney_White_1986","R24-025581"
"-24.6183","17.9383","52.6","CVC-3","Courtney_White_1986","R24-025585"
"-24.6133","17.9417","49.6","CVC-4","Courtney_White_1986","R24-025586"
"-24.5933","17.945","49.7","CVC-6","Courtney_White_1986","R24-025588"
"-24.6067","17.9467","55.6","CVC-5","Courtney_White_1986","R24-025587"
"-24.5833","17.9467","59.6","CVC-7","Courtney_White_1986","R24-025589"
"-24.59","17.9683","64.4","CVC-8","Courtney_White_1986","R24-025590"
"-24.595","17.9933","53.9","CVC-9","Courtney_White_1986","R24-025591"
"-24.56","18.0017","52.9","CVD1-13","Courtney_White_1986","R24-025596"
"-24.585","18.0033","70.3","CVC-10","Courtney_White_1986","R24-025572"
"-24.5533","18.0033","51.3","CVD1-14","Courtney_White_1986","R24-025597"
"-24.545","18.0033","51.9","CVD1-15","Courtney_White_1986","R24-025598"
"-24.58","18.01","63.5","CVRISEC","Courtney_White_1986","R24-025682"
"-24.575","18.0117","56.9","CVC-11","Courtney_White_1986","R24-025573"
"-52.5","18.0167","77.1","V25-69","Abbott_2008","R24-001580"
"-52.5","18.017","77","V25-69","LDEO_2004","R24-055447"
"-59.1167","18.05","56","VFZ-19","VonHerzen_etal._1970","R24-086490"
"-59.1167","18.05","56","VFZ-19","Schoonmaker_Ladd_1984","R24-077939"
"-59.1167","18.05","56","VFZ-19","Folinsbee_1969","R24-035395"
"-59.1167","18.05","56","VFZ-19","Arnaiz-Rodriguez_Orihuela_2013","R24-003661"
"-55.2717","18.1083","94.6","V31-30","Abbott_2008","R24-001738"
"-24.5667","18.19","58","CVC-12","Courtney_White_1986","R24-025574"
"-24.5617","18.26","56.8","CVC-13","Courtney_White_1986","R24-025575"
"-24.5533","18.31","56.4","CVC-14","Courtney_White_1986","R24-025576"
"-24.545","18.37","74.5","CVC-15","Courtney_White_1986","R24-025577"
"-21.055","18.453333","63","V30-041","Herman_etal._1977","R24-047497"
"-59.9817","18.4817","123","V20-2","Abbott_2008","R24-001383"
"-24.5333","18.5","60.5","CVC-16","Courtney_White_1986","R24-025578"
"-28.15","18.55","76","V23-062","Ludwig_Rabinowitz_1975","R24-060586"
"-28.15","18.55","75.839","V23-062","Langseth_etal._1970","R24-053122"
"-28.15","18.55","75.839","V23-062","Herman_etal._1977","R24-047327"
"-24.5283","18.71","67.9","CVC-17","Courtney_White_1986","R24-025579"
"-24.63","18.9083","54.7","CVD1-1","Courtney_White_1986","R24-025592"
"-24.6333","18.9167","51.5","CVD1-2","Courtney_White_1986","R24-025600"
"-24.61","18.9167","48.5","CVD2-1","Courtney_White_1986","R24-025608"
"-24.63","18.9267","52.8","CVD1-3","Courtney_White_1986","R24-025601"
"-24.6167","18.9267","45.6","CVD1-4","Courtney_White_1986","R24-025602"
"-24.6117","18.9267","50.3","CVD2-2","Courtney_White_1986","R24-025615"
"-24.6067","18.93","52.7","CVD1-5","Courtney_White_1986","R24-025603"
"-24.6117","18.9317","50.5","CVD2-3","Courtney_White_1986","R24-025616"
"-24.6033","18.9417","53","CVD2-4","Courtney_White_1986","R24-025617"
"-24.5917","18.9433","54.6","CVD2-5","Courtney_White_1986","R24-025618"
"-24.5983","18.945","53.6","CVD1-6","Courtney_White_1986","R24-025604"
"-24.5833","18.9483","49","CVD2-6","Courtney_White_1986","R24-025619"
"-24.5833","18.9483","48.7","CVD2-7","Courtney_White_1986","R24-025620"
"-24.58","18.95","54.3","CVRISED","Courtney_White_1986","R24-025683"
"-24.5933","18.9533","49.5","CVD1-7","Courtney_White_1986","R24-025605"
"-24.5733","18.9533","51.5","CVD2-8","Courtney_White_1986","R24-025621"
"-24.5683","18.955","49.9","CVD2-9","Courtney_White_1986","R24-025622"
"-24.5867","18.9617","50.7","CVD1-8","Courtney_White_1986","R24-025606"
"-24.5667","18.9617","54.7","CVD2-10","Courtney_White_1986","R24-025609"
"-24.5633","18.9633","49.7","CVD2-11","Courtney_White_1986","R24-025610"
"-24.5583","18.9633","52.4","CVD2-12","Courtney_White_1986","R24-025611"
"-24.5467","18.9667","55","CVD2-13","Courtney_White_1986","R24-025612"
"-24.5333","18.9717","52.2","CVD2-14","Courtney_White_1986","R24-025613"
"-24.5817","18.9733","49","CVD1-9","Courtney_White_1986","R24-025607"
"-24.4983","18.9767","54.1","CVD2-16","Courtney_White_1986","R24-025614"
"-24.5817","18.9817","51.2","CVD1-10","Courtney_White_1986","R24-025593"
"-24.575","18.9917","51","CVD1-11","Courtney_White_1986","R24-025594"
"-24.5667","18.9983","53.2","CVD1-12","Courtney_White_1986","R24-025595"
"-24.54","19","56.6","CVD1-16","Courtney_White_1986","R24-025599"
"-29.15","19.0167","67","V22-039","Herman_etal._1977","R24-047319"
"-29.15","19.0167","67","V22-039","Ludwig_Rabinowitz_1975","R24-060583"
"-24.5083","19.03","61.7","CVC-19","Courtney_White_1986","R24-025580"
"-38.1667","19.0667","42","V20-219","Langseth_etal._1966","R24-053098"
"-47.4367","19.15","42","AII-42-30","VonHerzen_Simmons_1972","R24-087214"
"-47.44","19.1533","42","AII-42-31-1","VonHerzen_Simmons_1972","R24-087215"
"-52.05","19.1667","59","Zep-11","Nason_Lee_1964","R24-070570"
"-52.05","19.1667","59","Zep-11","Nason_Lee_1962","R24-070556"
"-24.48","19.19","80.3","CVC-21","Courtney_White_1986","R24-025582"
"-47.4183","19.2","20","AII-42-23","VonHerzen_Simmons_1972","R24-087207"
"-47.4283","19.23","33","AII-42-26A","VonHerzen_Simmons_1972","R24-087208"
"-24.4683","19.25","62.8","CVC-22","Courtney_White_1986","R24-025583"
"-26.1317","19.2517","38","Kur-434","Popova_1974","R24-073163"
"-26.1317","19.2517","38","Kur-434","Ludwig_Rabinowitz_1975","R24-060554"
"-26.1317","19.2517","38","K-434","Hobart_etal._1974","R24-047517"
"-47.4167","19.2667","57","AII-42-22","VonHerzen_Simmons_1972","R24-087206"
"-47.35","19.2717","59","AII-42-29B-1","VonHerzen_Simmons_1972","R24-087209"
"-47.3467","19.275","32","AII-42-29B-2","VonHerzen_Simmons_1972","R24-087210"
"-47.3433","19.28","44","AII-42-29B-3","VonHerzen_Simmons_1972","R24-087211"
"-47.34","19.2833","59","AII-42-29B-4","VonHerzen_Simmons_1972","R24-087212"
"-26.11666667","19.28333333","59","V26-12","Langseth_etal._1974","R24-053377"
"-26.11666667","19.28333333","59","V26-12","Herman_etal._1977","R24-047380"
"-26.11666667","19.28333333","59","V26-12","Ludwig_Rabinowitz_1975","R24-060591"
"-47.3367","19.2883","38","AII-42-29B-5","VonHerzen_Simmons_1972","R24-087213"
"-24.455","19.35","75.6","CVC-23","Courtney_White_1986","R24-025584"
"-36.5333","19.5167","34","AII-42-08","VonHerzen_Simmons_1972","R24-087196"
"-38.8","19.5333","75","AII-42-09","VonHerzen_Simmons_1972","R24-087197"
"-46.11","19.5583","72","AII-42-20","VonHerzen_Simmons_1972","R24-087205"
"-46.1333","19.5617","41","AII-42-17","VonHerzen_Simmons_1972","R24-087204"
"-44.95","19.5667","292","AII-42-15","VonHerzen_Simmons_1972","R24-087202"
"-43.8167","19.5667","65","AII-42-14","VonHerzen_Simmons_1972","R24-087201"
"-40.5","19.5667","26","AII-42-11","VonHerzen_Simmons_1972","R24-087198"
"-41.6333","19.6167","68","AII-42-12","VonHerzen_Simmons_1972","R24-087199"
"-42.7333","19.65","8","AII-42-13","VonHerzen_Simmons_1972","R24-087200"
"-34.4167","19.65","57","AII-42-07","VonHerzen_Simmons_1972","R24-087195"
"-34.4167","19.65","57","AII-42-07","Ludwig_Rabinowitz_1975","R24-060552"
"-26.11666667","19.66666667","40","V26-11","Langseth_etal._1974","R24-053376"
"-26.11666667","19.66666667","40","V26-11","Ludwig_Rabinowitz_1975","R24-060590"
"-26.11666667","19.66666667","40","V26-11","Herman_etal._1977","R24-047379"
"-30.1167","19.6667","58","V22-040","Herman_etal._1977","R24-047320"
"-30.1167","19.6667","58","V22-040","Ludwig_Rabinowitz_1975","R24-060584"
"-48.65","19.6833","247","AII-42-32","VonHerzen_Simmons_1972","R24-087216"
"-44.55","19.6833","96","AII-42-16","VonHerzen_Simmons_1972","R24-087203"
"-29.0167","19.75","52","AII-42-04","Ludwig_Rabinowitz_1975","R24-060550"
"-29.0167","19.75","52","AII-42-04","VonHerzen_Simmons_1972","R24-087193"
"-31.9","19.8667","54","AII-42-06","Ludwig_Rabinowitz_1975","R24-060551"
"-31.9","19.8667","54","AII-42-06","VonHerzen_Simmons_1972","R24-087194"
"-24.525","19.8683","52.3","CVE1-2","Courtney_White_1986","R24-025624"
"-24.5233","19.8683","53.8","CVE1-3","Courtney_White_1986","R24-025625"
"-24.5267","19.8767","51.8","CVE1-4","Courtney_White_1986","R24-025626"
"-24.5267","19.8817","57.6","CVE1-5","Courtney_White_1986","R24-025627"
"-24.5267","19.8833","54.6","CVE1-6","Courtney_White_1986","R24-025628"
"-24.5267","19.8867","55.4","CVE1-7","Courtney_White_1986","R24-025629"
"-24.5217","19.8883","55.7","CVE1-9","Courtney_White_1986","R24-025630"
"-24.52","19.89","56.7","CVE1-10","Courtney_White_1986","R24-025623"
"-55.7817","19.8933","62.8","C17-10","Abbott_2008","R24-000522"
"-24.4967","19.9083","54.9","CVE2-1","Courtney_White_1986","R24-025631"
"-24.48","19.91","56.6","CVRISEE","Courtney_White_1986","R24-025684"
"-24.4917","19.9117","58","CVE2-2","Courtney_White_1986","R24-025639"
"-24.4817","19.9117","55.4","CVE2-4","Courtney_White_1986","R24-025641"
"-24.4783","19.9117","54.8","CVE2-5","Courtney_White_1986","R24-025642"
"-24.4733","19.9117","55.7","CVE2-6","Courtney_White_1986","R24-025643"
"-24.485","19.9133","58.5","CVE2-3","Courtney_White_1986","R24-025640"
"-24.4683","19.9133","53.7","CVE2-8","Courtney_White_1986","R24-025644"
"-24.4683","19.9167","54.7","CVE2-9","Courtney_White_1986","R24-025645"
"-24.4667","19.9183","54.6","CVE2-10","Courtney_White_1986","R24-025632"
"-24.465","19.9183","53.6","CVE2-11","Courtney_White_1986","R24-025633"
"-24.4617","19.9183","53.1","CVE2-12","Courtney_White_1986","R24-025634"
"-24.455","19.92","48.9","CVE2-13","Courtney_White_1986","R24-025635"
"-24.4483","19.9217","50.5","CVE2-14","Courtney_White_1986","R24-025636"
"-24.4417","19.9283","48.3","CVE2-15","Courtney_White_1986","R24-025637"
"-24.4367","19.93","46.6","CVE2-16","Courtney_White_1986","R24-025638"
"-49.7667","20.0167","24","AII-42-33","VonHerzen_Simmons_1972","R24-087217"
"-49.0167","20.2","21","Zep-12","Nason_Lee_1964","R24-070571"
"-49.0167","20.2","21","Zep-12","Nason_Lee_1962","R24-070557"
"-50.8667","20.35","21","AII-42-34","VonHerzen_Simmons_1972","R24-087218"
"-53.6","20.38333333","78.772","V25-032","Langseth_etal._1972","R24-053349"
"-34.1167","20.4667","58","V19-178","Langseth_etal._1966","R24-053066"
"-34.1167","20.4667","58","V19-178","Ludwig_Rabinowitz_1975","R24-060581"
"-34.1167","20.4667","58","V19-178","Rabinowitz_Ludwig_1980","R24-073736"
"-51.018","20.4917","83","V31-31","LDEO_2004","R24-055541"
"-51.9333","20.65","52","AII-42-36-1","VonHerzen_Simmons_1972","R24-087219"
"-51.9333","20.65","46","AII-42-36-2","VonHerzen_Simmons_1972","R24-087220"
"-24.5283","20.66","49.8","CVF1-2","Courtney_White_1986","R24-025652"
"-24.5367","20.6617","52.2","CVF1-1","Courtney_White_1986","R24-025646"
"-32.2167","20.6667","43.1","V32-2","Abbott_2008","R24-001779"
"-24.5233","20.6667","47.3","CVF1-3","Courtney_White_1986","R24-025653"
"-32.2183","20.67","49","V32-002","Ludwig_Rabinowitz_1975","R24-060595"
"-32.2183","20.67","49","V32-02","Rabinowitz_Ludwig_1980","R24-073742"
"-24.5183","20.68","47.7","CVF1-4","Courtney_White_1986","R24-025654"
"-24.585","20.6883","46.7","CVF2-1","Courtney_White_1986","R24-025659"
"-24.5867","20.6933","48.7","CVF2-2","Courtney_White_1986","R24-025666"
"-24.5917","20.6983","49","CVF2-4","Courtney_White_1986","R24-025667"
"-24.5117","20.6983","47.6","CVF1-5","Courtney_White_1986","R24-025655"
"-24.5067","20.6983","50.9","CVF1-6","Courtney_White_1986","R24-025656"
"-24.5033","20.6983","47.2","CVF1-7","Courtney_White_1986","R24-025657"
"-31.45","20.7","57","V22-041","Ludwig_Rabinowitz_1975","R24-060585"
"-31.45","20.7","57","V22-041","Herman_etal._1977","R24-047321"
"-24.56","20.7","50.5","CVRISF2","Courtney_White_1986","R24-025687"
"-24.5783","20.7017","50.1","CVF2-5","Courtney_White_1986","R24-025668"
"-24.5717","20.7017","43.7","CVF2-6","Courtney_White_1986","R24-025669"
"-24.5667","20.7033","43.8","CVF2-7","Courtney_White_1986","R24-025670"
"-24.5533","20.7033","43.2","CVF2-10","Courtney_White_1986","R24-025660"
"-24.5617","20.705","46.2","CVF2-8","Courtney_White_1986","R24-025671"
"-24.5517","20.705","49.6","CVF2-11","Courtney_White_1986","R24-025661"
"-24.5583","20.7067","48.4","CVF2-9","Courtney_White_1986","R24-025672"
"-24.5483","20.7067","51.1","CVF2-12","Courtney_White_1986","R24-025662"
"-24.5467","20.7117","48.8","CVF2-13","Courtney_White_1986","R24-025663"
"-24.4933","20.7117","46.8","CVF1-8","Courtney_White_1986","R24-025658"
"-24.5417","20.7167","52.9","CVF2-14","Courtney_White_1986","R24-025664"
"-24.49","20.72","51.8","CVRISF1","Courtney_White_1986","R24-025686"
"-24.5317","20.7233","50.8","CVF2-16","Courtney_White_1986","R24-025665"
"-24.485","20.7233","55.2","CVF1-11","Courtney_White_1986","R24-025647"
"-24.485","20.7383","44.9","CVF1-13","Courtney_White_1986","R24-025648"
"-24.4717","20.7417","50","CVF1-15","Courtney_White_1986","R24-025650"
"-24.455","20.7417","43.3","CVF1-17","Courtney_White_1986","R24-025651"
"-24.4817","20.7467","58.5","CVF1-14","Courtney_White_1986","R24-025649"
"-32.3233","20.8","80","V32-003","Ludwig_Rabinowitz_1975","R24-060596"
"-32.3233","20.8","80","V32-03","Rabinowitz_Ludwig_1980","R24-073743"
"-32.3167","20.8","69.9","V32-3","Abbott_2008","R24-001780"
"-52.9333","21","21","AII-42-37","VonHerzen_Simmons_1972","R24-087221"
"-44.95","21.0667","75","Zep-14","Nason_Lee_1964","R24-070573"
"-44.95","21.0667","75","Zep-14","Nason_Lee_1962","R24-070559"
"-39.85","21.0667","35","V20-220","Langseth_etal._1966","R24-053099"
"-46.5","21.1","13","Zep-13","Nason_Lee_1962","R24-070558"
"-46.5","21.1","13","Zep-13","Nason_Lee_1964","R24-070572"
"-32.445","21.165","73","V32-01","Rabinowitz_Ludwig_1980","R24-073741"
"-32.445","21.165","73","V32-001","Ludwig_Rabinowitz_1975","R24-060594"
"-32.45","21.1667","64.1","V32-1","Abbott_2008","R24-001771"
"-21.295","21.216667","39","V30-043","Herman_etal._1977","R24-047498"
"-22.68333333","21.3","38.548","V23-061","Langseth_etal._1970","R24-053121"
"-22.68333333","21.3","38.548","V23-061","Herman_etal._1977","R24-047326"
"-53.9667","21.3167","88","AII-42-38","VonHerzen_Simmons_1972","R24-087222"
"-57.602","21.405","115","C11-4","LDEO_2004","R24-055080"
"-57.6017","21.405","115","C11-4","Abbott_2008","R24-000305"
"-53.4","21.5","24.9180976","V25-031","Langseth_etal._1972","R24-053348"
"-55","21.7333","63","AII-42-39","VonHerzen_Simmons_1972","R24-087223"
"-29.2433","21.855","57.6","PK-435","Hobart_etal._1974","R24-047526"
"-29.2433","21.855","59","Kur-435","Popova_1974","R24-073164"
"-29.2433","21.855","58","K-435","Hobart_etal._1974","R24-047518"
"-29.2433","21.855","59","Kur-435","Ludwig_Rabinowitz_1975","R24-060555"
"-45.7667","21.9333","272","Zep-15","Nason_Lee_1964","R24-070574"
"-45.7667","21.9333","272","Zep-15","Nason_Lee_1962","R24-070560"
"-46.5618","22.0088","13","POND1204","Langseth_etal._1992","R24-053950"
"-46.5828","22.0092","14","POND1101","Langseth_etal._1992","R24-053912"
"-46.5528","22.0093","10","POND1205","Langseth_etal._1992","R24-053951"
"-46.5762","22.0095","55","POND1201","Langseth_etal._1992","R24-053947"
"-46.57","22.0097","26","POND1202","Langseth_etal._1992","R24-053948"
"-46.5665","22.0097","22","POND1203","Langseth_etal._1992","R24-053949"
"-46.6484","22.01","57","POND1301","Langseth_etal._1992","R24-053969"
"-46.5828","22.0128","34","POND1102","Langseth_etal._1992","R24-053913"
"-46.6487","22.0145","100","POND1302","Langseth_etal._1992","R24-053970"
"-46.5462","22.015","16","POND1206","Langseth_etal._1992","R24-053952"
"-46.5297","22.0152","26","POND1208","Langseth_etal._1992","R24-053954"
"-46.536","22.0153","17","POND1207","Langseth_etal._1992","R24-053953"
"-46.5255","22.0172","8","POND1209","Langseth_etal._1992","R24-053955"
"-46.584","22.0173","90","POND1103","Langseth_etal._1992","R24-053914"
"-46.646","22.0185","97","POND1303","Langseth_etal._1992","R24-053971"
"-46.525","22.0213","21","POND1210","Langseth_etal._1992","R24-053956"
"-46.6415","22.0225","84","POND1304","Langseth_etal._1992","R24-053972"
"-46.5837","22.0233","88","POND1104","Langseth_etal._1992","R24-053915"
"-46.5245","22.0263","38","POND1211","Langseth_etal._1992","R24-053957"
"-46.641","22.0273","72","POND1305","Langseth_etal._1992","R24-053973"
"-46.5819","22.0282","81","POND1105","Langseth_etal._1992","R24-053916"
"-46.5247","22.0308","45","POND1212","Langseth_etal._1992","R24-053958"
"-46.576","22.032","58","POND1106","Langseth_etal._1992","R24-053917"
"-46.6405","22.0325","75","POND1306","Langseth_etal._1992","R24-053974"
"-46.573","22.0332","57","POND1108","Langseth_etal._1992","R24-053919"
"-46.5747","22.0338","72","POND1107","Langseth_etal._1992","R24-053918"
"-46.525","22.0355","35","POND1213","Langseth_etal._1992","R24-053959"
"-46.6395","22.037","58","POND1307","Langseth_etal._1992","R24-053975"
"-46.5248","22.04","28","POND1214","Langseth_etal._1992","R24-053960"
"-46.6388","22.0415","71","POND1308","Langseth_etal._1992","R24-053976"
"-46.581","22.0427","74","POND1109","Langseth_etal._1992","R24-053920"
"-46.5949","22.0438","63","POND1322","Langseth_etal._1992","R24-053990"
"-46.5257","22.044","36","POND1215","Langseth_etal._1992","R24-053961"
"-46.638","22.045","59","POND1309","Langseth_etal._1992","R24-053977"
"-46.5953","22.0475","80","POND1323","Langseth_etal._1992","R24-053991"
"-46.5822","22.0485","66","POND1110","Langseth_etal._1992","R24-053922"
"-46.5267","22.0493","35","POND1216","Langseth_etal._1992","R24-053962"
"-46.6339","22.0495","118","POND1310","Langseth_etal._1992","R24-053978"
"-46.6292","22.0502","209","POND1311","Langseth_etal._1992","R24-053979"
"-46.6253","22.0507","135","POND1312","Langseth_etal._1992","R24-053980"
"-46.5949","22.0515","109","POND1324","Langseth_etal._1992","R24-053992"
"-46.5747","22.0517","80","POND1339","Langseth_etal._1992","R24-054007"
"-46.6235","22.0522","87","POND1313","Langseth_etal._1992","R24-053981"
"-46.5827","22.0522","113","POND1111","Langseth_etal._1992","R24-053923"
"-46.62","22.0532","81","POND1314","Langseth_etal._1992","R24-053982"
"-46.5947","22.0533","100","POND1325","Langseth_etal._1992","R24-053993"
"-46.5252","22.0533","32","POND1217","Langseth_etal._1992","R24-053963"
"-46.577","22.0542","158","POND1338","Langseth_etal._1992","R24-054006"
"-46.6163","22.055","63","POND1315","Langseth_etal._1992","R24-053983"
"-46.61","22.0552","52","POND1113","Langseth_etal._1992","R24-053925"
"-46.5949","22.0557","149","POND1326","Langseth_etal._1992","R24-053994"
"-46.5785","22.0558","274","POND1120","Langseth_etal._1992","R24-053933"
"-46.5837","22.0565","454","POND1119","Langseth_etal._1992","R24-053931"
"-46.5758","22.0572","849","POND1335","Langseth_etal._1992","R24-054003"
"-46.5757","22.0572","1044","POND1336","Langseth_etal._1992","R24-054004"
"-46.615","22.0573","54","POND1316","Langseth_etal._1992","R24-053984"
"-46.597","22.0575","742","POND1116","Langseth_etal._1992","R24-053928"
"-46.587","22.0575","299","POND1118","Langseth_etal._1992","R24-053930"
"-46.579","22.0575","468","POND1112","Langseth_etal._1992","R24-053924"
"-46.6003","22.0577","81","POND1115","Langseth_etal._1992","R24-053927"
"-46.525","22.0577","18","POND1218","Langseth_etal._1992","R24-053964"
"-46.5755","22.0578","890","POND1337","Langseth_etal._1992","R24-054005"
"-46.593","22.058","781","POND1117","Langseth_etal._1992","R24-053929"
"-46.5742","22.058","791","POND1121","Langseth_etal._1992","R24-053934"
"-46.596","22.0583","286","POND1327","Langseth_etal._1992","R24-053995"
"-46.6047","22.0588","61","POND1114","Langseth_etal._1992","R24-053926"
"-46.5695","22.0595","1019","POND1122","Langseth_etal._1992","R24-053935"
"-46.576","22.0597","371","POND1334","Langseth_etal._1992","R24-054002"
"-46.5625","22.0597","156","POND1124","Langseth_etal._1992","R24-053937"
"-46.5667","22.0598","408","POND1123","Langseth_etal._1992","R24-053936"
"-46.6125","22.06","242","POND1317","Langseth_etal._1992","R24-053985"
"-46.5955","22.0603","635","POND1328","Langseth_etal._1992","R24-053996"
"-46.5917","22.0607","491","POND1329","Langseth_etal._1992","R24-053997"
"-46.6092","22.0615","102","POND1318","Langseth_etal._1992","R24-053986"
"-46.5887","22.0615","302","POND1330","Langseth_etal._1992","R24-053998"
"-46.5852","22.0622","455","POND1331","Langseth_etal._1992","R24-053999"
"-46.6057","22.0623","105","POND1319","Langseth_etal._1992","R24-053987"
"-46.582","22.0623","85","POND1332","Langseth_etal._1992","R24-054000"
"-46.5592","22.0625","279","POND1125","Langseth_etal._1992","R24-053938"
"-46.5782","22.0632","178","POND1333","Langseth_etal._1992","R24-054001"
"-46.5247","22.0633","19","POND1219","Langseth_etal._1992","R24-053965"
"-46.602","22.0642","304","POND1320","Langseth_etal._1992","R24-053988"
"-46.6017","22.0645","245","POND1321","Langseth_etal._1992","R24-053989"
"-46.5252","22.068","29","POND1220","Langseth_etal._1992","R24-053966"
"-46.5502","22.0685","451","POND1127","Langseth_etal._1992","R24-053940"
"-46.554","22.0687","389","POND1126","Langseth_etal._1992","R24-053939"
"-46.5478","22.0688","109","POND1128","Langseth_etal._1992","R24-053941"
"-46.5338","22.0713","8","POND1129","Langseth_etal._1992","R24-053942"
"-46.5253","22.0717","24","POND1221","Langseth_etal._1992","R24-053967"
"-46.5302","22.0747","31","POND1130","Langseth_etal._1992","R24-053944"
"-46.523","22.0767","56","POND1222","Langseth_etal._1992","R24-053968"
"-41.5","22.1317","132","V20-220","Abbott_2008","R24-001386"
"-41.5","22.133","132","V20-220","LDEO_2004","R24-055360"
"-56.65","22.2333","54","AII-42-41","VonHerzen_Simmons_1972","R24-087224"
"-24.7533","22.3867","40.5","CVG1-1","Courtney_White_1986","R24-025673"
"-24.705","22.3883","43.6","CVG2-1","Courtney_White_1986","R24-025678"
"-23.7433","22.3917","45.7","CVRISEG","Courtney_White_1986","R24-025685"
"-24.745","22.3933","45.5","CVG1-2","Courtney_White_1986","R24-025675"
"-24.6767","22.4133","41.3","CVG2-4","Courtney_White_1986","R24-025680"
"-24.7233","22.42","45.2","CVG1-6","Courtney_White_1986","R24-025676"
"-24.7217","22.4333","50","CVG1-8","Courtney_White_1986","R24-025677"
"-24.7117","22.4467","43.7","CVG1-10","Courtney_White_1986","R24-025674"
"-24.6867","22.4967","38","CVG2-3","Courtney_White_1986","R24-025679"
"-28","22.6","44","V27-095","Herman_etal._1977","R24-047444"
"-28","22.6","44","V27-095","Ludwig_Rabinowitz_1975","R24-060593"
"-46.1257","22.7237","60","POND801","Langseth_etal._1992","R24-054110"
"-46.121","22.7268","36","POND802","Langseth_etal._1992","R24-054111"
"-46.1145","22.7297","28","POND804","Langseth_etal._1992","R24-054113"
"-46.1182","22.7302","26","POND803","Langseth_etal._1992","R24-054112"
"-54.2167","22.7317","26.4","C17-9","Abbott_2008","R24-000558"
"-54.217","22.733","26","C17-9","LDEO_2004","R24-055206"
"-46.095","22.7333","61.9","H0904P01","Schmidt-Schierhorn_etal._2012","R24-077857"
"-46.1117","22.7368","18","POND805","Langseth_etal._1992","R24-054114"
"-46.1017","22.7383","48.8","H0904P02","Schmidt-Schierhorn_etal._2012","R24-077858"
"-46.108","22.7395","32","POND806","Langseth_etal._1992","R24-054115"
"-46.135","22.7408","39","POND602","Langseth_etal._1992","R24-054069"
"-46.1083","22.7433","16.3","H0904P03","Schmidt-Schierhorn_etal._2012","R24-077859"
"-46.1307","22.7437","36","POND603","Langseth_etal._1992","R24-054070"
"-46.1022","22.7443","46","POND807","Langseth_etal._1992","R24-054116"
"-46.1289","22.7473","33","POND604","Langseth_etal._1992","R24-054071"
"-46.0972","22.7485","35","POND808","Langseth_etal._1992","R24-054117"
"-46.115","22.75","14","H0904P04","Schmidt-Schierhorn_etal._2012","R24-077860"
"-46.126","22.7512","42","POND605","Langseth_etal._1992","R24-054072"
"-46.1218","22.7532","32","POND606","Langseth_etal._1992","R24-054073"
"-46.1217","22.7533","32.4","H0904P05","Schmidt-Schierhorn_etal._2012","R24-077861"
"-46.0924","22.7533","41","POND809","Langseth_etal._1992","R24-054118"
"-46.0817","22.755","180","DSDP395A","Hyndman_etal._1984","R24-048853"
"-46.077","22.7557","15","POND813","Langseth_etal._1992","R24-054122"
"-46.0729","22.7562","19","POND814","Langseth_etal._1992","R24-054123"
"-46.0845","22.7563","24","POND811","Langseth_etal._1992","R24-054120"
"-46.0805","22.7565","6","POND812","Langseth_etal._1992","R24-054121"
"-46.1175","22.7567","53","POND607","Langseth_etal._1992","R24-054074"
"-46.0893","22.7567","29","POND810","Langseth_etal._1992","R24-054119"
"-46.125","22.7583","19.1","H0904P06","Schmidt-Schierhorn_etal._2012","R24-077862"
"-46.1335","22.76","47","POND902","Langseth_etal._1992","R24-054136"
"-46.085","22.76","5.3","H0902P03","Schmidt-Schierhorn_etal._2012","R24-077837"
"-46.1145","22.7605","31","POND608","Langseth_etal._1992","R24-054075"
"-46.0722","22.7608","17","POND815","Langseth_etal._1992","R24-054124"
"-46.1317","22.7617","24.3","H0904P07","Schmidt-Schierhorn_etal._2012","R24-077863"
"-46.0883","22.7617","34.5","H0902P04","Schmidt-Schierhorn_etal._2012","R24-077838"
"-46.114","22.7628","24","POND609","Langseth_etal._1992","R24-054076"
"-46.1289","22.7632","46","POND903","Langseth_etal._1992","R24-054137"
"-46.0805","22.7632","19","POND1001","Langseth_etal._1992","R24-053891"
"-46.135","22.765","25.4","H0904P08","Schmidt-Schierhorn_etal._2012","R24-077864"
"-46.0917","22.765","20.8","H0902P05","Schmidt-Schierhorn_etal._2012","R24-077839"
"-46.0735","22.765","19","POND816","Langseth_etal._1992","R24-054125"
"-46.108","22.7658","28","POND610","Langseth_etal._1992","R24-054077"
"-46.1255","22.7668","75","POND905","Langseth_etal._1992","R24-054138"
"-46.0832","22.7668","18","POND1002","Langseth_etal._1992","R24-053892"
"-46.0967","22.7683","34.6","H0902P06","Schmidt-Schierhorn_etal._2012","R24-077840"
"-46.1052","22.7692","113","POND611","Langseth_etal._1992","R24-054078"
"-46.0882","22.7698","33","POND1003","Langseth_etal._1992","R24-053893"
"-46.1417","22.77","87.5","H0904P09","Schmidt-Schierhorn_etal._2012","R24-077865"
"-46.1222","22.7703","49","POND906","Langseth_etal._1992","R24-054139"
"-46.073","22.7708","36","POND817","Langseth_etal._1992","R24-054126"
"-46.1","22.7717","40.3","H0902P07","Schmidt-Schierhorn_etal._2012","R24-077841"
"-46.1015","22.7727","60","POND612","Langseth_etal._1992","R24-054079"
"-46.1467","22.7733","61.3","H0904P10","Schmidt-Schierhorn_etal._2012","R24-077866"
"-46.0633","22.7733","37.8","H0903P02","Schmidt-Schierhorn_etal._2012","R24-077846"
"-46.1167","22.7738","55","POND907","Langseth_etal._1992","R24-054140"
"-46.0918","22.774","25","POND1004","Langseth_etal._1992","R24-053894"
"-46.0714","22.7743","50","POND818","Langseth_etal._1992","R24-054127"
"-46.1383","22.775","118.7","H0904P11","Schmidt-Schierhorn_etal._2012","R24-077867"
"-46.105","22.775","43","H0902P08","Schmidt-Schierhorn_etal._2012","R24-077842"
"-46.098","22.7755","100","POND613","Langseth_etal._1992","R24-054080"
"-46.0958","22.777","53","POND1005","Langseth_etal._1992","R24-053895"
"-46.0668","22.7777","55","POND819","Langseth_etal._1992","R24-054128"
"-46.1123","22.7782","142","POND908","Langseth_etal._1992","R24-054141"
"-46.1083","22.7783","35.6","H0902P09","Schmidt-Schierhorn_etal._2012","R24-077843"
"-46.0953","22.779","64","POND614","Langseth_etal._1992","R24-054081"
"-46.137","22.78","50","POND701","Langseth_etal._1992","R24-054085"
"-46.1328","22.78","105","POND702","Langseth_etal._1992","R24-054086"
"-46.1278","22.78","17","POND703","Langseth_etal._1992","R24-054087"
"-46.1117","22.78","98","ODP1074A","Pribnow_etal._2000a","R24-073239"
"-46.1117","22.78","69.5","H0902P10","Schmidt-Schierhorn_etal._2012","R24-077844"
"-46.0817","22.78","14.8","H0905P02","Schmidt-Schierhorn_etal._2012","R24-077869"
"-46.0817","22.78","15.5","H0905P01","Schmidt-Schierhorn_etal._2012","R24-077868"
"-46.0667","22.78","41.5","H0903P03","Schmidt-Schierhorn_etal._2012","R24-077847"
"-46.1184","22.7802","44","POND705","Langseth_etal._1992","R24-054089"
"-46.099","22.7802","188","POND1006","Langseth_etal._1992","R24-053896"
"-46.0945","22.7802","58","POND615","Langseth_etal._1992","R24-054082"
"-46.0635","22.7807","91","POND820","Langseth_etal._1992","R24-054129"
"-46.1125","22.7808","329","POND706","Langseth_etal._1992","R24-054090"
"-46.1022","22.781","148","POND1007","Langseth_etal._1992","R24-053897"
"-46.11","22.7812","278","POND909","Langseth_etal._1992","R24-054142"
"-46.123","22.7815","23","POND704","Langseth_etal._1992","R24-054088"
"-46.0903","22.7815","39","POND616","Langseth_etal._1992","R24-054083"
"-46.1088","22.7817","230","POND707","Langseth_etal._1992","R24-054091"
"-46.0733","22.7817","35.6","H0903P04","Schmidt-Schierhorn_etal._2012","R24-077848"
"-46.0595","22.783","33","POND821","Langseth_etal._1992","R24-054130"
"-46.113","22.7832","147","POND910","Langseth_etal._1992","R24-054143"
"-46.101","22.7833","160","POND708","Langseth_etal._1992","R24-054092"
"-46.0767","22.785","22.1","H0903P05","Schmidt-Schierhorn_etal._2012","R24-077849"
"-46.0877","22.7852","44","POND617","Langseth_etal._1992","R24-054084"
"-46.097","22.7853","62","POND709","Langseth_etal._1992","R24-054093"
"-46.104","22.7855","144","POND1008","Langseth_etal._1992","R24-053898"
"-46.119","22.7867","49","POND1011","Langseth_etal._1992","R24-053901"
"-46.0917","22.787","23","POND710","Langseth_etal._1992","R24-054094"
"-46.1138","22.7872","48","POND1012","Langseth_etal._1992","R24-053902"
"-46.0565","22.7872","32","POND822","Langseth_etal._1992","R24-054131"
"-46.1023","22.7882","168","POND911","Langseth_etal._1992","R24-054144"
"-46.0817","22.7883","5.7","H0903P06","Schmidt-Schierhorn_etal._2012","R24-077850"
"-46.0733","22.7883","13.2","H0905P03","Schmidt-Schierhorn_etal._2012","R24-077870"
"-46.0733","22.7883","13.3","H0905P04","Schmidt-Schierhorn_etal._2012","R24-077871"
"-46.1075","22.7888","226","POND1009","Langseth_etal._1992","R24-053899"
"-46.0875","22.7888","29","POND711","Langseth_etal._1992","R24-054095"
"-46.083","22.789","23","POND712","Langseth_etal._1992","R24-054096"
"-46.1106","22.7895","174.01","J2-773P33","Villinger_etal._2019","R24-086126"
"-46.0532","22.7897","29","POND823","Langseth_etal._1992","R24-054132"
"-46.11","22.7899","113.18","J2-773P34","Villinger_etal._2019","R24-086127"
"-46.0989","22.7903","54","POND912","Langseth_etal._1992","R24-054145"
"-46.1088","22.7905","727.94","J2-773P35","Villinger_etal._2019","R24-086128"
"-46.1085","22.7909","132.81","J2-773P36","Villinger_etal._2019","R24-086129"
"-46.108","22.7909","538.62","J2-773P37","Villinger_etal._2019","R24-086130"
"-46.1075","22.7909","354.76","J2-773P38","Villinger_etal._2019","R24-086131"
"-46.1072","22.7913","495.5","J2-773P39","Villinger_etal._2019","R24-086132"
"-46.1267","22.7917","70","H0902P14","Schmidt-Schierhorn_etal._2012","R24-077845"
"-46.1066","22.792","166.95","J2-773P40","Villinger_etal._2019","R24-086133"
"-46.1074","22.7925","319.2","J2-773P41","Villinger_etal._2019","R24-086134"
"-46.1096","22.7929","60.9","J2-773P32","Villinger_etal._2019","R24-086125"
"-46.1078","22.7931","445.88","J2-773P42","Villinger_etal._2019","R24-086135"
"-46.109","22.7933","156.49","J2-773P31","Villinger_etal._2019","R24-086124"
"-46.1078","22.7933","134.25","J2-773P43","Villinger_etal._2019","R24-086136"
"-46.0883","22.7933","26.3","H0903P07","Schmidt-Schierhorn_etal._2012","R24-077851"
"-46.0798","22.7933","30","POND713","Langseth_etal._1992","R24-054097"
"-46.0683","22.7933","53.8","H0905P05","Schmidt-Schierhorn_etal._2012","R24-077872"
"-46.049","22.7935","25","POND824","Langseth_etal._1992","R24-054133"
"-46.1081","22.7937","131.24","J2-773P30","Villinger_etal._2019","R24-086123"
"-46.1067","22.7938","182.08","J2-773P44","Villinger_etal._2019","R24-086137"
"-46.0953","22.7938","59","POND913","Langseth_etal._1992","R24-054146"
"-46.108","22.7944","348.12","J2-773P29","Villinger_etal._2019","R24-086122"
"-46.0767","22.7948","29","POND714","Langseth_etal._1992","R24-054098"
"-46.1067","22.7967","327","H0903P12","Schmidt-Schierhorn_etal._2012","R24-077856"
"-46.0917","22.7967","24.3","H0903P08","Schmidt-Schierhorn_etal._2012","R24-077852"
"-46.065","22.7967","44.7","H0905P06","Schmidt-Schierhorn_etal._2012","R24-077873"
"-46.0925","22.7977","34","POND914","Langseth_etal._1992","R24-054147"
"-46.1079","22.7981","64.16","J2-773P28","Villinger_etal._2019","R24-086121"
"-46.0817","22.7983","27.1","H0901P01","Schmidt-Schierhorn_etal._2012","R24-077827"
"-46.051","22.7998","47","POND825","Langseth_etal._1992","R24-054134"
"-46.0672","22.8","166","POND716","Langseth_etal._1992","R24-054100"
"-46.06","22.8","90.3","H0905P07","Schmidt-Schierhorn_etal._2012","R24-077874"
"-46.0895","22.8015","53","POND915","Langseth_etal._1992","R24-054148"
"-46.105","22.8017","77.6","H0903P11","Schmidt-Schierhorn_etal._2012","R24-077855"
"-46.0967","22.8017","31","H0903P09","Schmidt-Schierhorn_etal._2012","R24-077853"
"-46.0725","22.8017","39","POND715","Langseth_etal._1992","R24-054099"
"-46.0607","22.802","69","POND826","Langseth_etal._1992","R24-054135"
"-46.1085","22.8025","99.31","J2-773P27","Villinger_etal._2019","R24-086120"
"-46.0767","22.8033","33.8","H0901P02","Schmidt-Schierhorn_etal._2012","R24-077828"
"-46.0567","22.805","23.6","H0905P08","Schmidt-Schierhorn_etal._2012","R24-077875"
"-46.0893","22.806","61","POND916","Langseth_etal._1992","R24-054149"
"-46.0733","22.8067","43.9","H0901P03","Schmidt-Schierhorn_etal._2012","R24-077829"
"-46.0653","22.8067","157","POND717","Langseth_etal._1992","R24-054101"
"-46.0533","22.8067","33","H0905P10","Schmidt-Schierhorn_etal._2012","R24-077877"
"-46.0533","22.8067","32.7","H0905P09","Schmidt-Schierhorn_etal._2012","R24-077876"
"-46.1103","22.8069","254.26","J2-767P01","Villinger_etal._2019","R24-086056"
"-46.1067","22.8083","54.7","H0903P10","Schmidt-Schierhorn_etal._2012","R24-077854"
"-46.07","22.8083","47.1","H0901P04","Schmidt-Schierhorn_etal._2012","R24-077830"
"-46.05","22.81","30.2","H0905P11","Schmidt-Schierhorn_etal._2012","R24-077878"
"-46.089","22.8108","50","POND917","Langseth_etal._1992","R24-054150"
"-46.0632","22.8115","88","POND718","Langseth_etal._1992","R24-054102"
"-46.1097","22.8116","154.75","J2-767P02","Villinger_etal._2019","R24-086057"
"-46.0667","22.8117","39.3","H0901P05","Schmidt-Schierhorn_etal._2012","R24-077831"
"-46.0588","22.8117","47","POND719","Langseth_etal._1992","R24-054103"
"-46.0803","22.8122","29","POND726","Langseth_etal._1992","R24-054109"
"-46.0752","22.8123","35","POND724","Langseth_etal._1992","R24-054108"
"-46.0723","22.8137","117","POND723","Langseth_etal._1992","R24-054107"
"-46.067","22.8145","44","POND722","Langseth_etal._1992","R24-054106"
"-46.0623","22.8148","172","POND721","Langseth_etal._1992","R24-054105"
"-46.0595","22.8148","56","POND720","Langseth_etal._1992","R24-054104"
"-46.065","22.815","52.4","H0901P06","Schmidt-Schierhorn_etal._2012","R24-077832"
"-46.0897","22.8152","38","POND918","Langseth_etal._1992","R24-054151"
"-46.135","22.8155","92.44","J2-767P15","Villinger_etal._2019","R24-086066"
"-46.1101","22.816","147.18","J2-767P03","Villinger_etal._2019","R24-086058"
"-46.0617","22.8167","89.5","H0901P07","Schmidt-Schierhorn_etal._2012","R24-077833"
"-46.1369","22.8168","65.4","J2-767P16","Villinger_etal._2019","R24-086067"
"-46.1103","22.8183","353.95","J2-767P04","Villinger_etal._2019","R24-086059"
"-46.1347","22.8186","108.27","J2-767P12","Villinger_etal._2019","R24-086065"
"-46.0963","22.8189","66.55","J2-772P21","Villinger_etal._2019","R24-086092"
"-46.1103","22.8194","12.59","J2-767P05","Villinger_etal._2019","R24-086060"
"-46.1634","22.8195","48.64","J2-772P07","Villinger_etal._2019","R24-086078"
"-46.168","22.8197","60.13","J2-772P08","Villinger_etal._2019","R24-086079"
"-46.1616","22.82","82.63","J2-772P06","Villinger_etal._2019","R24-086077"
"-46.1611","22.82","186.2","J2-772P05","Villinger_etal._2019","R24-086076"
"-46.0583","22.82","250.1","H0901P08","Schmidt-Schierhorn_etal._2012","R24-077834"
"-46.1601","22.8201","50.84","J2-772P04","Villinger_etal._2019","R24-086075"
"-46.1106","22.8202","84.97","J2-773P01","Villinger_etal._2019","R24-086094"
"-46.1102","22.8203","73.4","J2-773P11","Villinger_etal._2019","R24-086104"
"-46.1098","22.8203","108.55","J2-773P10","Villinger_etal._2019","R24-086103"
"-46.1581","22.8204","69.17","J2-772P03","Villinger_etal._2019","R24-086074"
"-46.1108","22.8204","1334.31","J2-773P13","Villinger_etal._2019","R24-086106"
"-46.1108","22.8204","1149.73","J2-773P12","Villinger_etal._2019","R24-086105"
"-46.1089","22.8204","293.09","J2-773P09","Villinger_etal._2019","R24-086102"
"-46.111","22.8205","812.56","J2-767P06","Villinger_etal._2019","R24-086061"
"-46.1106","22.8205","85.45","J2-773P26","Villinger_etal._2019","R24-086119"
"-46.1105","22.8205","65.67","J2-773P02","Villinger_etal._2019","R24-086095"
"-46.1565","22.8206","119.71","J2-772P02","Villinger_etal._2019","R24-086073"
"-46.1108","22.8206","1118.19","J2-773P14","Villinger_etal._2019","R24-086107"
"-46.1108","22.8206","386.94","J2-773P03","Villinger_etal._2019","R24-086096"
"-46.1105","22.8206","64.52","J2-773P25","Villinger_etal._2019","R24-086118"
"-46.1109","22.8207","359.3","J2-773P16","Villinger_etal._2019","R24-086109"
"-46.1108","22.8207","887.98","J2-773P15","Villinger_etal._2019","R24-086108"
"-46.1106","22.8207","51.56","J2-773P04","Villinger_etal._2019","R24-086097"
"-46.1103","22.8207","52.2","J2-773P24","Villinger_etal._2019","R24-086117"
"-46.1109","22.8208","228.85","J2-773P17","Villinger_etal._2019","R24-086110"
"-46.1108","22.8208","923.88","J2-773P18","Villinger_etal._2019","R24-086111"
"-46.1108","22.8208","887.28","J2-773P19","Villinger_etal._2019","R24-086112"
"-46.1101","22.8208","62.66","J2-773P23","Villinger_etal._2019","R24-086116"
"-46.1545","22.8209","22.23","J2-772P01","Villinger_etal._2019","R24-086072"
"-46.1089","22.8209","299.02","J2-773P08","Villinger_etal._2019","R24-086101"
"-46.1106","22.821","678.32","J2-773P20","Villinger_etal._2019","R24-086113"
"-46.1437","22.8211","78.57","J2-767P17","Villinger_etal._2019","R24-086068"
"-46.1105","22.8211","741.71","J2-773P21","Villinger_etal._2019","R24-086114"
"-46.1103","22.8211","220.77","J2-773P05","Villinger_etal._2019","R24-086098"
"-46.1701","22.8212","82.63","J2-772P09","Villinger_etal._2019","R24-086080"
"-46.1103","22.8212","196.94","J2-773P22","Villinger_etal._2019","R24-086115"
"-46.11","22.8214","82.11","J2-773P06","Villinger_etal._2019","R24-086099"
"-46.1087","22.8215","114.63","J2-773P07","Villinger_etal._2019","R24-086100"
"-46.1437","22.8223","201.37","J2-767P18","Villinger_etal._2019","R24-086069"
"-46.1014","22.8228","76.23","J2-772P22","Villinger_etal._2019","R24-086093"
"-46.146","22.823","68.35","J2-767P20","Villinger_etal._2019","R24-086071"
"-46.055","22.8233","58.6","H0901P09","Schmidt-Schierhorn_etal._2012","R24-077835"
"-46.1429","22.824","40.28","J2-767P19","Villinger_etal._2019","R24-086070"
"-46.055","22.8267","130","H0901P10","Schmidt-Schierhorn_etal._2012","R24-077836"
"-46.0964","22.8269","23.23","J2-772P20","Villinger_etal._2019","R24-086091"
"-46.119","22.827","125.71","J2-767P11","Villinger_etal._2019","R24-086064"
"-46.1209","22.8278","43.1","J2-767P10","Villinger_etal._2019","R24-086063"
"-46.1199","22.8278","112.63","J2-767P09","Villinger_etal._2019","R24-086062"
"-46.0925","22.831","26.49","J2-772P19","Villinger_etal._2019","R24-086090"
"-46.0949","22.8312","194.15","J2-772P18","Villinger_etal._2019","R24-086089"
"-46.0969","22.8315","45.15","J2-772P17","Villinger_etal._2019","R24-086088"
"-46.1028","22.8358","237.66","J2-772P16","Villinger_etal._2019","R24-086087"
"-46.1014","22.8359","192.83","J2-772P15","Villinger_etal._2019","R24-086086"
"-46.0999","22.8363","166.26","J2-772P14","Villinger_etal._2019","R24-086085"
"-46.0985","22.8368","160.44","J2-772P13","Villinger_etal._2019","R24-086084"
"-46.0986","22.8403","127.71","J2-772P12","Villinger_etal._2019","R24-086083"
"-46.0978","22.8404","194.17","J2-772P11","Villinger_etal._2019","R24-086082"
"-46.0962","22.8404","25.35","J2-772P10","Villinger_etal._2019","R24-086081"
"-50.55","22.85","127","V32-11","LDEO_2004","R24-055559"
"-50.5483","22.85","127","V32-11","Abbott_2008","R24-001772"
"-43.5485","22.9172","47","POND401","Langseth_etal._1992","R24-054029"
"-43.5457","22.9208","44","POND402","Langseth_etal._1992","R24-054030"
"-43.5297","22.921","55","POND501","Langseth_etal._1992","R24-054046"
"-43.5308","22.9233","47","POND502","Langseth_etal._1992","R24-054047"
"-43.544","22.9252","98","POND403","Langseth_etal._1992","R24-054031"
"-43.5312","22.926","57","POND503","Langseth_etal._1992","R24-054048"
"-43.5408","22.9285","150","POND404","Langseth_etal._1992","R24-054032"
"-43.5324","22.9287","107","POND504","Langseth_etal._1992","R24-054049"
"-43.5364","22.9288","109","POND406","Langseth_etal._1992","R24-054034"
"-43.5382","22.9292","89","POND405","Langseth_etal._1992","R24-054033"
"-43.5342","22.9293","102","POND407","Langseth_etal._1992","R24-054035"
"-43.5312","22.9298","332","POND408","Langseth_etal._1992","R24-054036"
"-43.5267","22.9298","121","POND410","Langseth_etal._1992","R24-054038"
"-43.5295","22.93","97","POND409","Langseth_etal._1992","R24-054037"
"-43.5337","22.9313","69","POND505","Langseth_etal._1992","R24-054050"
"-43.5218","22.9323","45","POND411","Langseth_etal._1992","R24-054039"
"-43.5188","22.934","27","POND412","Langseth_etal._1992","R24-054040"
"-43.5162","22.934","27","POND413","Langseth_etal._1992","R24-054041"
"-43.5337","22.9343","140","POND506","Langseth_etal._1992","R24-054051"
"-43.5097","22.9347","22","POND415","Langseth_etal._1992","R24-054043"
"-43.5128","22.935","49","POND414","Langseth_etal._1992","R24-054042"
"-43.5073","22.9352","39","POND416","Langseth_etal._1992","R24-054044"
"-43.5047","22.9355","32","POND417","Langseth_etal._1992","R24-054045"
"-43.533","22.9373","78","POND507","Langseth_etal._1992","R24-054052"
"-43.532","22.9393","66","POND508","Langseth_etal._1992","R24-054053"
"-43.5299","22.9422","76","POND509","Langseth_etal._1992","R24-054054"
"-43.527","22.945","96","POND510","Langseth_etal._1992","R24-054055"
"-43.5303","22.948","65","POND511","Langseth_etal._1992","R24-054056"
"-43.5328","22.9507","58","POND512","Langseth_etal._1992","R24-054057"
"-43.5258","22.9522","47","POND206","Langseth_etal._1992","R24-054011"
"-43.5237","22.9522","56","POND207","Langseth_etal._1992","R24-054012"
"-43.5347","22.9528","28","POND202","Langseth_etal._1992","R24-054009"
"-43.532","22.9528","68","POND203","Langseth_etal._1992","R24-054010"
"-43.5373","22.953","24","POND201","Langseth_etal._1992","R24-054008"
"-43.5148","22.953","52","POND210","Langseth_etal._1992","R24-054015"
"-43.5087","22.953","30","POND302","Langseth_etal._1992","R24-054017"
"-43.4695","22.9532","31","POND308","Langseth_etal._1992","R24-054023"
"-43.5148","22.9533","47","POND301","Langseth_etal._1992","R24-054016"
"-43.5057","22.954","33","POND303","Langseth_etal._1992","R24-054018"
"-43.5187","22.9542","56","POND209","Langseth_etal._1992","R24-054014"
"-43.5027","22.9542","38","POND304","Langseth_etal._1992","R24-054019"
"-43.5002","22.9542","24","POND305","Langseth_etal._1992","R24-054020"
"-43.4645","22.9542","39","POND310","Langseth_etal._1992","R24-054025"
"-43.4993","22.9543","40","POND306","Langseth_etal._1992","R24-054021"
"-43.5213","22.9547","51","POND208","Langseth_etal._1992","R24-054013"
"-43.4967","22.9547","55","POND307","Langseth_etal._1992","R24-054022"
"-43.5347","22.9553","30","POND513","Langseth_etal._1992","R24-054058"
"-43.4668","22.956","32","POND309","Langseth_etal._1992","R24-054024"
"-43.463","22.9565","34","POND311","Langseth_etal._1992","R24-054026"
"-43.5342","22.958","75","POND514","Langseth_etal._1992","R24-054059"
"-43.4628","22.959","33","POND312","Langseth_etal._1992","R24-054027"
"-43.533","22.9602","73","POND515","Langseth_etal._1992","R24-054060"
"-43.4645","22.9625","31","POND313","Langseth_etal._1992","R24-054028"
"-43.5322","22.9638","93","POND516","Langseth_etal._1992","R24-054061"
"-43.5327","22.9672","183","POND517","Langseth_etal._1992","R24-054062"
"-43.5318","22.9702","113","POND518","Langseth_etal._1992","R24-054063"
"-43.534","22.9737","305","POND519","Langseth_etal._1992","R24-054064"
"-43.5342","22.9738","208","POND520","Langseth_etal._1992","R24-054065"
"-43.4625","22.974","50","POND114","Langseth_etal._1992","R24-053945"
"-43.4977","22.9742","41","POND112","Langseth_etal._1992","R24-053932"
"-43.4672","22.9752","67","POND113","Langseth_etal._1992","R24-053943"
"-43.5002","22.9755","118","POND111","Langseth_etal._1992","R24-053921"
"-43.4597","22.9765","49","POND115","Langseth_etal._1992","R24-053946"
"-43.5332","22.9777","155","POND521","Langseth_etal._1992","R24-054066"
"-43.5017","22.9783","60","POND110","Langseth_etal._1992","R24-053911"
"-43.5337","22.979","81","POND522","Langseth_etal._1992","R24-054067"
"-43.5277","22.9797","70","POND523","Langseth_etal._1992","R24-054068"
"-43.5112","22.9802","43","POND107","Langseth_etal._1992","R24-053908"
"-43.5237","22.9815","78","POND102","Langseth_etal._1992","R24-053903"
"-43.5228","22.9815","57","POND103","Langseth_etal._1992","R24-053904"
"-43.5202","22.9815","94","POND104","Langseth_etal._1992","R24-053905"
"-43.5275","22.9817","68","POND101","Langseth_etal._1992","R24-053900"
"-43.5052","22.9817","50","POND109","Langseth_etal._1992","R24-053910"
"-43.5148","22.9818","61","POND106","Langseth_etal._1992","R24-053907"
"-43.5077","22.9818","47","POND108","Langseth_etal._1992","R24-053909"
"-43.5163","22.9842","79","POND105","Langseth_etal._1992","R24-053906"
"-43.515","22.98567","23","DSDP_46_396A","Erickson_Hyndman_1979","R24-033811"
"-43.515","22.98567","23","DSDP_46_396A","Erickson_Hyndman_1979","R24-033810"
"-43.515","22.98567","23","DSDP_46_396B","Erickson_Hyndman_1979","R24-033812"
"-45.65","23.1","126","Zep-16","Nason_Lee_1964","R24-070575"
"-45.65","23.1","126","Zep-16","Nason_Lee_1962","R24-070561"
"-31.8","23.1583","58","Kur-436","Ludwig_Rabinowitz_1975","R24-060556"
"-31.8","23.1583","58","Kur-436","Popova_1974","R24-073165"
"-31.8","23.1583","59.6","K-436","Hobart_etal._1974","R24-047519"
"-43.65","23.3667","96","V20-221","Langseth_etal._1966","R24-053100"
"-50.2317","23.45","61.9","V32-13","Abbott_2008","R24-001774"
"-50.2","23.45","101","V32-12","Abbott_2008","R24-001773"
"-44.2333","23.5667","67","Zep-17","Nason_Lee_1964","R24-070576"
"-44.2333","23.5667","67","Zep-17","Nason_Lee_1962","R24-070562"
"-59.113","23.5783","69","C11-3","LDEO_2004","R24-055073"
"-59.1117","23.5783","68.5","C11-3","Abbott_2008","R24-000295"
"-42.4667","23.6","21","Zep-19","Nason_Lee_1962","R24-070564"
"-42.4667","23.6","21","Zep-19","Nason_Lee_1964","R24-070578"
"-58.9617","23.6317","63","C21-12F","Embley_etal._1983","R24-033416"
"-58.9617","23.6317","63","DHF12F","Embley_etal._1983","R24-033473"
"-58.9917","23.6333","51","C21-12K","Embley_etal._1983","R24-033421"
"-58.9917","23.6333","51","DHF12K","Embley_etal._1983","R24-033477"
"-58.9867","23.6333","49","C21-12J","Embley_etal._1983","R24-033420"
"-58.9833","23.6333","49","C21-12I","Embley_etal._1983","R24-033419"
"-58.9833","23.6333","49","DHF12I","Embley_etal._1983","R24-033476"
"-58.9783","23.6333","61","DHF12H","Embley_etal._1983","R24-033475"
"-58.9783","23.6333","61","C21-12H","Embley_etal._1983","R24-033418"
"-58.9683","23.6333","72","C21-12G","Embley_etal._1983","R24-033417"
"-58.9683","23.6333","72","DHF12G","Embley_etal._1983","R24-033474"
"-58.9567","23.6333","57","DHF12E","Embley_etal._1983","R24-033472"
"-58.9567","23.6333","57","C21-12E","Embley_etal._1983","R24-033415"
"-58.9433","23.6367","56","DHF12D","Embley_etal._1983","R24-033471"
"-58.9433","23.6367","56","C21-12D","Embley_etal._1983","R24-033414"
"-58.9367","23.6383","89","C21-12C","Embley_etal._1983","R24-033413"
"-58.9367","23.6383","89","DHF12C","Embley_etal._1983","R24-033470"
"-58.9283","23.64","72","DHF12B","Embley_etal._1983","R24-033469"
"-58.9283","23.64","72","C21-12B","Embley_etal._1983","R24-033412"
"-58.9217","23.6417","66","C21-12A","Embley_etal._1983","R24-033411"
"-58.9217","23.6417","66","DHF12A","Embley_etal._1983","R24-033468"
"-59.8767","23.7667","52","C21-10J","Embley_etal._1983","R24-033398"
"-59.8767","23.7683","52","C21-10I","Embley_etal._1983","R24-033397"
"-59.8767","23.7683","52","DHF10I","Embley_etal._1983","R24-033455"
"-59.8767","23.77","56","C21-10H","Embley_etal._1983","R24-033396"
"-59.8767","23.77","56","DHF10H","Embley_etal._1983","R24-033454"
"-59.8767","23.7733","54","C21-10G","Embley_etal._1983","R24-033395"
"-59.8767","23.7733","54","DHF10G","Embley_etal._1983","R24-033453"
"-59.8783","23.775","59","DHF10F","Embley_etal._1983","R24-033452"
"-59.8783","23.775","59","C21-10F","Embley_etal._1983","R24-033394"
"-59.8783","23.7767","70","C21-10E","Embley_etal._1983","R24-033393"
"-59.8783","23.7767","70","DHF10E","Embley_etal._1983","R24-033451"
"-59.88","23.78","68","C21-10D","Embley_etal._1983","R24-033392"
"-59.88","23.78","68","DHF10D","Embley_etal._1983","R24-033450"
"-59.8667","23.7817","45","C21-2","Abbott_2008","R24-000593"
"-59.88","23.7833","62","C21-10C","Embley_etal._1983","R24-033391"
"-59.88","23.7833","62","DHF10C","Embley_etal._1983","R24-033449"
"-59.88","23.785","59","C21-10B","Embley_etal._1983","R24-033390"
"-59.88","23.785","59","DHF10B","Embley_etal._1983","R24-033448"
"-59.8817","23.7883","58","DHF10A","Embley_etal._1983","R24-033447"
"-59.8817","23.7883","58","C21-10A","Embley_etal._1983","R24-033389"
"-44.9833","23.95","117","Zep-18","Nason_Lee_1964","R24-070577"
"-44.9833","23.95","117","Zep-18","Nason_Lee_1962","R24-070563"
"-55.25","24.0667","26","CH39-3","Birch_Halunen_1966","R24-005272"
"-55.25","24.0667","26","CH39-3","Birch_1964","R24-005251"
"-39.1","24.2667","17","Zep-20","Nason_Lee_1962","R24-070565"
"-39.1","24.2667","17","Zep-20","Nason_Lee_1964","R24-070579"
"-58.75","24.3167","48.6","C16-96","Abbott_2008","R24-000518"
"-58.7317","24.33","49","C16","Rabinowitz_Ludwig_1980","R24-073731"
"-58.7317","24.35","55.7","C16-97","Abbott_2008","R24-000519"
"-58.133","24.35","148","V32-18","LDEO_2004","R24-055571"
"-58.1317","24.35","148","V32-18","Abbott_2008","R24-001778"
"-58.7217","24.3517","56","C16","Rabinowitz_Ludwig_1980","R24-073732"
"-58.1417","24.3583","100","V32","Rabinowitz_Ludwig_1980","R24-073740"
"-51.03333333","24.4","110.197","V25-029","Langseth_etal._1972","R24-053347"
"-48.01666667","24.48333333","99.96","V25-027","Herman_etal._1977","R24-047367"
"-48.01666667","24.48333333","59.6138535","V25-027","Langseth_etal._1972","R24-053345"
"-58.76","24.585","73","C16","Rabinowitz_Ludwig_1980","R24-073733"
"-57.7833","24.5967","52","V32","Rabinowitz_Ludwig_1980","R24-073739"
"-58.7817","24.6","73.3","C16-98","Abbott_2008","R24-000520"
"-57.783","24.6","72","V32-17","LDEO_2004","R24-055570"
"-57.7817","24.6","71.5","V32-17","Abbott_2008","R24-001777"
"-57.8667","24.8833","38","C8","Rabinowitz_Ludwig_1980","R24-073735"
"-57.8867","24.8983","37.7","C8-90","Abbott_2008","R24-000884"
"-48.9","24.91666667","63.9","V25-028","Herman_etal._1977","R24-047368"
"-48.9","24.91666667","32.7460232","V25-028","Langseth_etal._1972","R24-053346"
"-34.2167","25.0833","29","Zep-22","Nason_Lee_1962","R24-070566"
"-34.2167","25.0833","29","Zep-22","Nason_Lee_1964","R24-070580"
"-45.03333333","25.21666667","282.825","V25-025","Herman_etal._1977","R24-047365"
"-45.03333333","25.21666667","282.825","V25-025","Langseth_etal._1972","R24-053343"
"-45.01666667","25.26666667","136.594","V25-026","Herman_etal._1977","R24-047366"
"-45.01666667","25.26666667","136.594","V25-026","Langseth_etal._1972","R24-053344"
"-56.7983","25.2667","72","C8-91","Abbott_2008","R24-000885"
"-56.8","25.267","72","C8-91","LDEO_2004","R24-055256"
"-55.7333","25.3","50","CH39-2","Birch_1964","R24-005250"
"-55.7333","25.3","50","CH39-2","Birch_Halunen_1966","R24-005271"
"-57.1817","25.4817","49.5","V32-15","Abbott_2008","R24-001775"
"-57.1783","25.4817","33","V32","Rabinowitz_Ludwig_1980","R24-073737"
"-57.183","25.483","50","V32-15","LDEO_2004","R24-055568"
"-58.7817","25.7667","74.8","C16-99","Abbott_2008","R24-000521"
"-58.7717","25.7833","75","C16","Rabinowitz_Ludwig_1980","R24-073734"
"-31.111667","25.93","33","V27-100","Herman_etal._1977","R24-047449"
"-58.2317","25.9817","170","V32-16","Abbott_2008","R24-001776"
"-58.233","25.983","170","V32-16","LDEO_2004","R24-055569"
"-58.2217","25.9833","45","V32","Rabinowitz_Ludwig_1980","R24-073738"
"-48.2667","26","55.7","V20-223","Abbott_2008","R24-001387"
"-39.488333","26.05","54","V22-043","Herman_etal._1977","R24-047322"
"-45.973","26.0817","67","V31-33","LDEO_2004","R24-055542"
"-45.9717","26.0817","67.4","V31-33","Abbott_2008","R24-001739"
"-30.783333","26.103333","48","V27-098","Herman_etal._1977","R24-047447"
"-44.8077","26.1372","410","ALVIN2586-1","Rona_etal._1996","R24-075972"
"-44.8077","26.1412","1910","ALVIN2586-2","Rona_etal._1996","R24-075973"
"-44.8078","26.1418","9660","ALVIN2586-3","Rona_etal._1996","R24-075974"
"-44.8077","26.1427","1330","ALVIN2586-4","Rona_etal._1996","R24-075975"
"-44.8058","26.1433","1310","ALVIN2592-3","Rona_etal._1996","R24-075978"
"-44.8108","26.1437","700","ALVIN2592-1","Rona_etal._1996","R24-075976"
"-44.8098","26.1438","200","ALVIN2592-2","Rona_etal._1996","R24-075977"
"-44.8083","26.145","8930","ALVIN2188-1","Rona_etal._1996","R24-075969"
"-44.8083","26.1467","10490","ALVIN2195-1","Rona_etal._1996","R24-075970"
"-44.8083","26.1467","13300","ALVIN2195-2","Rona_etal._1996","R24-075971"
"-44.8152","26.159","40","ALVIN2599-1","Rona_etal._1996","R24-075979"
"-44.8148","26.159","10","ALVIN2599-2","Rona_etal._1996","R24-075980"
"-45.58333333","26.21666667","26.9863654","V25-019","Langseth_etal._1972","R24-053340"
"-26.45","26.2333","50","Zep-23","Nason_Lee_1962","R24-070567"
"-26.45","26.2333","50","Zep-23","Nason_Lee_1964","R24-070581"
"-47.36666667","26.25","69.554","V25-011","Langseth_etal._1972","R24-053332"
"-47.36666667","26.25","69.554","V25-011","Herman_etal._1977","R24-047357"
"-46.658","26.2733","104","V31-36","LDEO_2004","R24-055543"
"-46.6567","26.2733","104","V31-36","Abbott_2008","R24-001741"
"-46.892","26.28","44","V31-37","LDEO_2004","R24-055544"
"-46.8917","26.28","44","V31-37","Abbott_2008","R24-001742"
"-46.305","26.3083","222","V31-35","Abbott_2008","R24-001740"
"-40.93333333","26.35","61","V26-8","Langseth_etal._1974","R24-053428"
"-40.93333333","26.35","61","V26-8","Herman_etal._1977","R24-047391"
"-45.01666667","26.36666667","360.34","V25-023","Langseth_etal._1972","R24-053342"
"-45.01666667","26.36666667","360.34","V25-023","Herman_etal._1977","R24-047364"
"-38.8333","26.3667","106","V19-179","Langseth_etal._1966","R24-053067"
"-45.45","26.4","85.476","V25-018","Langseth_etal._1972","R24-053339"
"-29.973333","26.421667","36","V27-096","Herman_etal._1977","R24-047445"
"-46.35","26.43333333","-60.62321774","V25-013","Langseth_etal._1972","R24-053334"
"-47.21","26.4417","201","V25-9","Abbott_2008","R24-001581"
"-58.852","26.4567","54","V31-39","LDEO_2004","R24-055545"
"-58.8517","26.4567","54","V31-39","Abbott_2008","R24-001743"
"-47.25","26.46666667","20.95","V25-012","Herman_etal._1977","R24-047358"
"-47.25","26.46666667","20.95","V25-012","Langseth_etal._1972","R24-053333"
"-45.38333333","26.48333333","112.711","V25-017","Langseth_etal._1972","R24-053338"
"-45.38333333","26.48333333","112.711","V25-017","Herman_etal._1977","R24-047362"
"-47.81666667","26.56666667","20.112","V25-008","Langseth_etal._1972","R24-053330"
"-47.81666667","26.56666667","20.112","V25-008","Herman_etal._1977","R24-047355"
"-44.2588","26.5735","42","Shinkai6500437","Tucholke_etal._2001","R24-084331"
"-44.2875","26.5812","293","Shinkai6500439","Tucholke_etal._2001","R24-084332"
"-59.8667","26.5817","52.8","C16-106","Abbott_2008","R24-000453"
"-46.26666667","26.58333333","89.666","V25-014","Herman_etal._1977","R24-047359"
"-46.26666667","26.58333333","89.666","V25-014","Langseth_etal._1972","R24-053335"
"-46.25","26.58333333","93.856","V25-016","Langseth_etal._1972","R24-053337"
"-46.25","26.58333333","93.856","V25-016","Herman_etal._1977","R24-047361"
"-44.3362","26.5872","100","Shinkai6500440","Tucholke_etal._2001","R24-084333"
"-44.3533","26.6132","176","Shinkai6500436","Tucholke_etal._2001","R24-084330"
"-59.8667","26.6317","85.6","C16-105","Abbott_2008","R24-000452"
"-40.553","26.6533","19","V22-44","LDEO_2004","R24-055441"
"-46.16666667","26.73333333","116.482","V25-015","Langseth_etal._1972","R24-053336"
"-46.16666667","26.73333333","116.482","V25-015","Herman_etal._1977","R24-047360"
"-34.88","26.758333","47","V27-099","Herman_etal._1977","R24-047448"
"-46.7","26.78333333","74.9657202","V25-021","Langseth_etal._1972","R24-053341"
"-46.7","26.78333333","133.9","V25-021","Herman_etal._1977","R24-047363"
"-59.3","26.85","47","C16-101","LDEO_2004","R24-055150"
"-59.2983","26.85","47.3","C16-101","Abbott_2008","R24-000450"
"-47","26.91666667","46.928","V25-010","Herman_etal._1977","R24-047356"
"-47","26.91666667","46.928","V25-010","Langseth_etal._1972","R24-053331"
"-41.436667","26.983333","41","V22-045","Herman_etal._1977","R24-047323"
"-21.1","27.1667","44","D-4790","Lister_1963b","R24-057163"
"-21","27.1667","50","D-4794","Lister_1963b","R24-057164"
"-21.0833","27.2083","39","D-4795","Lister_1963b","R24-057165"
"-20.0433333","27.47","59","V29-125","Herman_etal._1977","R24-047480"
"-50.25","27.66666667","29.33","V25-007","Langseth_etal._1972","R24-053329"
"-59.7817","27.7167","52.3","C16-104","Abbott_2008","R24-000451"
"-59.783","27.717","52","C16-104","LDEO_2004","R24-055151"
"-36.721667","27.756667","32","V27-097","Herman_etal._1977","R24-047446"
"-56.4617","27.84","70.7","C8-92","Abbott_2008","R24-000886"
"-43.57","27.91","89","V22-46","LDEO_2004","R24-055442"
"-59.2","27.9167","81.2","C16-100","Abbott_2008","R24-000449"
"-59.2","27.917","81","C16-100","LDEO_2004","R24-055149"
"-40.83333333","28.08333333","35.16912","24","Popova_1974","R24-073116"
"-40.6","28.1167","42","K-439","Hobart_etal._1974","R24-047520"
"-44.8297","28.1357","723","2598-1","Becker_VonHerzen_1996","R24-004875"
"-44.8308","28.1358","26855","2598-2","Becker_VonHerzen_1996","R24-004876"
"-44.8303","28.1358","8538","2598-6","Becker_VonHerzen_1996","R24-004879"
"-44.8302","28.1358","16202","2598-3","Becker_VonHerzen_1996","R24-004877"
"-44.8301","28.1359","16540","2598-4","Becker_VonHerzen_1996","R24-004878"
"-44.83","28.1359","4509","2598-7","Becker_VonHerzen_1996","R24-004880"
"-44.8306","28.136","19","2587-1","Becker_VonHerzen_1996","R24-004852"
"-44.8297","28.136","43","2596-3","Becker_VonHerzen_1996","R24-004874"
"-44.8295","28.136","379","2594-2","Becker_VonHerzen_1996","R24-004870"
"-44.8297","28.1361","2809","2600-1","Becker_VonHerzen_1996","R24-004881"
"-44.8306","28.1362","27","2587-2","Becker_VonHerzen_1996","R24-004853"
"-44.8299","28.1362","7792","2596-2","Becker_VonHerzen_1996","R24-004873"
"-44.8307","28.1364","10","2587-3","Becker_VonHerzen_1996","R24-004854"
"-44.8302","28.1365","62","2594-4","Becker_VonHerzen_1996","R24-004871"
"-44.8309","28.1366","13","2583-2","Becker_VonHerzen_1996","R24-004846"
"-44.8302","28.1366","12113","2596-1","Becker_VonHerzen_1996","R24-004872"
"-44.8308","28.1367","15","2582-1","Becker_VonHerzen_1996","R24-004842"
"-44.8307","28.1367","161","2587-4","Becker_VonHerzen_1996","R24-004855"
"-44.8302","28.1367","1178","2583-7","Becker_VonHerzen_1996","R24-004851"
"-44.8301","28.1367","5877","2593-3","Becker_VonHerzen_1996","R24-004866"
"-44.8296","28.1367","101","2593-2","Becker_VonHerzen_1996","R24-004865"
"-44.8308","28.1368","4","2588-2","Becker_VonHerzen_1996","R24-004858"
"-44.8307","28.1368","11220","2583-4","Becker_VonHerzen_1996","R24-004848"
"-44.8302","28.1368","1544","2593-4","Becker_VonHerzen_1996","R24-004867"
"-44.8302","28.1368","37757","2593-6","Becker_VonHerzen_1996","R24-004868"
"-44.8292","28.1368","1065","2593-1","Becker_VonHerzen_1996","R24-004864"
"-44.8308","28.1369","4","2583-3","Becker_VonHerzen_1996","R24-004847"
"-44.8305","28.1369","89800","2587-5","Becker_VonHerzen_1996","R24-004856"
"-44.8304","28.1369","6959","2594-1","Becker_VonHerzen_1996","R24-004869"
"-44.8307","28.137","441","2600-5","Becker_VonHerzen_1996","R24-004885"
"-44.8303","28.137","100","2583-6","Becker_VonHerzen_1996","R24-004850"
"-44.829","28.137","433","2590-1","Becker_VonHerzen_1996","R24-004862"
"-44.829","28.137","684","2582-4","Becker_VonHerzen_1996","R24-004844"
"-44.8289","28.137","382","2582-5","Becker_VonHerzen_1996","R24-004845"
"-44.8315","28.1371","886","2600-2","Becker_VonHerzen_1996","R24-004882"
"-44.8313","28.1371","969","2588-3","Becker_VonHerzen_1996","R24-004859"
"-44.8303","28.1371","228","2583-5","Becker_VonHerzen_1996","R24-004849"
"-44.8292","28.1371","620","2590-2","Becker_VonHerzen_1996","R24-004863"
"-44.8315","28.1372","2004","2588-4","Becker_VonHerzen_1996","R24-004860"
"-44.8313","28.1372","672","2600-3","Becker_VonHerzen_1996","R24-004883"
"-44.8311","28.1372","23","2600-4","Becker_VonHerzen_1996","R24-004884"
"-44.8301","28.1372","10390","2588-1","Becker_VonHerzen_1996","R24-004857"
"-44.8314","28.1374","4262","2588-5","Becker_VonHerzen_1996","R24-004861"
"-44.8305","28.1376","3259","2582-2","Becker_VonHerzen_1996","R24-004843"
"-57.9833","28.5","33","CH39-5","Birch_Halunen_1966","R24-005273"
"-57.9833","28.5","33","CH39-5","Birch_1964","R24-005252"
"-51.767","28.5","230","V20-224","LDEO_2004","R24-055361"
"-51.7667","28.5","230","V20-224","Abbott_2008","R24-001388"
"-59.71666667","28.63333333","47.347","V25-004","Langseth_etal._1972","R24-053326"
"-53.68333333","28.68333333","58.241","V25-006","Langseth_etal._1972","R24-053328"
"-57.55","28.71666667","51.537","V25-005","Langseth_etal._1972","R24-053327"
"-44.9167","28.7833","47","5","Lister_Reitzel_1964","R24-057293"
"-25.3917","28.8333","44","D4813","Lister_1963a","R24-057143"
"-25.3917","28.8333","44","D-4813","Lister_1963b","R24-057168"
"-42.8167","28.85","34","12","Lister_Reitzel_1964","R24-057295"
"-42.8167","28.85","34","CH-21-12","Lister_1963b","R24-057150"
"-25.4417","28.85","46","D-4809","Lister_1963b","R24-057167"
"-25.4417","28.85","46","D4809","Lister_1963a","R24-057142"
"-42.1833","28.8583","85","K-440","Hobart_etal._1974","R24-047521"
"-42.1833","28.8583","85.4","PK-440","Hobart_etal._1974","R24-047527"
"-42.18333333","28.85833333","70.33824","25","Popova_1974","R24-073117"
"-46.7333","28.9333","28","4","Lister_Reitzel_1964","R24-057292"
"-46.7333","28.9333","28","CH-21-4","Lister_1963b","R24-057155"
"-25.4333","28.9917","50","D4777","Lister_1963a","R24-057138"
"-25.4333","28.9917","50","D-4777","Lister_1963b","R24-057159"
"-59.1833","29","40","CH39-1","Birch_Halunen_1966","R24-005270"
"-59.1833","29","40","CH39-1","Birch_1964","R24-005249"
"-41.4","29.0167","134","V19-180","Langseth_etal._1966","R24-053068"
"-41.1667","29.0333","17","13","Lister_Reitzel_1964","R24-057296"
"-25.4417","29.0333","58","D4775","Lister_1963a","R24-057137"
"-25.4417","29.0333","58","D-4775","Lister_1963b","R24-057158"
"-25.55","29.05","47","D4778","Lister_1963a","R24-057139"
"-25.55","29.05","47","D-4778","Lister_1963b","R24-057160"
"-25.45","29.0583","51","D4784","Lister_1963a","R24-057140"
"-25.45","29.0583","51","D-4784","Lister_1963b","R24-057161"
"-43.2","29.0667","33","CH-21-10","Lister_1963b","R24-057149"
"-43.2","29.0667","33","10","Lister_Reitzel_1964","R24-057294"
"-25.2417","29.0833","54","D4788","Lister_1963a","R24-057141"
"-25.2417","29.0833","54","D-4788","Lister_1963b","R24-057162"
"-24.3167","29.1333","56","D-4822","Lister_1963b","R24-057171"
"-24.3167","29.1333","56","D4822","Lister_1963a","R24-057146"
"-25.2917","29.5667","43","D-4817","Lister_1963b","R24-057169"
"-25.2917","29.5667","43","D4817","Lister_1963a","R24-057144"
"-25.3833","29.5833","52","D-4821","Lister_1963b","R24-057170"
"-25.3833","29.5833","52","D4821","Lister_1963a","R24-057145"
"-23.8667","29.5833","47","D-4805","Lister_1963b","R24-057166"
"-44.0966667","29.585","84","V22-051","Herman_etal._1977","R24-047324"
"-54.6","29.85","44","1","Lister_Reitzel_1964","R24-057289"
"-44.7","29.85","32.7","V22-52","Abbott_2008","R24-001564"
"-42.92166667","29.86333333","131.8842","27","Popova_1974","R24-073119"
"-42.9983","29.8967","12","K-441-5","Hobart_etal._1974","R24-047524"
"-42.9983","29.8967","11.5","PK-441-5","Hobart_etal._1974","R24-047529"
"-45.11666667","29.9","13","V26-4","Herman_etal._1977","R24-047388"
"-45.11666667","29.9","13","V26-4","Langseth_etal._1974","R24-053396"
"-42.9983","29.9633","142","K-441-4","Hobart_etal._1974","R24-047523"
"-42.455","30.0633","360","K-441-1","Hobart_etal._1974","R24-047522"
"-42.455","30.0633","360","PK-441-1","Hobart_etal._1974","R24-047528"
"-42.45833333","30.075","318.1968","26","Popova_1974","R24-073118"
"-42.6083","30.1","300","K-441-7","Hobart_etal._1974","R24-047525"
"-42.60833333","30.13333333","290.14524","28","Popova_1974","R24-073120"
"-45.1","30.21666667","48","V26-7","Herman_etal._1977","R24-047390"
"-45.1","30.21666667","48","V26-7","Langseth_etal._1974","R24-053420"
"-44.9","30.35","60","V26-6","Langseth_etal._1974","R24-053411"
"-44.9","30.35","60","V26-6","Herman_etal._1977","R24-047389"
"-55.0333","30.45","20","V20-225","Langseth_etal._1966","R24-053101"
"-47.8667","30.6667","253","V22-54","Abbott_2008","R24-001565"
"-47.867","30.667","253","V22-54","LDEO_2004","R24-055443"
"-59.378","30.8683","48","C8-93","LDEO_2004","R24-055257"
"-59.3767","30.8683","48.1","C8-93","Abbott_2008","R24-000887"
"-25.49","31.2","76","CD9B/34-1","Noel_Hounslow_1988","R24-071213"
"-25.49","31.21","74","CD9B/34-2","Noel_Hounslow_1988","R24-071214"
"-25.4013","31.2848","60","CD9B/12-6","Noel_Hounslow_1988","R24-071187"
"-25.472","31.2862","53","CD9B/12-11","Noel_Hounslow_1988","R24-071181"
"-25.4233","31.2878","60","CD9B/12-8","Noel_Hounslow_1988","R24-071189"
"-25.46","31.29","58","CD9B/12-10","Noel_Hounslow_1988","R24-071180"
"-25.44","31.29","57","CD9B/12-9","Noel_Hounslow_1988","R24-071190"
"-25.42","31.29","59","CD9B/12-7","Noel_Hounslow_1988","R24-071188"
"-25.38","31.29","58","CD9B/12-5","Noel_Hounslow_1988","R24-071186"
"-25.32","31.29","70","CD9B/12-12","Noel_Hounslow_1988","R24-071182"
"-25.3608","31.3005","57","CD9B/12-4","Noel_Hounslow_1988","R24-071185"
"-25.35","31.31","55","CD9B/12-3","Noel_Hounslow_1988","R24-071184"
"-25.3203","31.3183","57","CD9B/12-2","Noel_Hounslow_1988","R24-071183"
"-25.314","31.3187","61","CD9B/12-1","Noel_Hounslow_1988","R24-071179"
"-24.83","31.36","62","CD9B/30-1","Noel_Hounslow_1988","R24-071192"
"-24.8333","31.365","55","CD9B/30-2","Noel_Hounslow_1988","R24-071203"
"-24.84","31.3703","54","CD9B/30-3","Noel_Hounslow_1988","R24-071206"
"-24.85","31.38","63","CD9B/30-4","Noel_Hounslow_1988","R24-071207"
"-24.8525","31.3897","69","CD9B/30-5","Noel_Hounslow_1988","R24-071208"
"-24.86","31.4","58","CD9B/30-6","Noel_Hounslow_1988","R24-071209"
"-24.796","31.4031","53","Disc144-T10972-12","Noel_1985","R24-071162"
"-24.8148","31.4088","56","Disc144-T10972-11","Noel_1985","R24-071161"
"-24.86","31.41","56","CD9B/30-7","Noel_Hounslow_1988","R24-071210"
"-24.822","31.4114","64","Disc144-T10972-10","Noel_1985","R24-071160"
"-24.8328","31.4186","59","Disc144-T10972-9","Noel_1985","R24-071168"
"-24.88","31.42","51","CD9B/30-9","Noel_Hounslow_1988","R24-071212"
"-24.87","31.42","52","CD9B/30-8","Noel_Hounslow_1988","R24-071211"
"-24.8815","31.4287","48","CD9B/30-10","Noel_Hounslow_1988","R24-071193"
"-24.8386","31.4299","57","Disc144-T10972-7","Noel_1985","R24-071167"
"-24.89","31.43","54","CD9B/30-11","Noel_Hounslow_1988","R24-071194"
"-24.8917","31.4333","61","CD9B/30-12","Noel_Hounslow_1988","R24-071195"
"-24.7984","31.4345","55","Disc144-T10983-11","Noel_1985","R24-071171"
"-24.902","31.437","67","CD9B/30-14","Noel_Hounslow_1988","R24-071197"
"-24.8029","31.4374","57","Disc144-T10983-10","Noel_1985","R24-071170"
"-24.8058","31.4397","57","Disc144-T10983-9","Noel_1985","R24-071178"
"-24.91","31.44","68","CD9B/30-15","Noel_Hounslow_1988","R24-071198"
"-24.9","31.44","70","CD9B/30-13","Noel_Hounslow_1988","R24-071196"
"-24.9125","31.4422","57","CD9B/30-16","Noel_Hounslow_1988","R24-071199"
"-24.8074","31.4437","66","Disc144-T10983-8","Noel_1985","R24-071177"
"-24.9217","31.4453","54","CD9B/30-17","Noel_Hounslow_1988","R24-071200"
"-24.8085","31.4486","67","Disc144-T10983-7","Noel_1985","R24-071176"
"-24.9347","31.45","59","CD9B/30-18","Noel_Hounslow_1988","R24-071201"
"-24.809","31.4509","69","Disc144-T10983-6","Noel_1985","R24-071175"
"-24.8103","31.4544","65","Disc144-T10983-5","Noel_1985","R24-071174"
"-24.9435","31.4547","61","CD9B/30-19","Noel_Hounslow_1988","R24-071202"
"-24.9533","31.4568","63","CD9B/30-20","Noel_Hounslow_1988","R24-071204"
"-24.8754","31.4593","94","Disc144-T10972-5","Noel_1985","R24-071166"
"-24.9617","31.4608","69","CD9B/30-21","Noel_Hounslow_1988","R24-071205"
"-24.8132","31.4618","63","Disc144-T10983-3","Noel_1985","R24-071173"
"-24.9066","31.4647","53","Disc144-T10972-4","Noel_1985","R24-071165"
"-24.8151","31.465","60","Disc144-T10983-2","Noel_1985","R24-071172"
"-24.8175","31.4679","58","Disc144-T10983-1","Noel_1985","R24-071169"
"-24.9104","31.469","57","Disc144-T10972-3","Noel_1985","R24-071164"
"-24.8117","31.4702","61","CD9B/27-1","Noel_Hounslow_1988","R24-071191"
"-24.9135","31.484","65","Disc144-T10972-2","Noel_1985","R24-071163"
"-24.9178","31.4941","66","Disc144-T10972-1","Noel_1985","R24-071159"
"-58.35","31.8333","45","V20-226","Langseth_etal._1966","R24-053102"
"-55.9667","32.5","53.7","SOHM-A","Bram_1980","R24-022980"
"-52.06666667","32.6","26","V26-3","Langseth_etal._1974","R24-053387"
"-59.16666667","32.61666667","29","V26-1","Langseth_etal._1974","R24-053368"
"-52.2983","32.6483","63.6","V22-56","Abbott_2008","R24-001566"
"-52.58333333","32.7","33","V26-2","Langseth_etal._1974","R24-053383"
"-29.1317","32.9667","120","V30-64","Abbott_2008","R24-001703"
"-29.133","32.967","120","V30-64","LDEO_2004","R24-055520"
"-48.2667","33.3","52","V19-182","Langseth_etal._1966","R24-053069"
"-54.1667","33.4817","54","V22-57","Abbott_2008","R24-001567"
"-54.167","33.483","54","V22-57","LDEO_2004","R24-055444"
"-57.615","33.685","48","ODP1063B","Pribnow_etal._2000a","R24-073237"
"-29.395","33.686667","153","V29-127","Herman_etal._1977","R24-047482"
"-25.567","33.85","76","V30-63","LDEO_2004","R24-055519"
"-25.5667","33.85","76.2","V30-63","Abbott_2008","R24-001702"
"-34.9709","34.5974","77.4","KT20","LeGal_etal._2018","R24-056051"
"-34.9709","34.5974","77.4","KT20","LeGal_etal._2018","R24-056052"
"-35.1557","34.6325","85.2","OCNG9-21","LeGal_etal._2018","R24-056425"
"-35.1557","34.6325","85.2","OCNG9-21","LeGal_etal._2018","R24-056426"
"-35.1687","34.6348","59.4","OCNG9-20","LeGal_etal._2018","R24-056424"
"-35.1687","34.6348","59.4","OCNG9-20","LeGal_etal._2018","R24-056423"
"-35.1813","34.6371","60.9","OCNG9-19","LeGal_etal._2018","R24-056421"
"-35.1813","34.6371","60.9","OCNG9-19","LeGal_etal._2018","R24-056422"
"-34.8022","34.6424","20.6","OCNG7-1","LeGal_etal._2018","R24-056326"
"-34.8022","34.6424","20.6","OCNG7-1","LeGal_etal._2018","R24-056325"
"-34.8199","34.6455","18.9","OCNG7-2","LeGal_etal._2018","R24-056328"
"-34.8199","34.6455","18.9","OCNG7-2","LeGal_etal._2018","R24-056327"
"-35.236","34.6476","130.6","OCNG9-18","LeGal_etal._2018","R24-056420"
"-35.236","34.6476","130.6","OCNG9-18","LeGal_etal._2018","R24-056419"
"-34.8367","34.6491","27.1","OCNG7-3","LeGal_etal._2018","R24-056330"
"-34.8367","34.6491","27.1","OCNG7-3","LeGal_etal._2018","R24-056329"
"-35.253","34.6511","117.8","OCNG9-17","LeGal_etal._2018","R24-056417"
"-35.253","34.6511","117.8","OCNG9-17","LeGal_etal._2018","R24-056418"
"-34.8523","34.6525","52.2","OCNG7-4","LeGal_etal._2018","R24-056332"
"-34.8523","34.6525","52.2","OCNG7-4","LeGal_etal._2018","R24-056331"
"-35.2699","34.6543","28.5","OCNG9-16","LeGal_etal._2018","R24-056415"
"-35.2699","34.6543","28.5","OCNG9-16","LeGal_etal._2018","R24-056416"
"-34.8825","34.6579","34.8","OCNG7-5","LeGal_etal._2018","R24-056334"
"-34.8825","34.6579","34.8","OCNG7-5","LeGal_etal._2018","R24-056333"
"-34.8996","34.6613","22.1","OCNG8-32","LeGal_etal._2018","R24-056385"
"-34.8996","34.6613","22.1","OCNG8-32","LeGal_etal._2018","R24-056386"
"-34.9161","34.6645","34.9","OCNG8-31","LeGal_etal._2018","R24-056384"
"-34.9161","34.6645","34.9","OCNG8-31","LeGal_etal._2018","R24-056383"
"-34.933","34.6676","95.5","OCNG8-30","LeGal_etal._2018","R24-056381"
"-34.933","34.6676","95.5","OCNG8-30","LeGal_etal._2018","R24-056382"
"-34.9496","34.6708","37.8","OCNG8-29","LeGal_etal._2018","R24-056378"
"-34.9496","34.6708","37.8","OCNG8-29","LeGal_etal._2018","R24-056377"
"-34.9654","34.6739","92","OCNG8-28","LeGal_etal._2018","R24-056376"
"-34.9654","34.6739","92","OCNG8-28","LeGal_etal._2018","R24-056375"
"-35.4288","34.6843","57.8","OCNG9-15","LeGal_etal._2018","R24-056413"
"-35.4288","34.6843","57.8","OCNG9-15","LeGal_etal._2018","R24-056414"
"-35.4459","34.688","48","OCNG9-14","LeGal_etal._2018","R24-056411"
"-35.4459","34.688","48","OCNG9-14","LeGal_etal._2018","R24-056412"
"-35.0493","34.6895","54.8","OCNG8-27","LeGal_etal._2018","R24-056374"
"-35.0493","34.6895","54.8","OCNG8-27","LeGal_etal._2018","R24-056373"
"-35.4628","34.6906","76.9","OCNG9-13","LeGal_etal._2018","R24-056410"
"-35.4628","34.6906","76.9","OCNG9-13","LeGal_etal._2018","R24-056409"
"-35.0651","34.6926","37.4","OCNG8-26","LeGal_etal._2018","R24-056371"
"-35.0651","34.6926","37.4","OCNG8-26","LeGal_etal._2018","R24-056372"
"-35.4798","34.6942","63.2","OCNG9-12","LeGal_etal._2018","R24-056407"
"-35.4798","34.6942","63.2","OCNG9-12","LeGal_etal._2018","R24-056408"
"-35.0814","34.6955","73.1","OCNG8-25","LeGal_etal._2018","R24-056369"
"-35.0814","34.6955","73.1","OCNG8-25","LeGal_etal._2018","R24-056370"
"-35.4967","34.6972","52.4","OCNG9-11","LeGal_etal._2018","R24-056406"
"-35.4967","34.6972","52.4","OCNG9-11","LeGal_etal._2018","R24-056405"
"-35.0973","34.6986","120.2","OCNG8-24","LeGal_etal._2018","R24-056368"
"-35.0973","34.6986","120.2","OCNG8-24","LeGal_etal._2018","R24-056367"
"-35.5133","34.7","35.5","OCNG9-10","LeGal_etal._2018","R24-056404"
"-35.5133","34.7","35.5","OCNG9-10","LeGal_etal._2018","R24-056403"
"-35.1136","34.7018","52.3","OCNG8-23","LeGal_etal._2018","R24-056366"
"-35.1136","34.7018","52.3","OCNG8-23","LeGal_etal._2018","R24-056365"
"-35.1222","34.7034","40.4","KT18","LeGal_etal._2018","R24-056046"
"-35.1222","34.7034","40.4","KT18","LeGal_etal._2018","R24-056045"
"-35.53","34.7035","59.5","OCNG9-9","LeGal_etal._2018","R24-056441"
"-35.53","34.7035","59.5","OCNG9-9","LeGal_etal._2018","R24-056442"
"-35.1295","34.7049","36.4","OCNG8-22","LeGal_etal._2018","R24-056363"
"-35.1295","34.7049","36.4","OCNG8-22","LeGal_etal._2018","R24-056364"
"-35.1456","34.7079","76.3","OCNG8-21","LeGal_etal._2018","R24-056361"
"-35.1456","34.7079","76.3","OCNG8-21","LeGal_etal._2018","R24-056362"
"-35.1618","34.7111","66.3","OCNG8-20","LeGal_etal._2018","R24-056359"
"-35.1618","34.7111","66.3","OCNG8-20","LeGal_etal._2018","R24-056360"
"-35.1782","34.7141","26.9","OCNG8-19","LeGal_etal._2018","R24-056356"
"-35.1782","34.7141","26.9","OCNG8-19","LeGal_etal._2018","R24-056355"
"-35.1946","34.7174","29.5","OCNG8-18","LeGal_etal._2018","R24-056353"
"-35.1946","34.7174","29.5","OCNG8-18","LeGal_etal._2018","R24-056354"
"-35.2169","34.7213","14.7","OCNG8-17","LeGal_etal._2018","R24-056352"
"-35.2169","34.7213","14.7","OCNG8-17","LeGal_etal._2018","R24-056351"
"-35.2333","34.7243","-3.5","OCNG8-16","LeGal_etal._2018","R24-056349"
"-35.2333","34.7243","-3.5","OCNG8-16","LeGal_etal._2018","R24-056350"
"-35.2494","34.7278","10.2","OCNG8-15","LeGal_etal._2018","R24-056348"
"-35.2494","34.7278","10.2","OCNG8-15","LeGal_etal._2018","R24-056347"
"-35.6595","34.7282","53.3","OCNG9-8","LeGal_etal._2018","R24-056439"
"-35.6595","34.7282","53.3","OCNG9-8","LeGal_etal._2018","R24-056440"
"-35.2659","34.7309","9.4","OCNG8-14","LeGal_etal._2018","R24-056346"
"-35.2659","34.7309","9.4","OCNG8-14","LeGal_etal._2018","R24-056345"
"-35.6787","34.7317","55.3","OCNG9-7","LeGal_etal._2018","R24-056437"
"-35.6787","34.7317","55.3","OCNG9-7","LeGal_etal._2018","R24-056438"
"-35.2825","34.7339","17.5","OCNG8-13","LeGal_etal._2018","R24-056343"
"-35.2825","34.7339","17.5","OCNG8-13","LeGal_etal._2018","R24-056344"
"-35.299","34.737","38.9","OCNG8-12","LeGal_etal._2018","R24-056342"
"-35.299","34.737","38.9","OCNG8-12","LeGal_etal._2018","R24-056341"
"-35.7237","34.7402","51.3","OCNG9-6","LeGal_etal._2018","R24-056436"
"-35.7237","34.7402","51.3","OCNG9-6","LeGal_etal._2018","R24-056435"
"-35.7382","34.7428","34.5","OCNG9-5","LeGal_etal._2018","R24-056434"
"-35.7382","34.7428","34.5","OCNG9-5","LeGal_etal._2018","R24-056433"
"-35.3395","34.7446","34.8","OCNG8-11","LeGal_etal._2018","R24-056340"
"-35.3395","34.7446","34.8","OCNG8-11","LeGal_etal._2018","R24-056339"
"-35.7551","34.746","30.8","OCNG9-4","LeGal_etal._2018","R24-056432"
"-35.7551","34.746","30.8","OCNG9-4","LeGal_etal._2018","R24-056431"
"-35.7712","34.749","23.5","OCNG9-3","LeGal_etal._2018","R24-056430"
"-35.7712","34.749","23.5","OCNG9-3","LeGal_etal._2018","R24-056429"
"-57.25","34.75","40.6","V22-58","Abbott_2008","R24-001568"
"-35.7869","34.7519","28.2","OCNG9-2a","LeGal_etal._2018","R24-056427"
"-35.7869","34.7519","28.2","OCNG9-2a","LeGal_etal._2018","R24-056428"
"-35.8022","34.7552","18.2","OCNG9-1","LeGal_etal._2018","R24-056401"
"-35.8022","34.7552","18.2","OCNG9-1","LeGal_etal._2018","R24-056402"
"-35.4094","34.7577","37.9","OCNG8-10","LeGal_etal._2018","R24-056337"
"-35.4094","34.7577","37.9","OCNG8-10","LeGal_etal._2018","R24-056338"
"-35.4227","34.7605","43.4","OCNG8-9","LeGal_etal._2018","R24-056399"
"-35.4227","34.7605","43.4","OCNG8-9","LeGal_etal._2018","R24-056400"
"-35.4394","34.7637","57.8","OCNG8-8","LeGal_etal._2018","R24-056398"
"-35.4394","34.7637","57.8","OCNG8-8","LeGal_etal._2018","R24-056397"
"-35.466","34.7689","143.4","KT19","LeGal_etal._2018","R24-056047"
"-35.466","34.7689","143.4","KT19","LeGal_etal._2018","R24-056048"
"-35.482","34.7717","111.1","OCNG8-7a","LeGal_etal._2018","R24-056396"
"-35.482","34.7717","111.1","OCNG8-7a","LeGal_etal._2018","R24-056395"
"-35.482","34.7717","140.8","OCNG8-7","LeGal_etal._2018","R24-056394"
"-35.482","34.7717","140.8","OCNG8-7","LeGal_etal._2018","R24-056393"
"-35.4984","34.7748","106.6","OCNG8-6","LeGal_etal._2018","R24-056391"
"-35.4984","34.7748","106.6","OCNG8-6","LeGal_etal._2018","R24-056392"
"-35.1269","34.7816","103.7","KT26","LeGal_etal._2018","R24-056063"
"-35.1269","34.7816","103.7","KT26","LeGal_etal._2018","R24-056064"
"-35.5699","34.7881","79.1","OCNG8-5","LeGal_etal._2018","R24-056390"
"-35.5699","34.7881","79.1","OCNG8-5","LeGal_etal._2018","R24-056389"
"-35.1897","34.793","65.4","OCNG12-11","LeGal_etal._2018","R24-056115"
"-35.1897","34.793","65.4","OCNG12-11","LeGal_etal._2018","R24-056116"
"-34.7201","34.7954","166.2","KT31","LeGal_etal._2018","R24-056073"
"-34.7201","34.7954","166.2","KT31","LeGal_etal._2018","R24-056074"
"-34.72","34.7957","124.9","KT15","LeGal_etal._2018","R24-056040"
"-34.72","34.7957","124.9","KT15","LeGal_etal._2018","R24-056039"
"-35.6328","34.8002","46.8","OCNG8-4","LeGal_etal._2018","R24-056387"
"-35.6328","34.8002","46.8","OCNG8-4","LeGal_etal._2018","R24-056388"
"-35.6438","34.8023","51.4","OCNG8-3","LeGal_etal._2018","R24-056380"
"-35.6438","34.8023","51.4","OCNG8-3","LeGal_etal._2018","R24-056379"
"-35.6612","34.8054","106","OCNG8-2","LeGal_etal._2018","R24-056357"
"-35.6612","34.8054","106","OCNG8-2","LeGal_etal._2018","R24-056358"
"-35.262","34.8072","112.3","OCNG12-10","LeGal_etal._2018","R24-056114"
"-35.262","34.8072","112.3","OCNG12-10","LeGal_etal._2018","R24-056113"
"-35.6768","34.8084","54.8","OCNG8-1","LeGal_etal._2018","R24-056335"
"-35.6768","34.8084","54.8","OCNG8-1","LeGal_etal._2018","R24-056336"
"-35.2784","34.8101","68.5","OCNG12-9","LeGal_etal._2018","R24-056132"
"-35.2784","34.8101","68.5","OCNG12-9","LeGal_etal._2018","R24-056131"
"-35.2939","34.8143","44.2","OCNG12-8","LeGal_etal._2018","R24-056129"
"-35.2939","34.8143","44.2","OCNG12-8","LeGal_etal._2018","R24-056130"
"-35.411","34.8349","114.4","KT21","LeGal_etal._2018","R24-056054"
"-35.411","34.8349","114.4","KT21","LeGal_etal._2018","R24-056053"
"-35.2735","34.8431","53.3","OCNG12-7","LeGal_etal._2018","R24-056127"
"-35.2735","34.8431","53.3","OCNG12-7","LeGal_etal._2018","R24-056128"
"-35.0748","34.8488","48.9","KT27","LeGal_etal._2018","R24-056065"
"-35.0748","34.8488","48.9","KT27","LeGal_etal._2018","R24-056066"
"-34.7277","34.8601","38.3","KT14","LeGal_etal._2018","R24-056037"
"-34.7277","34.8601","38.3","KT14","LeGal_etal._2018","R24-056038"
"-35.2429","34.8806","56.9","OCNG12-6","LeGal_etal._2018","R24-056126"
"-35.2429","34.8806","56.9","OCNG12-6","LeGal_etal._2018","R24-056125"
"-35.6522","34.8816","39.5","KT16","LeGal_etal._2018","R24-056041"
"-35.6522","34.8816","39.5","KT16","LeGal_etal._2018","R24-056042"
"-35.2587","34.884","31.4","OCNG12-5","LeGal_etal._2018","R24-056123"
"-35.2587","34.884","31.4","OCNG12-5","LeGal_etal._2018","R24-056124"
"-35.7259","34.8948","35.8","KT17","LeGal_etal._2018","R24-056044"
"-35.7259","34.8948","35.8","KT17","LeGal_etal._2018","R24-056043"
"-35.3199","34.895","64.9","OCNG12-3","LeGal_etal._2018","R24-056120"
"-35.3199","34.895","64.9","OCNG12-3","LeGal_etal._2018","R24-056119"
"-35.3329","34.8977","60.6","OCNG12-2","LeGal_etal._2018","R24-056118"
"-35.3329","34.8977","60.6","OCNG12-2","LeGal_etal._2018","R24-056117"
"-35.3498","34.9013","76.8","OCNG12-1","LeGal_etal._2018","R24-056111"
"-35.3498","34.9013","76.8","OCNG12-1","LeGal_etal._2018","R24-056112"
"-35.0236","34.9163","109.4","KT28","LeGal_etal._2018","R24-056067"
"-35.0236","34.9163","109.4","KT28","LeGal_etal._2018","R24-056068"
"-35.2386","34.9181","4.1","OCNG12-4","LeGal_etal._2018","R24-056121"
"-35.2386","34.9181","4.1","OCNG12-4","LeGal_etal._2018","R24-056122"
"-34.3167","34.9317","198","V30-72","Abbott_2008","R24-001708"
"-34.317","34.933","198","V30-72","LDEO_2004","R24-055525"
"-35.5261","34.9344","39.1","KT22","LeGal_etal._2018","R24-056056"
"-35.5261","34.9344","39.1","KT22","LeGal_etal._2018","R24-056055"
"-34.988","34.9513","183","KT29","LeGal_etal._2018","R24-056070"
"-34.988","34.9513","183","KT29","LeGal_etal._2018","R24-056069"
"-35.2105","34.9515","48.3","OCNG11-6a","LeGal_etal._2018","R24-056102"
"-35.2105","34.9515","48.3","OCNG11-6a","LeGal_etal._2018","R24-056101"
"-35.2272","34.9547","26.6","OCNG11-5","LeGal_etal._2018","R24-056100"
"-35.2272","34.9547","26.6","OCNG11-5","LeGal_etal._2018","R24-056099"
"-35.2862","34.9657","71.3","OCNG11-4","LeGal_etal._2018","R24-056098"
"-35.2862","34.9657","71.3","OCNG11-4","LeGal_etal._2018","R24-056097"
"-34.935","34.9766","181.1","OCNG11-11","LeGal_etal._2018","R24-056093"
"-34.935","34.9766","181.1","OCNG11-11","LeGal_etal._2018","R24-056094"
"-34.9547","34.9803","140.9","OCNG11-10a","LeGal_etal._2018","R24-056091"
"-34.9547","34.9803","140.9","OCNG11-10a","LeGal_etal._2018","R24-056092"
"-35.3692","34.9811","141.9","OCNG11-3","LeGal_etal._2018","R24-056095"
"-35.3692","34.9811","141.9","OCNG11-3","LeGal_etal._2018","R24-056096"
"-34.1483","34.9817","195","V30-68","Abbott_2008","R24-001705"
"-34.15","34.983","195","V30-68","LDEO_2004","R24-055522"
"-34.9841","34.9862","201","OCNG11-9","LeGal_etal._2018","R24-056107"
"-34.9841","34.9862","201","OCNG11-9","LeGal_etal._2018","R24-056108"
"-35.4026","34.9877","118","KT25","LeGal_etal._2018","R24-056061"
"-35.4026","34.9877","118","KT25","LeGal_etal._2018","R24-056062"
"-35.4159","34.99","141.2","OCNG10-1","LeGal_etal._2018","R24-056087"
"-35.4159","34.99","141.2","OCNG10-1","LeGal_etal._2018","R24-056088"
"-35.4159","34.9901","128.4","KT24","LeGal_etal._2018","R24-056060"
"-35.4159","34.9901","128.4","KT24","LeGal_etal._2018","R24-056059"
"-35.0112","34.9911","109.7","OCNG11-8","LeGal_etal._2018","R24-056105"
"-35.0112","34.9911","109.7","OCNG11-8","LeGal_etal._2018","R24-056106"
"-35.0615","35.0007","140.4","OCNG11-7","LeGal_etal._2018","R24-056104"
"-35.0615","35.0007","140.4","OCNG11-7","LeGal_etal._2018","R24-056103"
"-35.5915","35.0232","111.4","KT23","LeGal_etal._2018","R24-056057"
"-35.5915","35.0232","111.4","KT23","LeGal_etal._2018","R24-056058"
"-35.6","35.0317","221","V30-74","Abbott_2008","R24-001710"
"-35.6","35.033","221","V30-74","LDEO_2004","R24-055527"
"-34.4317","35.0667","170","V30-67","Abbott_2008","R24-001704"
"-34.433","35.067","170","V30-67","LDEO_2004","R24-055521"
"-37.5348","35.0831","29.6","KT12","LeGal_etal._2018","R24-056033"
"-37.5348","35.0831","29.6","KT12","LeGal_etal._2018","R24-056034"
"-37.5507","35.0859","35.1","OCNG5-1","LeGal_etal._2018","R24-056258"
"-37.5507","35.0859","35.1","OCNG5-1","LeGal_etal._2018","R24-056257"
"-37.5662","35.0886","30.9","OCNG5-2","LeGal_etal._2018","R24-056280"
"-37.5662","35.0886","30.9","OCNG5-2","LeGal_etal._2018","R24-056279"
"-37.5979","35.0945","23.9","OCNG5-3","LeGal_etal._2018","R24-056288"
"-37.5979","35.0945","23.9","OCNG5-3","LeGal_etal._2018","R24-056287"
"-37.6136","35.0977","46.5","OCNG5-4","LeGal_etal._2018","R24-056290"
"-37.6136","35.0977","46.5","OCNG5-4","LeGal_etal._2018","R24-056289"
"-37.6294","35.1008","33.1","OCNG5-5a","LeGal_etal._2018","R24-056292"
"-37.6294","35.1008","33.1","OCNG5-5a","LeGal_etal._2018","R24-056291"
"-37.6449","35.1041","43.4","OCNG5-6","LeGal_etal._2018","R24-056294"
"-37.6449","35.1041","43.4","OCNG5-6","LeGal_etal._2018","R24-056293"
"-37.6607","35.1064","30.6","OCNG5-7","LeGal_etal._2018","R24-056296"
"-37.6607","35.1064","30.6","OCNG5-7","LeGal_etal._2018","R24-056295"
"-37.6769","35.1098","27","OCNG5-8","LeGal_etal._2018","R24-056298"
"-37.6769","35.1098","27","OCNG5-8","LeGal_etal._2018","R24-056297"
"-37.6932","35.1128","25.4","OCNG5-9","LeGal_etal._2018","R24-056299"
"-37.6932","35.1128","25.4","OCNG5-9","LeGal_etal._2018","R24-056300"
"-37.7096","35.1157","27.1","OCNG5-10","LeGal_etal._2018","R24-056260"
"-37.7096","35.1157","27.1","OCNG5-10","LeGal_etal._2018","R24-056259"
"-37.7258","35.1173","32.1","OCNG5-11","LeGal_etal._2018","R24-056262"
"-37.7258","35.1173","32.1","OCNG5-11","LeGal_etal._2018","R24-056261"
"-37.7421","35.1221","36.2","OCNG5-12","LeGal_etal._2018","R24-056264"
"-37.7421","35.1221","36.2","OCNG5-12","LeGal_etal._2018","R24-056263"
"-37.7581","35.1252","32.6","OCNG5-13","LeGal_etal._2018","R24-056266"
"-37.7581","35.1252","32.6","OCNG5-13","LeGal_etal._2018","R24-056265"
"-37.3608","35.1271","34.5","KT5","LeGal_etal._2018","R24-056077"
"-37.3608","35.1271","34.5","KT5","LeGal_etal._2018","R24-056078"
"-37.3783","35.1301","20","KT6","LeGal_etal._2018","R24-056079"
"-37.3783","35.1301","20","KT6","LeGal_etal._2018","R24-056080"
"-37.3952","35.1338","35.4","KT7","LeGal_etal._2018","R24-056082"
"-37.3952","35.1338","35.4","KT7","LeGal_etal._2018","R24-056081"
"-37.8087","35.1345","54.5","OCNG5-14","LeGal_etal._2018","R24-056267"
"-37.8087","35.1345","54.5","OCNG5-14","LeGal_etal._2018","R24-056268"
"-37.8249","35.1376","48.2","OCNG5-15","LeGal_etal._2018","R24-056269"
"-37.8249","35.1376","48.2","OCNG5-15","LeGal_etal._2018","R24-056270"
"-37.432","35.1402","43.7","KT8","LeGal_etal._2018","R24-056084"
"-37.432","35.1402","43.7","KT8","LeGal_etal._2018","R24-056083"
"-37.8408","35.1407","133.1","OCNG5-16","LeGal_etal._2018","R24-056271"
"-37.8408","35.1407","133.1","OCNG5-16","LeGal_etal._2018","R24-056272"
"-37.4458","35.1436","71","KT9","LeGal_etal._2018","R24-056086"
"-37.4458","35.1436","71","KT9","LeGal_etal._2018","R24-056085"
"-37.8583","35.1439","74","OCNG5-17","LeGal_etal._2018","R24-056273"
"-37.8583","35.1439","74","OCNG5-17","LeGal_etal._2018","R24-056274"
"-37.4675","35.1475","33.8","KT10","LeGal_etal._2018","R24-056029"
"-37.4675","35.1475","33.8","KT10","LeGal_etal._2018","R24-056030"
"-34.5317","35.1483","263","V30-71","Abbott_2008","R24-001707"
"-37.8731","35.1485","78.9","OCNG5-18","LeGal_etal._2018","R24-056276"
"-37.8731","35.1485","78.9","OCNG5-18","LeGal_etal._2018","R24-056275"
"-34.533","35.15","263","V30-71","LDEO_2004","R24-055524"
"-37.4853","35.1505","34.4","OCNG4-7","LeGal_etal._2018","R24-056251"
"-37.4853","35.1505","34.4","OCNG4-7","LeGal_etal._2018","R24-056252"
"-37.9051","35.1531","75.6","OCNG5-19","LeGal_etal._2018","R24-056277"
"-37.9051","35.1531","75.6","OCNG5-19","LeGal_etal._2018","R24-056278"
"-37.5119","35.1555","50.9","OCNG4-8","LeGal_etal._2018","R24-056253"
"-37.5119","35.1555","50.9","OCNG4-8","LeGal_etal._2018","R24-056254"
"-37.9209","35.1558","63.1","OCNG5-20","LeGal_etal._2018","R24-056282"
"-37.9209","35.1558","63.1","OCNG5-20","LeGal_etal._2018","R24-056281"
"-37.5281","35.1586","65.8","OCNG4-9","LeGal_etal._2018","R24-056255"
"-37.5281","35.1586","65.8","OCNG4-9","LeGal_etal._2018","R24-056256"
"-38.0044","35.1739","79.2","OCNG5-21","LeGal_etal._2018","R24-056283"
"-38.0044","35.1739","79.2","OCNG5-21","LeGal_etal._2018","R24-056284"
"-37.6202","35.1762","68.3","OCNG4-10","LeGal_etal._2018","R24-056208"
"-37.6202","35.1762","68.3","OCNG4-10","LeGal_etal._2018","R24-056207"
"-37.6334","35.1783","62.2","OCNG4-11","LeGal_etal._2018","R24-056210"
"-37.6334","35.1783","62.2","OCNG4-11","LeGal_etal._2018","R24-056209"
"-38.0145","35.1802","65.5","OCNG5-22","LeGal_etal._2018","R24-056285"
"-38.0145","35.1802","65.5","OCNG5-22","LeGal_etal._2018","R24-056286"
"-34.4817","35.1817","79.3","V30-73","Abbott_2008","R24-001709"
"-34.483","35.183","79","V30-73","LDEO_2004","R24-055526"
"-37.6641","35.1848","41.5","OCNG4-12a","LeGal_etal._2018","R24-056213"
"-37.6641","35.1848","43","OCNG4-12","LeGal_etal._2018","R24-056212"
"-37.6641","35.1848","41.5","OCNG4-12a","LeGal_etal._2018","R24-056214"
"-37.6641","35.1848","43","OCNG4-12","LeGal_etal._2018","R24-056211"
"-37.6793","35.1869","29.3","OCNG4-13","LeGal_etal._2018","R24-056215"
"-37.6793","35.1869","29.3","OCNG4-13","LeGal_etal._2018","R24-056216"
"-37.6959","35.1902","18.6","OCNG4-14","LeGal_etal._2018","R24-056217"
"-37.6959","35.1902","18.6","OCNG4-14","LeGal_etal._2018","R24-056218"
"-37.7127","35.1939","12.8","OCNG4-15","LeGal_etal._2018","R24-056219"
"-37.7127","35.1939","12.8","OCNG4-15","LeGal_etal._2018","R24-056220"
"-37.7296","35.1963","29.8","OCNG4-16","LeGal_etal._2018","R24-056221"
"-37.7296","35.1963","29.8","OCNG4-16","LeGal_etal._2018","R24-056222"
"-37.7461","35.1995","36.6","OCNG4-17","LeGal_etal._2018","R24-056224"
"-37.7461","35.1995","36.6","OCNG4-17","LeGal_etal._2018","R24-056223"
"-37.7623","35.2027","34.8","OCNG4-18","LeGal_etal._2018","R24-056226"
"-37.7623","35.2027","34.8","OCNG4-18","LeGal_etal._2018","R24-056225"
"-37.7777","35.2063","43.6","OCNG4-19","LeGal_etal._2018","R24-056227"
"-37.7777","35.2063","43.6","OCNG4-19","LeGal_etal._2018","R24-056228"
"-37.7941","35.2084","50.2","OCNG4-20","LeGal_etal._2018","R24-056230"
"-37.7941","35.2084","50.2","OCNG4-20","LeGal_etal._2018","R24-056229"
"-37.8097","35.2118","96.2","OCNG4-21","LeGal_etal._2018","R24-056231"
"-37.8097","35.2118","96.2","OCNG4-21","LeGal_etal._2018","R24-056232"
"-37.8311","35.2149","83.1","OCNG4-22","LeGal_etal._2018","R24-056233"
"-37.8311","35.2149","83.1","OCNG4-22","LeGal_etal._2018","R24-056234"
"-37.43","35.2167","37.7","KT13","LeGal_etal._2018","R24-056036"
"-37.43","35.2167","37.7","KT13","LeGal_etal._2018","R24-056035"
"-37.8428","35.2181","64.7","OCNG4-23","LeGal_etal._2018","R24-056236"
"-37.8428","35.2181","64.7","OCNG4-23","LeGal_etal._2018","R24-056235"
"-37.8603","35.2212","75.7","OCNG4-24","LeGal_etal._2018","R24-056237"
"-37.8603","35.2212","75.7","OCNG4-24","LeGal_etal._2018","R24-056238"
"-37.8703","35.2226","102.7","KT11","LeGal_etal._2018","R24-056032"
"-37.8703","35.2226","102.7","KT11","LeGal_etal._2018","R24-056031"
"-37.893","35.2278","51.7","OCNG4-25","LeGal_etal._2018","R24-056240"
"-37.893","35.2278","51.7","OCNG4-25","LeGal_etal._2018","R24-056239"
"-37.9094","35.2305","55.2","OCNG4-26","LeGal_etal._2018","R24-056241"
"-37.9094","35.2305","55.2","OCNG4-26","LeGal_etal._2018","R24-056242"
"-37.9259","35.2335","81.1","OCNG4-27","LeGal_etal._2018","R24-056243"
"-37.9259","35.2335","81.1","OCNG4-27","LeGal_etal._2018","R24-056244"
"-37.942","35.2367","102.7","OCNG4-28","LeGal_etal._2018","R24-056245"
"-37.942","35.2367","102.7","OCNG4-28","LeGal_etal._2018","R24-056246"
"-37.9585","35.2397","50.7","OCNG4-29","LeGal_etal._2018","R24-056247"
"-37.9585","35.2397","50.7","OCNG4-29","LeGal_etal._2018","R24-056248"
"-37.9753","35.2431","55.8","OCNG4-30","LeGal_etal._2018","R24-056249"
"-37.9753","35.2431","55.8","OCNG4-30","LeGal_etal._2018","R24-056250"
"-37.6332","35.2551","56.6","OCNG6-3","LeGal_etal._2018","R24-056311"
"-37.6332","35.2551","56.6","OCNG6-3","LeGal_etal._2018","R24-056312"
"-37.6853","35.2645","81","OCNG6-4","LeGal_etal._2018","R24-056313"
"-37.6853","35.2645","81","OCNG6-4","LeGal_etal._2018","R24-056314"
"-37.7124","35.2703","58.8","OCNG6-5","LeGal_etal._2018","R24-056316"
"-37.7124","35.2703","58.8","OCNG6-5","LeGal_etal._2018","R24-056315"
"-37.7258","35.2729","94.6","OCNG6-6","LeGal_etal._2018","R24-056318"
"-37.7258","35.2729","94.6","OCNG6-6","LeGal_etal._2018","R24-056317"
"-37.7375","35.275","42.8","OCNG6-7","LeGal_etal._2018","R24-056320"
"-37.7375","35.275","42.8","OCNG6-7","LeGal_etal._2018","R24-056319"
"-37.7861","35.284","16.7","OCNG6-8","LeGal_etal._2018","R24-056322"
"-37.7861","35.284","16.7","OCNG6-8","LeGal_etal._2018","R24-056321"
"-37.803","35.2866","46.7","OCNG6-9","LeGal_etal._2018","R24-056323"
"-37.803","35.2866","46.7","OCNG6-9","LeGal_etal._2018","R24-056324"
"-37.8198","35.2903","98.8","OCNG6-10","LeGal_etal._2018","R24-056302"
"-37.8198","35.2903","98.8","OCNG6-10","LeGal_etal._2018","R24-056301"
"-37.8344","35.2931","132.6","OCNG6-11","LeGal_etal._2018","R24-056304"
"-37.8344","35.2931","132.6","OCNG6-11","LeGal_etal._2018","R24-056303"
"-37.8468","35.2955","114.5","OCNG6-12","LeGal_etal._2018","R24-056305"
"-37.8468","35.2955","114.5","OCNG6-12","LeGal_etal._2018","R24-056306"
"-37.6837","35.3416","86.9","KT4","LeGal_etal._2018","R24-056076"
"-37.6837","35.3416","86.9","KT4","LeGal_etal._2018","R24-056075"
"-37.6979","35.3445","54.7","OCNG6-13","LeGal_etal._2018","R24-056308"
"-37.6979","35.3445","54.7","OCNG6-13","LeGal_etal._2018","R24-056307"
"-37.7119","35.3467","44.6","OCNG6-14","LeGal_etal._2018","R24-056310"
"-37.7119","35.3467","44.6","OCNG6-14","LeGal_etal._2018","R24-056309"
"-55.45","35.35","61","V19-184","Langseth_etal._1966","R24-053070"
"-37.0717","35.3807","37.6","OCNG1-1","LeGal_etal._2018","R24-056090"
"-37.0717","35.3807","37.6","OCNG1-1","LeGal_etal._2018","R24-056089"
"-37.0889","35.3829","23.2","OCNG1-2","LeGal_etal._2018","R24-056110"
"-37.0889","35.3829","23.2","OCNG1-2","LeGal_etal._2018","R24-056109"
"-37.1057","35.387","26.6","OCNG1-3","LeGal_etal._2018","R24-056134"
"-37.1057","35.387","26.6","OCNG1-3","LeGal_etal._2018","R24-056133"
"-37.1227","35.3897","39.8","OCNG1-4","LeGal_etal._2018","R24-056135"
"-37.1227","35.3897","39.8","OCNG1-4","LeGal_etal._2018","R24-056136"
"-37.2621","35.4158","38.1","OCNG2-1","LeGal_etal._2018","R24-056137"
"-37.2621","35.4158","38.1","OCNG2-1","LeGal_etal._2018","R24-056138"
"-37.2625","35.4159","35.7","KT1","LeGal_etal._2018","R24-056027"
"-37.2625","35.4159","35.7","KT1","LeGal_etal._2018","R24-056028"
"-37.2809","35.4193","28.3","OCNG2-3","LeGal_etal._2018","R24-056150"
"-37.2809","35.4193","28.3","OCNG2-3","LeGal_etal._2018","R24-056149"
"-37.2909","35.4207","41.1","OCNG2-4","LeGal_etal._2018","R24-056151"
"-37.2909","35.4207","41.1","OCNG2-4","LeGal_etal._2018","R24-056152"
"-37.3015","35.4234","52.2","OCNG2-5","LeGal_etal._2018","R24-056154"
"-37.3015","35.4234","52.2","OCNG2-5","LeGal_etal._2018","R24-056153"
"-37.2707","35.4252","35.8","OCNG2-2","LeGal_etal._2018","R24-056147"
"-37.2707","35.4252","35.8","OCNG2-2","LeGal_etal._2018","R24-056148"
"-37.3147","35.4265","39.1","OCNG2-6","LeGal_etal._2018","R24-056155"
"-37.3147","35.4265","39.1","OCNG2-6","LeGal_etal._2018","R24-056156"
"-37.3298","35.4283","33.1","OCNG2-7","LeGal_etal._2018","R24-056158"
"-37.3298","35.4283","33.1","OCNG2-7","LeGal_etal._2018","R24-056157"
"-37.3421","35.4308","38.5","OCNG2-8","LeGal_etal._2018","R24-056159"
"-37.3421","35.4308","38.5","OCNG2-8","LeGal_etal._2018","R24-056160"
"-37.3537","35.4336","65.2","OCNG2-9","LeGal_etal._2018","R24-056162"
"-37.3537","35.4336","65.2","OCNG2-9","LeGal_etal._2018","R24-056161"
"-37.3758","35.4371","73","KT2","LeGal_etal._2018","R24-056049"
"-37.3758","35.4371","73","KT2","LeGal_etal._2018","R24-056050"
"-37.3755","35.4374","63.7","OCNG2-10","LeGal_etal._2018","R24-056139"
"-37.3755","35.4374","63.7","OCNG2-10","LeGal_etal._2018","R24-056140"
"-37.3902","35.4403","65.9","OCNG2-11","LeGal_etal._2018","R24-056142"
"-37.3902","35.4403","65.9","OCNG2-11","LeGal_etal._2018","R24-056141"
"-37.4039","35.4428","46.7","OCNG2-12","LeGal_etal._2018","R24-056144"
"-37.4039","35.4428","46.7","OCNG2-12","LeGal_etal._2018","R24-056143"
"-37.4378","35.4488","60","OCNG2-13","LeGal_etal._2018","R24-056146"
"-37.4378","35.4488","60","OCNG2-13","LeGal_etal._2018","R24-056145"
"-37.471","35.4551","50.9","OCNG3-1","LeGal_etal._2018","R24-056163"
"-37.471","35.4551","50.9","OCNG3-1","LeGal_etal._2018","R24-056164"
"-37.4923","35.459","58","OCNG3-2","LeGal_etal._2018","R24-056186"
"-37.4923","35.459","58","OCNG3-2","LeGal_etal._2018","R24-056185"
"-37.5011","35.4611","45.1","OCNG3-3","LeGal_etal._2018","R24-056194"
"-37.5011","35.4611","45.1","OCNG3-3","LeGal_etal._2018","R24-056193"
"-37.5811","35.4757","46.5","OCNG3-4","LeGal_etal._2018","R24-056196"
"-37.5811","35.4757","46.5","OCNG3-4","LeGal_etal._2018","R24-056195"
"-37.6013","35.4797","143.7","OCNG3-5","LeGal_etal._2018","R24-056197"
"-37.6013","35.4797","143.7","OCNG3-5","LeGal_etal._2018","R24-056198"
"-37.6231","35.4833","170.4","OCNG3-6","LeGal_etal._2018","R24-056199"
"-37.6231","35.4833","170.4","OCNG3-6","LeGal_etal._2018","R24-056200"
"-37.6395","35.4866","165.4","OCNG3-7","LeGal_etal._2018","R24-056201"
"-37.6395","35.4866","165.4","OCNG3-7","LeGal_etal._2018","R24-056202"
"-37.6556","35.4897","132.5","OCNG3-8","LeGal_etal._2018","R24-056204"
"-37.6556","35.4897","132.5","OCNG3-8","LeGal_etal._2018","R24-056203"
"-37.6718","35.493","127.2","OCNG3-9","LeGal_etal._2018","R24-056205"
"-37.6718","35.493","127.2","OCNG3-9","LeGal_etal._2018","R24-056206"
"-37.688","35.4952","141","OCNG3-10","LeGal_etal._2018","R24-056165"
"-37.688","35.4952","141","OCNG3-10","LeGal_etal._2018","R24-056166"
"-37.704","35.4988","134.6","OCNG3-11","LeGal_etal._2018","R24-056167"
"-37.704","35.4988","134.6","OCNG3-11","LeGal_etal._2018","R24-056168"
"-37.7201","35.5016","121.9","OCNG3-12","LeGal_etal._2018","R24-056170"
"-37.7201","35.5016","121.9","OCNG3-12","LeGal_etal._2018","R24-056169"
"-37.7361","35.5044","135.5","OCNG3-13","LeGal_etal._2018","R24-056172"
"-37.7361","35.5044","135.5","OCNG3-13","LeGal_etal._2018","R24-056171"
"-37.7521","35.5078","151.2","OCNG3-14","LeGal_etal._2018","R24-056174"
"-37.7521","35.5078","151.2","OCNG3-14","LeGal_etal._2018","R24-056173"
"-37.7686","35.5107","139.3","OCNG3-15","LeGal_etal._2018","R24-056175"
"-37.7686","35.5107","139.3","OCNG3-15","LeGal_etal._2018","R24-056176"
"-37.7846","35.5136","134.9","OCNG3-16","LeGal_etal._2018","R24-056177"
"-37.7846","35.5136","134.9","OCNG3-16","LeGal_etal._2018","R24-056178"
"-37.8014","35.517","130.7","OCNG3-17","LeGal_etal._2018","R24-056179"
"-37.8014","35.517","130.7","OCNG3-17","LeGal_etal._2018","R24-056180"
"-37.817","35.5202","123.9","OCNG3-18","LeGal_etal._2018","R24-056182"
"-37.817","35.5202","123.9","OCNG3-18","LeGal_etal._2018","R24-056181"
"-37.8335","35.5228","108.1","OCNG3-19","LeGal_etal._2018","R24-056183"
"-37.8335","35.5228","108.1","OCNG3-19","LeGal_etal._2018","R24-056184"
"-37.8498","35.5262","123","OCNG3-20","LeGal_etal._2018","R24-056188"
"-37.8498","35.5262","123","OCNG3-20","LeGal_etal._2018","R24-056187"
"-37.8658","35.5291","102","OCNG3-21","LeGal_etal._2018","R24-056190"
"-37.8658","35.5291","102","OCNG3-21","LeGal_etal._2018","R24-056189"
"-37.882","35.5323","113.1","OCNG3-22","LeGal_etal._2018","R24-056192"
"-37.882","35.5323","113.1","OCNG3-22","LeGal_etal._2018","R24-056191"
"-37.9108","35.5372","102.2","KT3","LeGal_etal._2018","R24-056071"
"-37.9108","35.5372","102.2","KT3","LeGal_etal._2018","R24-056072"
"-43.895","35.581667","44","V27-102","Herman_etal._1977","R24-047451"
"-51.25","35.7983","43.8","V19-183","Abbott_2008","R24-001347"
"-43.691667","36.0883333","40","V27-101","Herman_etal._1977","R24-047450"
"-29.393333","36.291667","37","V29-128","Herman_etal._1977","R24-047483"
"-21","36.3333","47.7","13","Bullard_Day_1961","R24-023474"
"-21","36.3333","48","13","Haenel_1979a","R24-044624"
"-21","36.3333","47.7","13","Bullard_Day_1961","R24-023475"
"-33.9683","36.3983","75","ATL_69.1","Williams_etal._1977","R24-088672"
"-33.9783","36.4017","0","ATL_72.2","Williams_etal._1977","R24-088674"
"-33.975","36.405","59","ATL_72.1","Williams_etal._1977","R24-088673"
"-33.985","36.4067","75","ATL_72.3","Williams_etal._1977","R24-088675"
"-33.9967","36.4083","498","ATL_72.4","Williams_etal._1977","R24-088676"
"-33.62","36.41","130","ATL_65.1","Williams_etal._1977","R24-088664"
"-33.6167","36.4133","314","ATL_65.2","Williams_etal._1977","R24-088665"
"-33.96","36.4167","21","ATL_68.4","Williams_etal._1977","R24-088671"
"-33.615","36.4183","113","ATL_65.3","Williams_etal._1977","R24-088666"
"-33.6117","36.4217","201","ATL_65.4","Williams_etal._1977","R24-088667"
"-33.9533","36.425","138","ATL_68.3","Williams_etal._1977","R24-088670"
"-33.9467","36.43","142","ATL_68.2","Williams_etal._1977","R24-088669"
"-33.9417","36.435","17","ATL_68.1","Williams_etal._1977","R24-088668"
"-33.9133","36.44","71","ATL_25.2","Williams_etal._1977","R24-088626"
"-33.9017","36.4483","84","ATL_25.3","Williams_etal._1977","R24-088627"
"-33.8833","36.4517","318","ATL_25.6","Williams_etal._1977","R24-088628"
"-33.8717","36.49","142","ATL_61.2","Williams_etal._1977","R24-088663"
"-33.5783","36.58","105","ATL_50.4","Williams_etal._1977","R24-088654"
"-52.45","36.5817","30","V27-103","Abbott_2008","R24-001584"
"-52.45","36.583","30","V27-103","LDEO_2004","R24-055450"
"-33.6483","36.5917","29","ATL_41.1","Williams_etal._1977","R24-088634"
"-33.6433","36.5917","17","ATL_41.2","Williams_etal._1977","R24-088635"
"-33.5767","36.595","222","ATL_50.2","Williams_etal._1977","R24-088653"
"-33.5633","36.595","193","ATL_47.3","Williams_etal._1977","R24-088651"
"-33.6133","36.5967","117","ATL_22.1","Williams_etal._1977","R24-088622"
"-33.6117","36.5983","234","ATL_22.2","Williams_etal._1977","R24-088623"
"-33.5767","36.5983","272","ATL_50.1","Williams_etal._1977","R24-088652"
"-33.55","36.6","645","ATL_46.8","Williams_etal._1977","R24-088648"
"-33.6117","36.6017","130","ATL_22.3","Williams_etal._1977","R24-088624"
"-33.6467","36.6033","142","ATL_42.4","Williams_etal._1977","R24-088637"
"-33.6333","36.605","109","ATL_42.1","Williams_etal._1977","R24-088636"
"-33.6117","36.605","46","ATL_22.4","Williams_etal._1977","R24-088625"
"-33.59","36.605","163","ATL_43.1","Williams_etal._1977","R24-088638"
"-33.5817","36.605","348","ATL_43.2","Williams_etal._1977","R24-088639"
"-33.5533","36.605","331","ATL_46.7","Williams_etal._1977","R24-088647"
"-33.575","36.6067","394","ATL_43.3","Williams_etal._1977","R24-088640"
"-33.5683","36.6083","569","ATL_47.2","Williams_etal._1977","R24-088650"
"-33.5717","36.6117","368","ATL_47.1","Williams_etal._1977","R24-088649"
"-33.555","36.6117","234","ATL_46.6","Williams_etal._1977","R24-088646"
"-33.5417","36.6133","318","ATL_51.5","Williams_etal._1977","R24-088659"
"-33.5367","36.6133","272","ATL_51.6","Williams_etal._1977","R24-088660"
"-33.525","36.6133","184","ATL_51.7","Williams_etal._1977","R24-088661"
"-33.5167","36.6133","197","ATL_51.8","Williams_etal._1977","R24-088662"
"-33.5617","36.615","352","ATL_51.2","Williams_etal._1977","R24-088656"
"-33.5567","36.615","548","ATL_51.3","Williams_etal._1977","R24-088657"
"-33.5467","36.615","381","ATL_51.4","Williams_etal._1977","R24-088658"
"-33.57","36.6167","247","ATL_51.1","Williams_etal._1977","R24-088655"
"-33.555","36.6183","264","ATL_46.5","Williams_etal._1977","R24-088645"
"-33.5583","36.6233","289","ATL_46.4","Williams_etal._1977","R24-088644"
"-33.625","36.625","75","ATL_21.6","Williams_etal._1977","R24-088621"
"-33.5633","36.6283","134","ATL_46.3","Williams_etal._1977","R24-088643"
"-33.635","36.63","75","ATL_21.5","Williams_etal._1977","R24-088620"
"-33.6383","36.6317","38","ATL_21.4","Williams_etal._1977","R24-088619"
"-33.57","36.6317","151","ATL_46.2","Williams_etal._1977","R24-088642"
"-33.58","36.635","151","ATL_46.1","Williams_etal._1977","R24-088641"
"-33.6483","36.6367","33","ATL_21.2","Williams_etal._1977","R24-088618"
"-33.6517","36.6383","29","ATL_21.1","Williams_etal._1977","R24-088617"
"-33.7217","36.6667","33","ATL_16.1","Williams_etal._1977","R24-088612"
"-33.6883","36.675","92","ATL_16.3","Williams_etal._1977","R24-088613"
"-33.6767","36.68","159","ATL_16.4","Williams_etal._1977","R24-088614"
"-33.6717","36.685","138","ATL_16.5","Williams_etal._1977","R24-088615"
"-33.635","36.6983","29","ATL_17.1","Williams_etal._1977","R24-088616"
"-33.3267","36.75","142","ATL_35.3","Williams_etal._1977","R24-088629"
"-33.3283","36.7617","172","ATL_36.3","Williams_etal._1977","R24-088633"
"-30.7617","36.7617","42.2","CD-5-1","Adam_etal._2003","R24-002098"
"-33.33","36.7633","126","ATL_35.4","Williams_etal._1977","R24-088630"
"-33.325","36.7633","100","ATL_36.2","Williams_etal._1977","R24-088632"
"-33.3317","36.7667","147","ATL_36.1","Williams_etal._1977","R24-088631"
"-30.7817","36.7667","143","CD-5-2","Adam_etal._2003","R24-002099"
"-30.8017","36.77","109.4","CD-5-3","Adam_etal._2003","R24-002100"
"-30.8217","36.7733","74","CD-5-4","Adam_etal._2003","R24-002101"
"-30.8383","36.7767","31.3","CD-5-5","Adam_etal._2003","R24-002102"
"-30.9017","36.7917","55","CD-6-1","Adam_etal._2003","R24-002103"
"-30.9233","36.795","53.5","CD-6-2","Adam_etal._2003","R24-002111"
"-30.9417","36.8","100.9","CD-6-3","Adam_etal._2003","R24-002112"
"-30.96","36.8033","120.4","CD-6-4","Adam_etal._2003","R24-002113"
"-30.9717","36.805","126.2","AB-4-16","Adam_etal._2003","R24-002084"
"-30.9783","36.8067","148.1","CD-6-5","Adam_etal._2003","R24-002114"
"-30.9983","36.81","138.4","CD-6-6","Adam_etal._2003","R24-002115"
"-31.0183","36.8133","185.2","CD-6-7","Adam_etal._2003","R24-002116"
"-30.96","36.8167","131","AB-4-15","Adam_etal._2003","R24-002083"
"-31.0383","36.8183","131.6","CD-6-8","Adam_etal._2003","R24-002117"
"-31.0567","36.8217","133","CD-6-9","Adam_etal._2003","R24-002118"
"-31.0767","36.8267","138.9","CD-6-10","Adam_etal._2003","R24-002104"
"-30.95","36.8283","111.9","AB-4-14","Adam_etal._2003","R24-002082"
"-31.0967","36.83","127.9","CD-6-11","Adam_etal._2003","R24-002105"
"-31.1183","36.8333","124.1","CD-6-12","Adam_etal._2003","R24-002106"
"-31.1383","36.84","157.5","CD-6-13","Adam_etal._2003","R24-002107"
"-33.6675","36.8408","23","DSDP_37_333","Hyndman_etal._1976","R24-048703"
"-30.9383","36.8417","110.7","AB-4-13","Adam_etal._2003","R24-002081"
"-31.1583","36.8433","126.2","CD-6-14","Adam_etal._2003","R24-002108"
"-31.1783","36.8467","116.7","CD-6-15","Adam_etal._2003","R24-002109"
"-31.1983","36.8517","114.9","CD-6-16","Adam_etal._2003","R24-002110"
"-30.925","36.8567","113.5","AB-4-12","Adam_etal._2003","R24-002080"
"-31.2517","36.8617","144.6","CD-7-1","Adam_etal._2003","R24-002119"
"-31.2733","36.865","143.2","CD-7-2","Adam_etal._2003","R24-002120"
"-31.3017","36.8717","214.8","CD-7-3","Adam_etal._2003","R24-002121"
"-30.9133","36.8717","112.2","AB-4-11","Adam_etal._2003","R24-002079"
"-31.3198","36.8763","203","CD-18-1","Lucazeau_etal._2006","R24-059252"
"-31.3198","36.8765","183","CD-18-2","Lucazeau_etal._2006","R24-059253"
"-31.32","36.8767","181.4","CD-16-2","Adam_etal._2003","R24-002093"
"-33.6417","36.8783","29","DSDP_37_332A","Hyndman_etal._1976","R24-048700"
"-31.3383","36.8783","302.6","CD-16-3","Adam_etal._2003","R24-002094"
"-31.3387","36.8793","305","CD-18-3","Lucazeau_etal._2006","R24-059254"
"-33.6433","36.88","27","DSDP_37_332B","Hyndman_etal._1976","R24-048702"
"-33.6433","36.88","23","DSDP_37_332B","Hyndman_etal._1976","R24-048701"
"-31.3617","36.883","181","CD-18-4","Lucazeau_etal._2006","R24-059255"
"-31.3617","36.8833","182.8","CD-16-4","Adam_etal._2003","R24-002095"
"-30.9","36.885","92.7","AB-4-10","Adam_etal._2003","R24-002078"
"-31.38","36.8867","139.2","CD-16-5","Adam_etal._2003","R24-002096"
"-31.381","36.8868","140","CD-18-5","Lucazeau_etal._2006","R24-059256"
"-31.3967","36.89","144","CD-16-6","Adam_etal._2003","R24-002097"
"-31.397","36.8907","144","CD-18-6","Lucazeau_etal._2006","R24-059257"
"-31.4067","36.8933","114.7","CD-8-1","Adam_etal._2003","R24-002122"
"-31.4267","36.8967","38.8","CD-8-2","Adam_etal._2003","R24-002124"
"-30.8867","36.8967","106.4","AB-4-9","Adam_etal._2003","R24-002092"
"-31.4467","36.9","32","CD-8-3","Adam_etal._2003","R24-002125"
"-31.4667","36.905","29.5","CD-8-4","Adam_etal._2003","R24-002126"
"-31.4867","36.9083","35.9","CD-8-5","Adam_etal._2003","R24-002127"
"-31.5083","36.9117","43.3","CD-8-6","Adam_etal._2003","R24-002128"
"-30.8767","36.9117","103.9","AB-4-8","Adam_etal._2003","R24-002091"
"-31.5283","36.9167","25.3","CD-8-7","Adam_etal._2003","R24-002129"
"-31.5483","36.9217","22.3","CD-8-8","Adam_etal._2003","R24-002130"
"-31.5683","36.925","20.5","CD-8-9","Adam_etal._2003","R24-002131"
"-30.865","36.925","135.8","AB-4-7","Adam_etal._2003","R24-002090"
"-31.5883","36.93","27.6","CD-8-10","Adam_etal._2003","R24-002123"
"-30.8517","36.94","67.8","AB-4-6","Adam_etal._2003","R24-002089"
"-33.1617","36.9417","18","KNR_42B4","Williams_etal._1977","R24-088708"
"-33.16","36.9417","-8","KNR_42B3","Williams_etal._1977","R24-088707"
"-33.1017","36.9417","180","KNR_43.2","Williams_etal._1977","R24-088710"
"-33.1583","36.9433","-6","KNR_42B2","Williams_etal._1977","R24-088706"
"-33.1267","36.9433","56","KNR_26.6","Williams_etal._1977","R24-088690"
"-33.1","36.9433","52","KNR_43.3","Williams_etal._1977","R24-088711"
"-33.1883","36.945","8","KNR_32.6","Williams_etal._1977","R24-088698"
"-33.145","36.945","-13","KNR_42B1","Williams_etal._1977","R24-088705"
"-33.1933","36.9467","59","KNR_32.5","Williams_etal._1977","R24-088697"
"-33.18","36.9467","14","KNR_36B4","Williams_etal._1977","R24-088703"
"-33.1283","36.9467","52","KNR_26.5","Williams_etal._1977","R24-088689"
"-33.1967","36.9483","11","KNR_32.3","Williams_etal._1977","R24-088696"
"-33.1783","36.9483","48","KNR_36B5","Williams_etal._1977","R24-088704"
"-33.1983","36.95","13","KNR_32.2","Williams_etal._1977","R24-088695"
"-33.13","36.95","51","KNR_26.4","Williams_etal._1977","R24-088688"
"-33.1017","36.95","72","KNR_17.10","Williams_etal._1977","R24-088678"
"-33.1983","36.9517","0.4","KNR_32.1","Williams_etal._1977","R24-088694"
"-33.1817","36.9517","123","KNR_36B3","Williams_etal._1977","R24-088702"
"-33.1683","36.9517","8","KNR_27.1","Williams_etal._1977","R24-088691"
"-33.1667","36.9517","32","KNR_27.2","Williams_etal._1977","R24-088692"
"-33.1233","36.9517","122","KNR_17.5","Williams_etal._1977","R24-088682"
"-33.115","36.9517","143","KNR_17.6","Williams_etal._1977","R24-088683"
"-33.1117","36.9517","55","KNR_17.7","Williams_etal._1977","R24-088684"
"-33.1083","36.9517","229","KNR_17.8","Williams_etal._1977","R24-088685"
"-33.1767","36.9533","21","KNR_36B1","Williams_etal._1977","R24-088700"
"-33.165","36.9533","42","KNR_27.3","Williams_etal._1977","R24-088693"
"-33.13","36.9533","70","KNR_17.3","Williams_etal._1977","R24-088680"
"-33.1267","36.9533","98","KNR_17.4","Williams_etal._1977","R24-088681"
"-33.105","36.9533","62","KNR_43.1","Williams_etal._1977","R24-088709"
"-30.8417","36.9533","52","AB-4-5","Adam_etal._2003","R24-002088"
"-33.1817","36.955","18","KNR_36B2","Williams_etal._1977","R24-088701"
"-33.135","36.955","7","KNR_26.2","Williams_etal._1977","R24-088687"
"-33.1533","36.9567","36","KNR_361","Williams_etal._1977","R24-088699"
"-33.1317","36.9567","82","KNR_17.2","Williams_etal._1977","R24-088679"
"-33.1317","36.9583","62","KNR_17.1","Williams_etal._1977","R24-088677"
"-30.83","36.965","60.1","AB-4-4","Adam_etal._2003","R24-002087"
"-33.1383","36.9667","52","KNR_26.1","Williams_etal._1977","R24-088686"
"-30.8183","36.9767","89.7","AB-4-3","Adam_etal._2003","R24-002086"
"-30.8067","36.9933","63.2","AB-4-2","Adam_etal._2003","R24-002085"
"-30.795","37.0067","39.2","AB-4-1","Adam_etal._2003","R24-002077"
"-30.7817","37.0183","35.1","AB-3-5","Adam_etal._2003","R24-002076"
"-30.7977","37.022","44","OP-17-2","Lucazeau_etal._2006","R24-059259"
"-30.7983","37.0233","46.5","OP-17-1","Adam_etal._2003","R24-002176"
"-30.8133","37.025","43.2","OP-17-3","Adam_etal._2003","R24-002178"
"-30.83","37.0283","54","OP-17-4","Adam_etal._2003","R24-002179"
"-56.6667","37.0317","37.1","V27-104","Abbott_2008","R24-001585"
"-30.8467","37.0317","67.7","OP-17-5","Adam_etal._2003","R24-002180"
"-56.667","37.033","37","V27-104","LDEO_2004","R24-055451"
"-30.7733","37.0333","40.4","AB-3-4","Adam_etal._2003","R24-002075"
"-30.8633","37.035","78.2","OP-17-6","Adam_etal._2003","R24-002181"
"-34.4145","37.0355","45","DSDP_37_334","Hyndman_etal._1976","R24-048704"
"-32.1317","37.0367","93.6","GH-10-1","Adam_etal._2003","R24-002150"
"-30.88","37.0367","89.6","OP-17-7","Adam_etal._2003","R24-002182"
"-32.1517","37.04","68.7","GH-10-2","Adam_etal._2003","R24-002151"
"-30.8967","37.04","94.8","OP-17-8","Adam_etal._2003","R24-002183"
"-30.9133","37.0433","80.8","OP-17-9","Adam_etal._2003","R24-002184"
"-30.7617","37.0433","97.2","AB-3-3","Adam_etal._2003","R24-002074"
"-32.1733","37.045","77","GH-10-3","Adam_etal._2003","R24-002152"
"-30.9283","37.0467","85.3","OP-17-10","Adam_etal._2003","R24-002177"
"-32.1933","37.05","78.7","GH-10-4","Adam_etal._2003","R24-002153"
"-30.945","37.05","96.6","OP-18-1","Adam_etal._2003","R24-002185"
"-32.2133","37.0533","72.9","GH-10-5","Adam_etal._2003","R24-002154"
"-30.9617","37.0533","92.2","OP-18-2","Adam_etal._2003","R24-002186"
"-31.8767","37.055","49.8","EF-9-1","Adam_etal._2003","R24-002132"
"-30.9783","37.055","149","OP-18-3","Adam_etal._2003","R24-002187"
"-32.2333","37.0567","163.4","GH-10-6","Adam_etal._2003","R24-002155"
"-30.75","37.0567","96.7","AB-3-2","Adam_etal._2003","R24-002073"
"-31.045","37.0583","82.5","OP-18-8","Adam_etal._2003","R24-002190"
"-30.995","37.0583","80.5","OP-18-4","Adam_etal._2003","R24-002188"
"-31.0317","37.06","95.1","OP-19-16","Adam_etal._2003","R24-002194"
"-31.0017","37.06","106.7","OP-19-12","Adam_etal._2003","R24-002192"
"-31.0088","37.0613","63","OP-18-5","Lucazeau_etal._2006","R24-059260"
"-32.2533","37.0617","260.6","GH-10-7","Adam_etal._2003","R24-002156"
"-31.8967","37.0617","36.3","EF-9-2","Adam_etal._2003","R24-002142"
"-31.03","37.0617","117.2","OP-19-17","Adam_etal._2003","R24-002195"
"-31.0233","37.0617","193.1","OP-19-15","Adam_etal._2003","R24-002193"
"-31.0083","37.0617","385.4","OP-18-6","Adam_etal._2003","R24-002189"
"-32.2733","37.065","206.5","GH-10-8","Adam_etal._2003","R24-002157"
"-31.9167","37.065","83.1","EF-9-3","Adam_etal._2003","R24-002143"
"-31.0093","37.0662","57","OP-19-13","Lucazeau_etal._2006","R24-059262"
"-31.9383","37.0667","95.7","EF-9-5","Adam_etal._2003","R24-002145"
"-32.295","37.0683","71.5","GH-10-9","Adam_etal._2003","R24-002158"
"-31.9383","37.0683","101","EF-9-4","Adam_etal._2003","R24-002144"
"-30.7367","37.07","77.2","AB-3-1","Adam_etal._2003","R24-002072"
"-31.9583","37.0717","49.4","EF-9-6","Adam_etal._2003","R24-002146"
"-31.075","37.0733","123.9","OP-19-2","Adam_etal._2003","R24-002196"
"-31.0758","37.0743","163","OP-19-1","Lucazeau_etal._2006","R24-059261"
"-31.9783","37.0767","44.2","EF-9-7","Adam_etal._2003","R24-002147"
"-31.0933","37.0767","157.9","OP-19-3","Adam_etal._2003","R24-002197"
"-32","37.08","34.2","EF-9-8","Adam_etal._2003","R24-002148"
"-31.11","37.08","155.2","OP-19-4","Adam_etal._2003","R24-002198"
"-32.02","37.0833","29.8","EF-9-9","Adam_etal._2003","R24-002149"
"-31.1267","37.0833","129.7","OP-19-5","Adam_etal._2003","R24-002199"
"-30.73","37.085","101.1","AB-2-10","Adam_etal._2003","R24-002063"
"-31.1417","37.0867","134.4","OP-19-6","Adam_etal._2003","R24-002200"
"-32.04","37.0883","49","EF-9-10","Adam_etal._2003","R24-002133"
"-31.1583","37.09","143.9","OP-19-7","Adam_etal._2003","R24-002201"
"-31.1767","37.0917","119.9","OP-19-8","Adam_etal._2003","R24-002202"
"-32.06","37.0933","54.4","EF-9-11","Adam_etal._2003","R24-002134"
"-31.1917","37.095","106.8","OP-19-10","Adam_etal._2003","R24-002191"
"-31.1917","37.095","153","OP-19-9","Lucazeau_etal._2006","R24-059263"
"-32.08","37.0967","97.9","EF-9-12","Adam_etal._2003","R24-002135"
"-30.7217","37.0983","125.2","AB-2-9","Adam_etal._2003","R24-002071"
"-32.1","37.1","57.9","EF-9-13","Adam_etal._2003","R24-002136"
"-32.1217","37.105","83.7","EF-9-14","Adam_etal._2003","R24-002137"
"-30.7033","37.1067","145.8","AB-2-8","Adam_etal._2003","R24-002070"
"-32.1417","37.1083","102","EF-9-15","Adam_etal._2003","R24-002138"
"-32.1617","37.1117","46.1","EF-9-16","Adam_etal._2003","R24-002139"
"-32.1817","37.1167","43.3","EF-9-17","Adam_etal._2003","R24-002140"
"-32.2017","37.1217","48.5","EF-9-18","Adam_etal._2003","R24-002141"
"-30.6933","37.1217","156.8","AB-2-7","Adam_etal._2003","R24-002069"
"-30.6817","37.1333","103.8","AB-2-6","Adam_etal._2003","R24-002068"
"-30.67","37.1483","101.4","AB-2-5","Adam_etal._2003","R24-002067"
"-30.6617","37.1617","130.2","AB-2-4","Adam_etal._2003","R24-002066"
"-30.6267","37.1667","148","AB-2-1","Adam_etal._2003","R24-002062"
"-30.6483","37.1733","135.9","AB-2-3","Adam_etal._2003","R24-002065"
"-30.6383","37.1867","144.6","AB-2-2","Adam_etal._2003","R24-002064"
"-30.6117","37.2117","161.9","AB-1-11","Adam_etal._2003","R24-002053"
"-30.6017","37.2233","159.2","AB-1-10","Adam_etal._2003","R24-002052"
"-30.5933","37.235","164.6","AB-1-9","Adam_etal._2003","R24-002061"
"-30.5817","37.2483","180.9","AB-1-8","Adam_etal._2003","R24-002060"
"-30.5717","37.2633","155.2","AB-1-7","Adam_etal._2003","R24-002059"
"-30.56","37.2767","164","AB-1-6","Adam_etal._2003","R24-002058"
"-30.5483","37.2883","151.2","AB-1-5","Adam_etal._2003","R24-002057"
"-35.1987","37.2957","21","DSDP_37_335","Hyndman_etal._1976","R24-048705"
"-30.535","37.3","187.3","AB-1-4","Adam_etal._2003","R24-002056"
"-30.5233","37.3167","161.4","AB-1-3","Adam_etal._2003","R24-002055"
"-30.51","37.3283","168","AB-1-2","Adam_etal._2003","R24-002054"
"-59.9817","37.3317","14.1","V27-105","Abbott_2008","R24-001586"
"-59.983","37.333","14","V27-105","LDEO_2004","R24-055452"
"-32.4717","37.535","105.2","MN-14-2","Adam_etal._2003","R24-002174"
"-32.485","37.5372","39","MN-14-4","Lucazeau_etal._2006","R24-059258"
"-32.5017","37.54","139.1","MN-14-5","Adam_etal._2003","R24-002175"
"-32.2733","37.5717","41.5","KL-11-1","Adam_etal._2003","R24-002159"
"-32.2933","37.5767","50.1","KL-11-2","Adam_etal._2003","R24-002160"
"-32.3033","37.58","133.7","KL-11-3","Adam_etal._2003","R24-002161"
"-32.3267","37.5817","59.8","KL-11-4","Adam_etal._2003","R24-002162"
"-32.4017","37.595","271.2","KL-12-1","Adam_etal._2003","R24-002163"
"-32.42","37.6017","92.2","KL-12-4","Adam_etal._2003","R24-002164"
"-32.4417","37.605","100.2","KL-12-5","Adam_etal._2003","R24-002165"
"-32.4417","37.605","127.2","KL-12-6","Adam_etal._2003","R24-002166"
"-32.4817","37.615","142","KL-13-1","Adam_etal._2003","R24-002167"
"-32.5033","37.6167","72.3","KL-13-4","Adam_etal._2003","R24-002170"
"-32.5017","37.6167","125.3","KL-13-2","Adam_etal._2003","R24-002168"
"-32.5017","37.6167","130.2","KL-13-3","Adam_etal._2003","R24-002169"
"-32.515","37.62","141.6","KL-13-5","Adam_etal._2003","R24-002171"
"-32.5767","37.6317","94.9","KL-13-6","Adam_etal._2003","R24-002172"
"-32.595","37.6367","91.1","KL-13-7","Adam_etal._2003","R24-002173"
"-54.1","38.6317","10","V23-6","Abbott_2008","R24-001571"
"-57.8557","38.9873","51","Sohm208","Louden_etal._1987","R24-057438"
"-57.8468","38.996","48","Sohm209","Louden_etal._1987","R24-057439"
"-59.3767","39.835","55","Sohm105","Louden_etal._1987","R24-057435"
"-59.3667","39.8433","61","Sohm106","Louden_etal._1987","R24-057436"
"-59.355","39.86","50","Sohm107","Louden_etal._1987","R24-057437"
