lon,lat,depth_m,source
-51.0,20.0,-4819.5,ETOPO_2022_v1_15s_bed_elev
-50.9,20.0,-5223.32,ETOPO_2022_v1_15s_bed_elev
-50.8,20.0,-4926.82,ETOPO_2022_v1_15s_bed_elev
-50.7,20.0,-4747.13,ETOPO_2022_v1_15s_bed_elev
-50.6,20.0,-4589.82,ETOPO_2022_v1_15s_bed_elev
-50.5,20.0,-4272.0,ETOPO_2022_v1_15s_bed_elev
-50.4,20.0,-4304.49,ETOPO_2022_v1_15s_bed_elev
-50.3,20.0,-4412.95,ETOPO_2022_v1_15s_bed_elev
-50.2,20.0,-4378.54,ETOPO_2022_v1_15s_bed_elev
-50.1,20.0,-4603.99,ETOPO_2022_v1_15s_bed_elev
-50.0,20.0,-4364.86,ETOPO_2022_v1_15s_bed_elev
-49.9,20.0,-4312.42,ETOPO_2022_v1_15s_bed_elev
-49.8,20.0,-4513.99,ETOPO_2022_v1_15s_bed_elev
-49.7,20.0,-4570.24,ETOPO_2022_v1_15s_bed_elev
-49.6,20.0,-4386.76,ETOPO_2022_v1_15s_bed_elev
-49.5,20.0,-4467.84,ETOPO_2022_v1_15s_bed_elev
-49.4,20.0,-4455.7,ETOPO_2022_v1_15s_bed_elev
-49.3,20.0,-4500.77,ETOPO_2022_v1_15s_bed_elev
-49.2,20.0,-4586.25,ETOPO_2022_v1_15s_bed_elev
-49.1,20.0,-4257.31,ETOPO_2022_v1_15s_bed_elev
-49.0,20.0,-4322.86,ETOPO_2022_v1_15s_bed_elev
-48.9,20.0,-4308.07,ETOPO_2022_v1_15s_bed_elev
-48.8,20.0,-4275.69,ETOPO_2022_v1_15s_bed_elev
-48.7,20.0,-4328.07,ETOPO_2022_v1_15s_bed_elev
-48.6,20.0,-4169.62,ETOPO_2022_v1_15s_bed_elev
-48.5,20.0,-4211.01,ETOPO_2022_v1_15s_bed_elev
-48.4,20.0,-4158.23,ETOPO_2022_v1_15s_bed_elev
-48.3,20.0,-4180.29,ETOPO_2022_v1_15s_bed_elev
-48.2,20.0,-4202.58,ETOPO_2022_v1_15s_bed_elev
-48.1,20.0,-4164.47,ETOPO_2022_v1_15s_bed_elev
-48.0,20.0,-4113.32,ETOPO_2022_v1_15s_bed_elev
-47.9,20.0,-4091.46,ETOPO_2022_v1_15s_bed_elev
-47.8,20.0,-4106.28,ETOPO_2022_v1_15s_bed_elev
-47.7,20.0,-4017.14,ETOPO_2022_v1_15s_bed_elev
-47.6,20.0,-3900.54,ETOPO_2022_v1_15s_bed_elev
-47.5,20.0,-3981.14,ETOPO_2022_v1_15s_bed_elev
-47.4,20.0,-3935.91,ETOPO_2022_v1_15s_bed_elev
-47.3,20.0,-4027.16,ETOPO_2022_v1_15s_bed_elev
-47.2,20.0,-4094.37,ETOPO_2022_v1_15s_bed_elev
-47.1,20.0,-3616.49,ETOPO_2022_v1_15s_bed_elev
-47.0,20.0,-3578.8,ETOPO_2022_v1_15s_bed_elev
-46.9,20.0,-3547.02,ETOPO_2022_v1_15s_bed_elev
-46.8,20.0,-3513.61,ETOPO_2022_v1_15s_bed_elev
-46.7,20.0,-3351.78,ETOPO_2022_v1_15s_bed_elev
-46.6,20.0,-3430.13,ETOPO_2022_v1_15s_bed_elev
-46.5,20.0,-3527.52,ETOPO_2022_v1_15s_bed_elev
-46.4,20.0,-3624.81,ETOPO_2022_v1_15s_bed_elev
-46.3,20.0,-3709.74,ETOPO_2022_v1_15s_bed_elev
-46.2,20.0,-3531.96,ETOPO_2022_v1_15s_bed_elev
-46.1,20.0,-2730.06,ETOPO_2022_v1_15s_bed_elev
-46.0,20.0,-2877.92,ETOPO_2022_v1_15s_bed_elev
-45.9,20.0,-2893.11,ETOPO_2022_v1_15s_bed_elev
-45.8,20.0,-2963.85,ETOPO_2022_v1_15s_bed_elev
-45.7,20.0,-4100.34,ETOPO_2022_v1_15s_bed_elev
-45.6,20.0,-2894.4,ETOPO_2022_v1_15s_bed_elev
-45.5,20.0,-2966.44,ETOPO_2022_v1_15s_bed_elev
-45.4,20.0,-3210.64,ETOPO_2022_v1_15s_bed_elev
-45.3,20.0,-3377.25,ETOPO_2022_v1_15s_bed_elev
-45.2,20.0,-3507.58,ETOPO_2022_v1_15s_bed_elev
-45.1,20.0,-3439.52,ETOPO_2022_v1_15s_bed_elev
-45.0,20.0,-2984.89,ETOPO_2022_v1_15s_bed_elev
-44.9,20.0,-3097.06,ETOPO_2022_v1_15s_bed_elev
-44.8,20.0,-3344.18,ETOPO_2022_v1_15s_bed_elev
-44.7,20.0,-3596.21,ETOPO_2022_v1_15s_bed_elev
-44.6,20.0,-3445.56,ETOPO_2022_v1_15s_bed_elev
-44.5,20.0,-3343.27,ETOPO_2022_v1_15s_bed_elev
-44.4,20.0,-3414.23,ETOPO_2022_v1_15s_bed_elev
-44.3,20.0,-3482.02,ETOPO_2022_v1_15s_bed_elev
-44.2,20.0,-3547.56,ETOPO_2022_v1_15s_bed_elev
-44.1,20.0,-3851.22,ETOPO_2022_v1_15s_bed_elev
-44.0,20.0,-3863.01,ETOPO_2022_v1_15s_bed_elev
-43.9,20.0,-3729.43,ETOPO_2022_v1_15s_bed_elev
-43.8,20.0,-3916.24,ETOPO_2022_v1_15s_bed_elev
-43.7,20.0,-4083.38,ETOPO_2022_v1_15s_bed_elev
-43.6,20.0,-4023.83,ETOPO_2022_v1_15s_bed_elev
-43.5,20.0,-4038.48,ETOPO_2022_v1_15s_bed_elev
-43.4,20.0,-3978.35,ETOPO_2022_v1_15s_bed_elev
-43.3,20.0,-3945.47,ETOPO_2022_v1_15s_bed_elev
-43.2,20.0,-3955.55,ETOPO_2022_v1_15s_bed_elev
-43.1,20.0,-4080.67,ETOPO_2022_v1_15s_bed_elev
-43.0,20.0,-4069.28,ETOPO_2022_v1_15s_bed_elev
-42.9,20.0,-4406.67,ETOPO_2022_v1_15s_bed_elev
-42.8,20.0,-4589.21,ETOPO_2022_v1_15s_bed_elev
-42.7,20.0,-4574.79,ETOPO_2022_v1_15s_bed_elev
-42.6,20.0,-4839.48,ETOPO_2022_v1_15s_bed_elev
-42.5,20.0,-5137.38,ETOPO_2022_v1_15s_bed_elev
-42.4,20.0,-5310.75,ETOPO_2022_v1_15s_bed_elev
-42.3,20.0,-5421.68,ETOPO_2022_v1_15s_bed_elev
-42.2,20.0,-5260.26,ETOPO_2022_v1_15s_bed_elev
-42.1,20.0,-5096.24,ETOPO_2022_v1_15s_bed_elev
-42.0,20.0,-5112.33,ETOPO_2022_v1_15s_bed_elev
-41.9,20.0,-4618.54,ETOPO_2022_v1_15s_bed_elev
-41.8,20.0,-4694.67,ETOPO_2022_v1_15s_bed_elev
-41.7,20.0,-4641.5,ETOPO_2022_v1_15s_bed_elev
-41.6,20.0,-4489.68,ETOPO_2022_v1_15s_bed_elev
-41.5,20.0,-4857.0,ETOPO_2022_v1_15s_bed_elev
-41.4,20.0,-4844.27,ETOPO_2022_v1_15s_bed_elev
-41.3,20.0,-5008.54,ETOPO_2022_v1_15s_bed_elev
-41.2,20.0,-4959.46,ETOPO_2022_v1_15s_bed_elev
-41.1,20.0,-4628.56,ETOPO_2022_v1_15s_bed_elev
-41.0,20.0,-4754.02,ETOPO_2022_v1_15s_bed_elev
-40.9,20.0,-4642.64,ETOPO_2022_v1_15s_bed_elev
-40.8,20.0,-4789.35,ETOPO_2022_v1_15s_bed_elev
-40.7,20.0,-4833.01,ETOPO_2022_v1_15s_bed_elev
-40.6,20.0,-4956.05,ETOPO_2022_v1_15s_bed_elev
-40.5,20.0,-5068.1,ETOPO_2022_v1_15s_bed_elev
-40.4,20.0,-5167.87,ETOPO_2022_v1_15s_bed_elev
-40.3,20.0,-5299.06,ETOPO_2022_v1_15s_bed_elev
-40.2,20.0,-5160.32,ETOPO_2022_v1_15s_bed_elev
-40.1,20.0,-4810.38,ETOPO_2022_v1_15s_bed_elev
-40.0,20.0,-5001.21,ETOPO_2022_v1_15s_bed_elev
-39.9,20.0,-5455.66,ETOPO_2022_v1_15s_bed_elev
-39.8,20.0,-5334.43,ETOPO_2022_v1_15s_bed_elev
-39.7,20.0,-5051.68,ETOPO_2022_v1_15s_bed_elev
-39.6,20.0,-5058.39,ETOPO_2022_v1_15s_bed_elev
-39.5,20.0,-5161.86,ETOPO_2022_v1_15s_bed_elev
-39.4,20.0,-4927.76,ETOPO_2022_v1_15s_bed_elev
-39.3,20.0,-4867.46,ETOPO_2022_v1_15s_bed_elev
-39.2,20.0,-5612.46,ETOPO_2022_v1_15s_bed_elev
-39.1,20.0,-5141.91,ETOPO_2022_v1_15s_bed_elev
-39.0,20.0,-5104.35,ETOPO_2022_v1_15s_bed_elev
-38.9,20.0,-5675.21,ETOPO_2022_v1_15s_bed_elev
-38.8,20.0,-5708.2,ETOPO_2022_v1_15s_bed_elev
-38.7,20.0,-5678.89,ETOPO_2022_v1_15s_bed_elev
-38.6,20.0,-5444.97,ETOPO_2022_v1_15s_bed_elev
-38.5,20.0,-5285.58,ETOPO_2022_v1_15s_bed_elev
-38.4,20.0,-5270.06,ETOPO_2022_v1_15s_bed_elev
-38.3,20.0,-5105.06,ETOPO_2022_v1_15s_bed_elev
-38.2,20.0,-5338.59,ETOPO_2022_v1_15s_bed_elev
-38.1,20.0,-5506.0,ETOPO_2022_v1_15s_bed_elev
-38.0,20.0,-5565.27,ETOPO_2022_v1_15s_bed_elev
-37.9,20.0,-5311.28,ETOPO_2022_v1_15s_bed_elev
-37.8,20.0,-5563.45,ETOPO_2022_v1_15s_bed_elev
-37.7,20.0,-5814.48,ETOPO_2022_v1_15s_bed_elev
-37.6,20.0,-5734.2,ETOPO_2022_v1_15s_bed_elev
-37.5,20.0,-5711.6,ETOPO_2022_v1_15s_bed_elev
-37.4,20.0,-5791.63,ETOPO_2022_v1_15s_bed_elev
-37.3,20.0,-5660.18,ETOPO_2022_v1_15s_bed_elev
-37.2,20.0,-5533.16,ETOPO_2022_v1_15s_bed_elev
-37.1,20.0,-5298.54,ETOPO_2022_v1_15s_bed_elev
-37.0,20.0,-5415.32,ETOPO_2022_v1_15s_bed_elev
-36.9,20.0,-5502.09,ETOPO_2022_v1_15s_bed_elev
-36.8,20.0,-5663.92,ETOPO_2022_v1_15s_bed_elev
-36.7,20.0,-5412.68,ETOPO_2022_v1_15s_bed_elev
-36.6,20.0,-5450.1,ETOPO_2022_v1_15s_bed_elev
-36.5,20.0,-5475.49,ETOPO_2022_v1_15s_bed_elev
-36.4,20.0,-5632.94,ETOPO_2022_v1_15s_bed_elev
-36.3,20.0,-5820.46,ETOPO_2022_v1_15s_bed_elev
-36.2,20.0,-5761.45,ETOPO_2022_v1_15s_bed_elev
-36.1,20.0,-5541.22,ETOPO_2022_v1_15s_bed_elev
-36.0,20.0,-5829.29,ETOPO_2022_v1_15s_bed_elev
-35.9,20.0,-5540.86,ETOPO_2022_v1_15s_bed_elev
-35.8,20.0,-5401.04,ETOPO_2022_v1_15s_bed_elev
-35.7,20.0,-5444.5,ETOPO_2022_v1_15s_bed_elev
-35.6,20.0,-5533.33,ETOPO_2022_v1_15s_bed_elev
-35.5,20.0,-5722.47,ETOPO_2022_v1_15s_bed_elev
-35.4,20.0,-5525.19,ETOPO_2022_v1_15s_bed_elev
-35.3,20.0,-5585.55,ETOPO_2022_v1_15s_bed_elev
-35.2,20.0,-5567.42,ETOPO_2022_v1_15s_bed_elev
-35.1,20.0,-5809.22,ETOPO_2022_v1_15s_bed_elev
-35.0,20.0,-5646.02,ETOPO_2022_v1_15s_bed_elev
-51.0,20.1,-5268.27,ETOPO_2022_v1_15s_bed_elev
-50.9,20.1,-4751.55,ETOPO_2022_v1_15s_bed_elev
-50.8,20.1,-4584.45,ETOPO_2022_v1_15s_bed_elev
-50.7,20.1,-4696.05,ETOPO_2022_v1_15s_bed_elev
-50.6,20.1,-4451.83,ETOPO_2022_v1_15s_bed_elev
-50.5,20.1,-4132.25,ETOPO_2022_v1_15s_bed_elev
-50.4,20.1,-4447.05,ETOPO_2022_v1_15s_bed_elev
-50.3,20.1,-4532.64,ETOPO_2022_v1_15s_bed_elev
-50.2,20.1,-4608.06,ETOPO_2022_v1_15s_bed_elev
-50.1,20.1,-4604.48,ETOPO_2022_v1_15s_bed_elev
-50.0,20.1,-4590.19,ETOPO_2022_v1_15s_bed_elev
-49.9,20.1,-4549.72,ETOPO_2022_v1_15s_bed_elev
-49.8,20.1,-4503.73,ETOPO_2022_v1_15s_bed_elev
-49.7,20.1,-4448.03,ETOPO_2022_v1_15s_bed_elev
-49.6,20.1,-4368.44,ETOPO_2022_v1_15s_bed_elev
-49.5,20.1,-4491.09,ETOPO_2022_v1_15s_bed_elev
-49.4,20.1,-4367.79,ETOPO_2022_v1_15s_bed_elev
-49.3,20.1,-4216.44,ETOPO_2022_v1_15s_bed_elev
-49.2,20.1,-4273.4,ETOPO_2022_v1_15s_bed_elev
-49.1,20.1,-4406.71,ETOPO_2022_v1_15s_bed_elev
-49.0,20.1,-4432.97,ETOPO_2022_v1_15s_bed_elev
-48.9,20.1,-4278.99,ETOPO_2022_v1_15s_bed_elev
-48.8,20.1,-4286.15,ETOPO_2022_v1_15s_bed_elev
-48.7,20.1,-3971.36,ETOPO_2022_v1_15s_bed_elev
-48.6,20.1,-4045.36,ETOPO_2022_v1_15s_bed_elev
-48.5,20.1,-4230.81,ETOPO_2022_v1_15s_bed_elev
-48.4,20.1,-4244.47,ETOPO_2022_v1_15s_bed_elev
-48.3,20.1,-4339.48,ETOPO_2022_v1_15s_bed_elev
-48.2,20.1,-4127.43,ETOPO_2022_v1_15s_bed_elev
-48.1,20.1,-4068.91,ETOPO_2022_v1_15s_bed_elev
-48.0,20.1,-4259.47,ETOPO_2022_v1_15s_bed_elev
-47.9,20.1,-4132.05,ETOPO_2022_v1_15s_bed_elev
-47.8,20.1,-4052.88,ETOPO_2022_v1_15s_bed_elev
-47.7,20.1,-4134.63,ETOPO_2022_v1_15s_bed_elev
-47.6,20.1,-3904.52,ETOPO_2022_v1_15s_bed_elev
-47.5,20.1,-3953.48,ETOPO_2022_v1_15s_bed_elev
-47.4,20.1,-4162.49,ETOPO_2022_v1_15s_bed_elev
-47.3,20.1,-4166.96,ETOPO_2022_v1_15s_bed_elev
-47.2,20.1,-4044.91,ETOPO_2022_v1_15s_bed_elev
-47.1,20.1,-3742.16,ETOPO_2022_v1_15s_bed_elev
-47.0,20.1,-3580.18,ETOPO_2022_v1_15s_bed_elev
-46.9,20.1,-3418.43,ETOPO_2022_v1_15s_bed_elev
-46.8,20.1,-3327.95,ETOPO_2022_v1_15s_bed_elev
-46.7,20.1,-3368.47,ETOPO_2022_v1_15s_bed_elev
-46.6,20.1,-3614.17,ETOPO_2022_v1_15s_bed_elev
-46.5,20.1,-3704.49,ETOPO_2022_v1_15s_bed_elev
-46.4,20.1,-3682.52,ETOPO_2022_v1_15s_bed_elev
-46.3,20.1,-3649.78,ETOPO_2022_v1_15s_bed_elev
-46.2,20.1,-3246.87,ETOPO_2022_v1_15s_bed_elev
-46.1,20.1,-3130.82,ETOPO_2022_v1_15s_bed_elev
-46.0,20.1,-3331.69,ETOPO_2022_v1_15s_bed_elev
-45.9,20.1,-2738.09,ETOPO_2022_v1_15s_bed_elev
-45.8,20.1,-2587.24,ETOPO_2022_v1_15s_bed_elev
-45.7,20.1,-3788.0,ETOPO_2022_v1_15s_bed_elev
-45.6,20.1,-2812.6,ETOPO_2022_v1_15s_bed_elev
-45.5,20.1,-2644.45,ETOPO_2022_v1_15s_bed_elev
-45.4,20.1,-3031.4,ETOPO_2022_v1_15s_bed_elev
-45.3,20.1,-2947.51,ETOPO_2022_v1_15s_bed_elev
-45.2,20.1,-3275.49,ETOPO_2022_v1_15s_bed_elev
-45.1,20.1,-3603.92,ETOPO_2022_v1_15s_bed_elev
-45.0,20.1,-3655.41,ETOPO_2022_v1_15s_bed_elev
-44.9,20.1,-3837.74,ETOPO_2022_v1_15s_bed_elev
-44.8,20.1,-3986.71,ETOPO_2022_v1_15s_bed_elev
-44.7,20.1,-3788.2,ETOPO_2022_v1_15s_bed_elev
-44.6,20.1,-3935.44,ETOPO_2022_v1_15s_bed_elev
-44.5,20.1,-3904.0,ETOPO_2022_v1_15s_bed_elev
-44.4,20.1,-3620.51,ETOPO_2022_v1_15s_bed_elev
-44.3,20.1,-3789.64,ETOPO_2022_v1_15s_bed_elev
-44.2,20.1,-3769.3,ETOPO_2022_v1_15s_bed_elev
-44.1,20.1,-3826.98,ETOPO_2022_v1_15s_bed_elev
-44.0,20.1,-3836.74,ETOPO_2022_v1_15s_bed_elev
-43.9,20.1,-3754.04,ETOPO_2022_v1_15s_bed_elev
-43.8,20.1,-3773.29,ETOPO_2022_v1_15s_bed_elev
-43.7,20.1,-3985.24,ETOPO_2022_v1_15s_bed_elev
-43.6,20.1,-3978.75,ETOPO_2022_v1_15s_bed_elev
-43.5,20.1,-4110.6,ETOPO_2022_v1_15s_bed_elev
-43.4,20.1,-4044.78,ETOPO_2022_v1_15s_bed_elev
-43.3,20.1,-4038.75,ETOPO_2022_v1_15s_bed_elev
-43.2,20.1,-4177.61,ETOPO_2022_v1_15s_bed_elev
-43.1,20.1,-4443.97,ETOPO_2022_v1_15s_bed_elev
-43.0,20.1,-4646.33,ETOPO_2022_v1_15s_bed_elev
-42.9,20.1,-4734.46,ETOPO_2022_v1_15s_bed_elev
-42.8,20.1,-4916.33,ETOPO_2022_v1_15s_bed_elev
-42.7,20.1,-5076.31,ETOPO_2022_v1_15s_bed_elev
-42.6,20.1,-4970.38,ETOPO_2022_v1_15s_bed_elev
-42.5,20.1,-5114.83,ETOPO_2022_v1_15s_bed_elev
-42.4,20.1,-5035.81,ETOPO_2022_v1_15s_bed_elev
-42.3,20.1,-4782.64,ETOPO_2022_v1_15s_bed_elev
-42.2,20.1,-4400.42,ETOPO_2022_v1_15s_bed_elev
-42.1,20.1,-4489.64,ETOPO_2022_v1_15s_bed_elev
-42.0,20.1,-4528.14,ETOPO_2022_v1_15s_bed_elev
-41.9,20.1,-4562.91,ETOPO_2022_v1_15s_bed_elev
-41.8,20.1,-4398.34,ETOPO_2022_v1_15s_bed_elev
-41.7,20.1,-4486.97,ETOPO_2022_v1_15s_bed_elev
-41.6,20.1,-4618.32,ETOPO_2022_v1_15s_bed_elev
-41.5,20.1,-4811.7,ETOPO_2022_v1_15s_bed_elev
-41.4,20.1,-4936.21,ETOPO_2022_v1_15s_bed_elev
-41.3,20.1,-4855.45,ETOPO_2022_v1_15s_bed_elev
-41.2,20.1,-4910.81,ETOPO_2022_v1_15s_bed_elev
-41.1,20.1,-4642.59,ETOPO_2022_v1_15s_bed_elev
-41.0,20.1,-4834.02,ETOPO_2022_v1_15s_bed_elev
-40.9,20.1,-4720.22,ETOPO_2022_v1_15s_bed_elev
-40.8,20.1,-4996.14,ETOPO_2022_v1_15s_bed_elev
-40.7,20.1,-5041.57,ETOPO_2022_v1_15s_bed_elev
-40.6,20.1,-5050.32,ETOPO_2022_v1_15s_bed_elev
-40.5,20.1,-4947.26,ETOPO_2022_v1_15s_bed_elev
-40.4,20.1,-5113.77,ETOPO_2022_v1_15s_bed_elev
-40.3,20.1,-5105.55,ETOPO_2022_v1_15s_bed_elev
-40.2,20.1,-4901.85,ETOPO_2022_v1_15s_bed_elev
-40.1,20.1,-4733.56,ETOPO_2022_v1_15s_bed_elev
-40.0,20.1,-5251.41,ETOPO_2022_v1_15s_bed_elev
-39.9,20.1,-5790.99,ETOPO_2022_v1_15s_bed_elev
-39.8,20.1,-5461.82,ETOPO_2022_v1_15s_bed_elev
-39.7,20.1,-5641.27,ETOPO_2022_v1_15s_bed_elev
-39.6,20.1,-5548.81,ETOPO_2022_v1_15s_bed_elev
-39.5,20.1,-5747.46,ETOPO_2022_v1_15s_bed_elev
-39.4,20.1,-5612.52,ETOPO_2022_v1_15s_bed_elev
-39.3,20.1,-5298.35,ETOPO_2022_v1_15s_bed_elev
-39.2,20.1,-5915.0,ETOPO_2022_v1_15s_bed_elev
-39.1,20.1,-5330.88,ETOPO_2022_v1_15s_bed_elev
-39.0,20.1,-4598.19,ETOPO_2022_v1_15s_bed_elev
-38.9,20.1,-4529.18,ETOPO_2022_v1_15s_bed_elev
-38.8,20.1,-4976.39,ETOPO_2022_v1_15s_bed_elev
-38.7,20.1,-5196.17,ETOPO_2022_v1_15s_bed_elev
-38.6,20.1,-5465.89,ETOPO_2022_v1_15s_bed_elev
-38.5,20.1,-5937.8,ETOPO_2022_v1_15s_bed_elev
-38.4,20.1,-5910.58,ETOPO_2022_v1_15s_bed_elev
-38.3,20.1,-5905.9,ETOPO_2022_v1_15s_bed_elev
-38.2,20.1,-5474.93,ETOPO_2022_v1_15s_bed_elev
-38.1,20.1,-5730.5,ETOPO_2022_v1_15s_bed_elev
-38.0,20.1,-5611.65,ETOPO_2022_v1_15s_bed_elev
-37.9,20.1,-5203.36,ETOPO_2022_v1_15s_bed_elev
-37.8,20.1,-5287.09,ETOPO_2022_v1_15s_bed_elev
-37.7,20.1,-5745.85,ETOPO_2022_v1_15s_bed_elev
-37.6,20.1,-5546.85,ETOPO_2022_v1_15s_bed_elev
-37.5,20.1,-5563.78,ETOPO_2022_v1_15s_bed_elev
-37.4,20.1,-5680.38,ETOPO_2022_v1_15s_bed_elev
-37.3,20.1,-5724.22,ETOPO_2022_v1_15s_bed_elev
-37.2,20.1,-5665.74,ETOPO_2022_v1_15s_bed_elev
-37.1,20.1,-5392.96,ETOPO_2022_v1_15s_bed_elev
-37.0,20.1,-5514.4,ETOPO_2022_v1_15s_bed_elev
-36.9,20.1,-5452.54,ETOPO_2022_v1_15s_bed_elev
-36.8,20.1,-5526.84,ETOPO_2022_v1_15s_bed_elev
-36.7,20.1,-5594.82,ETOPO_2022_v1_15s_bed_elev
-36.6,20.1,-5494.99,ETOPO_2022_v1_15s_bed_elev
-36.5,20.1,-5562.3,ETOPO_2022_v1_15s_bed_elev
-36.4,20.1,-5702.01,ETOPO_2022_v1_15s_bed_elev
-36.3,20.1,-5603.85,ETOPO_2022_v1_15s_bed_elev
-36.2,20.1,-5654.36,ETOPO_2022_v1_15s_bed_elev
-36.1,20.1,-4995.54,ETOPO_2022_v1_15s_bed_elev
-36.0,20.1,-5226.92,ETOPO_2022_v1_15s_bed_elev
-35.9,20.1,-5402.95,ETOPO_2022_v1_15s_bed_elev
-35.8,20.1,-5394.44,ETOPO_2022_v1_15s_bed_elev
-35.7,20.1,-5585.21,ETOPO_2022_v1_15s_bed_elev
-35.6,20.1,-5415.52,ETOPO_2022_v1_15s_bed_elev
-35.5,20.1,-5503.28,ETOPO_2022_v1_15s_bed_elev
-35.4,20.1,-5561.92,ETOPO_2022_v1_15s_bed_elev
-35.3,20.1,-5673.35,ETOPO_2022_v1_15s_bed_elev
-35.2,20.1,-5578.42,ETOPO_2022_v1_15s_bed_elev
-35.1,20.1,-5519.65,ETOPO_2022_v1_15s_bed_elev
-35.0,20.1,-5491.96,ETOPO_2022_v1_15s_bed_elev
-51.0,20.2,-4717.09,ETOPO_2022_v1_15s_bed_elev
-50.9,20.2,-4147.57,ETOPO_2022_v1_15s_bed_elev
-50.8,20.2,-4392.78,ETOPO_2022_v1_15s_bed_elev
-50.7,20.2,-4439.54,ETOPO_2022_v1_15s_bed_elev
-50.6,20.2,-4572.54,ETOPO_2022_v1_15s_bed_elev
-50.5,20.2,-4508.24,ETOPO_2022_v1_15s_bed_elev
-50.4,20.2,-4674.31,ETOPO_2022_v1_15s_bed_elev
-50.3,20.2,-4625.29,ETOPO_2022_v1_15s_bed_elev
-50.2,20.2,-4661.72,ETOPO_2022_v1_15s_bed_elev
-50.1,20.2,-4470.38,ETOPO_2022_v1_15s_bed_elev
-50.0,20.2,-4661.55,ETOPO_2022_v1_15s_bed_elev
-49.9,20.2,-4568.68,ETOPO_2022_v1_15s_bed_elev
-49.8,20.2,-4544.37,ETOPO_2022_v1_15s_bed_elev
-49.7,20.2,-4417.65,ETOPO_2022_v1_15s_bed_elev
-49.6,20.2,-4319.32,ETOPO_2022_v1_15s_bed_elev
-49.5,20.2,-4480.22,ETOPO_2022_v1_15s_bed_elev
-49.4,20.2,-4389.94,ETOPO_2022_v1_15s_bed_elev
-49.3,20.2,-4115.46,ETOPO_2022_v1_15s_bed_elev
-49.2,20.2,-4207.2,ETOPO_2022_v1_15s_bed_elev
-49.1,20.2,-4264.36,ETOPO_2022_v1_15s_bed_elev
-49.0,20.2,-4306.64,ETOPO_2022_v1_15s_bed_elev
-48.9,20.2,-4222.75,ETOPO_2022_v1_15s_bed_elev
-48.8,20.2,-4323.51,ETOPO_2022_v1_15s_bed_elev
-48.7,20.2,-4044.04,ETOPO_2022_v1_15s_bed_elev
-48.6,20.2,-3987.72,ETOPO_2022_v1_15s_bed_elev
-48.5,20.2,-4168.38,ETOPO_2022_v1_15s_bed_elev
-48.4,20.2,-4141.58,ETOPO_2022_v1_15s_bed_elev
-48.3,20.2,-4121.32,ETOPO_2022_v1_15s_bed_elev
-48.2,20.2,-3916.94,ETOPO_2022_v1_15s_bed_elev
-48.1,20.2,-3894.97,ETOPO_2022_v1_15s_bed_elev
-48.0,20.2,-4041.07,ETOPO_2022_v1_15s_bed_elev
-47.9,20.2,-3922.55,ETOPO_2022_v1_15s_bed_elev
-47.8,20.2,-3859.19,ETOPO_2022_v1_15s_bed_elev
-47.7,20.2,-3965.91,ETOPO_2022_v1_15s_bed_elev
-47.6,20.2,-3795.12,ETOPO_2022_v1_15s_bed_elev
-47.5,20.2,-3675.52,ETOPO_2022_v1_15s_bed_elev
-47.4,20.2,-3588.7,ETOPO_2022_v1_15s_bed_elev
-47.3,20.2,-3657.77,ETOPO_2022_v1_15s_bed_elev
-47.2,20.2,-3544.86,ETOPO_2022_v1_15s_bed_elev
-47.1,20.2,-3644.7,ETOPO_2022_v1_15s_bed_elev
-47.0,20.2,-3506.39,ETOPO_2022_v1_15s_bed_elev
-46.9,20.2,-3261.58,ETOPO_2022_v1_15s_bed_elev
-46.8,20.2,-3351.08,ETOPO_2022_v1_15s_bed_elev
-46.7,20.2,-3544.19,ETOPO_2022_v1_15s_bed_elev
-46.6,20.2,-3638.17,ETOPO_2022_v1_15s_bed_elev
-46.5,20.2,-3860.56,ETOPO_2022_v1_15s_bed_elev
-46.4,20.2,-3736.34,ETOPO_2022_v1_15s_bed_elev
-46.3,20.2,-3458.7,ETOPO_2022_v1_15s_bed_elev
-46.2,20.2,-3253.31,ETOPO_2022_v1_15s_bed_elev
-46.1,20.2,-3011.68,ETOPO_2022_v1_15s_bed_elev
-46.0,20.2,-3019.56,ETOPO_2022_v1_15s_bed_elev
-45.9,20.2,-2604.75,ETOPO_2022_v1_15s_bed_elev
-45.8,20.2,-2516.67,ETOPO_2022_v1_15s_bed_elev
-45.7,20.2,-3484.73,ETOPO_2022_v1_15s_bed_elev
-45.6,20.2,-3104.02,ETOPO_2022_v1_15s_bed_elev
-45.5,20.2,-2620.16,ETOPO_2022_v1_15s_bed_elev
-45.4,20.2,-2830.06,ETOPO_2022_v1_15s_bed_elev
-45.3,20.2,-2749.09,ETOPO_2022_v1_15s_bed_elev
-45.2,20.2,-2904.85,ETOPO_2022_v1_15s_bed_elev
-45.1,20.2,-3182.24,ETOPO_2022_v1_15s_bed_elev
-45.0,20.2,-3395.42,ETOPO_2022_v1_15s_bed_elev
-44.9,20.2,-3735.72,ETOPO_2022_v1_15s_bed_elev
-44.8,20.2,-3756.74,ETOPO_2022_v1_15s_bed_elev
-44.7,20.2,-3947.39,ETOPO_2022_v1_15s_bed_elev
-44.6,20.2,-3907.97,ETOPO_2022_v1_15s_bed_elev
-44.5,20.2,-3851.35,ETOPO_2022_v1_15s_bed_elev
-44.4,20.2,-3927.12,ETOPO_2022_v1_15s_bed_elev
-44.3,20.2,-4047.34,ETOPO_2022_v1_15s_bed_elev
-44.2,20.2,-4099.57,ETOPO_2022_v1_15s_bed_elev
-44.1,20.2,-3940.81,ETOPO_2022_v1_15s_bed_elev
-44.0,20.2,-3931.8,ETOPO_2022_v1_15s_bed_elev
-43.9,20.2,-3784.6,ETOPO_2022_v1_15s_bed_elev
-43.8,20.2,-3876.29,ETOPO_2022_v1_15s_bed_elev
-43.7,20.2,-4194.51,ETOPO_2022_v1_15s_bed_elev
-43.6,20.2,-4359.18,ETOPO_2022_v1_15s_bed_elev
-43.5,20.2,-4492.37,ETOPO_2022_v1_15s_bed_elev
-43.4,20.2,-4383.67,ETOPO_2022_v1_15s_bed_elev
-43.3,20.2,-4387.24,ETOPO_2022_v1_15s_bed_elev
-43.2,20.2,-4565.45,ETOPO_2022_v1_15s_bed_elev
-43.1,20.2,-4578.75,ETOPO_2022_v1_15s_bed_elev
-43.0,20.2,-4508.42,ETOPO_2022_v1_15s_bed_elev
-42.9,20.2,-4571.15,ETOPO_2022_v1_15s_bed_elev
-42.8,20.2,-4538.98,ETOPO_2022_v1_15s_bed_elev
-42.7,20.2,-4504.53,ETOPO_2022_v1_15s_bed_elev
-42.6,20.2,-4326.84,ETOPO_2022_v1_15s_bed_elev
-42.5,20.2,-4411.79,ETOPO_2022_v1_15s_bed_elev
-42.4,20.2,-4560.22,ETOPO_2022_v1_15s_bed_elev
-42.3,20.2,-4517.12,ETOPO_2022_v1_15s_bed_elev
-42.2,20.2,-4303.22,ETOPO_2022_v1_15s_bed_elev
-42.1,20.2,-4208.54,ETOPO_2022_v1_15s_bed_elev
-42.0,20.2,-4395.71,ETOPO_2022_v1_15s_bed_elev
-41.9,20.2,-4720.54,ETOPO_2022_v1_15s_bed_elev
-41.8,20.2,-4534.77,ETOPO_2022_v1_15s_bed_elev
-41.7,20.2,-4613.99,ETOPO_2022_v1_15s_bed_elev
-41.6,20.2,-4837.81,ETOPO_2022_v1_15s_bed_elev
-41.5,20.2,-4904.79,ETOPO_2022_v1_15s_bed_elev
-41.4,20.2,-4959.29,ETOPO_2022_v1_15s_bed_elev
-41.3,20.2,-4841.38,ETOPO_2022_v1_15s_bed_elev
-41.2,20.2,-4781.12,ETOPO_2022_v1_15s_bed_elev
-41.1,20.2,-4734.87,ETOPO_2022_v1_15s_bed_elev
-41.0,20.2,-4679.17,ETOPO_2022_v1_15s_bed_elev
-40.9,20.2,-4616.27,ETOPO_2022_v1_15s_bed_elev
-40.8,20.2,-4711.17,ETOPO_2022_v1_15s_bed_elev
-40.7,20.2,-4981.4,ETOPO_2022_v1_15s_bed_elev
-40.6,20.2,-4839.41,ETOPO_2022_v1_15s_bed_elev
-40.5,20.2,-4847.76,ETOPO_2022_v1_15s_bed_elev
-40.4,20.2,-4878.95,ETOPO_2022_v1_15s_bed_elev
-40.3,20.2,-4756.74,ETOPO_2022_v1_15s_bed_elev
-40.2,20.2,-5035.13,ETOPO_2022_v1_15s_bed_elev
-40.1,20.2,-5157.87,ETOPO_2022_v1_15s_bed_elev
-40.0,20.2,-5330.82,ETOPO_2022_v1_15s_bed_elev
-39.9,20.2,-5487.18,ETOPO_2022_v1_15s_bed_elev
-39.8,20.2,-5237.23,ETOPO_2022_v1_15s_bed_elev
-39.7,20.2,-5430.25,ETOPO_2022_v1_15s_bed_elev
-39.6,20.2,-5384.82,ETOPO_2022_v1_15s_bed_elev
-39.5,20.2,-5320.05,ETOPO_2022_v1_15s_bed_elev
-39.4,20.2,-5504.69,ETOPO_2022_v1_15s_bed_elev
-39.3,20.2,-5635.38,ETOPO_2022_v1_15s_bed_elev
-39.2,20.2,-5683.0,ETOPO_2022_v1_15s_bed_elev
-39.1,20.2,-4859.19,ETOPO_2022_v1_15s_bed_elev
-39.0,20.2,-5579.95,ETOPO_2022_v1_15s_bed_elev
-38.9,20.2,-5433.73,ETOPO_2022_v1_15s_bed_elev
-38.8,20.2,-5716.45,ETOPO_2022_v1_15s_bed_elev
-38.7,20.2,-5860.7,ETOPO_2022_v1_15s_bed_elev
-38.6,20.2,-5460.93,ETOPO_2022_v1_15s_bed_elev
-38.5,20.2,-5596.49,ETOPO_2022_v1_15s_bed_elev
-38.4,20.2,-5357.45,ETOPO_2022_v1_15s_bed_elev
-38.3,20.2,-5393.24,ETOPO_2022_v1_15s_bed_elev
-38.2,20.2,-5801.65,ETOPO_2022_v1_15s_bed_elev
-38.1,20.2,-5951.61,ETOPO_2022_v1_15s_bed_elev
-38.0,20.2,-5887.24,ETOPO_2022_v1_15s_bed_elev
-37.9,20.2,-5767.76,ETOPO_2022_v1_15s_bed_elev
-37.8,20.2,-5228.05,ETOPO_2022_v1_15s_bed_elev
-37.7,20.2,-5419.57,ETOPO_2022_v1_15s_bed_elev
-37.6,20.2,-5235.69,ETOPO_2022_v1_15s_bed_elev
-37.5,20.2,-5328.19,ETOPO_2022_v1_15s_bed_elev
-37.4,20.2,-5460.81,ETOPO_2022_v1_15s_bed_elev
-37.3,20.2,-5493.19,ETOPO_2022_v1_15s_bed_elev
-37.2,20.2,-5742.92,ETOPO_2022_v1_15s_bed_elev
-37.1,20.2,-5415.04,ETOPO_2022_v1_15s_bed_elev
-37.0,20.2,-5314.11,ETOPO_2022_v1_15s_bed_elev
-36.9,20.2,-5230.95,ETOPO_2022_v1_15s_bed_elev
-36.8,20.2,-5151.08,ETOPO_2022_v1_15s_bed_elev
-36.7,20.2,-5384.28,ETOPO_2022_v1_15s_bed_elev
-36.6,20.2,-5433.94,ETOPO_2022_v1_15s_bed_elev
-36.5,20.2,-5883.03,ETOPO_2022_v1_15s_bed_elev
-36.4,20.2,-5634.16,ETOPO_2022_v1_15s_bed_elev
-36.3,20.2,-5169.4,ETOPO_2022_v1_15s_bed_elev
-36.2,20.2,-5402.48,ETOPO_2022_v1_15s_bed_elev
-36.1,20.2,-5365.82,ETOPO_2022_v1_15s_bed_elev
-36.0,20.2,-5249.93,ETOPO_2022_v1_15s_bed_elev
-35.9,20.2,-5344.29,ETOPO_2022_v1_15s_bed_elev
-35.8,20.2,-5513.38,ETOPO_2022_v1_15s_bed_elev
-35.7,20.2,-5555.06,ETOPO_2022_v1_15s_bed_elev
-35.6,20.2,-5289.69,ETOPO_2022_v1_15s_bed_elev
-35.5,20.2,-5110.1,ETOPO_2022_v1_15s_bed_elev
-35.4,20.2,-5521.81,ETOPO_2022_v1_15s_bed_elev
-35.3,20.2,-5940.07,ETOPO_2022_v1_15s_bed_elev
-35.2,20.2,-5625.52,ETOPO_2022_v1_15s_bed_elev
-35.1,20.2,-5590.12,ETOPO_2022_v1_15s_bed_elev
-35.0,20.2,-5416.0,ETOPO_2022_v1_15s_bed_elev
-51.0,20.3,-4186.06,ETOPO_2022_v1_15s_bed_elev
-50.9,20.3,-4312.64,ETOPO_2022_v1_15s_bed_elev
-50.8,20.3,-4657.61,ETOPO_2022_v1_15s_bed_elev
-50.7,20.3,-4531.53,ETOPO_2022_v1_15s_bed_elev
-50.6,20.3,-4661.87,ETOPO_2022_v1_15s_bed_elev
-50.5,20.3,-4759.69,ETOPO_2022_v1_15s_bed_elev
-50.4,20.3,-4713.64,ETOPO_2022_v1_15s_bed_elev
-50.3,20.3,-4640.17,ETOPO_2022_v1_15s_bed_elev
-50.2,20.3,-4587.04,ETOPO_2022_v1_15s_bed_elev
-50.1,20.3,-4409.04,ETOPO_2022_v1_15s_bed_elev
-50.0,20.3,-4491.62,ETOPO_2022_v1_15s_bed_elev
-49.9,20.3,-4371.21,ETOPO_2022_v1_15s_bed_elev
-49.8,20.3,-4565.14,ETOPO_2022_v1_15s_bed_elev
-49.7,20.3,-4576.8,ETOPO_2022_v1_15s_bed_elev
-49.6,20.3,-4477.99,ETOPO_2022_v1_15s_bed_elev
-49.5,20.3,-4680.34,ETOPO_2022_v1_15s_bed_elev
-49.4,20.3,-4444.88,ETOPO_2022_v1_15s_bed_elev
-49.3,20.3,-4428.22,ETOPO_2022_v1_15s_bed_elev
-49.2,20.3,-4363.43,ETOPO_2022_v1_15s_bed_elev
-49.1,20.3,-4257.59,ETOPO_2022_v1_15s_bed_elev
-49.0,20.3,-4328.63,ETOPO_2022_v1_15s_bed_elev
-48.9,20.3,-4213.45,ETOPO_2022_v1_15s_bed_elev
-48.8,20.3,-4304.63,ETOPO_2022_v1_15s_bed_elev
-48.7,20.3,-4183.84,ETOPO_2022_v1_15s_bed_elev
-48.6,20.3,-3842.85,ETOPO_2022_v1_15s_bed_elev
-48.5,20.3,-4001.36,ETOPO_2022_v1_15s_bed_elev
-48.4,20.3,-4079.86,ETOPO_2022_v1_15s_bed_elev
-48.3,20.3,-3823.66,ETOPO_2022_v1_15s_bed_elev
-48.2,20.3,-3844.83,ETOPO_2022_v1_15s_bed_elev
-48.1,20.3,-3776.15,ETOPO_2022_v1_15s_bed_elev
-48.0,20.3,-3818.32,ETOPO_2022_v1_15s_bed_elev
-47.9,20.3,-3875.87,ETOPO_2022_v1_15s_bed_elev
-47.8,20.3,-3848.33,ETOPO_2022_v1_15s_bed_elev
-47.7,20.3,-3868.94,ETOPO_2022_v1_15s_bed_elev
-47.6,20.3,-3794.3,ETOPO_2022_v1_15s_bed_elev
-47.5,20.3,-3616.69,ETOPO_2022_v1_15s_bed_elev
-47.4,20.3,-3485.59,ETOPO_2022_v1_15s_bed_elev
-47.3,20.3,-3659.25,ETOPO_2022_v1_15s_bed_elev
-47.2,20.3,-3575.67,ETOPO_2022_v1_15s_bed_elev
-47.1,20.3,-3689.24,ETOPO_2022_v1_15s_bed_elev
-47.0,20.3,-3452.16,ETOPO_2022_v1_15s_bed_elev
-46.9,20.3,-3473.37,ETOPO_2022_v1_15s_bed_elev
-46.8,20.3,-3526.66,ETOPO_2022_v1_15s_bed_elev
-46.7,20.3,-3713.01,ETOPO_2022_v1_15s_bed_elev
-46.6,20.3,-3693.95,ETOPO_2022_v1_15s_bed_elev
-46.5,20.3,-4067.44,ETOPO_2022_v1_15s_bed_elev
-46.4,20.3,-3572.54,ETOPO_2022_v1_15s_bed_elev
-46.3,20.3,-3364.83,ETOPO_2022_v1_15s_bed_elev
-46.2,20.3,-3216.01,ETOPO_2022_v1_15s_bed_elev
-46.1,20.3,-2834.33,ETOPO_2022_v1_15s_bed_elev
-46.0,20.3,-2788.74,ETOPO_2022_v1_15s_bed_elev
-45.9,20.3,-2686.76,ETOPO_2022_v1_15s_bed_elev
-45.8,20.3,-2726.63,ETOPO_2022_v1_15s_bed_elev
-45.7,20.3,-3311.0,ETOPO_2022_v1_15s_bed_elev
-45.6,20.3,-3406.74,ETOPO_2022_v1_15s_bed_elev
-45.5,20.3,-3076.27,ETOPO_2022_v1_15s_bed_elev
-45.4,20.3,-2835.5,ETOPO_2022_v1_15s_bed_elev
-45.3,20.3,-2839.86,ETOPO_2022_v1_15s_bed_elev
-45.2,20.3,-2838.79,ETOPO_2022_v1_15s_bed_elev
-45.1,20.3,-2851.38,ETOPO_2022_v1_15s_bed_elev
-45.0,20.3,-2975.31,ETOPO_2022_v1_15s_bed_elev
-44.9,20.3,-2787.39,ETOPO_2022_v1_15s_bed_elev
-44.8,20.3,-3252.99,ETOPO_2022_v1_15s_bed_elev
-44.7,20.3,-3438.48,ETOPO_2022_v1_15s_bed_elev
-44.6,20.3,-3520.98,ETOPO_2022_v1_15s_bed_elev
-44.5,20.3,-3482.65,ETOPO_2022_v1_15s_bed_elev
-44.4,20.3,-3592.86,ETOPO_2022_v1_15s_bed_elev
-44.3,20.3,-3968.32,ETOPO_2022_v1_15s_bed_elev
-44.2,20.3,-4124.27,ETOPO_2022_v1_15s_bed_elev
-44.1,20.3,-4203.56,ETOPO_2022_v1_15s_bed_elev
-44.0,20.3,-4241.43,ETOPO_2022_v1_15s_bed_elev
-43.9,20.3,-4115.0,ETOPO_2022_v1_15s_bed_elev
-43.8,20.3,-4381.54,ETOPO_2022_v1_15s_bed_elev
-43.7,20.3,-4516.99,ETOPO_2022_v1_15s_bed_elev
-43.6,20.3,-4700.35,ETOPO_2022_v1_15s_bed_elev
-43.5,20.3,-4773.38,ETOPO_2022_v1_15s_bed_elev
-43.4,20.3,-4455.02,ETOPO_2022_v1_15s_bed_elev
-43.3,20.3,-3983.4,ETOPO_2022_v1_15s_bed_elev
-43.2,20.3,-4102.38,ETOPO_2022_v1_15s_bed_elev
-43.1,20.3,-4057.55,ETOPO_2022_v1_15s_bed_elev
-43.0,20.3,-4139.48,ETOPO_2022_v1_15s_bed_elev
-42.9,20.3,-4282.0,ETOPO_2022_v1_15s_bed_elev
-42.8,20.3,-4285.31,ETOPO_2022_v1_15s_bed_elev
-42.7,20.3,-4404.17,ETOPO_2022_v1_15s_bed_elev
-42.6,20.3,-4346.44,ETOPO_2022_v1_15s_bed_elev
-42.5,20.3,-4317.71,ETOPO_2022_v1_15s_bed_elev
-42.4,20.3,-4562.54,ETOPO_2022_v1_15s_bed_elev
-42.3,20.3,-4971.77,ETOPO_2022_v1_15s_bed_elev
-42.2,20.3,-4838.27,ETOPO_2022_v1_15s_bed_elev
-42.1,20.3,-4470.8,ETOPO_2022_v1_15s_bed_elev
-42.0,20.3,-4692.67,ETOPO_2022_v1_15s_bed_elev
-41.9,20.3,-4924.17,ETOPO_2022_v1_15s_bed_elev
-41.8,20.3,-4742.62,ETOPO_2022_v1_15s_bed_elev
-41.7,20.3,-4425.47,ETOPO_2022_v1_15s_bed_elev
-41.6,20.3,-4700.38,ETOPO_2022_v1_15s_bed_elev
-41.5,20.3,-4856.24,ETOPO_2022_v1_15s_bed_elev
-41.4,20.3,-4704.57,ETOPO_2022_v1_15s_bed_elev
-41.3,20.3,-4642.88,ETOPO_2022_v1_15s_bed_elev
-41.2,20.3,-4641.15,ETOPO_2022_v1_15s_bed_elev
-41.1,20.3,-4782.65,ETOPO_2022_v1_15s_bed_elev
-41.0,20.3,-4697.81,ETOPO_2022_v1_15s_bed_elev
-40.9,20.3,-4768.56,ETOPO_2022_v1_15s_bed_elev
-40.8,20.3,-4718.15,ETOPO_2022_v1_15s_bed_elev
-40.7,20.3,-4912.39,ETOPO_2022_v1_15s_bed_elev
-40.6,20.3,-4658.6,ETOPO_2022_v1_15s_bed_elev
-40.5,20.3,-4950.29,ETOPO_2022_v1_15s_bed_elev
-40.4,20.3,-5080.63,ETOPO_2022_v1_15s_bed_elev
-40.3,20.3,-4803.56,ETOPO_2022_v1_15s_bed_elev
-40.2,20.3,-5259.02,ETOPO_2022_v1_15s_bed_elev
-40.1,20.3,-5336.03,ETOPO_2022_v1_15s_bed_elev
-40.0,20.3,-5380.75,ETOPO_2022_v1_15s_bed_elev
-39.9,20.3,-5542.98,ETOPO_2022_v1_15s_bed_elev
-39.8,20.3,-5072.83,ETOPO_2022_v1_15s_bed_elev
-39.7,20.3,-5089.2,ETOPO_2022_v1_15s_bed_elev
-39.6,20.3,-5293.83,ETOPO_2022_v1_15s_bed_elev
-39.5,20.3,-5265.9,ETOPO_2022_v1_15s_bed_elev
-39.4,20.3,-5339.19,ETOPO_2022_v1_15s_bed_elev
-39.3,20.3,-5623.28,ETOPO_2022_v1_15s_bed_elev
-39.2,20.3,-5413.67,ETOPO_2022_v1_15s_bed_elev
-39.1,20.3,-4981.51,ETOPO_2022_v1_15s_bed_elev
-39.0,20.3,-5736.23,ETOPO_2022_v1_15s_bed_elev
-38.9,20.3,-5838.29,ETOPO_2022_v1_15s_bed_elev
-38.8,20.3,-5753.54,ETOPO_2022_v1_15s_bed_elev
-38.7,20.3,-5878.89,ETOPO_2022_v1_15s_bed_elev
-38.6,20.3,-5685.21,ETOPO_2022_v1_15s_bed_elev
-38.5,20.3,-5059.17,ETOPO_2022_v1_15s_bed_elev
-38.4,20.3,-5036.42,ETOPO_2022_v1_15s_bed_elev
-38.3,20.3,-5135.85,ETOPO_2022_v1_15s_bed_elev
-38.2,20.3,-5305.08,ETOPO_2022_v1_15s_bed_elev
-38.1,20.3,-5479.06,ETOPO_2022_v1_15s_bed_elev
-38.0,20.3,-5937.97,ETOPO_2022_v1_15s_bed_elev
-37.9,20.3,-5894.5,ETOPO_2022_v1_15s_bed_elev
-37.8,20.3,-5728.42,ETOPO_2022_v1_15s_bed_elev
-37.7,20.3,-5844.92,ETOPO_2022_v1_15s_bed_elev
-37.6,20.3,-5114.1,ETOPO_2022_v1_15s_bed_elev
-37.5,20.3,-5093.27,ETOPO_2022_v1_15s_bed_elev
-37.4,20.3,-5228.52,ETOPO_2022_v1_15s_bed_elev
-37.3,20.3,-5364.81,ETOPO_2022_v1_15s_bed_elev
-37.2,20.3,-5534.82,ETOPO_2022_v1_15s_bed_elev
-37.1,20.3,-5164.58,ETOPO_2022_v1_15s_bed_elev
-37.0,20.3,-5241.43,ETOPO_2022_v1_15s_bed_elev
-36.9,20.3,-6029.29,ETOPO_2022_v1_15s_bed_elev
-36.8,20.3,-5784.02,ETOPO_2022_v1_15s_bed_elev
-36.7,20.3,-5590.94,ETOPO_2022_v1_15s_bed_elev
-36.6,20.3,-5383.68,ETOPO_2022_v1_15s_bed_elev
-36.5,20.3,-5560.54,ETOPO_2022_v1_15s_bed_elev
-36.4,20.3,-5764.27,ETOPO_2022_v1_15s_bed_elev
-36.3,20.3,-5437.08,ETOPO_2022_v1_15s_bed_elev
-36.2,20.3,-5489.92,ETOPO_2022_v1_15s_bed_elev
-36.1,20.3,-5796.81,ETOPO_2022_v1_15s_bed_elev
-36.0,20.3,-6086.28,ETOPO_2022_v1_15s_bed_elev
-35.9,20.3,-5976.39,ETOPO_2022_v1_15s_bed_elev
-35.8,20.3,-5972.97,ETOPO_2022_v1_15s_bed_elev
-35.7,20.3,-5907.16,ETOPO_2022_v1_15s_bed_elev
-35.6,20.3,-5517.38,ETOPO_2022_v1_15s_bed_elev
-35.5,20.3,-5509.41,ETOPO_2022_v1_15s_bed_elev
-35.4,20.3,-5206.12,ETOPO_2022_v1_15s_bed_elev
-35.3,20.3,-5865.46,ETOPO_2022_v1_15s_bed_elev
-35.2,20.3,-5487.3,ETOPO_2022_v1_15s_bed_elev
-35.1,20.3,-5683.64,ETOPO_2022_v1_15s_bed_elev
-35.0,20.3,-5291.3,ETOPO_2022_v1_15s_bed_elev
-51.0,20.4,-4811.49,ETOPO_2022_v1_15s_bed_elev
-50.9,20.4,-4761.21,ETOPO_2022_v1_15s_bed_elev
-50.8,20.4,-4724.07,ETOPO_2022_v1_15s_bed_elev
-50.7,20.4,-4637.22,ETOPO_2022_v1_15s_bed_elev
-50.6,20.4,-4765.99,ETOPO_2022_v1_15s_bed_elev
-50.5,20.4,-4782.9,ETOPO_2022_v1_15s_bed_elev
-50.4,20.4,-4580.19,ETOPO_2022_v1_15s_bed_elev
-50.3,20.4,-4431.92,ETOPO_2022_v1_15s_bed_elev
-50.2,20.4,-4513.87,ETOPO_2022_v1_15s_bed_elev
-50.1,20.4,-4578.46,ETOPO_2022_v1_15s_bed_elev
-50.0,20.4,-4392.16,ETOPO_2022_v1_15s_bed_elev
-49.9,20.4,-4483.72,ETOPO_2022_v1_15s_bed_elev
-49.8,20.4,-4667.58,ETOPO_2022_v1_15s_bed_elev
-49.7,20.4,-4870.99,ETOPO_2022_v1_15s_bed_elev
-49.6,20.4,-4719.32,ETOPO_2022_v1_15s_bed_elev
-49.5,20.4,-4724.14,ETOPO_2022_v1_15s_bed_elev
-49.4,20.4,-4414.29,ETOPO_2022_v1_15s_bed_elev
-49.3,20.4,-4616.61,ETOPO_2022_v1_15s_bed_elev
-49.2,20.4,-4392.35,ETOPO_2022_v1_15s_bed_elev
-49.1,20.4,-4079.84,ETOPO_2022_v1_15s_bed_elev
-49.0,20.4,-4146.0,ETOPO_2022_v1_15s_bed_elev
-48.9,20.4,-4340.68,ETOPO_2022_v1_15s_bed_elev
-48.8,20.4,-4147.19,ETOPO_2022_v1_15s_bed_elev
-48.7,20.4,-4050.21,ETOPO_2022_v1_15s_bed_elev
-48.6,20.4,-3904.05,ETOPO_2022_v1_15s_bed_elev
-48.5,20.4,-3964.9,ETOPO_2022_v1_15s_bed_elev
-48.4,20.4,-4085.55,ETOPO_2022_v1_15s_bed_elev
-48.3,20.4,-4037.79,ETOPO_2022_v1_15s_bed_elev
-48.2,20.4,-4111.62,ETOPO_2022_v1_15s_bed_elev
-48.1,20.4,-4056.79,ETOPO_2022_v1_15s_bed_elev
-48.0,20.4,-3912.66,ETOPO_2022_v1_15s_bed_elev
-47.9,20.4,-3970.75,ETOPO_2022_v1_15s_bed_elev
-47.8,20.4,-4022.87,ETOPO_2022_v1_15s_bed_elev
-47.7,20.4,-4106.95,ETOPO_2022_v1_15s_bed_elev
-47.6,20.4,-4002.75,ETOPO_2022_v1_15s_bed_elev
-47.5,20.4,-3794.44,ETOPO_2022_v1_15s_bed_elev
-47.4,20.4,-3827.8,ETOPO_2022_v1_15s_bed_elev
-47.3,20.4,-3748.52,ETOPO_2022_v1_15s_bed_elev
-47.2,20.4,-3613.09,ETOPO_2022_v1_15s_bed_elev
-47.1,20.4,-3775.51,ETOPO_2022_v1_15s_bed_elev
-47.0,20.4,-3762.54,ETOPO_2022_v1_15s_bed_elev
-46.9,20.4,-3924.45,ETOPO_2022_v1_15s_bed_elev
-46.8,20.4,-4126.08,ETOPO_2022_v1_15s_bed_elev
-46.7,20.4,-4175.08,ETOPO_2022_v1_15s_bed_elev
-46.6,20.4,-3960.43,ETOPO_2022_v1_15s_bed_elev
-46.5,20.4,-3925.6,ETOPO_2022_v1_15s_bed_elev
-46.4,20.4,-3610.17,ETOPO_2022_v1_15s_bed_elev
-46.3,20.4,-3134.8,ETOPO_2022_v1_15s_bed_elev
-46.2,20.4,-3127.11,ETOPO_2022_v1_15s_bed_elev
-46.1,20.4,-2754.42,ETOPO_2022_v1_15s_bed_elev
-46.0,20.4,-2538.86,ETOPO_2022_v1_15s_bed_elev
-45.9,20.4,-2647.3,ETOPO_2022_v1_15s_bed_elev
-45.8,20.4,-3062.77,ETOPO_2022_v1_15s_bed_elev
-45.7,20.4,-3355.39,ETOPO_2022_v1_15s_bed_elev
-45.6,20.4,-3247.89,ETOPO_2022_v1_15s_bed_elev
-45.5,20.4,-3328.31,ETOPO_2022_v1_15s_bed_elev
-45.4,20.4,-3103.92,ETOPO_2022_v1_15s_bed_elev
-45.3,20.4,-3150.6,ETOPO_2022_v1_15s_bed_elev
-45.2,20.4,-3231.42,ETOPO_2022_v1_15s_bed_elev
-45.1,20.4,-3190.63,ETOPO_2022_v1_15s_bed_elev
-45.0,20.4,-3289.79,ETOPO_2022_v1_15s_bed_elev
-44.9,20.4,-3047.22,ETOPO_2022_v1_15s_bed_elev
-44.8,20.4,-3186.0,ETOPO_2022_v1_15s_bed_elev
-44.7,20.4,-3447.29,ETOPO_2022_v1_15s_bed_elev
-44.6,20.4,-3681.08,ETOPO_2022_v1_15s_bed_elev
-44.5,20.4,-3655.47,ETOPO_2022_v1_15s_bed_elev
-44.4,20.4,-3807.78,ETOPO_2022_v1_15s_bed_elev
-44.3,20.4,-4162.84,ETOPO_2022_v1_15s_bed_elev
-44.2,20.4,-4236.84,ETOPO_2022_v1_15s_bed_elev
-44.1,20.4,-4383.91,ETOPO_2022_v1_15s_bed_elev
-44.0,20.4,-4434.31,ETOPO_2022_v1_15s_bed_elev
-43.9,20.4,-4077.17,ETOPO_2022_v1_15s_bed_elev
-43.8,20.4,-4247.13,ETOPO_2022_v1_15s_bed_elev
-43.7,20.4,-4214.12,ETOPO_2022_v1_15s_bed_elev
-43.6,20.4,-4132.17,ETOPO_2022_v1_15s_bed_elev
-43.5,20.4,-4158.76,ETOPO_2022_v1_15s_bed_elev
-43.4,20.4,-4026.9,ETOPO_2022_v1_15s_bed_elev
-43.3,20.4,-4110.98,ETOPO_2022_v1_15s_bed_elev
-43.2,20.4,-4080.72,ETOPO_2022_v1_15s_bed_elev
-43.1,20.4,-4071.19,ETOPO_2022_v1_15s_bed_elev
-43.0,20.4,-4199.3,ETOPO_2022_v1_15s_bed_elev
-42.9,20.4,-4364.26,ETOPO_2022_v1_15s_bed_elev
-42.8,20.4,-4447.4,ETOPO_2022_v1_15s_bed_elev
-42.7,20.4,-4519.41,ETOPO_2022_v1_15s_bed_elev
-42.6,20.4,-4598.77,ETOPO_2022_v1_15s_bed_elev
-42.5,20.4,-4958.34,ETOPO_2022_v1_15s_bed_elev
-42.4,20.4,-4592.29,ETOPO_2022_v1_15s_bed_elev
-42.3,20.4,-4821.31,ETOPO_2022_v1_15s_bed_elev
-42.2,20.4,-4698.06,ETOPO_2022_v1_15s_bed_elev
-42.1,20.4,-4571.3,ETOPO_2022_v1_15s_bed_elev
-42.0,20.4,-4481.44,ETOPO_2022_v1_15s_bed_elev
-41.9,20.4,-4682.96,ETOPO_2022_v1_15s_bed_elev
-41.8,20.4,-4943.23,ETOPO_2022_v1_15s_bed_elev
-41.7,20.4,-4588.92,ETOPO_2022_v1_15s_bed_elev
-41.6,20.4,-4602.82,ETOPO_2022_v1_15s_bed_elev
-41.5,20.4,-4776.63,ETOPO_2022_v1_15s_bed_elev
-41.4,20.4,-4600.88,ETOPO_2022_v1_15s_bed_elev
-41.3,20.4,-4666.19,ETOPO_2022_v1_15s_bed_elev
-41.2,20.4,-4925.01,ETOPO_2022_v1_15s_bed_elev
-41.1,20.4,-5138.22,ETOPO_2022_v1_15s_bed_elev
-41.0,20.4,-5352.89,ETOPO_2022_v1_15s_bed_elev
-40.9,20.4,-5320.19,ETOPO_2022_v1_15s_bed_elev
-40.8,20.4,-5285.23,ETOPO_2022_v1_15s_bed_elev
-40.7,20.4,-5318.72,ETOPO_2022_v1_15s_bed_elev
-40.6,20.4,-5104.91,ETOPO_2022_v1_15s_bed_elev
-40.5,20.4,-5220.31,ETOPO_2022_v1_15s_bed_elev
-40.4,20.4,-5499.96,ETOPO_2022_v1_15s_bed_elev
-40.3,20.4,-5215.53,ETOPO_2022_v1_15s_bed_elev
-40.2,20.4,-5205.43,ETOPO_2022_v1_15s_bed_elev
-40.1,20.4,-5537.47,ETOPO_2022_v1_15s_bed_elev
-40.0,20.4,-5539.63,ETOPO_2022_v1_15s_bed_elev
-39.9,20.4,-5330.57,ETOPO_2022_v1_15s_bed_elev
-39.8,20.4,-5159.3,ETOPO_2022_v1_15s_bed_elev
-39.7,20.4,-5236.57,ETOPO_2022_v1_15s_bed_elev
-39.6,20.4,-5182.35,ETOPO_2022_v1_15s_bed_elev
-39.5,20.4,-5094.72,ETOPO_2022_v1_15s_bed_elev
-39.4,20.4,-4980.0,ETOPO_2022_v1_15s_bed_elev
-39.3,20.4,-5431.4,ETOPO_2022_v1_15s_bed_elev
-39.2,20.4,-5160.98,ETOPO_2022_v1_15s_bed_elev
-39.1,20.4,-4962.03,ETOPO_2022_v1_15s_bed_elev
-39.0,20.4,-5494.04,ETOPO_2022_v1_15s_bed_elev
-38.9,20.4,-5272.15,ETOPO_2022_v1_15s_bed_elev
-38.8,20.4,-5627.42,ETOPO_2022_v1_15s_bed_elev
-38.7,20.4,-5795.95,ETOPO_2022_v1_15s_bed_elev
-38.6,20.4,-5540.73,ETOPO_2022_v1_15s_bed_elev
-38.5,20.4,-5358.73,ETOPO_2022_v1_15s_bed_elev
-38.4,20.4,-5612.29,ETOPO_2022_v1_15s_bed_elev
-38.3,20.4,-5816.07,ETOPO_2022_v1_15s_bed_elev
-38.2,20.4,-5655.5,ETOPO_2022_v1_15s_bed_elev
-38.1,20.4,-5276.31,ETOPO_2022_v1_15s_bed_elev
-38.0,20.4,-5294.51,ETOPO_2022_v1_15s_bed_elev
-37.9,20.4,-5287.08,ETOPO_2022_v1_15s_bed_elev
-37.8,20.4,-5460.12,ETOPO_2022_v1_15s_bed_elev
-37.7,20.4,-5613.22,ETOPO_2022_v1_15s_bed_elev
-37.6,20.4,-5671.65,ETOPO_2022_v1_15s_bed_elev
-37.5,20.4,-5189.86,ETOPO_2022_v1_15s_bed_elev
-37.4,20.4,-5746.3,ETOPO_2022_v1_15s_bed_elev
-37.3,20.4,-6166.2,ETOPO_2022_v1_15s_bed_elev
-37.2,20.4,-5969.79,ETOPO_2022_v1_15s_bed_elev
-37.1,20.4,-5495.29,ETOPO_2022_v1_15s_bed_elev
-37.0,20.4,-5613.96,ETOPO_2022_v1_15s_bed_elev
-36.9,20.4,-6003.6,ETOPO_2022_v1_15s_bed_elev
-36.8,20.4,-5881.33,ETOPO_2022_v1_15s_bed_elev
-36.7,20.4,-5518.08,ETOPO_2022_v1_15s_bed_elev
-36.6,20.4,-5168.66,ETOPO_2022_v1_15s_bed_elev
-36.5,20.4,-5589.96,ETOPO_2022_v1_15s_bed_elev
-36.4,20.4,-5587.72,ETOPO_2022_v1_15s_bed_elev
-36.3,20.4,-5704.86,ETOPO_2022_v1_15s_bed_elev
-36.2,20.4,-5722.31,ETOPO_2022_v1_15s_bed_elev
-36.1,20.4,-5606.45,ETOPO_2022_v1_15s_bed_elev
-36.0,20.4,-5607.18,ETOPO_2022_v1_15s_bed_elev
-35.9,20.4,-5490.94,ETOPO_2022_v1_15s_bed_elev
-35.8,20.4,-5576.69,ETOPO_2022_v1_15s_bed_elev
-35.7,20.4,-5799.1,ETOPO_2022_v1_15s_bed_elev
-35.6,20.4,-5678.19,ETOPO_2022_v1_15s_bed_elev
-35.5,20.4,-5983.77,ETOPO_2022_v1_15s_bed_elev
-35.4,20.4,-5795.07,ETOPO_2022_v1_15s_bed_elev
-35.3,20.4,-5398.17,ETOPO_2022_v1_15s_bed_elev
-35.2,20.4,-5354.73,ETOPO_2022_v1_15s_bed_elev
-35.1,20.4,-5855.43,ETOPO_2022_v1_15s_bed_elev
-35.0,20.4,-5746.86,ETOPO_2022_v1_15s_bed_elev
-51.0,20.5,-5232.71,ETOPO_2022_v1_15s_bed_elev
-50.9,20.5,-5046.11,ETOPO_2022_v1_15s_bed_elev
-50.8,20.5,-4780.4,ETOPO_2022_v1_15s_bed_elev
-50.7,20.5,-4792.78,ETOPO_2022_v1_15s_bed_elev
-50.6,20.5,-4765.59,ETOPO_2022_v1_15s_bed_elev
-50.5,20.5,-4663.67,ETOPO_2022_v1_15s_bed_elev
-50.4,20.5,-4461.6,ETOPO_2022_v1_15s_bed_elev
-50.3,20.5,-4399.81,ETOPO_2022_v1_15s_bed_elev
-50.2,20.5,-4549.72,ETOPO_2022_v1_15s_bed_elev
-50.1,20.5,-4805.51,ETOPO_2022_v1_15s_bed_elev
-50.0,20.5,-4574.95,ETOPO_2022_v1_15s_bed_elev
-49.9,20.5,-4658.69,ETOPO_2022_v1_15s_bed_elev
-49.8,20.5,-4675.65,ETOPO_2022_v1_15s_bed_elev
-49.7,20.5,-4694.31,ETOPO_2022_v1_15s_bed_elev
-49.6,20.5,-4630.26,ETOPO_2022_v1_15s_bed_elev
-49.5,20.5,-4794.28,ETOPO_2022_v1_15s_bed_elev
-49.4,20.5,-4444.4,ETOPO_2022_v1_15s_bed_elev
-49.3,20.5,-4419.85,ETOPO_2022_v1_15s_bed_elev
-49.2,20.5,-4197.96,ETOPO_2022_v1_15s_bed_elev
-49.1,20.5,-3829.46,ETOPO_2022_v1_15s_bed_elev
-49.0,20.5,-3978.34,ETOPO_2022_v1_15s_bed_elev
-48.9,20.5,-4340.78,ETOPO_2022_v1_15s_bed_elev
-48.8,20.5,-4012.25,ETOPO_2022_v1_15s_bed_elev
-48.7,20.5,-4028.27,ETOPO_2022_v1_15s_bed_elev
-48.6,20.5,-4043.38,ETOPO_2022_v1_15s_bed_elev
-48.5,20.5,-4106.81,ETOPO_2022_v1_15s_bed_elev
-48.4,20.5,-4050.51,ETOPO_2022_v1_15s_bed_elev
-48.3,20.5,-3893.28,ETOPO_2022_v1_15s_bed_elev
-48.2,20.5,-4124.25,ETOPO_2022_v1_15s_bed_elev
-48.1,20.5,-4121.88,ETOPO_2022_v1_15s_bed_elev
-48.0,20.5,-3951.0,ETOPO_2022_v1_15s_bed_elev
-47.9,20.5,-4027.12,ETOPO_2022_v1_15s_bed_elev
-47.8,20.5,-4048.53,ETOPO_2022_v1_15s_bed_elev
-47.7,20.5,-3952.36,ETOPO_2022_v1_15s_bed_elev
-47.6,20.5,-4097.34,ETOPO_2022_v1_15s_bed_elev
-47.5,20.5,-3954.71,ETOPO_2022_v1_15s_bed_elev
-47.4,20.5,-3838.43,ETOPO_2022_v1_15s_bed_elev
-47.3,20.5,-3932.09,ETOPO_2022_v1_15s_bed_elev
-47.2,20.5,-3823.02,ETOPO_2022_v1_15s_bed_elev
-47.1,20.5,-3977.85,ETOPO_2022_v1_15s_bed_elev
-47.0,20.5,-4086.69,ETOPO_2022_v1_15s_bed_elev
-46.9,20.5,-4256.81,ETOPO_2022_v1_15s_bed_elev
-46.8,20.5,-4316.95,ETOPO_2022_v1_15s_bed_elev
-46.7,20.5,-3904.9,ETOPO_2022_v1_15s_bed_elev
-46.6,20.5,-3899.83,ETOPO_2022_v1_15s_bed_elev
-46.5,20.5,-3406.85,ETOPO_2022_v1_15s_bed_elev
-46.4,20.5,-3359.19,ETOPO_2022_v1_15s_bed_elev
-46.3,20.5,-2826.73,ETOPO_2022_v1_15s_bed_elev
-46.2,20.5,-3033.66,ETOPO_2022_v1_15s_bed_elev
-46.1,20.5,-2644.52,ETOPO_2022_v1_15s_bed_elev
-46.0,20.5,-2371.57,ETOPO_2022_v1_15s_bed_elev
-45.9,20.5,-3117.85,ETOPO_2022_v1_15s_bed_elev
-45.8,20.5,-3375.41,ETOPO_2022_v1_15s_bed_elev
-45.7,20.5,-3204.47,ETOPO_2022_v1_15s_bed_elev
-45.6,20.5,-2794.16,ETOPO_2022_v1_15s_bed_elev
-45.5,20.5,-3487.13,ETOPO_2022_v1_15s_bed_elev
-45.4,20.5,-3607.89,ETOPO_2022_v1_15s_bed_elev
-45.3,20.5,-3706.68,ETOPO_2022_v1_15s_bed_elev
-45.2,20.5,-3769.66,ETOPO_2022_v1_15s_bed_elev
-45.1,20.5,-3708.33,ETOPO_2022_v1_15s_bed_elev
-45.0,20.5,-3778.18,ETOPO_2022_v1_15s_bed_elev
-44.9,20.5,-3652.69,ETOPO_2022_v1_15s_bed_elev
-44.8,20.5,-3505.0,ETOPO_2022_v1_15s_bed_elev
-44.7,20.5,-3859.63,ETOPO_2022_v1_15s_bed_elev
-44.6,20.5,-4148.01,ETOPO_2022_v1_15s_bed_elev
-44.5,20.5,-4264.62,ETOPO_2022_v1_15s_bed_elev
-44.4,20.5,-4280.6,ETOPO_2022_v1_15s_bed_elev
-44.3,20.5,-3874.62,ETOPO_2022_v1_15s_bed_elev
-44.2,20.5,-3768.57,ETOPO_2022_v1_15s_bed_elev
-44.1,20.5,-3766.07,ETOPO_2022_v1_15s_bed_elev
-44.0,20.5,-3911.77,ETOPO_2022_v1_15s_bed_elev
-43.9,20.5,-3583.74,ETOPO_2022_v1_15s_bed_elev
-43.8,20.5,-3722.96,ETOPO_2022_v1_15s_bed_elev
-43.7,20.5,-3786.76,ETOPO_2022_v1_15s_bed_elev
-43.6,20.5,-3616.42,ETOPO_2022_v1_15s_bed_elev
-43.5,20.5,-4000.22,ETOPO_2022_v1_15s_bed_elev
-43.4,20.5,-4300.01,ETOPO_2022_v1_15s_bed_elev
-43.3,20.5,-4146.66,ETOPO_2022_v1_15s_bed_elev
-43.2,20.5,-4079.16,ETOPO_2022_v1_15s_bed_elev
-43.1,20.5,-4108.67,ETOPO_2022_v1_15s_bed_elev
-43.0,20.5,-4042.47,ETOPO_2022_v1_15s_bed_elev
-42.9,20.5,-4406.34,ETOPO_2022_v1_15s_bed_elev
-42.8,20.5,-4517.02,ETOPO_2022_v1_15s_bed_elev
-42.7,20.5,-4303.26,ETOPO_2022_v1_15s_bed_elev
-42.6,20.5,-4338.86,ETOPO_2022_v1_15s_bed_elev
-42.5,20.5,-4902.57,ETOPO_2022_v1_15s_bed_elev
-42.4,20.5,-4804.5,ETOPO_2022_v1_15s_bed_elev
-42.3,20.5,-4298.54,ETOPO_2022_v1_15s_bed_elev
-42.2,20.5,-4008.15,ETOPO_2022_v1_15s_bed_elev
-42.1,20.5,-4121.17,ETOPO_2022_v1_15s_bed_elev
-42.0,20.5,-4203.18,ETOPO_2022_v1_15s_bed_elev
-41.9,20.5,-4972.53,ETOPO_2022_v1_15s_bed_elev
-41.8,20.5,-5246.6,ETOPO_2022_v1_15s_bed_elev
-41.7,20.5,-5059.33,ETOPO_2022_v1_15s_bed_elev
-41.6,20.5,-4951.56,ETOPO_2022_v1_15s_bed_elev
-41.5,20.5,-5294.74,ETOPO_2022_v1_15s_bed_elev
-41.4,20.5,-5085.82,ETOPO_2022_v1_15s_bed_elev
-41.3,20.5,-5058.1,ETOPO_2022_v1_15s_bed_elev
-41.2,20.5,-5261.16,ETOPO_2022_v1_15s_bed_elev
-41.1,20.5,-5346.9,ETOPO_2022_v1_15s_bed_elev
-41.0,20.5,-5158.03,ETOPO_2022_v1_15s_bed_elev
-40.9,20.5,-5091.42,ETOPO_2022_v1_15s_bed_elev
-40.8,20.5,-5059.26,ETOPO_2022_v1_15s_bed_elev
-40.7,20.5,-5141.31,ETOPO_2022_v1_15s_bed_elev
-40.6,20.5,-5123.07,ETOPO_2022_v1_15s_bed_elev
-40.5,20.5,-5224.3,ETOPO_2022_v1_15s_bed_elev
-40.4,20.5,-5273.45,ETOPO_2022_v1_15s_bed_elev
-40.3,20.5,-5238.3,ETOPO_2022_v1_15s_bed_elev
-40.2,20.5,-5329.56,ETOPO_2022_v1_15s_bed_elev
-40.1,20.5,-5321.69,ETOPO_2022_v1_15s_bed_elev
-40.0,20.5,-5384.64,ETOPO_2022_v1_15s_bed_elev
-39.9,20.5,-5247.21,ETOPO_2022_v1_15s_bed_elev
-39.8,20.5,-5242.49,ETOPO_2022_v1_15s_bed_elev
-39.7,20.5,-5291.08,ETOPO_2022_v1_15s_bed_elev
-39.6,20.5,-5169.31,ETOPO_2022_v1_15s_bed_elev
-39.5,20.5,-5234.73,ETOPO_2022_v1_15s_bed_elev
-39.4,20.5,-5012.57,ETOPO_2022_v1_15s_bed_elev
-39.3,20.5,-5360.86,ETOPO_2022_v1_15s_bed_elev
-39.2,20.5,-5219.66,ETOPO_2022_v1_15s_bed_elev
-39.1,20.5,-5394.7,ETOPO_2022_v1_15s_bed_elev
-39.0,20.5,-5471.76,ETOPO_2022_v1_15s_bed_elev
-38.9,20.5,-5077.46,ETOPO_2022_v1_15s_bed_elev
-38.8,20.5,-5472.83,ETOPO_2022_v1_15s_bed_elev
-38.7,20.5,-5824.18,ETOPO_2022_v1_15s_bed_elev
-38.6,20.5,-5433.69,ETOPO_2022_v1_15s_bed_elev
-38.5,20.5,-5466.78,ETOPO_2022_v1_15s_bed_elev
-38.4,20.5,-5589.93,ETOPO_2022_v1_15s_bed_elev
-38.3,20.5,-5563.95,ETOPO_2022_v1_15s_bed_elev
-38.2,20.5,-5297.19,ETOPO_2022_v1_15s_bed_elev
-38.1,20.5,-4932.88,ETOPO_2022_v1_15s_bed_elev
-38.0,20.5,-5192.26,ETOPO_2022_v1_15s_bed_elev
-37.9,20.5,-5253.75,ETOPO_2022_v1_15s_bed_elev
-37.8,20.5,-5369.72,ETOPO_2022_v1_15s_bed_elev
-37.7,20.5,-5392.9,ETOPO_2022_v1_15s_bed_elev
-37.6,20.5,-5341.85,ETOPO_2022_v1_15s_bed_elev
-37.5,20.5,-5275.41,ETOPO_2022_v1_15s_bed_elev
-37.4,20.5,-5627.26,ETOPO_2022_v1_15s_bed_elev
-37.3,20.5,-5685.53,ETOPO_2022_v1_15s_bed_elev
-37.2,20.5,-6129.01,ETOPO_2022_v1_15s_bed_elev
-37.1,20.5,-6151.5,ETOPO_2022_v1_15s_bed_elev
-37.0,20.5,-5938.92,ETOPO_2022_v1_15s_bed_elev
-36.9,20.5,-5866.03,ETOPO_2022_v1_15s_bed_elev
-36.8,20.5,-5966.93,ETOPO_2022_v1_15s_bed_elev
-36.7,20.5,-5421.06,ETOPO_2022_v1_15s_bed_elev
-36.6,20.5,-5209.73,ETOPO_2022_v1_15s_bed_elev
-36.5,20.5,-5514.1,ETOPO_2022_v1_15s_bed_elev
-36.4,20.5,-5280.93,ETOPO_2022_v1_15s_bed_elev
-36.3,20.5,-5667.73,ETOPO_2022_v1_15s_bed_elev
-36.2,20.5,-5587.44,ETOPO_2022_v1_15s_bed_elev
-36.1,20.5,-5292.18,ETOPO_2022_v1_15s_bed_elev
-36.0,20.5,-5150.23,ETOPO_2022_v1_15s_bed_elev
-35.9,20.5,-5096.02,ETOPO_2022_v1_15s_bed_elev
-35.8,20.5,-5126.82,ETOPO_2022_v1_15s_bed_elev
-35.7,20.5,-5523.5,ETOPO_2022_v1_15s_bed_elev
-35.6,20.5,-5487.66,ETOPO_2022_v1_15s_bed_elev
-35.5,20.5,-5952.79,ETOPO_2022_v1_15s_bed_elev
-35.4,20.5,-6019.54,ETOPO_2022_v1_15s_bed_elev
-35.3,20.5,-5520.44,ETOPO_2022_v1_15s_bed_elev
-35.2,20.5,-5552.59,ETOPO_2022_v1_15s_bed_elev
-35.1,20.5,-5560.42,ETOPO_2022_v1_15s_bed_elev
-35.0,20.5,-5787.68,ETOPO_2022_v1_15s_bed_elev
-51.0,20.6,-4684.77,ETOPO_2022_v1_15s_bed_elev
-50.9,20.6,-4799.79,ETOPO_2022_v1_15s_bed_elev
-50.8,20.6,-4861.06,ETOPO_2022_v1_15s_bed_elev
-50.7,20.6,-4789.12,ETOPO_2022_v1_15s_bed_elev
-50.6,20.6,-4668.66,ETOPO_2022_v1_15s_bed_elev
-50.5,20.6,-4689.92,ETOPO_2022_v1_15s_bed_elev
-50.4,20.6,-4506.98,ETOPO_2022_v1_15s_bed_elev
-50.3,20.6,-4564.17,ETOPO_2022_v1_15s_bed_elev
-50.2,20.6,-4719.5,ETOPO_2022_v1_15s_bed_elev
-50.1,20.6,-4824.14,ETOPO_2022_v1_15s_bed_elev
-50.0,20.6,-4545.87,ETOPO_2022_v1_15s_bed_elev
-49.9,20.6,-4524.17,ETOPO_2022_v1_15s_bed_elev
-49.8,20.6,-4521.42,ETOPO_2022_v1_15s_bed_elev
-49.7,20.6,-4759.92,ETOPO_2022_v1_15s_bed_elev
-49.6,20.6,-4416.67,ETOPO_2022_v1_15s_bed_elev
-49.5,20.6,-4584.64,ETOPO_2022_v1_15s_bed_elev
-49.4,20.6,-4380.31,ETOPO_2022_v1_15s_bed_elev
-49.3,20.6,-4260.6,ETOPO_2022_v1_15s_bed_elev
-49.2,20.6,-4162.15,ETOPO_2022_v1_15s_bed_elev
-49.1,20.6,-4106.46,ETOPO_2022_v1_15s_bed_elev
-49.0,20.6,-4253.9,ETOPO_2022_v1_15s_bed_elev
-48.9,20.6,-4277.79,ETOPO_2022_v1_15s_bed_elev
-48.8,20.6,-4158.84,ETOPO_2022_v1_15s_bed_elev
-48.7,20.6,-4094.15,ETOPO_2022_v1_15s_bed_elev
-48.6,20.6,-4154.89,ETOPO_2022_v1_15s_bed_elev
-48.5,20.6,-3992.59,ETOPO_2022_v1_15s_bed_elev
-48.4,20.6,-4112.85,ETOPO_2022_v1_15s_bed_elev
-48.3,20.6,-3863.66,ETOPO_2022_v1_15s_bed_elev
-48.2,20.6,-3992.78,ETOPO_2022_v1_15s_bed_elev
-48.1,20.6,-4100.97,ETOPO_2022_v1_15s_bed_elev
-48.0,20.6,-3984.57,ETOPO_2022_v1_15s_bed_elev
-47.9,20.6,-3809.84,ETOPO_2022_v1_15s_bed_elev
-47.8,20.6,-3883.64,ETOPO_2022_v1_15s_bed_elev
-47.7,20.6,-3759.59,ETOPO_2022_v1_15s_bed_elev
-47.6,20.6,-3877.48,ETOPO_2022_v1_15s_bed_elev
-47.5,20.6,-3946.04,ETOPO_2022_v1_15s_bed_elev
-47.4,20.6,-3831.39,ETOPO_2022_v1_15s_bed_elev
-47.3,20.6,-3992.73,ETOPO_2022_v1_15s_bed_elev
-47.2,20.6,-3928.32,ETOPO_2022_v1_15s_bed_elev
-47.1,20.6,-4033.7,ETOPO_2022_v1_15s_bed_elev
-47.0,20.6,-3952.64,ETOPO_2022_v1_15s_bed_elev
-46.9,20.6,-4087.9,ETOPO_2022_v1_15s_bed_elev
-46.8,20.6,-3608.57,ETOPO_2022_v1_15s_bed_elev
-46.7,20.6,-3180.4,ETOPO_2022_v1_15s_bed_elev
-46.6,20.6,-3320.96,ETOPO_2022_v1_15s_bed_elev
-46.5,20.6,-3057.29,ETOPO_2022_v1_15s_bed_elev
-46.4,20.6,-3280.62,ETOPO_2022_v1_15s_bed_elev
-46.3,20.6,-2796.7,ETOPO_2022_v1_15s_bed_elev
-46.2,20.6,-3103.93,ETOPO_2022_v1_15s_bed_elev
-46.1,20.6,-2895.41,ETOPO_2022_v1_15s_bed_elev
-46.0,20.6,-3201.06,ETOPO_2022_v1_15s_bed_elev
-45.9,20.6,-2964.92,ETOPO_2022_v1_15s_bed_elev
-45.8,20.6,-3265.95,ETOPO_2022_v1_15s_bed_elev
-45.7,20.6,-3582.29,ETOPO_2022_v1_15s_bed_elev
-45.6,20.6,-3234.34,ETOPO_2022_v1_15s_bed_elev
-45.5,20.6,-3563.64,ETOPO_2022_v1_15s_bed_elev
-45.4,20.6,-3296.54,ETOPO_2022_v1_15s_bed_elev
-45.3,20.6,-3724.26,ETOPO_2022_v1_15s_bed_elev
-45.2,20.6,-4034.39,ETOPO_2022_v1_15s_bed_elev
-45.1,20.6,-4029.03,ETOPO_2022_v1_15s_bed_elev
-45.0,20.6,-4071.72,ETOPO_2022_v1_15s_bed_elev
-44.9,20.6,-4161.59,ETOPO_2022_v1_15s_bed_elev
-44.8,20.6,-4018.91,ETOPO_2022_v1_15s_bed_elev
-44.7,20.6,-3700.03,ETOPO_2022_v1_15s_bed_elev
-44.6,20.6,-4080.55,ETOPO_2022_v1_15s_bed_elev
-44.5,20.6,-4065.92,ETOPO_2022_v1_15s_bed_elev
-44.4,20.6,-3678.7,ETOPO_2022_v1_15s_bed_elev
-44.3,20.6,-3721.31,ETOPO_2022_v1_15s_bed_elev
-44.2,20.6,-3807.45,ETOPO_2022_v1_15s_bed_elev
-44.1,20.6,-3854.74,ETOPO_2022_v1_15s_bed_elev
-44.0,20.6,-4018.49,ETOPO_2022_v1_15s_bed_elev
-43.9,20.6,-3627.09,ETOPO_2022_v1_15s_bed_elev
-43.8,20.6,-3731.49,ETOPO_2022_v1_15s_bed_elev
-43.7,20.6,-3968.49,ETOPO_2022_v1_15s_bed_elev
-43.6,20.6,-3769.62,ETOPO_2022_v1_15s_bed_elev
-43.5,20.6,-3980.44,ETOPO_2022_v1_15s_bed_elev
-43.4,20.6,-4284.32,ETOPO_2022_v1_15s_bed_elev
-43.3,20.6,-4142.4,ETOPO_2022_v1_15s_bed_elev
-43.2,20.6,-4049.44,ETOPO_2022_v1_15s_bed_elev
-43.1,20.6,-4161.48,ETOPO_2022_v1_15s_bed_elev
-43.0,20.6,-4159.03,ETOPO_2022_v1_15s_bed_elev
-42.9,20.6,-4490.87,ETOPO_2022_v1_15s_bed_elev
-42.8,20.6,-4543.17,ETOPO_2022_v1_15s_bed_elev
-42.7,20.6,-4342.9,ETOPO_2022_v1_15s_bed_elev
-42.6,20.6,-4230.7,ETOPO_2022_v1_15s_bed_elev
-42.5,20.6,-4326.6,ETOPO_2022_v1_15s_bed_elev
-42.4,20.6,-4598.17,ETOPO_2022_v1_15s_bed_elev
-42.3,20.6,-4562.35,ETOPO_2022_v1_15s_bed_elev
-42.2,20.6,-4397.96,ETOPO_2022_v1_15s_bed_elev
-42.1,20.6,-4939.54,ETOPO_2022_v1_15s_bed_elev
-42.0,20.6,-5303.23,ETOPO_2022_v1_15s_bed_elev
-41.9,20.6,-5270.71,ETOPO_2022_v1_15s_bed_elev
-41.8,20.6,-5175.5,ETOPO_2022_v1_15s_bed_elev
-41.7,20.6,-4843.45,ETOPO_2022_v1_15s_bed_elev
-41.6,20.6,-5015.96,ETOPO_2022_v1_15s_bed_elev
-41.5,20.6,-5503.68,ETOPO_2022_v1_15s_bed_elev
-41.4,20.6,-5165.54,ETOPO_2022_v1_15s_bed_elev
-41.3,20.6,-5062.31,ETOPO_2022_v1_15s_bed_elev
-41.2,20.6,-5188.12,ETOPO_2022_v1_15s_bed_elev
-41.1,20.6,-5035.52,ETOPO_2022_v1_15s_bed_elev
-41.0,20.6,-4837.79,ETOPO_2022_v1_15s_bed_elev
-40.9,20.6,-4773.33,ETOPO_2022_v1_15s_bed_elev
-40.8,20.6,-4789.86,ETOPO_2022_v1_15s_bed_elev
-40.7,20.6,-4844.64,ETOPO_2022_v1_15s_bed_elev
-40.6,20.6,-4849.6,ETOPO_2022_v1_15s_bed_elev
-40.5,20.6,-4944.17,ETOPO_2022_v1_15s_bed_elev
-40.4,20.6,-4903.11,ETOPO_2022_v1_15s_bed_elev
-40.3,20.6,-4856.62,ETOPO_2022_v1_15s_bed_elev
-40.2,20.6,-5168.58,ETOPO_2022_v1_15s_bed_elev
-40.1,20.6,-5274.44,ETOPO_2022_v1_15s_bed_elev
-40.0,20.6,-5367.41,ETOPO_2022_v1_15s_bed_elev
-39.9,20.6,-5414.33,ETOPO_2022_v1_15s_bed_elev
-39.8,20.6,-5014.47,ETOPO_2022_v1_15s_bed_elev
-39.7,20.6,-5259.93,ETOPO_2022_v1_15s_bed_elev
-39.6,20.6,-5241.01,ETOPO_2022_v1_15s_bed_elev
-39.5,20.6,-5552.45,ETOPO_2022_v1_15s_bed_elev
-39.4,20.6,-5029.54,ETOPO_2022_v1_15s_bed_elev
-39.3,20.6,-5186.94,ETOPO_2022_v1_15s_bed_elev
-39.2,20.6,-5176.46,ETOPO_2022_v1_15s_bed_elev
-39.1,20.6,-5404.01,ETOPO_2022_v1_15s_bed_elev
-39.0,20.6,-5390.57,ETOPO_2022_v1_15s_bed_elev
-38.9,20.6,-5100.36,ETOPO_2022_v1_15s_bed_elev
-38.8,20.6,-5272.02,ETOPO_2022_v1_15s_bed_elev
-38.7,20.6,-5397.98,ETOPO_2022_v1_15s_bed_elev
-38.6,20.6,-5283.47,ETOPO_2022_v1_15s_bed_elev
-38.5,20.6,-5220.86,ETOPO_2022_v1_15s_bed_elev
-38.4,20.6,-5299.09,ETOPO_2022_v1_15s_bed_elev
-38.3,20.6,-5375.9,ETOPO_2022_v1_15s_bed_elev
-38.2,20.6,-5312.71,ETOPO_2022_v1_15s_bed_elev
-38.1,20.6,-5250.94,ETOPO_2022_v1_15s_bed_elev
-38.0,20.6,-5311.64,ETOPO_2022_v1_15s_bed_elev
-37.9,20.6,-5433.81,ETOPO_2022_v1_15s_bed_elev
-37.8,20.6,-5213.08,ETOPO_2022_v1_15s_bed_elev
-37.7,20.6,-5550.85,ETOPO_2022_v1_15s_bed_elev
-37.6,20.6,-5277.79,ETOPO_2022_v1_15s_bed_elev
-37.5,20.6,-5473.85,ETOPO_2022_v1_15s_bed_elev
-37.4,20.6,-5404.11,ETOPO_2022_v1_15s_bed_elev
-37.3,20.6,-5358.58,ETOPO_2022_v1_15s_bed_elev
-37.2,20.6,-5448.57,ETOPO_2022_v1_15s_bed_elev
-37.1,20.6,-5627.96,ETOPO_2022_v1_15s_bed_elev
-37.0,20.6,-5788.15,ETOPO_2022_v1_15s_bed_elev
-36.9,20.6,-5612.16,ETOPO_2022_v1_15s_bed_elev
-36.8,20.6,-5618.25,ETOPO_2022_v1_15s_bed_elev
-36.7,20.6,-5626.29,ETOPO_2022_v1_15s_bed_elev
-36.6,20.6,-5618.68,ETOPO_2022_v1_15s_bed_elev
-36.5,20.6,-5365.34,ETOPO_2022_v1_15s_bed_elev
-36.4,20.6,-5655.98,ETOPO_2022_v1_15s_bed_elev
-36.3,20.6,-5802.99,ETOPO_2022_v1_15s_bed_elev
-36.2,20.6,-5386.88,ETOPO_2022_v1_15s_bed_elev
-36.1,20.6,-5352.7,ETOPO_2022_v1_15s_bed_elev
-36.0,20.6,-5122.77,ETOPO_2022_v1_15s_bed_elev
-35.9,20.6,-5002.25,ETOPO_2022_v1_15s_bed_elev
-35.8,20.6,-5066.64,ETOPO_2022_v1_15s_bed_elev
-35.7,20.6,-5483.33,ETOPO_2022_v1_15s_bed_elev
-35.6,20.6,-5215.51,ETOPO_2022_v1_15s_bed_elev
-35.5,20.6,-5579.81,ETOPO_2022_v1_15s_bed_elev
-35.4,20.6,-5816.77,ETOPO_2022_v1_15s_bed_elev
-35.3,20.6,-5832.25,ETOPO_2022_v1_15s_bed_elev
-35.2,20.6,-5682.89,ETOPO_2022_v1_15s_bed_elev
-35.1,20.6,-5241.45,ETOPO_2022_v1_15s_bed_elev
-35.0,20.6,-5421.91,ETOPO_2022_v1_15s_bed_elev
-51.0,20.7,-4859.57,ETOPO_2022_v1_15s_bed_elev
-50.9,20.7,-4644.58,ETOPO_2022_v1_15s_bed_elev
-50.8,20.7,-4680.22,ETOPO_2022_v1_15s_bed_elev
-50.7,20.7,-4701.81,ETOPO_2022_v1_15s_bed_elev
-50.6,20.7,-4744.73,ETOPO_2022_v1_15s_bed_elev
-50.5,20.7,-4806.65,ETOPO_2022_v1_15s_bed_elev
-50.4,20.7,-4668.45,ETOPO_2022_v1_15s_bed_elev
-50.3,20.7,-4687.74,ETOPO_2022_v1_15s_bed_elev
-50.2,20.7,-4985.87,ETOPO_2022_v1_15s_bed_elev
-50.1,20.7,-4816.75,ETOPO_2022_v1_15s_bed_elev
-50.0,20.7,-4615.96,ETOPO_2022_v1_15s_bed_elev
-49.9,20.7,-4591.62,ETOPO_2022_v1_15s_bed_elev
-49.8,20.7,-4531.08,ETOPO_2022_v1_15s_bed_elev
-49.7,20.7,-4343.87,ETOPO_2022_v1_15s_bed_elev
-49.6,20.7,-4305.02,ETOPO_2022_v1_15s_bed_elev
-49.5,20.7,-4577.83,ETOPO_2022_v1_15s_bed_elev
-49.4,20.7,-4188.63,ETOPO_2022_v1_15s_bed_elev
-49.3,20.7,-3959.97,ETOPO_2022_v1_15s_bed_elev
-49.2,20.7,-4296.09,ETOPO_2022_v1_15s_bed_elev
-49.1,20.7,-4393.19,ETOPO_2022_v1_15s_bed_elev
-49.0,20.7,-4451.71,ETOPO_2022_v1_15s_bed_elev
-48.9,20.7,-4519.63,ETOPO_2022_v1_15s_bed_elev
-48.8,20.7,-4398.36,ETOPO_2022_v1_15s_bed_elev
-48.7,20.7,-4228.19,ETOPO_2022_v1_15s_bed_elev
-48.6,20.7,-4247.27,ETOPO_2022_v1_15s_bed_elev
-48.5,20.7,-3998.14,ETOPO_2022_v1_15s_bed_elev
-48.4,20.7,-4291.07,ETOPO_2022_v1_15s_bed_elev
-48.3,20.7,-4161.82,ETOPO_2022_v1_15s_bed_elev
-48.2,20.7,-4075.97,ETOPO_2022_v1_15s_bed_elev
-48.1,20.7,-4206.54,ETOPO_2022_v1_15s_bed_elev
-48.0,20.7,-4092.12,ETOPO_2022_v1_15s_bed_elev
-47.9,20.7,-3893.25,ETOPO_2022_v1_15s_bed_elev
-47.8,20.7,-3894.04,ETOPO_2022_v1_15s_bed_elev
-47.7,20.7,-3873.31,ETOPO_2022_v1_15s_bed_elev
-47.6,20.7,-3918.09,ETOPO_2022_v1_15s_bed_elev
-47.5,20.7,-3927.63,ETOPO_2022_v1_15s_bed_elev
-47.4,20.7,-3767.19,ETOPO_2022_v1_15s_bed_elev
-47.3,20.7,-3706.85,ETOPO_2022_v1_15s_bed_elev
-47.2,20.7,-3559.0,ETOPO_2022_v1_15s_bed_elev
-47.1,20.7,-3556.5,ETOPO_2022_v1_15s_bed_elev
-47.0,20.7,-3205.44,ETOPO_2022_v1_15s_bed_elev
-46.9,20.7,-2956.09,ETOPO_2022_v1_15s_bed_elev
-46.8,20.7,-3157.71,ETOPO_2022_v1_15s_bed_elev
-46.7,20.7,-3429.18,ETOPO_2022_v1_15s_bed_elev
-46.6,20.7,-3173.75,ETOPO_2022_v1_15s_bed_elev
-46.5,20.7,-3105.92,ETOPO_2022_v1_15s_bed_elev
-46.4,20.7,-3076.69,ETOPO_2022_v1_15s_bed_elev
-46.3,20.7,-2865.06,ETOPO_2022_v1_15s_bed_elev
-46.2,20.7,-3645.42,ETOPO_2022_v1_15s_bed_elev
-46.1,20.7,-3913.26,ETOPO_2022_v1_15s_bed_elev
-46.0,20.7,-3806.7,ETOPO_2022_v1_15s_bed_elev
-45.9,20.7,-3873.91,ETOPO_2022_v1_15s_bed_elev
-45.8,20.7,-3253.71,ETOPO_2022_v1_15s_bed_elev
-45.7,20.7,-3456.64,ETOPO_2022_v1_15s_bed_elev
-45.6,20.7,-3205.7,ETOPO_2022_v1_15s_bed_elev
-45.5,20.7,-2775.32,ETOPO_2022_v1_15s_bed_elev
-45.4,20.7,-2599.28,ETOPO_2022_v1_15s_bed_elev
-45.3,20.7,-3444.84,ETOPO_2022_v1_15s_bed_elev
-45.2,20.7,-3738.26,ETOPO_2022_v1_15s_bed_elev
-45.1,20.7,-3575.89,ETOPO_2022_v1_15s_bed_elev
-45.0,20.7,-3816.24,ETOPO_2022_v1_15s_bed_elev
-44.9,20.7,-4336.72,ETOPO_2022_v1_15s_bed_elev
-44.8,20.7,-3840.88,ETOPO_2022_v1_15s_bed_elev
-44.7,20.7,-3696.79,ETOPO_2022_v1_15s_bed_elev
-44.6,20.7,-3472.14,ETOPO_2022_v1_15s_bed_elev
-44.5,20.7,-3704.77,ETOPO_2022_v1_15s_bed_elev
-44.4,20.7,-3558.46,ETOPO_2022_v1_15s_bed_elev
-44.3,20.7,-3896.86,ETOPO_2022_v1_15s_bed_elev
-44.2,20.7,-3889.82,ETOPO_2022_v1_15s_bed_elev
-44.1,20.7,-3834.02,ETOPO_2022_v1_15s_bed_elev
-44.0,20.7,-4175.5,ETOPO_2022_v1_15s_bed_elev
-43.9,20.7,-4200.08,ETOPO_2022_v1_15s_bed_elev
-43.8,20.7,-4082.72,ETOPO_2022_v1_15s_bed_elev
-43.7,20.7,-3985.34,ETOPO_2022_v1_15s_bed_elev
-43.6,20.7,-3810.72,ETOPO_2022_v1_15s_bed_elev
-43.5,20.7,-4018.16,ETOPO_2022_v1_15s_bed_elev
-43.4,20.7,-4417.7,ETOPO_2022_v1_15s_bed_elev
-43.3,20.7,-4610.81,ETOPO_2022_v1_15s_bed_elev
-43.2,20.7,-4429.07,ETOPO_2022_v1_15s_bed_elev
-43.1,20.7,-4230.67,ETOPO_2022_v1_15s_bed_elev
-43.0,20.7,-4268.48,ETOPO_2022_v1_15s_bed_elev
-42.9,20.7,-4376.0,ETOPO_2022_v1_15s_bed_elev
-42.8,20.7,-4125.49,ETOPO_2022_v1_15s_bed_elev
-42.7,20.7,-4173.37,ETOPO_2022_v1_15s_bed_elev
-42.6,20.7,-4254.03,ETOPO_2022_v1_15s_bed_elev
-42.5,20.7,-4389.77,ETOPO_2022_v1_15s_bed_elev
-42.4,20.7,-4750.36,ETOPO_2022_v1_15s_bed_elev
-42.3,20.7,-4757.52,ETOPO_2022_v1_15s_bed_elev
-42.2,20.7,-4819.2,ETOPO_2022_v1_15s_bed_elev
-42.1,20.7,-5317.21,ETOPO_2022_v1_15s_bed_elev
-42.0,20.7,-5112.15,ETOPO_2022_v1_15s_bed_elev
-41.9,20.7,-4768.86,ETOPO_2022_v1_15s_bed_elev
-41.8,20.7,-4754.28,ETOPO_2022_v1_15s_bed_elev
-41.7,20.7,-4715.02,ETOPO_2022_v1_15s_bed_elev
-41.6,20.7,-4921.49,ETOPO_2022_v1_15s_bed_elev
-41.5,20.7,-5328.52,ETOPO_2022_v1_15s_bed_elev
-41.4,20.7,-4997.16,ETOPO_2022_v1_15s_bed_elev
-41.3,20.7,-4776.35,ETOPO_2022_v1_15s_bed_elev
-41.2,20.7,-4879.52,ETOPO_2022_v1_15s_bed_elev
-41.1,20.7,-4683.74,ETOPO_2022_v1_15s_bed_elev
-41.0,20.7,-4725.27,ETOPO_2022_v1_15s_bed_elev
-40.9,20.7,-4657.51,ETOPO_2022_v1_15s_bed_elev
-40.8,20.7,-4774.93,ETOPO_2022_v1_15s_bed_elev
-40.7,20.7,-4749.47,ETOPO_2022_v1_15s_bed_elev
-40.6,20.7,-4624.27,ETOPO_2022_v1_15s_bed_elev
-40.5,20.7,-4760.04,ETOPO_2022_v1_15s_bed_elev
-40.4,20.7,-4853.94,ETOPO_2022_v1_15s_bed_elev
-40.3,20.7,-4822.45,ETOPO_2022_v1_15s_bed_elev
-40.2,20.7,-5081.03,ETOPO_2022_v1_15s_bed_elev
-40.1,20.7,-5111.46,ETOPO_2022_v1_15s_bed_elev
-40.0,20.7,-5176.45,ETOPO_2022_v1_15s_bed_elev
-39.9,20.7,-5249.96,ETOPO_2022_v1_15s_bed_elev
-39.8,20.7,-4821.67,ETOPO_2022_v1_15s_bed_elev
-39.7,20.7,-5028.11,ETOPO_2022_v1_15s_bed_elev
-39.6,20.7,-5090.29,ETOPO_2022_v1_15s_bed_elev
-39.5,20.7,-5252.29,ETOPO_2022_v1_15s_bed_elev
-39.4,20.7,-4748.15,ETOPO_2022_v1_15s_bed_elev
-39.3,20.7,-5416.13,ETOPO_2022_v1_15s_bed_elev
-39.2,20.7,-5856.48,ETOPO_2022_v1_15s_bed_elev
-39.1,20.7,-5810.33,ETOPO_2022_v1_15s_bed_elev
-39.0,20.7,-5412.35,ETOPO_2022_v1_15s_bed_elev
-38.9,20.7,-5111.89,ETOPO_2022_v1_15s_bed_elev
-38.8,20.7,-5064.17,ETOPO_2022_v1_15s_bed_elev
-38.7,20.7,-5139.62,ETOPO_2022_v1_15s_bed_elev
-38.6,20.7,-5388.84,ETOPO_2022_v1_15s_bed_elev
-38.5,20.7,-5661.29,ETOPO_2022_v1_15s_bed_elev
-38.4,20.7,-5507.87,ETOPO_2022_v1_15s_bed_elev
-38.3,20.7,-5417.56,ETOPO_2022_v1_15s_bed_elev
-38.2,20.7,-5493.23,ETOPO_2022_v1_15s_bed_elev
-38.1,20.7,-5501.82,ETOPO_2022_v1_15s_bed_elev
-38.0,20.7,-5034.63,ETOPO_2022_v1_15s_bed_elev
-37.9,20.7,-5138.94,ETOPO_2022_v1_15s_bed_elev
-37.8,20.7,-5031.53,ETOPO_2022_v1_15s_bed_elev
-37.7,20.7,-5664.13,ETOPO_2022_v1_15s_bed_elev
-37.6,20.7,-5291.52,ETOPO_2022_v1_15s_bed_elev
-37.5,20.7,-5720.8,ETOPO_2022_v1_15s_bed_elev
-37.4,20.7,-5348.39,ETOPO_2022_v1_15s_bed_elev
-37.3,20.7,-5338.76,ETOPO_2022_v1_15s_bed_elev
-37.2,20.7,-5390.54,ETOPO_2022_v1_15s_bed_elev
-37.1,20.7,-5435.2,ETOPO_2022_v1_15s_bed_elev
-37.0,20.7,-5492.8,ETOPO_2022_v1_15s_bed_elev
-36.9,20.7,-5360.07,ETOPO_2022_v1_15s_bed_elev
-36.8,20.7,-5415.62,ETOPO_2022_v1_15s_bed_elev
-36.7,20.7,-5513.14,ETOPO_2022_v1_15s_bed_elev
-36.6,20.7,-5659.16,ETOPO_2022_v1_15s_bed_elev
-36.5,20.7,-5720.71,ETOPO_2022_v1_15s_bed_elev
-36.4,20.7,-5887.66,ETOPO_2022_v1_15s_bed_elev
-36.3,20.7,-5931.53,ETOPO_2022_v1_15s_bed_elev
-36.2,20.7,-5385.71,ETOPO_2022_v1_15s_bed_elev
-36.1,20.7,-5215.93,ETOPO_2022_v1_15s_bed_elev
-36.0,20.7,-5253.37,ETOPO_2022_v1_15s_bed_elev
-35.9,20.7,-5075.35,ETOPO_2022_v1_15s_bed_elev
-35.8,20.7,-5101.9,ETOPO_2022_v1_15s_bed_elev
-35.7,20.7,-5552.75,ETOPO_2022_v1_15s_bed_elev
-35.6,20.7,-5231.41,ETOPO_2022_v1_15s_bed_elev
-35.5,20.7,-5428.94,ETOPO_2022_v1_15s_bed_elev
-35.4,20.7,-5555.92,ETOPO_2022_v1_15s_bed_elev
-35.3,20.7,-5645.59,ETOPO_2022_v1_15s_bed_elev
-35.2,20.7,-5757.03,ETOPO_2022_v1_15s_bed_elev
-35.1,20.7,-5717.48,ETOPO_2022_v1_15s_bed_elev
-35.0,20.7,-5614.82,ETOPO_2022_v1_15s_bed_elev
-51.0,20.8,-4746.62,ETOPO_2022_v1_15s_bed_elev
-50.9,20.8,-4712.46,ETOPO_2022_v1_15s_bed_elev
-50.8,20.8,-4960.7,ETOPO_2022_v1_15s_bed_elev
-50.7,20.8,-4928.84,ETOPO_2022_v1_15s_bed_elev
-50.6,20.8,-4873.53,ETOPO_2022_v1_15s_bed_elev
-50.5,20.8,-4959.05,ETOPO_2022_v1_15s_bed_elev
-50.4,20.8,-4943.44,ETOPO_2022_v1_15s_bed_elev
-50.3,20.8,-4797.08,ETOPO_2022_v1_15s_bed_elev
-50.2,20.8,-5021.68,ETOPO_2022_v1_15s_bed_elev
-50.1,20.8,-4770.29,ETOPO_2022_v1_15s_bed_elev
-50.0,20.8,-4467.41,ETOPO_2022_v1_15s_bed_elev
-49.9,20.8,-4597.51,ETOPO_2022_v1_15s_bed_elev
-49.8,20.8,-4530.84,ETOPO_2022_v1_15s_bed_elev
-49.7,20.8,-4407.83,ETOPO_2022_v1_15s_bed_elev
-49.6,20.8,-4294.32,ETOPO_2022_v1_15s_bed_elev
-49.5,20.8,-4436.73,ETOPO_2022_v1_15s_bed_elev
-49.4,20.8,-4284.7,ETOPO_2022_v1_15s_bed_elev
-49.3,20.8,-4336.78,ETOPO_2022_v1_15s_bed_elev
-49.2,20.8,-4514.13,ETOPO_2022_v1_15s_bed_elev
-49.1,20.8,-4442.81,ETOPO_2022_v1_15s_bed_elev
-49.0,20.8,-4387.98,ETOPO_2022_v1_15s_bed_elev
-48.9,20.8,-4248.01,ETOPO_2022_v1_15s_bed_elev
-48.8,20.8,-4475.69,ETOPO_2022_v1_15s_bed_elev
-48.7,20.8,-4341.58,ETOPO_2022_v1_15s_bed_elev
-48.6,20.8,-4329.93,ETOPO_2022_v1_15s_bed_elev
-48.5,20.8,-4047.84,ETOPO_2022_v1_15s_bed_elev
-48.4,20.8,-4289.35,ETOPO_2022_v1_15s_bed_elev
-48.3,20.8,-4236.62,ETOPO_2022_v1_15s_bed_elev
-48.2,20.8,-3975.55,ETOPO_2022_v1_15s_bed_elev
-48.1,20.8,-4011.54,ETOPO_2022_v1_15s_bed_elev
-48.0,20.8,-4044.65,ETOPO_2022_v1_15s_bed_elev
-47.9,20.8,-3898.41,ETOPO_2022_v1_15s_bed_elev
-47.8,20.8,-3827.17,ETOPO_2022_v1_15s_bed_elev
-47.7,20.8,-3777.89,ETOPO_2022_v1_15s_bed_elev
-47.6,20.8,-3906.14,ETOPO_2022_v1_15s_bed_elev
-47.5,20.8,-3795.61,ETOPO_2022_v1_15s_bed_elev
-47.4,20.8,-3607.39,ETOPO_2022_v1_15s_bed_elev
-47.3,20.8,-3794.28,ETOPO_2022_v1_15s_bed_elev
-47.2,20.8,-3917.51,ETOPO_2022_v1_15s_bed_elev
-47.1,20.8,-4094.28,ETOPO_2022_v1_15s_bed_elev
-47.0,20.8,-3969.69,ETOPO_2022_v1_15s_bed_elev
-46.9,20.8,-3741.79,ETOPO_2022_v1_15s_bed_elev
-46.8,20.8,-4116.58,ETOPO_2022_v1_15s_bed_elev
-46.7,20.8,-3833.89,ETOPO_2022_v1_15s_bed_elev
-46.6,20.8,-3825.81,ETOPO_2022_v1_15s_bed_elev
-46.5,20.8,-4004.22,ETOPO_2022_v1_15s_bed_elev
-46.4,20.8,-3641.16,ETOPO_2022_v1_15s_bed_elev
-46.3,20.8,-3979.29,ETOPO_2022_v1_15s_bed_elev
-46.2,20.8,-3911.99,ETOPO_2022_v1_15s_bed_elev
-46.1,20.8,-3171.32,ETOPO_2022_v1_15s_bed_elev
-46.0,20.8,-3236.84,ETOPO_2022_v1_15s_bed_elev
-45.9,20.8,-3401.38,ETOPO_2022_v1_15s_bed_elev
-45.8,20.8,-2957.74,ETOPO_2022_v1_15s_bed_elev
-45.7,20.8,-3295.98,ETOPO_2022_v1_15s_bed_elev
-45.6,20.8,-2932.17,ETOPO_2022_v1_15s_bed_elev
-45.5,20.8,-2665.7,ETOPO_2022_v1_15s_bed_elev
-45.4,20.8,-2769.43,ETOPO_2022_v1_15s_bed_elev
-45.3,20.8,-3312.44,ETOPO_2022_v1_15s_bed_elev
-45.2,20.8,-2718.97,ETOPO_2022_v1_15s_bed_elev
-45.1,20.8,-3119.43,ETOPO_2022_v1_15s_bed_elev
-45.0,20.8,-3389.1,ETOPO_2022_v1_15s_bed_elev
-44.9,20.8,-3664.66,ETOPO_2022_v1_15s_bed_elev
-44.8,20.8,-3573.49,ETOPO_2022_v1_15s_bed_elev
-44.7,20.8,-3248.3,ETOPO_2022_v1_15s_bed_elev
-44.6,20.8,-3343.66,ETOPO_2022_v1_15s_bed_elev
-44.5,20.8,-3751.48,ETOPO_2022_v1_15s_bed_elev
-44.4,20.8,-3652.23,ETOPO_2022_v1_15s_bed_elev
-44.3,20.8,-3909.43,ETOPO_2022_v1_15s_bed_elev
-44.2,20.8,-3851.41,ETOPO_2022_v1_15s_bed_elev
-44.1,20.8,-3627.94,ETOPO_2022_v1_15s_bed_elev
-44.0,20.8,-3950.02,ETOPO_2022_v1_15s_bed_elev
-43.9,20.8,-4003.6,ETOPO_2022_v1_15s_bed_elev
-43.8,20.8,-4209.25,ETOPO_2022_v1_15s_bed_elev
-43.7,20.8,-4144.7,ETOPO_2022_v1_15s_bed_elev
-43.6,20.8,-3998.8,ETOPO_2022_v1_15s_bed_elev
-43.5,20.8,-4300.65,ETOPO_2022_v1_15s_bed_elev
-43.4,20.8,-4289.08,ETOPO_2022_v1_15s_bed_elev
-43.3,20.8,-4385.69,ETOPO_2022_v1_15s_bed_elev
-43.2,20.8,-4417.79,ETOPO_2022_v1_15s_bed_elev
-43.1,20.8,-4702.49,ETOPO_2022_v1_15s_bed_elev
-43.0,20.8,-4700.77,ETOPO_2022_v1_15s_bed_elev
-42.9,20.8,-4260.54,ETOPO_2022_v1_15s_bed_elev
-42.8,20.8,-4258.0,ETOPO_2022_v1_15s_bed_elev
-42.7,20.8,-4332.58,ETOPO_2022_v1_15s_bed_elev
-42.6,20.8,-4484.46,ETOPO_2022_v1_15s_bed_elev
-42.5,20.8,-4706.07,ETOPO_2022_v1_15s_bed_elev
-42.4,20.8,-4810.13,ETOPO_2022_v1_15s_bed_elev
-42.3,20.8,-4824.17,ETOPO_2022_v1_15s_bed_elev
-42.2,20.8,-4980.98,ETOPO_2022_v1_15s_bed_elev
-42.1,20.8,-5235.6,ETOPO_2022_v1_15s_bed_elev
-42.0,20.8,-4623.12,ETOPO_2022_v1_15s_bed_elev
-41.9,20.8,-4308.53,ETOPO_2022_v1_15s_bed_elev
-41.8,20.8,-4173.34,ETOPO_2022_v1_15s_bed_elev
-41.7,20.8,-4731.1,ETOPO_2022_v1_15s_bed_elev
-41.6,20.8,-4909.91,ETOPO_2022_v1_15s_bed_elev
-41.5,20.8,-5167.11,ETOPO_2022_v1_15s_bed_elev
-41.4,20.8,-5128.22,ETOPO_2022_v1_15s_bed_elev
-41.3,20.8,-4967.58,ETOPO_2022_v1_15s_bed_elev
-41.2,20.8,-4793.78,ETOPO_2022_v1_15s_bed_elev
-41.1,20.8,-4637.44,ETOPO_2022_v1_15s_bed_elev
-41.0,20.8,-4844.61,ETOPO_2022_v1_15s_bed_elev
-40.9,20.8,-4847.7,ETOPO_2022_v1_15s_bed_elev
-40.8,20.8,-4774.75,ETOPO_2022_v1_15s_bed_elev
-40.7,20.8,-4747.44,ETOPO_2022_v1_15s_bed_elev
-40.6,20.8,-4618.66,ETOPO_2022_v1_15s_bed_elev
-40.5,20.8,-4932.69,ETOPO_2022_v1_15s_bed_elev
-40.4,20.8,-5031.22,ETOPO_2022_v1_15s_bed_elev
-40.3,20.8,-4878.34,ETOPO_2022_v1_15s_bed_elev
-40.2,20.8,-5105.15,ETOPO_2022_v1_15s_bed_elev
-40.1,20.8,-4796.86,ETOPO_2022_v1_15s_bed_elev
-40.0,20.8,-5004.42,ETOPO_2022_v1_15s_bed_elev
-39.9,20.8,-5320.84,ETOPO_2022_v1_15s_bed_elev
-39.8,20.8,-4710.07,ETOPO_2022_v1_15s_bed_elev
-39.7,20.8,-4832.71,ETOPO_2022_v1_15s_bed_elev
-39.6,20.8,-5319.67,ETOPO_2022_v1_15s_bed_elev
-39.5,20.8,-5108.71,ETOPO_2022_v1_15s_bed_elev
-39.4,20.8,-4972.64,ETOPO_2022_v1_15s_bed_elev
-39.3,20.8,-5567.35,ETOPO_2022_v1_15s_bed_elev
-39.2,20.8,-5608.44,ETOPO_2022_v1_15s_bed_elev
-39.1,20.8,-5504.31,ETOPO_2022_v1_15s_bed_elev
-39.0,20.8,-5289.99,ETOPO_2022_v1_15s_bed_elev
-38.9,20.8,-5331.65,ETOPO_2022_v1_15s_bed_elev
-38.8,20.8,-5167.71,ETOPO_2022_v1_15s_bed_elev
-38.7,20.8,-5224.61,ETOPO_2022_v1_15s_bed_elev
-38.6,20.8,-5138.33,ETOPO_2022_v1_15s_bed_elev
-38.5,20.8,-5244.7,ETOPO_2022_v1_15s_bed_elev
-38.4,20.8,-5362.43,ETOPO_2022_v1_15s_bed_elev
-38.3,20.8,-5445.05,ETOPO_2022_v1_15s_bed_elev
-38.2,20.8,-5519.84,ETOPO_2022_v1_15s_bed_elev
-38.1,20.8,-5593.02,ETOPO_2022_v1_15s_bed_elev
-38.0,20.8,-5515.38,ETOPO_2022_v1_15s_bed_elev
-37.9,20.8,-5521.31,ETOPO_2022_v1_15s_bed_elev
-37.8,20.8,-5554.34,ETOPO_2022_v1_15s_bed_elev
-37.7,20.8,-5870.83,ETOPO_2022_v1_15s_bed_elev
-37.6,20.8,-5203.48,ETOPO_2022_v1_15s_bed_elev
-37.5,20.8,-5876.22,ETOPO_2022_v1_15s_bed_elev
-37.4,20.8,-5321.99,ETOPO_2022_v1_15s_bed_elev
-37.3,20.8,-5644.19,ETOPO_2022_v1_15s_bed_elev
-37.2,20.8,-5505.9,ETOPO_2022_v1_15s_bed_elev
-37.1,20.8,-5508.47,ETOPO_2022_v1_15s_bed_elev
-37.0,20.8,-5409.49,ETOPO_2022_v1_15s_bed_elev
-36.9,20.8,-5205.55,ETOPO_2022_v1_15s_bed_elev
-36.8,20.8,-5260.27,ETOPO_2022_v1_15s_bed_elev
-36.7,20.8,-5416.38,ETOPO_2022_v1_15s_bed_elev
-36.6,20.8,-5546.96,ETOPO_2022_v1_15s_bed_elev
-36.5,20.8,-5587.27,ETOPO_2022_v1_15s_bed_elev
-36.4,20.8,-5555.42,ETOPO_2022_v1_15s_bed_elev
-36.3,20.8,-5618.96,ETOPO_2022_v1_15s_bed_elev
-36.2,20.8,-5562.97,ETOPO_2022_v1_15s_bed_elev
-36.1,20.8,-5189.26,ETOPO_2022_v1_15s_bed_elev
-36.0,20.8,-5412.38,ETOPO_2022_v1_15s_bed_elev
-35.9,20.8,-5567.05,ETOPO_2022_v1_15s_bed_elev
-35.8,20.8,-5082.7,ETOPO_2022_v1_15s_bed_elev
-35.7,20.8,-5503.87,ETOPO_2022_v1_15s_bed_elev
-35.6,20.8,-5531.77,ETOPO_2022_v1_15s_bed_elev
-35.5,20.8,-5440.29,ETOPO_2022_v1_15s_bed_elev
-35.4,20.8,-5292.35,ETOPO_2022_v1_15s_bed_elev
-35.3,20.8,-5368.08,ETOPO_2022_v1_15s_bed_elev
-35.2,20.8,-5556.71,ETOPO_2022_v1_15s_bed_elev
-35.1,20.8,-5632.11,ETOPO_2022_v1_15s_bed_elev
-35.0,20.8,-5434.35,ETOPO_2022_v1_15s_bed_elev
-51.0,20.9,-4884.09,ETOPO_2022_v1_15s_bed_elev
-50.9,20.9,-4966.9,ETOPO_2022_v1_15s_bed_elev
-50.8,20.9,-5018.99,ETOPO_2022_v1_15s_bed_elev
-50.7,20.9,-4950.83,ETOPO_2022_v1_15s_bed_elev
-50.6,20.9,-4661.07,ETOPO_2022_v1_15s_bed_elev
-50.5,20.9,-4600.72,ETOPO_2022_v1_15s_bed_elev
-50.4,20.9,-4529.23,ETOPO_2022_v1_15s_bed_elev
-50.3,20.9,-4104.19,ETOPO_2022_v1_15s_bed_elev
-50.2,20.9,-4372.49,ETOPO_2022_v1_15s_bed_elev
-50.1,20.9,-4665.25,ETOPO_2022_v1_15s_bed_elev
-50.0,20.9,-4499.65,ETOPO_2022_v1_15s_bed_elev
-49.9,20.9,-4403.68,ETOPO_2022_v1_15s_bed_elev
-49.8,20.9,-4338.42,ETOPO_2022_v1_15s_bed_elev
-49.7,20.9,-4419.6,ETOPO_2022_v1_15s_bed_elev
-49.6,20.9,-4200.3,ETOPO_2022_v1_15s_bed_elev
-49.5,20.9,-4270.58,ETOPO_2022_v1_15s_bed_elev
-49.4,20.9,-4276.59,ETOPO_2022_v1_15s_bed_elev
-49.3,20.9,-4619.09,ETOPO_2022_v1_15s_bed_elev
-49.2,20.9,-4702.73,ETOPO_2022_v1_15s_bed_elev
-49.1,20.9,-4091.11,ETOPO_2022_v1_15s_bed_elev
-49.0,20.9,-4286.32,ETOPO_2022_v1_15s_bed_elev
-48.9,20.9,-4203.8,ETOPO_2022_v1_15s_bed_elev
-48.8,20.9,-4212.35,ETOPO_2022_v1_15s_bed_elev
-48.7,20.9,-4371.45,ETOPO_2022_v1_15s_bed_elev
-48.6,20.9,-4409.97,ETOPO_2022_v1_15s_bed_elev
-48.5,20.9,-4282.84,ETOPO_2022_v1_15s_bed_elev
-48.4,20.9,-4050.56,ETOPO_2022_v1_15s_bed_elev
-48.3,20.9,-3704.61,ETOPO_2022_v1_15s_bed_elev
-48.2,20.9,-3699.96,ETOPO_2022_v1_15s_bed_elev
-48.1,20.9,-3981.42,ETOPO_2022_v1_15s_bed_elev
-48.0,20.9,-4485.89,ETOPO_2022_v1_15s_bed_elev
-47.9,20.9,-4337.93,ETOPO_2022_v1_15s_bed_elev
-47.8,20.9,-4195.82,ETOPO_2022_v1_15s_bed_elev
-47.7,20.9,-4136.67,ETOPO_2022_v1_15s_bed_elev
-47.6,20.9,-4369.76,ETOPO_2022_v1_15s_bed_elev
-47.5,20.9,-4337.15,ETOPO_2022_v1_15s_bed_elev
-47.4,20.9,-4355.24,ETOPO_2022_v1_15s_bed_elev
-47.3,20.9,-4544.02,ETOPO_2022_v1_15s_bed_elev
-47.2,20.9,-4551.78,ETOPO_2022_v1_15s_bed_elev
-47.1,20.9,-4334.15,ETOPO_2022_v1_15s_bed_elev
-47.0,20.9,-4441.95,ETOPO_2022_v1_15s_bed_elev
-46.9,20.9,-4487.49,ETOPO_2022_v1_15s_bed_elev
-46.8,20.9,-4198.68,ETOPO_2022_v1_15s_bed_elev
-46.7,20.9,-4026.21,ETOPO_2022_v1_15s_bed_elev
-46.6,20.9,-3994.98,ETOPO_2022_v1_15s_bed_elev
-46.5,20.9,-4210.86,ETOPO_2022_v1_15s_bed_elev
-46.4,20.9,-4128.58,ETOPO_2022_v1_15s_bed_elev
-46.3,20.9,-3706.52,ETOPO_2022_v1_15s_bed_elev
-46.2,20.9,-2859.16,ETOPO_2022_v1_15s_bed_elev
-46.1,20.9,-2660.88,ETOPO_2022_v1_15s_bed_elev
-46.0,20.9,-2506.99,ETOPO_2022_v1_15s_bed_elev
-45.9,20.9,-2690.75,ETOPO_2022_v1_15s_bed_elev
-45.8,20.9,-3232.42,ETOPO_2022_v1_15s_bed_elev
-45.7,20.9,-3680.16,ETOPO_2022_v1_15s_bed_elev
-45.6,20.9,-2865.83,ETOPO_2022_v1_15s_bed_elev
-45.5,20.9,-2842.93,ETOPO_2022_v1_15s_bed_elev
-45.4,20.9,-3190.72,ETOPO_2022_v1_15s_bed_elev
-45.3,20.9,-3385.25,ETOPO_2022_v1_15s_bed_elev
-45.2,20.9,-3144.97,ETOPO_2022_v1_15s_bed_elev
-45.1,20.9,-3184.4,ETOPO_2022_v1_15s_bed_elev
-45.0,20.9,-3769.09,ETOPO_2022_v1_15s_bed_elev
-44.9,20.9,-3609.19,ETOPO_2022_v1_15s_bed_elev
-44.8,20.9,-3749.55,ETOPO_2022_v1_15s_bed_elev
-44.7,20.9,-3574.72,ETOPO_2022_v1_15s_bed_elev
-44.6,20.9,-3154.87,ETOPO_2022_v1_15s_bed_elev
-44.5,20.9,-3465.22,ETOPO_2022_v1_15s_bed_elev
-44.4,20.9,-3509.66,ETOPO_2022_v1_15s_bed_elev
-44.3,20.9,-3887.72,ETOPO_2022_v1_15s_bed_elev
-44.2,20.9,-3969.36,ETOPO_2022_v1_15s_bed_elev
-44.1,20.9,-3632.93,ETOPO_2022_v1_15s_bed_elev
-44.0,20.9,-3774.57,ETOPO_2022_v1_15s_bed_elev
-43.9,20.9,-3664.08,ETOPO_2022_v1_15s_bed_elev
-43.8,20.9,-3858.47,ETOPO_2022_v1_15s_bed_elev
-43.7,20.9,-4206.3,ETOPO_2022_v1_15s_bed_elev
-43.6,20.9,-4075.82,ETOPO_2022_v1_15s_bed_elev
-43.5,20.9,-4424.08,ETOPO_2022_v1_15s_bed_elev
-43.4,20.9,-4298.23,ETOPO_2022_v1_15s_bed_elev
-43.3,20.9,-3720.55,ETOPO_2022_v1_15s_bed_elev
-43.2,20.9,-3848.96,ETOPO_2022_v1_15s_bed_elev
-43.1,20.9,-4574.39,ETOPO_2022_v1_15s_bed_elev
-43.0,20.9,-4608.38,ETOPO_2022_v1_15s_bed_elev
-42.9,20.9,-4334.37,ETOPO_2022_v1_15s_bed_elev
-42.8,20.9,-4422.35,ETOPO_2022_v1_15s_bed_elev
-42.7,20.9,-4559.91,ETOPO_2022_v1_15s_bed_elev
-42.6,20.9,-4671.62,ETOPO_2022_v1_15s_bed_elev
-42.5,20.9,-4763.83,ETOPO_2022_v1_15s_bed_elev
-42.4,20.9,-4833.23,ETOPO_2022_v1_15s_bed_elev
-42.3,20.9,-4834.79,ETOPO_2022_v1_15s_bed_elev
-42.2,20.9,-4750.35,ETOPO_2022_v1_15s_bed_elev
-42.1,20.9,-4961.64,ETOPO_2022_v1_15s_bed_elev
-42.0,20.9,-4506.01,ETOPO_2022_v1_15s_bed_elev
-41.9,20.9,-3997.69,ETOPO_2022_v1_15s_bed_elev
-41.8,20.9,-4475.47,ETOPO_2022_v1_15s_bed_elev
-41.7,20.9,-4869.34,ETOPO_2022_v1_15s_bed_elev
-41.6,20.9,-4737.29,ETOPO_2022_v1_15s_bed_elev
-41.5,20.9,-4823.57,ETOPO_2022_v1_15s_bed_elev
-41.4,20.9,-5121.7,ETOPO_2022_v1_15s_bed_elev
-41.3,20.9,-5026.62,ETOPO_2022_v1_15s_bed_elev
-41.2,20.9,-4559.96,ETOPO_2022_v1_15s_bed_elev
-41.1,20.9,-4634.43,ETOPO_2022_v1_15s_bed_elev
-41.0,20.9,-4927.68,ETOPO_2022_v1_15s_bed_elev
-40.9,20.9,-4874.62,ETOPO_2022_v1_15s_bed_elev
-40.8,20.9,-4786.43,ETOPO_2022_v1_15s_bed_elev
-40.7,20.9,-4959.63,ETOPO_2022_v1_15s_bed_elev
-40.6,20.9,-4783.22,ETOPO_2022_v1_15s_bed_elev
-40.5,20.9,-4961.47,ETOPO_2022_v1_15s_bed_elev
-40.4,20.9,-4959.11,ETOPO_2022_v1_15s_bed_elev
-40.3,20.9,-4869.21,ETOPO_2022_v1_15s_bed_elev
-40.2,20.9,-5146.83,ETOPO_2022_v1_15s_bed_elev
-40.1,20.9,-4968.15,ETOPO_2022_v1_15s_bed_elev
-40.0,20.9,-5190.11,ETOPO_2022_v1_15s_bed_elev
-39.9,20.9,-5361.98,ETOPO_2022_v1_15s_bed_elev
-39.8,20.9,-5090.84,ETOPO_2022_v1_15s_bed_elev
-39.7,20.9,-5302.46,ETOPO_2022_v1_15s_bed_elev
-39.6,20.9,-5469.15,ETOPO_2022_v1_15s_bed_elev
-39.5,20.9,-5180.48,ETOPO_2022_v1_15s_bed_elev
-39.4,20.9,-5079.96,ETOPO_2022_v1_15s_bed_elev
-39.3,20.9,-5240.52,ETOPO_2022_v1_15s_bed_elev
-39.2,20.9,-5069.14,ETOPO_2022_v1_15s_bed_elev
-39.1,20.9,-5091.76,ETOPO_2022_v1_15s_bed_elev
-39.0,20.9,-5076.16,ETOPO_2022_v1_15s_bed_elev
-38.9,20.9,-5352.58,ETOPO_2022_v1_15s_bed_elev
-38.8,20.9,-5292.0,ETOPO_2022_v1_15s_bed_elev
-38.7,20.9,-5173.52,ETOPO_2022_v1_15s_bed_elev
-38.6,20.9,-5679.33,ETOPO_2022_v1_15s_bed_elev
-38.5,20.9,-5925.63,ETOPO_2022_v1_15s_bed_elev
-38.4,20.9,-5999.69,ETOPO_2022_v1_15s_bed_elev
-38.3,20.9,-5508.32,ETOPO_2022_v1_15s_bed_elev
-38.2,20.9,-5369.72,ETOPO_2022_v1_15s_bed_elev
-38.1,20.9,-5474.83,ETOPO_2022_v1_15s_bed_elev
-38.0,20.9,-5444.65,ETOPO_2022_v1_15s_bed_elev
-37.9,20.9,-5531.2,ETOPO_2022_v1_15s_bed_elev
-37.8,20.9,-5803.57,ETOPO_2022_v1_15s_bed_elev
-37.7,20.9,-5823.14,ETOPO_2022_v1_15s_bed_elev
-37.6,20.9,-5066.11,ETOPO_2022_v1_15s_bed_elev
-37.5,20.9,-5677.84,ETOPO_2022_v1_15s_bed_elev
-37.4,20.9,-5451.33,ETOPO_2022_v1_15s_bed_elev
-37.3,20.9,-5706.59,ETOPO_2022_v1_15s_bed_elev
-37.2,20.9,-5822.39,ETOPO_2022_v1_15s_bed_elev
-37.1,20.9,-5481.79,ETOPO_2022_v1_15s_bed_elev
-37.0,20.9,-5453.19,ETOPO_2022_v1_15s_bed_elev
-36.9,20.9,-5317.82,ETOPO_2022_v1_15s_bed_elev
-36.8,20.9,-5303.6,ETOPO_2022_v1_15s_bed_elev
-36.7,20.9,-5451.11,ETOPO_2022_v1_15s_bed_elev
-36.6,20.9,-5531.21,ETOPO_2022_v1_15s_bed_elev
-36.5,20.9,-5467.9,ETOPO_2022_v1_15s_bed_elev
-36.4,20.9,-5503.81,ETOPO_2022_v1_15s_bed_elev
-36.3,20.9,-5352.49,ETOPO_2022_v1_15s_bed_elev
-36.2,20.9,-5609.1,ETOPO_2022_v1_15s_bed_elev
-36.1,20.9,-5988.03,ETOPO_2022_v1_15s_bed_elev
-36.0,20.9,-5953.06,ETOPO_2022_v1_15s_bed_elev
-35.9,20.9,-5608.55,ETOPO_2022_v1_15s_bed_elev
-35.8,20.9,-5326.23,ETOPO_2022_v1_15s_bed_elev
-35.7,20.9,-5494.46,ETOPO_2022_v1_15s_bed_elev
-35.6,20.9,-5603.02,ETOPO_2022_v1_15s_bed_elev
-35.5,20.9,-5737.42,ETOPO_2022_v1_15s_bed_elev
-35.4,20.9,-5207.12,ETOPO_2022_v1_15s_bed_elev
-35.3,20.9,-5157.8,ETOPO_2022_v1_15s_bed_elev
-35.2,20.9,-5242.95,ETOPO_2022_v1_15s_bed_elev
-35.1,20.9,-5654.24,ETOPO_2022_v1_15s_bed_elev
-35.0,20.9,-5530.53,ETOPO_2022_v1_15s_bed_elev
-51.0,21.0,-4975.98,ETOPO_2022_v1_15s_bed_elev
-50.9,21.0,-4894.9,ETOPO_2022_v1_15s_bed_elev
-50.8,21.0,-4898.85,ETOPO_2022_v1_15s_bed_elev
-50.7,21.0,-4818.68,ETOPO_2022_v1_15s_bed_elev
-50.6,21.0,-4475.53,ETOPO_2022_v1_15s_bed_elev
-50.5,21.0,-4336.5,ETOPO_2022_v1_15s_bed_elev
-50.4,21.0,-4295.19,ETOPO_2022_v1_15s_bed_elev
-50.3,21.0,-4321.32,ETOPO_2022_v1_15s_bed_elev
-50.2,21.0,-4407.0,ETOPO_2022_v1_15s_bed_elev
-50.1,21.0,-4448.73,ETOPO_2022_v1_15s_bed_elev
-50.0,21.0,-4243.37,ETOPO_2022_v1_15s_bed_elev
-49.9,21.0,-4106.57,ETOPO_2022_v1_15s_bed_elev
-49.8,21.0,-4290.73,ETOPO_2022_v1_15s_bed_elev
-49.7,21.0,-4549.6,ETOPO_2022_v1_15s_bed_elev
-49.6,21.0,-4449.39,ETOPO_2022_v1_15s_bed_elev
-49.5,21.0,-4390.26,ETOPO_2022_v1_15s_bed_elev
-49.4,21.0,-4508.15,ETOPO_2022_v1_15s_bed_elev
-49.3,21.0,-4655.3,ETOPO_2022_v1_15s_bed_elev
-49.2,21.0,-4520.23,ETOPO_2022_v1_15s_bed_elev
-49.1,21.0,-4112.92,ETOPO_2022_v1_15s_bed_elev
-49.0,21.0,-4273.2,ETOPO_2022_v1_15s_bed_elev
-48.9,21.0,-4270.56,ETOPO_2022_v1_15s_bed_elev
-48.8,21.0,-3837.16,ETOPO_2022_v1_15s_bed_elev
-48.7,21.0,-4445.16,ETOPO_2022_v1_15s_bed_elev
-48.6,21.0,-4433.64,ETOPO_2022_v1_15s_bed_elev
-48.5,21.0,-4521.3,ETOPO_2022_v1_15s_bed_elev
-48.4,21.0,-4407.62,ETOPO_2022_v1_15s_bed_elev
-48.3,21.0,-4470.35,ETOPO_2022_v1_15s_bed_elev
-48.2,21.0,-4654.16,ETOPO_2022_v1_15s_bed_elev
-48.1,21.0,-4731.61,ETOPO_2022_v1_15s_bed_elev
-48.0,21.0,-4730.02,ETOPO_2022_v1_15s_bed_elev
-47.9,21.0,-4640.74,ETOPO_2022_v1_15s_bed_elev
-47.8,21.0,-4339.18,ETOPO_2022_v1_15s_bed_elev
-47.7,21.0,-3849.68,ETOPO_2022_v1_15s_bed_elev
-47.6,21.0,-4304.45,ETOPO_2022_v1_15s_bed_elev
-47.5,21.0,-4163.23,ETOPO_2022_v1_15s_bed_elev
-47.4,21.0,-4247.81,ETOPO_2022_v1_15s_bed_elev
-47.3,21.0,-4363.6,ETOPO_2022_v1_15s_bed_elev
-47.2,21.0,-4436.23,ETOPO_2022_v1_15s_bed_elev
-47.1,21.0,-4343.13,ETOPO_2022_v1_15s_bed_elev
-47.0,21.0,-4217.54,ETOPO_2022_v1_15s_bed_elev
-46.9,21.0,-4170.03,ETOPO_2022_v1_15s_bed_elev
-46.8,21.0,-3970.96,ETOPO_2022_v1_15s_bed_elev
-46.7,21.0,-3956.56,ETOPO_2022_v1_15s_bed_elev
-46.6,21.0,-3914.15,ETOPO_2022_v1_15s_bed_elev
-46.5,21.0,-3856.4,ETOPO_2022_v1_15s_bed_elev
-46.4,21.0,-3610.18,ETOPO_2022_v1_15s_bed_elev
-46.3,21.0,-3302.74,ETOPO_2022_v1_15s_bed_elev
-46.2,21.0,-2938.84,ETOPO_2022_v1_15s_bed_elev
-46.1,21.0,-2927.5,ETOPO_2022_v1_15s_bed_elev
-46.0,21.0,-2402.44,ETOPO_2022_v1_15s_bed_elev
-45.9,21.0,-2515.47,ETOPO_2022_v1_15s_bed_elev
-45.8,21.0,-3539.16,ETOPO_2022_v1_15s_bed_elev
-45.7,21.0,-3668.61,ETOPO_2022_v1_15s_bed_elev
-45.6,21.0,-2464.96,ETOPO_2022_v1_15s_bed_elev
-45.5,21.0,-2916.37,ETOPO_2022_v1_15s_bed_elev
-45.4,21.0,-3301.04,ETOPO_2022_v1_15s_bed_elev
-45.3,21.0,-3320.52,ETOPO_2022_v1_15s_bed_elev
-45.2,21.0,-3073.68,ETOPO_2022_v1_15s_bed_elev
-45.1,21.0,-3738.08,ETOPO_2022_v1_15s_bed_elev
-45.0,21.0,-3607.42,ETOPO_2022_v1_15s_bed_elev
-44.9,21.0,-3340.43,ETOPO_2022_v1_15s_bed_elev
-44.8,21.0,-3622.38,ETOPO_2022_v1_15s_bed_elev
-44.7,21.0,-3602.46,ETOPO_2022_v1_15s_bed_elev
-44.6,21.0,-3504.11,ETOPO_2022_v1_15s_bed_elev
-44.5,21.0,-3530.6,ETOPO_2022_v1_15s_bed_elev
-44.4,21.0,-3539.34,ETOPO_2022_v1_15s_bed_elev
-44.3,21.0,-3792.29,ETOPO_2022_v1_15s_bed_elev
-44.2,21.0,-4080.02,ETOPO_2022_v1_15s_bed_elev
-44.1,21.0,-3775.4,ETOPO_2022_v1_15s_bed_elev
-44.0,21.0,-3801.09,ETOPO_2022_v1_15s_bed_elev
-43.9,21.0,-3600.15,ETOPO_2022_v1_15s_bed_elev
-43.8,21.0,-3675.34,ETOPO_2022_v1_15s_bed_elev
-43.7,21.0,-4194.46,ETOPO_2022_v1_15s_bed_elev
-43.6,21.0,-3916.11,ETOPO_2022_v1_15s_bed_elev
-43.5,21.0,-4262.37,ETOPO_2022_v1_15s_bed_elev
-43.4,21.0,-4347.6,ETOPO_2022_v1_15s_bed_elev
-43.3,21.0,-3721.52,ETOPO_2022_v1_15s_bed_elev
-43.2,21.0,-4022.59,ETOPO_2022_v1_15s_bed_elev
-43.1,21.0,-4259.6,ETOPO_2022_v1_15s_bed_elev
-43.0,21.0,-4023.51,ETOPO_2022_v1_15s_bed_elev
-42.9,21.0,-4007.77,ETOPO_2022_v1_15s_bed_elev
-42.8,21.0,-4328.74,ETOPO_2022_v1_15s_bed_elev
-42.7,21.0,-4680.67,ETOPO_2022_v1_15s_bed_elev
-42.6,21.0,-4548.98,ETOPO_2022_v1_15s_bed_elev
-42.5,21.0,-4363.91,ETOPO_2022_v1_15s_bed_elev
-42.4,21.0,-4548.75,ETOPO_2022_v1_15s_bed_elev
-42.3,21.0,-4677.34,ETOPO_2022_v1_15s_bed_elev
-42.2,21.0,-4490.35,ETOPO_2022_v1_15s_bed_elev
-42.1,21.0,-4587.46,ETOPO_2022_v1_15s_bed_elev
-42.0,21.0,-4681.03,ETOPO_2022_v1_15s_bed_elev
-41.9,21.0,-4299.22,ETOPO_2022_v1_15s_bed_elev
-41.8,21.0,-4577.48,ETOPO_2022_v1_15s_bed_elev
-41.7,21.0,-4955.99,ETOPO_2022_v1_15s_bed_elev
-41.6,21.0,-4526.49,ETOPO_2022_v1_15s_bed_elev
-41.5,21.0,-4509.78,ETOPO_2022_v1_15s_bed_elev
-41.4,21.0,-4826.19,ETOPO_2022_v1_15s_bed_elev
-41.3,21.0,-4938.88,ETOPO_2022_v1_15s_bed_elev
-41.2,21.0,-4430.41,ETOPO_2022_v1_15s_bed_elev
-41.1,21.0,-4553.02,ETOPO_2022_v1_15s_bed_elev
-41.0,21.0,-4754.09,ETOPO_2022_v1_15s_bed_elev
-40.9,21.0,-4587.89,ETOPO_2022_v1_15s_bed_elev
-40.8,21.0,-4770.06,ETOPO_2022_v1_15s_bed_elev
-40.7,21.0,-5130.12,ETOPO_2022_v1_15s_bed_elev
-40.6,21.0,-5135.47,ETOPO_2022_v1_15s_bed_elev
-40.5,21.0,-5048.32,ETOPO_2022_v1_15s_bed_elev
-40.4,21.0,-5170.04,ETOPO_2022_v1_15s_bed_elev
-40.3,21.0,-4970.56,ETOPO_2022_v1_15s_bed_elev
-40.2,21.0,-4925.21,ETOPO_2022_v1_15s_bed_elev
-40.1,21.0,-4960.65,ETOPO_2022_v1_15s_bed_elev
-40.0,21.0,-5320.7,ETOPO_2022_v1_15s_bed_elev
-39.9,21.0,-5378.29,ETOPO_2022_v1_15s_bed_elev
-39.8,21.0,-5237.05,ETOPO_2022_v1_15s_bed_elev
-39.7,21.0,-5244.85,ETOPO_2022_v1_15s_bed_elev
-39.6,21.0,-5240.95,ETOPO_2022_v1_15s_bed_elev
-39.5,21.0,-5149.82,ETOPO_2022_v1_15s_bed_elev
-39.4,21.0,-4973.07,ETOPO_2022_v1_15s_bed_elev
-39.3,21.0,-5097.6,ETOPO_2022_v1_15s_bed_elev
-39.2,21.0,-5016.57,ETOPO_2022_v1_15s_bed_elev
-39.1,21.0,-4902.19,ETOPO_2022_v1_15s_bed_elev
-39.0,21.0,-4849.92,ETOPO_2022_v1_15s_bed_elev
-38.9,21.0,-5209.64,ETOPO_2022_v1_15s_bed_elev
-38.8,21.0,-5376.83,ETOPO_2022_v1_15s_bed_elev
-38.7,21.0,-5167.35,ETOPO_2022_v1_15s_bed_elev
-38.6,21.0,-5498.48,ETOPO_2022_v1_15s_bed_elev
-38.5,21.0,-5660.24,ETOPO_2022_v1_15s_bed_elev
-38.4,21.0,-5934.26,ETOPO_2022_v1_15s_bed_elev
-38.3,21.0,-5741.88,ETOPO_2022_v1_15s_bed_elev
-38.2,21.0,-5516.38,ETOPO_2022_v1_15s_bed_elev
-38.1,21.0,-5394.6,ETOPO_2022_v1_15s_bed_elev
-38.0,21.0,-5451.95,ETOPO_2022_v1_15s_bed_elev
-37.9,21.0,-5359.97,ETOPO_2022_v1_15s_bed_elev
-37.8,21.0,-5923.67,ETOPO_2022_v1_15s_bed_elev
-37.7,21.0,-5805.15,ETOPO_2022_v1_15s_bed_elev
-37.6,21.0,-5496.49,ETOPO_2022_v1_15s_bed_elev
-37.5,21.0,-5791.1,ETOPO_2022_v1_15s_bed_elev
-37.4,21.0,-5606.48,ETOPO_2022_v1_15s_bed_elev
-37.3,21.0,-5550.7,ETOPO_2022_v1_15s_bed_elev
-37.2,21.0,-5682.01,ETOPO_2022_v1_15s_bed_elev
-37.1,21.0,-5820.83,ETOPO_2022_v1_15s_bed_elev
-37.0,21.0,-5607.44,ETOPO_2022_v1_15s_bed_elev
-36.9,21.0,-5468.49,ETOPO_2022_v1_15s_bed_elev
-36.8,21.0,-5473.09,ETOPO_2022_v1_15s_bed_elev
-36.7,21.0,-5508.63,ETOPO_2022_v1_15s_bed_elev
-36.6,21.0,-5596.46,ETOPO_2022_v1_15s_bed_elev
-36.5,21.0,-5399.56,ETOPO_2022_v1_15s_bed_elev
-36.4,21.0,-5645.47,ETOPO_2022_v1_15s_bed_elev
-36.3,21.0,-5516.61,ETOPO_2022_v1_15s_bed_elev
-36.2,21.0,-5153.22,ETOPO_2022_v1_15s_bed_elev
-36.1,21.0,-5802.12,ETOPO_2022_v1_15s_bed_elev
-36.0,21.0,-5817.31,ETOPO_2022_v1_15s_bed_elev
-35.9,21.0,-5630.28,ETOPO_2022_v1_15s_bed_elev
-35.8,21.0,-5447.95,ETOPO_2022_v1_15s_bed_elev
-35.7,21.0,-5397.26,ETOPO_2022_v1_15s_bed_elev
-35.6,21.0,-5421.64,ETOPO_2022_v1_15s_bed_elev
-35.5,21.0,-5755.77,ETOPO_2022_v1_15s_bed_elev
-35.4,21.0,-5318.25,ETOPO_2022_v1_15s_bed_elev
-35.3,21.0,-5190.97,ETOPO_2022_v1_15s_bed_elev
-35.2,21.0,-5172.48,ETOPO_2022_v1_15s_bed_elev
-35.1,21.0,-5362.21,ETOPO_2022_v1_15s_bed_elev
-35.0,21.0,-5330.19,ETOPO_2022_v1_15s_bed_elev
-51.0,21.1,-4750.06,ETOPO_2022_v1_15s_bed_elev
-50.9,21.1,-4603.27,ETOPO_2022_v1_15s_bed_elev
-50.8,21.1,-4579.51,ETOPO_2022_v1_15s_bed_elev
-50.7,21.1,-4746.19,ETOPO_2022_v1_15s_bed_elev
-50.6,21.1,-4631.19,ETOPO_2022_v1_15s_bed_elev
-50.5,21.1,-4547.27,ETOPO_2022_v1_15s_bed_elev
-50.4,21.1,-4635.39,ETOPO_2022_v1_15s_bed_elev
-50.3,21.1,-4690.92,ETOPO_2022_v1_15s_bed_elev
-50.2,21.1,-4617.41,ETOPO_2022_v1_15s_bed_elev
-50.1,21.1,-4543.27,ETOPO_2022_v1_15s_bed_elev
-50.0,21.1,-4302.95,ETOPO_2022_v1_15s_bed_elev
-49.9,21.1,-4245.66,ETOPO_2022_v1_15s_bed_elev
-49.8,21.1,-4437.82,ETOPO_2022_v1_15s_bed_elev
-49.7,21.1,-4582.06,ETOPO_2022_v1_15s_bed_elev
-49.6,21.1,-4448.99,ETOPO_2022_v1_15s_bed_elev
-49.5,21.1,-4581.23,ETOPO_2022_v1_15s_bed_elev
-49.4,21.1,-4497.53,ETOPO_2022_v1_15s_bed_elev
-49.3,21.1,-4353.47,ETOPO_2022_v1_15s_bed_elev
-49.2,21.1,-4427.98,ETOPO_2022_v1_15s_bed_elev
-49.1,21.1,-4327.05,ETOPO_2022_v1_15s_bed_elev
-49.0,21.1,-4692.82,ETOPO_2022_v1_15s_bed_elev
-48.9,21.1,-4664.25,ETOPO_2022_v1_15s_bed_elev
-48.8,21.1,-4568.4,ETOPO_2022_v1_15s_bed_elev
-48.7,21.1,-4687.9,ETOPO_2022_v1_15s_bed_elev
-48.6,21.1,-4573.05,ETOPO_2022_v1_15s_bed_elev
-48.5,21.1,-4343.02,ETOPO_2022_v1_15s_bed_elev
-48.4,21.1,-4150.65,ETOPO_2022_v1_15s_bed_elev
-48.3,21.1,-3838.16,ETOPO_2022_v1_15s_bed_elev
-48.2,21.1,-3997.17,ETOPO_2022_v1_15s_bed_elev
-48.1,21.1,-3933.74,ETOPO_2022_v1_15s_bed_elev
-48.0,21.1,-3991.43,ETOPO_2022_v1_15s_bed_elev
-47.9,21.1,-4239.31,ETOPO_2022_v1_15s_bed_elev
-47.8,21.1,-3622.58,ETOPO_2022_v1_15s_bed_elev
-47.7,21.1,-3436.99,ETOPO_2022_v1_15s_bed_elev
-47.6,21.1,-4077.7,ETOPO_2022_v1_15s_bed_elev
-47.5,21.1,-3901.31,ETOPO_2022_v1_15s_bed_elev
-47.4,21.1,-4053.55,ETOPO_2022_v1_15s_bed_elev
-47.3,21.1,-4144.86,ETOPO_2022_v1_15s_bed_elev
-47.2,21.1,-4142.8,ETOPO_2022_v1_15s_bed_elev
-47.1,21.1,-3644.07,ETOPO_2022_v1_15s_bed_elev
-47.0,21.1,-3903.16,ETOPO_2022_v1_15s_bed_elev
-46.9,21.1,-3958.43,ETOPO_2022_v1_15s_bed_elev
-46.8,21.1,-3705.65,ETOPO_2022_v1_15s_bed_elev
-46.7,21.1,-3580.24,ETOPO_2022_v1_15s_bed_elev
-46.6,21.1,-3701.72,ETOPO_2022_v1_15s_bed_elev
-46.5,21.1,-3668.11,ETOPO_2022_v1_15s_bed_elev
-46.4,21.1,-3612.58,ETOPO_2022_v1_15s_bed_elev
-46.3,21.1,-3501.17,ETOPO_2022_v1_15s_bed_elev
-46.2,21.1,-3204.53,ETOPO_2022_v1_15s_bed_elev
-46.1,21.1,-3226.44,ETOPO_2022_v1_15s_bed_elev
-46.0,21.1,-2357.21,ETOPO_2022_v1_15s_bed_elev
-45.9,21.1,-2434.73,ETOPO_2022_v1_15s_bed_elev
-45.8,21.1,-3538.02,ETOPO_2022_v1_15s_bed_elev
-45.7,21.1,-3151.39,ETOPO_2022_v1_15s_bed_elev
-45.6,21.1,-2530.3,ETOPO_2022_v1_15s_bed_elev
-45.5,21.1,-2986.06,ETOPO_2022_v1_15s_bed_elev
-45.4,21.1,-3171.83,ETOPO_2022_v1_15s_bed_elev
-45.3,21.1,-3462.15,ETOPO_2022_v1_15s_bed_elev
-45.2,21.1,-3266.38,ETOPO_2022_v1_15s_bed_elev
-45.1,21.1,-3736.7,ETOPO_2022_v1_15s_bed_elev
-45.0,21.1,-3494.25,ETOPO_2022_v1_15s_bed_elev
-44.9,21.1,-3279.75,ETOPO_2022_v1_15s_bed_elev
-44.8,21.1,-3576.48,ETOPO_2022_v1_15s_bed_elev
-44.7,21.1,-3548.17,ETOPO_2022_v1_15s_bed_elev
-44.6,21.1,-3708.87,ETOPO_2022_v1_15s_bed_elev
-44.5,21.1,-3532.82,ETOPO_2022_v1_15s_bed_elev
-44.4,21.1,-3602.56,ETOPO_2022_v1_15s_bed_elev
-44.3,21.1,-3662.97,ETOPO_2022_v1_15s_bed_elev
-44.2,21.1,-4139.88,ETOPO_2022_v1_15s_bed_elev
-44.1,21.1,-3767.79,ETOPO_2022_v1_15s_bed_elev
-44.0,21.1,-3674.78,ETOPO_2022_v1_15s_bed_elev
-43.9,21.1,-3696.72,ETOPO_2022_v1_15s_bed_elev
-43.8,21.1,-3954.81,ETOPO_2022_v1_15s_bed_elev
-43.7,21.1,-4403.64,ETOPO_2022_v1_15s_bed_elev
-43.6,21.1,-4293.09,ETOPO_2022_v1_15s_bed_elev
-43.5,21.1,-4244.43,ETOPO_2022_v1_15s_bed_elev
-43.4,21.1,-4154.08,ETOPO_2022_v1_15s_bed_elev
-43.3,21.1,-4223.81,ETOPO_2022_v1_15s_bed_elev
-43.2,21.1,-4526.86,ETOPO_2022_v1_15s_bed_elev
-43.1,21.1,-4639.14,ETOPO_2022_v1_15s_bed_elev
-43.0,21.1,-4604.89,ETOPO_2022_v1_15s_bed_elev
-42.9,21.1,-4468.31,ETOPO_2022_v1_15s_bed_elev
-42.8,21.1,-4765.73,ETOPO_2022_v1_15s_bed_elev
-42.7,21.1,-4554.08,ETOPO_2022_v1_15s_bed_elev
-42.6,21.1,-4242.69,ETOPO_2022_v1_15s_bed_elev
-42.5,21.1,-4154.83,ETOPO_2022_v1_15s_bed_elev
-42.4,21.1,-4192.92,ETOPO_2022_v1_15s_bed_elev
-42.3,21.1,-4376.8,ETOPO_2022_v1_15s_bed_elev
-42.2,21.1,-4384.91,ETOPO_2022_v1_15s_bed_elev
-42.1,21.1,-4456.71,ETOPO_2022_v1_15s_bed_elev
-42.0,21.1,-4470.44,ETOPO_2022_v1_15s_bed_elev
-41.9,21.1,-4295.15,ETOPO_2022_v1_15s_bed_elev
-41.8,21.1,-4568.59,ETOPO_2022_v1_15s_bed_elev
-41.7,21.1,-4663.43,ETOPO_2022_v1_15s_bed_elev
-41.6,21.1,-4272.82,ETOPO_2022_v1_15s_bed_elev
-41.5,21.1,-4481.26,ETOPO_2022_v1_15s_bed_elev
-41.4,21.1,-4631.22,ETOPO_2022_v1_15s_bed_elev
-41.3,21.1,-4702.44,ETOPO_2022_v1_15s_bed_elev
-41.2,21.1,-4737.5,ETOPO_2022_v1_15s_bed_elev
-41.1,21.1,-4925.81,ETOPO_2022_v1_15s_bed_elev
-41.0,21.1,-5026.17,ETOPO_2022_v1_15s_bed_elev
-40.9,21.1,-4967.34,ETOPO_2022_v1_15s_bed_elev
-40.8,21.1,-5147.09,ETOPO_2022_v1_15s_bed_elev
-40.7,21.1,-5189.93,ETOPO_2022_v1_15s_bed_elev
-40.6,21.1,-5322.1,ETOPO_2022_v1_15s_bed_elev
-40.5,21.1,-5306.9,ETOPO_2022_v1_15s_bed_elev
-40.4,21.1,-5431.66,ETOPO_2022_v1_15s_bed_elev
-40.3,21.1,-5027.43,ETOPO_2022_v1_15s_bed_elev
-40.2,21.1,-4783.22,ETOPO_2022_v1_15s_bed_elev
-40.1,21.1,-4922.95,ETOPO_2022_v1_15s_bed_elev
-40.0,21.1,-5290.13,ETOPO_2022_v1_15s_bed_elev
-39.9,21.1,-5357.71,ETOPO_2022_v1_15s_bed_elev
-39.8,21.1,-5263.63,ETOPO_2022_v1_15s_bed_elev
-39.7,21.1,-5358.85,ETOPO_2022_v1_15s_bed_elev
-39.6,21.1,-5169.61,ETOPO_2022_v1_15s_bed_elev
-39.5,21.1,-5276.17,ETOPO_2022_v1_15s_bed_elev
-39.4,21.1,-5129.03,ETOPO_2022_v1_15s_bed_elev
-39.3,21.1,-5315.67,ETOPO_2022_v1_15s_bed_elev
-39.2,21.1,-5584.93,ETOPO_2022_v1_15s_bed_elev
-39.1,21.1,-5126.91,ETOPO_2022_v1_15s_bed_elev
-39.0,21.1,-4882.76,ETOPO_2022_v1_15s_bed_elev
-38.9,21.1,-5130.54,ETOPO_2022_v1_15s_bed_elev
-38.8,21.1,-5335.12,ETOPO_2022_v1_15s_bed_elev
-38.7,21.1,-5581.56,ETOPO_2022_v1_15s_bed_elev
-38.6,21.1,-5323.0,ETOPO_2022_v1_15s_bed_elev
-38.5,21.1,-5196.79,ETOPO_2022_v1_15s_bed_elev
-38.4,21.1,-5647.48,ETOPO_2022_v1_15s_bed_elev
-38.3,21.1,-5533.03,ETOPO_2022_v1_15s_bed_elev
-38.2,21.1,-5666.12,ETOPO_2022_v1_15s_bed_elev
-38.1,21.1,-5502.89,ETOPO_2022_v1_15s_bed_elev
-38.0,21.1,-5536.14,ETOPO_2022_v1_15s_bed_elev
-37.9,21.1,-5477.62,ETOPO_2022_v1_15s_bed_elev
-37.8,21.1,-5906.94,ETOPO_2022_v1_15s_bed_elev
-37.7,21.1,-5576.7,ETOPO_2022_v1_15s_bed_elev
-37.6,21.1,-5542.79,ETOPO_2022_v1_15s_bed_elev
-37.5,21.1,-5677.52,ETOPO_2022_v1_15s_bed_elev
-37.4,21.1,-5677.71,ETOPO_2022_v1_15s_bed_elev
-37.3,21.1,-5647.87,ETOPO_2022_v1_15s_bed_elev
-37.2,21.1,-5657.29,ETOPO_2022_v1_15s_bed_elev
-37.1,21.1,-5932.44,ETOPO_2022_v1_15s_bed_elev
-37.0,21.1,-5438.93,ETOPO_2022_v1_15s_bed_elev
-36.9,21.1,-5489.61,ETOPO_2022_v1_15s_bed_elev
-36.8,21.1,-5530.16,ETOPO_2022_v1_15s_bed_elev
-36.7,21.1,-5527.81,ETOPO_2022_v1_15s_bed_elev
-36.6,21.1,-5666.38,ETOPO_2022_v1_15s_bed_elev
-36.5,21.1,-5519.62,ETOPO_2022_v1_15s_bed_elev
-36.4,21.1,-5567.54,ETOPO_2022_v1_15s_bed_elev
-36.3,21.1,-5655.72,ETOPO_2022_v1_15s_bed_elev
-36.2,21.1,-5019.83,ETOPO_2022_v1_15s_bed_elev
-36.1,21.1,-5498.84,ETOPO_2022_v1_15s_bed_elev
-36.0,21.1,-5370.22,ETOPO_2022_v1_15s_bed_elev
-35.9,21.1,-5901.92,ETOPO_2022_v1_15s_bed_elev
-35.8,21.1,-5816.86,ETOPO_2022_v1_15s_bed_elev
-35.7,21.1,-5543.59,ETOPO_2022_v1_15s_bed_elev
-35.6,21.1,-5111.35,ETOPO_2022_v1_15s_bed_elev
-35.5,21.1,-5387.47,ETOPO_2022_v1_15s_bed_elev
-35.4,21.1,-5421.42,ETOPO_2022_v1_15s_bed_elev
-35.3,21.1,-5617.38,ETOPO_2022_v1_15s_bed_elev
-35.2,21.1,-5744.77,ETOPO_2022_v1_15s_bed_elev
-35.1,21.1,-5302.93,ETOPO_2022_v1_15s_bed_elev
-35.0,21.1,-5193.87,ETOPO_2022_v1_15s_bed_elev
-51.0,21.2,-4566.81,ETOPO_2022_v1_15s_bed_elev
-50.9,21.2,-4531.42,ETOPO_2022_v1_15s_bed_elev
-50.8,21.2,-4464.17,ETOPO_2022_v1_15s_bed_elev
-50.7,21.2,-4696.6,ETOPO_2022_v1_15s_bed_elev
-50.6,21.2,-4764.54,ETOPO_2022_v1_15s_bed_elev
-50.5,21.2,-4730.27,ETOPO_2022_v1_15s_bed_elev
-50.4,21.2,-4692.59,ETOPO_2022_v1_15s_bed_elev
-50.3,21.2,-4666.98,ETOPO_2022_v1_15s_bed_elev
-50.2,21.2,-4319.83,ETOPO_2022_v1_15s_bed_elev
-50.1,21.2,-4381.38,ETOPO_2022_v1_15s_bed_elev
-50.0,21.2,-4528.67,ETOPO_2022_v1_15s_bed_elev
-49.9,21.2,-4353.23,ETOPO_2022_v1_15s_bed_elev
-49.8,21.2,-4470.85,ETOPO_2022_v1_15s_bed_elev
-49.7,21.2,-4443.51,ETOPO_2022_v1_15s_bed_elev
-49.6,21.2,-4202.5,ETOPO_2022_v1_15s_bed_elev
-49.5,21.2,-4658.2,ETOPO_2022_v1_15s_bed_elev
-49.4,21.2,-4311.63,ETOPO_2022_v1_15s_bed_elev
-49.3,21.2,-4136.45,ETOPO_2022_v1_15s_bed_elev
-49.2,21.2,-4660.16,ETOPO_2022_v1_15s_bed_elev
-49.1,21.2,-4682.75,ETOPO_2022_v1_15s_bed_elev
-49.0,21.2,-4786.54,ETOPO_2022_v1_15s_bed_elev
-48.9,21.2,-4846.23,ETOPO_2022_v1_15s_bed_elev
-48.8,21.2,-4734.48,ETOPO_2022_v1_15s_bed_elev
-48.7,21.2,-4449.23,ETOPO_2022_v1_15s_bed_elev
-48.6,21.2,-4241.37,ETOPO_2022_v1_15s_bed_elev
-48.5,21.2,-4204.07,ETOPO_2022_v1_15s_bed_elev
-48.4,21.2,-3894.7,ETOPO_2022_v1_15s_bed_elev
-48.3,21.2,-3794.33,ETOPO_2022_v1_15s_bed_elev
-48.2,21.2,-3841.22,ETOPO_2022_v1_15s_bed_elev
-48.1,21.2,-3669.95,ETOPO_2022_v1_15s_bed_elev
-48.0,21.2,-3777.99,ETOPO_2022_v1_15s_bed_elev
-47.9,21.2,-4253.01,ETOPO_2022_v1_15s_bed_elev
-47.8,21.2,-4331.44,ETOPO_2022_v1_15s_bed_elev
-47.7,21.2,-4159.56,ETOPO_2022_v1_15s_bed_elev
-47.6,21.2,-4060.23,ETOPO_2022_v1_15s_bed_elev
-47.5,21.2,-3807.33,ETOPO_2022_v1_15s_bed_elev
-47.4,21.2,-3915.4,ETOPO_2022_v1_15s_bed_elev
-47.3,21.2,-3798.86,ETOPO_2022_v1_15s_bed_elev
-47.2,21.2,-3916.18,ETOPO_2022_v1_15s_bed_elev
-47.1,21.2,-3603.61,ETOPO_2022_v1_15s_bed_elev
-47.0,21.2,-3692.55,ETOPO_2022_v1_15s_bed_elev
-46.9,21.2,-3795.13,ETOPO_2022_v1_15s_bed_elev
-46.8,21.2,-3555.4,ETOPO_2022_v1_15s_bed_elev
-46.7,21.2,-3494.1,ETOPO_2022_v1_15s_bed_elev
-46.6,21.2,-3513.33,ETOPO_2022_v1_15s_bed_elev
-46.5,21.2,-3813.67,ETOPO_2022_v1_15s_bed_elev
-46.4,21.2,-3689.38,ETOPO_2022_v1_15s_bed_elev
-46.3,21.2,-3437.54,ETOPO_2022_v1_15s_bed_elev
-46.2,21.2,-2980.98,ETOPO_2022_v1_15s_bed_elev
-46.1,21.2,-2512.14,ETOPO_2022_v1_15s_bed_elev
-46.0,21.2,-2812.69,ETOPO_2022_v1_15s_bed_elev
-45.9,21.2,-2636.59,ETOPO_2022_v1_15s_bed_elev
-45.8,21.2,-3561.47,ETOPO_2022_v1_15s_bed_elev
-45.7,21.2,-3264.29,ETOPO_2022_v1_15s_bed_elev
-45.6,21.2,-2752.39,ETOPO_2022_v1_15s_bed_elev
-45.5,21.2,-3190.92,ETOPO_2022_v1_15s_bed_elev
-45.4,21.2,-3267.31,ETOPO_2022_v1_15s_bed_elev
-45.3,21.2,-3166.51,ETOPO_2022_v1_15s_bed_elev
-45.2,21.2,-3479.93,ETOPO_2022_v1_15s_bed_elev
-45.1,21.2,-3342.7,ETOPO_2022_v1_15s_bed_elev
-45.0,21.2,-3338.97,ETOPO_2022_v1_15s_bed_elev
-44.9,21.2,-3134.15,ETOPO_2022_v1_15s_bed_elev
-44.8,21.2,-3423.74,ETOPO_2022_v1_15s_bed_elev
-44.7,21.2,-3491.38,ETOPO_2022_v1_15s_bed_elev
-44.6,21.2,-3718.08,ETOPO_2022_v1_15s_bed_elev
-44.5,21.2,-3628.32,ETOPO_2022_v1_15s_bed_elev
-44.4,21.2,-3607.43,ETOPO_2022_v1_15s_bed_elev
-44.3,21.2,-3619.45,ETOPO_2022_v1_15s_bed_elev
-44.2,21.2,-4099.23,ETOPO_2022_v1_15s_bed_elev
-44.1,21.2,-3780.13,ETOPO_2022_v1_15s_bed_elev
-44.0,21.2,-4149.37,ETOPO_2022_v1_15s_bed_elev
-43.9,21.2,-4582.84,ETOPO_2022_v1_15s_bed_elev
-43.8,21.2,-4352.19,ETOPO_2022_v1_15s_bed_elev
-43.7,21.2,-4163.62,ETOPO_2022_v1_15s_bed_elev
-43.6,21.2,-4174.9,ETOPO_2022_v1_15s_bed_elev
-43.5,21.2,-4517.53,ETOPO_2022_v1_15s_bed_elev
-43.4,21.2,-4351.28,ETOPO_2022_v1_15s_bed_elev
-43.3,21.2,-4311.52,ETOPO_2022_v1_15s_bed_elev
-43.2,21.2,-4526.49,ETOPO_2022_v1_15s_bed_elev
-43.1,21.2,-4391.7,ETOPO_2022_v1_15s_bed_elev
-43.0,21.2,-4449.78,ETOPO_2022_v1_15s_bed_elev
-42.9,21.2,-4461.44,ETOPO_2022_v1_15s_bed_elev
-42.8,21.2,-4667.32,ETOPO_2022_v1_15s_bed_elev
-42.7,21.2,-4483.98,ETOPO_2022_v1_15s_bed_elev
-42.6,21.2,-4169.02,ETOPO_2022_v1_15s_bed_elev
-42.5,21.2,-4257.48,ETOPO_2022_v1_15s_bed_elev
-42.4,21.2,-4337.75,ETOPO_2022_v1_15s_bed_elev
-42.3,21.2,-4212.49,ETOPO_2022_v1_15s_bed_elev
-42.2,21.2,-4193.85,ETOPO_2022_v1_15s_bed_elev
-42.1,21.2,-4486.79,ETOPO_2022_v1_15s_bed_elev
-42.0,21.2,-4495.88,ETOPO_2022_v1_15s_bed_elev
-41.9,21.2,-4538.89,ETOPO_2022_v1_15s_bed_elev
-41.8,21.2,-4738.6,ETOPO_2022_v1_15s_bed_elev
-41.7,21.2,-4660.55,ETOPO_2022_v1_15s_bed_elev
-41.6,21.2,-4267.75,ETOPO_2022_v1_15s_bed_elev
-41.5,21.2,-4528.03,ETOPO_2022_v1_15s_bed_elev
-41.4,21.2,-4742.31,ETOPO_2022_v1_15s_bed_elev
-41.3,21.2,-4737.0,ETOPO_2022_v1_15s_bed_elev
-41.2,21.2,-4947.8,ETOPO_2022_v1_15s_bed_elev
-41.1,21.2,-5074.52,ETOPO_2022_v1_15s_bed_elev
-41.0,21.2,-5141.28,ETOPO_2022_v1_15s_bed_elev
-40.9,21.2,-5310.59,ETOPO_2022_v1_15s_bed_elev
-40.8,21.2,-5495.59,ETOPO_2022_v1_15s_bed_elev
-40.7,21.2,-5203.58,ETOPO_2022_v1_15s_bed_elev
-40.6,21.2,-5172.79,ETOPO_2022_v1_15s_bed_elev
-40.5,21.2,-5153.69,ETOPO_2022_v1_15s_bed_elev
-40.4,21.2,-5289.45,ETOPO_2022_v1_15s_bed_elev
-40.3,21.2,-5163.39,ETOPO_2022_v1_15s_bed_elev
-40.2,21.2,-4919.29,ETOPO_2022_v1_15s_bed_elev
-40.1,21.2,-5031.65,ETOPO_2022_v1_15s_bed_elev
-40.0,21.2,-5031.97,ETOPO_2022_v1_15s_bed_elev
-39.9,21.2,-4826.78,ETOPO_2022_v1_15s_bed_elev
-39.8,21.2,-5066.94,ETOPO_2022_v1_15s_bed_elev
-39.7,21.2,-5374.19,ETOPO_2022_v1_15s_bed_elev
-39.6,21.2,-4994.58,ETOPO_2022_v1_15s_bed_elev
-39.5,21.2,-5351.77,ETOPO_2022_v1_15s_bed_elev
-39.4,21.2,-4973.2,ETOPO_2022_v1_15s_bed_elev
-39.3,21.2,-5000.68,ETOPO_2022_v1_15s_bed_elev
-39.2,21.2,-5307.12,ETOPO_2022_v1_15s_bed_elev
-39.1,21.2,-5326.18,ETOPO_2022_v1_15s_bed_elev
-39.0,21.2,-5181.13,ETOPO_2022_v1_15s_bed_elev
-38.9,21.2,-5114.14,ETOPO_2022_v1_15s_bed_elev
-38.8,21.2,-5187.17,ETOPO_2022_v1_15s_bed_elev
-38.7,21.2,-5452.49,ETOPO_2022_v1_15s_bed_elev
-38.6,21.2,-5454.76,ETOPO_2022_v1_15s_bed_elev
-38.5,21.2,-5826.64,ETOPO_2022_v1_15s_bed_elev
-38.4,21.2,-5917.02,ETOPO_2022_v1_15s_bed_elev
-38.3,21.2,-5535.85,ETOPO_2022_v1_15s_bed_elev
-38.2,21.2,-5386.57,ETOPO_2022_v1_15s_bed_elev
-38.1,21.2,-5432.83,ETOPO_2022_v1_15s_bed_elev
-38.0,21.2,-5399.63,ETOPO_2022_v1_15s_bed_elev
-37.9,21.2,-5497.34,ETOPO_2022_v1_15s_bed_elev
-37.8,21.2,-5671.79,ETOPO_2022_v1_15s_bed_elev
-37.7,21.2,-5527.6,ETOPO_2022_v1_15s_bed_elev
-37.6,21.2,-5551.96,ETOPO_2022_v1_15s_bed_elev
-37.5,21.2,-5538.5,ETOPO_2022_v1_15s_bed_elev
-37.4,21.2,-5570.16,ETOPO_2022_v1_15s_bed_elev
-37.3,21.2,-5861.06,ETOPO_2022_v1_15s_bed_elev
-37.2,21.2,-5939.02,ETOPO_2022_v1_15s_bed_elev
-37.1,21.2,-5872.19,ETOPO_2022_v1_15s_bed_elev
-37.0,21.2,-5390.35,ETOPO_2022_v1_15s_bed_elev
-36.9,21.2,-5772.4,ETOPO_2022_v1_15s_bed_elev
-36.8,21.2,-5529.68,ETOPO_2022_v1_15s_bed_elev
-36.7,21.2,-5580.62,ETOPO_2022_v1_15s_bed_elev
-36.6,21.2,-5634.3,ETOPO_2022_v1_15s_bed_elev
-36.5,21.2,-5410.35,ETOPO_2022_v1_15s_bed_elev
-36.4,21.2,-5522.7,ETOPO_2022_v1_15s_bed_elev
-36.3,21.2,-5418.64,ETOPO_2022_v1_15s_bed_elev
-36.2,21.2,-5263.5,ETOPO_2022_v1_15s_bed_elev
-36.1,21.2,-5431.82,ETOPO_2022_v1_15s_bed_elev
-36.0,21.2,-4689.45,ETOPO_2022_v1_15s_bed_elev
-35.9,21.2,-5336.32,ETOPO_2022_v1_15s_bed_elev
-35.8,21.2,-5503.75,ETOPO_2022_v1_15s_bed_elev
-35.7,21.2,-5491.72,ETOPO_2022_v1_15s_bed_elev
-35.6,21.2,-5273.69,ETOPO_2022_v1_15s_bed_elev
-35.5,21.2,-5604.79,ETOPO_2022_v1_15s_bed_elev
-35.4,21.2,-5806.92,ETOPO_2022_v1_15s_bed_elev
-35.3,21.2,-5662.36,ETOPO_2022_v1_15s_bed_elev
-35.2,21.2,-5647.27,ETOPO_2022_v1_15s_bed_elev
-35.1,21.2,-5662.1,ETOPO_2022_v1_15s_bed_elev
-35.0,21.2,-5253.12,ETOPO_2022_v1_15s_bed_elev
-51.0,21.3,-4563.71,ETOPO_2022_v1_15s_bed_elev
-50.9,21.3,-4567.79,ETOPO_2022_v1_15s_bed_elev
-50.8,21.3,-4487.24,ETOPO_2022_v1_15s_bed_elev
-50.7,21.3,-4673.35,ETOPO_2022_v1_15s_bed_elev
-50.6,21.3,-4610.18,ETOPO_2022_v1_15s_bed_elev
-50.5,21.3,-4631.27,ETOPO_2022_v1_15s_bed_elev
-50.4,21.3,-4486.43,ETOPO_2022_v1_15s_bed_elev
-50.3,21.3,-4510.46,ETOPO_2022_v1_15s_bed_elev
-50.2,21.3,-4163.24,ETOPO_2022_v1_15s_bed_elev
-50.1,21.3,-4402.83,ETOPO_2022_v1_15s_bed_elev
-50.0,21.3,-4568.87,ETOPO_2022_v1_15s_bed_elev
-49.9,21.3,-4494.54,ETOPO_2022_v1_15s_bed_elev
-49.8,21.3,-4316.93,ETOPO_2022_v1_15s_bed_elev
-49.7,21.3,-4521.66,ETOPO_2022_v1_15s_bed_elev
-49.6,21.3,-4499.58,ETOPO_2022_v1_15s_bed_elev
-49.5,21.3,-4943.7,ETOPO_2022_v1_15s_bed_elev
-49.4,21.3,-4911.46,ETOPO_2022_v1_15s_bed_elev
-49.3,21.3,-4686.4,ETOPO_2022_v1_15s_bed_elev
-49.2,21.3,-4421.22,ETOPO_2022_v1_15s_bed_elev
-49.1,21.3,-4453.2,ETOPO_2022_v1_15s_bed_elev
-49.0,21.3,-4320.68,ETOPO_2022_v1_15s_bed_elev
-48.9,21.3,-4517.73,ETOPO_2022_v1_15s_bed_elev
-48.8,21.3,-4490.35,ETOPO_2022_v1_15s_bed_elev
-48.7,21.3,-4219.25,ETOPO_2022_v1_15s_bed_elev
-48.6,21.3,-4063.82,ETOPO_2022_v1_15s_bed_elev
-48.5,21.3,-4216.98,ETOPO_2022_v1_15s_bed_elev
-48.4,21.3,-4160.2,ETOPO_2022_v1_15s_bed_elev
-48.3,21.3,-3788.52,ETOPO_2022_v1_15s_bed_elev
-48.2,21.3,-4031.18,ETOPO_2022_v1_15s_bed_elev
-48.1,21.3,-4021.77,ETOPO_2022_v1_15s_bed_elev
-48.0,21.3,-3941.46,ETOPO_2022_v1_15s_bed_elev
-47.9,21.3,-4405.92,ETOPO_2022_v1_15s_bed_elev
-47.8,21.3,-4120.52,ETOPO_2022_v1_15s_bed_elev
-47.7,21.3,-4061.98,ETOPO_2022_v1_15s_bed_elev
-47.6,21.3,-4008.99,ETOPO_2022_v1_15s_bed_elev
-47.5,21.3,-3854.46,ETOPO_2022_v1_15s_bed_elev
-47.4,21.3,-4016.06,ETOPO_2022_v1_15s_bed_elev
-47.3,21.3,-3813.8,ETOPO_2022_v1_15s_bed_elev
-47.2,21.3,-3675.59,ETOPO_2022_v1_15s_bed_elev
-47.1,21.3,-3531.81,ETOPO_2022_v1_15s_bed_elev
-47.0,21.3,-3666.72,ETOPO_2022_v1_15s_bed_elev
-46.9,21.3,-3865.76,ETOPO_2022_v1_15s_bed_elev
-46.8,21.3,-3501.44,ETOPO_2022_v1_15s_bed_elev
-46.7,21.3,-3520.47,ETOPO_2022_v1_15s_bed_elev
-46.6,21.3,-3352.0,ETOPO_2022_v1_15s_bed_elev
-46.5,21.3,-3593.42,ETOPO_2022_v1_15s_bed_elev
-46.4,21.3,-3723.47,ETOPO_2022_v1_15s_bed_elev
-46.3,21.3,-3525.75,ETOPO_2022_v1_15s_bed_elev
-46.2,21.3,-3122.9,ETOPO_2022_v1_15s_bed_elev
-46.1,21.3,-2652.65,ETOPO_2022_v1_15s_bed_elev
-46.0,21.3,-3359.68,ETOPO_2022_v1_15s_bed_elev
-45.9,21.3,-2985.66,ETOPO_2022_v1_15s_bed_elev
-45.8,21.3,-3498.43,ETOPO_2022_v1_15s_bed_elev
-45.7,21.3,-2946.93,ETOPO_2022_v1_15s_bed_elev
-45.6,21.3,-2847.51,ETOPO_2022_v1_15s_bed_elev
-45.5,21.3,-3390.6,ETOPO_2022_v1_15s_bed_elev
-45.4,21.3,-3119.6,ETOPO_2022_v1_15s_bed_elev
-45.3,21.3,-2555.85,ETOPO_2022_v1_15s_bed_elev
-45.2,21.3,-2988.31,ETOPO_2022_v1_15s_bed_elev
-45.1,21.3,-2924.93,ETOPO_2022_v1_15s_bed_elev
-45.0,21.3,-3126.38,ETOPO_2022_v1_15s_bed_elev
-44.9,21.3,-3036.96,ETOPO_2022_v1_15s_bed_elev
-44.8,21.3,-3301.74,ETOPO_2022_v1_15s_bed_elev
-44.7,21.3,-3401.7,ETOPO_2022_v1_15s_bed_elev
-44.6,21.3,-3644.5,ETOPO_2022_v1_15s_bed_elev
-44.5,21.3,-3584.31,ETOPO_2022_v1_15s_bed_elev
-44.4,21.3,-3568.2,ETOPO_2022_v1_15s_bed_elev
-44.3,21.3,-3371.42,ETOPO_2022_v1_15s_bed_elev
-44.2,21.3,-4018.7,ETOPO_2022_v1_15s_bed_elev
-44.1,21.3,-3900.69,ETOPO_2022_v1_15s_bed_elev
-44.0,21.3,-4171.26,ETOPO_2022_v1_15s_bed_elev
-43.9,21.3,-4339.72,ETOPO_2022_v1_15s_bed_elev
-43.8,21.3,-4114.78,ETOPO_2022_v1_15s_bed_elev
-43.7,21.3,-3883.69,ETOPO_2022_v1_15s_bed_elev
-43.6,21.3,-4155.49,ETOPO_2022_v1_15s_bed_elev
-43.5,21.3,-4531.78,ETOPO_2022_v1_15s_bed_elev
-43.4,21.3,-4284.4,ETOPO_2022_v1_15s_bed_elev
-43.3,21.3,-4171.84,ETOPO_2022_v1_15s_bed_elev
-43.2,21.3,-4113.5,ETOPO_2022_v1_15s_bed_elev
-43.1,21.3,-4041.6,ETOPO_2022_v1_15s_bed_elev
-43.0,21.3,-4094.04,ETOPO_2022_v1_15s_bed_elev
-42.9,21.3,-4420.21,ETOPO_2022_v1_15s_bed_elev
-42.8,21.3,-4580.8,ETOPO_2022_v1_15s_bed_elev
-42.7,21.3,-4699.57,ETOPO_2022_v1_15s_bed_elev
-42.6,21.3,-4456.65,ETOPO_2022_v1_15s_bed_elev
-42.5,21.3,-4575.56,ETOPO_2022_v1_15s_bed_elev
-42.4,21.3,-4656.8,ETOPO_2022_v1_15s_bed_elev
-42.3,21.3,-4413.64,ETOPO_2022_v1_15s_bed_elev
-42.2,21.3,-4178.95,ETOPO_2022_v1_15s_bed_elev
-42.1,21.3,-4658.4,ETOPO_2022_v1_15s_bed_elev
-42.0,21.3,-4703.52,ETOPO_2022_v1_15s_bed_elev
-41.9,21.3,-4503.6,ETOPO_2022_v1_15s_bed_elev
-41.8,21.3,-4523.77,ETOPO_2022_v1_15s_bed_elev
-41.7,21.3,-4858.46,ETOPO_2022_v1_15s_bed_elev
-41.6,21.3,-4479.82,ETOPO_2022_v1_15s_bed_elev
-41.5,21.3,-4664.16,ETOPO_2022_v1_15s_bed_elev
-41.4,21.3,-5127.84,ETOPO_2022_v1_15s_bed_elev
-41.3,21.3,-5231.44,ETOPO_2022_v1_15s_bed_elev
-41.2,21.3,-5138.85,ETOPO_2022_v1_15s_bed_elev
-41.1,21.3,-4885.07,ETOPO_2022_v1_15s_bed_elev
-41.0,21.3,-4901.39,ETOPO_2022_v1_15s_bed_elev
-40.9,21.3,-4719.74,ETOPO_2022_v1_15s_bed_elev
-40.8,21.3,-4978.76,ETOPO_2022_v1_15s_bed_elev
-40.7,21.3,-4795.58,ETOPO_2022_v1_15s_bed_elev
-40.6,21.3,-4696.23,ETOPO_2022_v1_15s_bed_elev
-40.5,21.3,-4716.34,ETOPO_2022_v1_15s_bed_elev
-40.4,21.3,-5175.04,ETOPO_2022_v1_15s_bed_elev
-40.3,21.3,-5387.72,ETOPO_2022_v1_15s_bed_elev
-40.2,21.3,-5004.43,ETOPO_2022_v1_15s_bed_elev
-40.1,21.3,-4959.51,ETOPO_2022_v1_15s_bed_elev
-40.0,21.3,-4888.4,ETOPO_2022_v1_15s_bed_elev
-39.9,21.3,-4881.31,ETOPO_2022_v1_15s_bed_elev
-39.8,21.3,-5236.12,ETOPO_2022_v1_15s_bed_elev
-39.7,21.3,-5529.48,ETOPO_2022_v1_15s_bed_elev
-39.6,21.3,-5052.34,ETOPO_2022_v1_15s_bed_elev
-39.5,21.3,-5359.75,ETOPO_2022_v1_15s_bed_elev
-39.4,21.3,-5057.09,ETOPO_2022_v1_15s_bed_elev
-39.3,21.3,-5069.52,ETOPO_2022_v1_15s_bed_elev
-39.2,21.3,-5328.18,ETOPO_2022_v1_15s_bed_elev
-39.1,21.3,-5581.02,ETOPO_2022_v1_15s_bed_elev
-39.0,21.3,-5310.85,ETOPO_2022_v1_15s_bed_elev
-38.9,21.3,-5204.06,ETOPO_2022_v1_15s_bed_elev
-38.8,21.3,-5252.59,ETOPO_2022_v1_15s_bed_elev
-38.7,21.3,-5563.85,ETOPO_2022_v1_15s_bed_elev
-38.6,21.3,-5472.05,ETOPO_2022_v1_15s_bed_elev
-38.5,21.3,-5239.38,ETOPO_2022_v1_15s_bed_elev
-38.4,21.3,-5257.67,ETOPO_2022_v1_15s_bed_elev
-38.3,21.3,-5561.25,ETOPO_2022_v1_15s_bed_elev
-38.2,21.3,-5345.58,ETOPO_2022_v1_15s_bed_elev
-38.1,21.3,-5135.75,ETOPO_2022_v1_15s_bed_elev
-38.0,21.3,-4761.95,ETOPO_2022_v1_15s_bed_elev
-37.9,21.3,-5271.15,ETOPO_2022_v1_15s_bed_elev
-37.8,21.3,-5487.42,ETOPO_2022_v1_15s_bed_elev
-37.7,21.3,-5251.06,ETOPO_2022_v1_15s_bed_elev
-37.6,21.3,-5462.17,ETOPO_2022_v1_15s_bed_elev
-37.5,21.3,-5579.6,ETOPO_2022_v1_15s_bed_elev
-37.4,21.3,-5605.16,ETOPO_2022_v1_15s_bed_elev
-37.3,21.3,-5819.73,ETOPO_2022_v1_15s_bed_elev
-37.2,21.3,-5826.46,ETOPO_2022_v1_15s_bed_elev
-37.1,21.3,-5891.68,ETOPO_2022_v1_15s_bed_elev
-37.0,21.3,-5297.07,ETOPO_2022_v1_15s_bed_elev
-36.9,21.3,-5879.84,ETOPO_2022_v1_15s_bed_elev
-36.8,21.3,-5614.17,ETOPO_2022_v1_15s_bed_elev
-36.7,21.3,-5506.51,ETOPO_2022_v1_15s_bed_elev
-36.6,21.3,-5509.61,ETOPO_2022_v1_15s_bed_elev
-36.5,21.3,-5543.11,ETOPO_2022_v1_15s_bed_elev
-36.4,21.3,-5529.32,ETOPO_2022_v1_15s_bed_elev
-36.3,21.3,-5366.02,ETOPO_2022_v1_15s_bed_elev
-36.2,21.3,-5465.94,ETOPO_2022_v1_15s_bed_elev
-36.1,21.3,-5442.23,ETOPO_2022_v1_15s_bed_elev
-36.0,21.3,-4957.6,ETOPO_2022_v1_15s_bed_elev
-35.9,21.3,-5041.24,ETOPO_2022_v1_15s_bed_elev
-35.8,21.3,-5239.09,ETOPO_2022_v1_15s_bed_elev
-35.7,21.3,-5680.3,ETOPO_2022_v1_15s_bed_elev
-35.6,21.3,-5456.8,ETOPO_2022_v1_15s_bed_elev
-35.5,21.3,-5489.03,ETOPO_2022_v1_15s_bed_elev
-35.4,21.3,-5768.98,ETOPO_2022_v1_15s_bed_elev
-35.3,21.3,-5694.56,ETOPO_2022_v1_15s_bed_elev
-35.2,21.3,-4831.17,ETOPO_2022_v1_15s_bed_elev
-35.1,21.3,-5609.06,ETOPO_2022_v1_15s_bed_elev
-35.0,21.3,-5759.68,ETOPO_2022_v1_15s_bed_elev
-51.0,21.4,-4670.97,ETOPO_2022_v1_15s_bed_elev
-50.9,21.4,-4491.99,ETOPO_2022_v1_15s_bed_elev
-50.8,21.4,-4550.05,ETOPO_2022_v1_15s_bed_elev
-50.7,21.4,-4839.17,ETOPO_2022_v1_15s_bed_elev
-50.6,21.4,-4590.88,ETOPO_2022_v1_15s_bed_elev
-50.5,21.4,-4660.07,ETOPO_2022_v1_15s_bed_elev
-50.4,21.4,-4502.29,ETOPO_2022_v1_15s_bed_elev
-50.3,21.4,-4647.65,ETOPO_2022_v1_15s_bed_elev
-50.2,21.4,-4491.19,ETOPO_2022_v1_15s_bed_elev
-50.1,21.4,-4367.63,ETOPO_2022_v1_15s_bed_elev
-50.0,21.4,-4735.51,ETOPO_2022_v1_15s_bed_elev
-49.9,21.4,-4616.76,ETOPO_2022_v1_15s_bed_elev
-49.8,21.4,-4932.9,ETOPO_2022_v1_15s_bed_elev
-49.7,21.4,-5012.8,ETOPO_2022_v1_15s_bed_elev
-49.6,21.4,-4739.88,ETOPO_2022_v1_15s_bed_elev
-49.5,21.4,-4848.83,ETOPO_2022_v1_15s_bed_elev
-49.4,21.4,-4888.85,ETOPO_2022_v1_15s_bed_elev
-49.3,21.4,-4717.58,ETOPO_2022_v1_15s_bed_elev
-49.2,21.4,-4324.98,ETOPO_2022_v1_15s_bed_elev
-49.1,21.4,-4159.85,ETOPO_2022_v1_15s_bed_elev
-49.0,21.4,-4372.15,ETOPO_2022_v1_15s_bed_elev
-48.9,21.4,-4400.59,ETOPO_2022_v1_15s_bed_elev
-48.8,21.4,-4191.04,ETOPO_2022_v1_15s_bed_elev
-48.7,21.4,-3947.24,ETOPO_2022_v1_15s_bed_elev
-48.6,21.4,-4199.05,ETOPO_2022_v1_15s_bed_elev
-48.5,21.4,-4531.32,ETOPO_2022_v1_15s_bed_elev
-48.4,21.4,-4448.96,ETOPO_2022_v1_15s_bed_elev
-48.3,21.4,-4067.18,ETOPO_2022_v1_15s_bed_elev
-48.2,21.4,-3938.51,ETOPO_2022_v1_15s_bed_elev
-48.1,21.4,-4272.94,ETOPO_2022_v1_15s_bed_elev
-48.0,21.4,-4171.79,ETOPO_2022_v1_15s_bed_elev
-47.9,21.4,-4761.35,ETOPO_2022_v1_15s_bed_elev
-47.8,21.4,-4091.05,ETOPO_2022_v1_15s_bed_elev
-47.7,21.4,-3541.33,ETOPO_2022_v1_15s_bed_elev
-47.6,21.4,-4052.51,ETOPO_2022_v1_15s_bed_elev
-47.5,21.4,-3920.85,ETOPO_2022_v1_15s_bed_elev
-47.4,21.4,-4024.4,ETOPO_2022_v1_15s_bed_elev
-47.3,21.4,-3854.87,ETOPO_2022_v1_15s_bed_elev
-47.2,21.4,-3594.45,ETOPO_2022_v1_15s_bed_elev
-47.1,21.4,-3411.17,ETOPO_2022_v1_15s_bed_elev
-47.0,21.4,-3835.23,ETOPO_2022_v1_15s_bed_elev
-46.9,21.4,-3886.75,ETOPO_2022_v1_15s_bed_elev
-46.8,21.4,-3515.21,ETOPO_2022_v1_15s_bed_elev
-46.7,21.4,-3383.36,ETOPO_2022_v1_15s_bed_elev
-46.6,21.4,-3352.75,ETOPO_2022_v1_15s_bed_elev
-46.5,21.4,-3285.4,ETOPO_2022_v1_15s_bed_elev
-46.4,21.4,-3264.12,ETOPO_2022_v1_15s_bed_elev
-46.3,21.4,-3308.1,ETOPO_2022_v1_15s_bed_elev
-46.2,21.4,-3030.52,ETOPO_2022_v1_15s_bed_elev
-46.1,21.4,-2505.27,ETOPO_2022_v1_15s_bed_elev
-46.0,21.4,-3060.46,ETOPO_2022_v1_15s_bed_elev
-45.9,21.4,-3148.54,ETOPO_2022_v1_15s_bed_elev
-45.8,21.4,-3556.82,ETOPO_2022_v1_15s_bed_elev
-45.7,21.4,-3866.83,ETOPO_2022_v1_15s_bed_elev
-45.6,21.4,-3471.88,ETOPO_2022_v1_15s_bed_elev
-45.5,21.4,-3447.19,ETOPO_2022_v1_15s_bed_elev
-45.4,21.4,-3402.62,ETOPO_2022_v1_15s_bed_elev
-45.3,21.4,-3286.83,ETOPO_2022_v1_15s_bed_elev
-45.2,21.4,-2950.09,ETOPO_2022_v1_15s_bed_elev
-45.1,21.4,-2822.73,ETOPO_2022_v1_15s_bed_elev
-45.0,21.4,-2976.49,ETOPO_2022_v1_15s_bed_elev
-44.9,21.4,-3144.19,ETOPO_2022_v1_15s_bed_elev
-44.8,21.4,-3181.25,ETOPO_2022_v1_15s_bed_elev
-44.7,21.4,-3243.85,ETOPO_2022_v1_15s_bed_elev
-44.6,21.4,-3580.54,ETOPO_2022_v1_15s_bed_elev
-44.5,21.4,-3340.4,ETOPO_2022_v1_15s_bed_elev
-44.4,21.4,-3547.16,ETOPO_2022_v1_15s_bed_elev
-44.3,21.4,-3193.08,ETOPO_2022_v1_15s_bed_elev
-44.2,21.4,-3648.7,ETOPO_2022_v1_15s_bed_elev
-44.1,21.4,-3634.19,ETOPO_2022_v1_15s_bed_elev
-44.0,21.4,-3903.26,ETOPO_2022_v1_15s_bed_elev
-43.9,21.4,-4167.57,ETOPO_2022_v1_15s_bed_elev
-43.8,21.4,-3809.2,ETOPO_2022_v1_15s_bed_elev
-43.7,21.4,-3517.16,ETOPO_2022_v1_15s_bed_elev
-43.6,21.4,-4350.79,ETOPO_2022_v1_15s_bed_elev
-43.5,21.4,-4490.3,ETOPO_2022_v1_15s_bed_elev
-43.4,21.4,-4064.58,ETOPO_2022_v1_15s_bed_elev
-43.3,21.4,-4040.41,ETOPO_2022_v1_15s_bed_elev
-43.2,21.4,-3904.18,ETOPO_2022_v1_15s_bed_elev
-43.1,21.4,-4073.51,ETOPO_2022_v1_15s_bed_elev
-43.0,21.4,-4066.83,ETOPO_2022_v1_15s_bed_elev
-42.9,21.4,-4467.9,ETOPO_2022_v1_15s_bed_elev
-42.8,21.4,-4584.39,ETOPO_2022_v1_15s_bed_elev
-42.7,21.4,-4781.34,ETOPO_2022_v1_15s_bed_elev
-42.6,21.4,-4777.1,ETOPO_2022_v1_15s_bed_elev
-42.5,21.4,-4669.08,ETOPO_2022_v1_15s_bed_elev
-42.4,21.4,-4694.36,ETOPO_2022_v1_15s_bed_elev
-42.3,21.4,-4800.84,ETOPO_2022_v1_15s_bed_elev
-42.2,21.4,-4520.94,ETOPO_2022_v1_15s_bed_elev
-42.1,21.4,-4837.67,ETOPO_2022_v1_15s_bed_elev
-42.0,21.4,-4742.95,ETOPO_2022_v1_15s_bed_elev
-41.9,21.4,-4661.31,ETOPO_2022_v1_15s_bed_elev
-41.8,21.4,-4322.64,ETOPO_2022_v1_15s_bed_elev
-41.7,21.4,-4542.61,ETOPO_2022_v1_15s_bed_elev
-41.6,21.4,-4873.91,ETOPO_2022_v1_15s_bed_elev
-41.5,21.4,-4986.99,ETOPO_2022_v1_15s_bed_elev
-41.4,21.4,-4947.02,ETOPO_2022_v1_15s_bed_elev
-41.3,21.4,-4742.61,ETOPO_2022_v1_15s_bed_elev
-41.2,21.4,-4949.17,ETOPO_2022_v1_15s_bed_elev
-41.1,21.4,-4294.59,ETOPO_2022_v1_15s_bed_elev
-41.0,21.4,-4434.12,ETOPO_2022_v1_15s_bed_elev
-40.9,21.4,-4358.18,ETOPO_2022_v1_15s_bed_elev
-40.8,21.4,-4560.63,ETOPO_2022_v1_15s_bed_elev
-40.7,21.4,-4682.31,ETOPO_2022_v1_15s_bed_elev
-40.6,21.4,-4663.1,ETOPO_2022_v1_15s_bed_elev
-40.5,21.4,-4428.92,ETOPO_2022_v1_15s_bed_elev
-40.4,21.4,-4852.48,ETOPO_2022_v1_15s_bed_elev
-40.3,21.4,-5250.9,ETOPO_2022_v1_15s_bed_elev
-40.2,21.4,-5136.75,ETOPO_2022_v1_15s_bed_elev
-40.1,21.4,-4996.35,ETOPO_2022_v1_15s_bed_elev
-40.0,21.4,-5025.34,ETOPO_2022_v1_15s_bed_elev
-39.9,21.4,-5014.71,ETOPO_2022_v1_15s_bed_elev
-39.8,21.4,-5104.75,ETOPO_2022_v1_15s_bed_elev
-39.7,21.4,-5362.13,ETOPO_2022_v1_15s_bed_elev
-39.6,21.4,-5177.62,ETOPO_2022_v1_15s_bed_elev
-39.5,21.4,-5132.65,ETOPO_2022_v1_15s_bed_elev
-39.4,21.4,-5014.47,ETOPO_2022_v1_15s_bed_elev
-39.3,21.4,-5132.15,ETOPO_2022_v1_15s_bed_elev
-39.2,21.4,-5379.64,ETOPO_2022_v1_15s_bed_elev
-39.1,21.4,-5659.73,ETOPO_2022_v1_15s_bed_elev
-39.0,21.4,-5431.87,ETOPO_2022_v1_15s_bed_elev
-38.9,21.4,-5150.33,ETOPO_2022_v1_15s_bed_elev
-38.8,21.4,-5205.26,ETOPO_2022_v1_15s_bed_elev
-38.7,21.4,-5211.26,ETOPO_2022_v1_15s_bed_elev
-38.6,21.4,-5415.75,ETOPO_2022_v1_15s_bed_elev
-38.5,21.4,-5246.26,ETOPO_2022_v1_15s_bed_elev
-38.4,21.4,-5289.56,ETOPO_2022_v1_15s_bed_elev
-38.3,21.4,-5804.64,ETOPO_2022_v1_15s_bed_elev
-38.2,21.4,-5792.91,ETOPO_2022_v1_15s_bed_elev
-38.1,21.4,-5502.17,ETOPO_2022_v1_15s_bed_elev
-38.0,21.4,-5299.47,ETOPO_2022_v1_15s_bed_elev
-37.9,21.4,-5360.9,ETOPO_2022_v1_15s_bed_elev
-37.8,21.4,-5354.0,ETOPO_2022_v1_15s_bed_elev
-37.7,21.4,-5350.85,ETOPO_2022_v1_15s_bed_elev
-37.6,21.4,-5381.03,ETOPO_2022_v1_15s_bed_elev
-37.5,21.4,-5835.53,ETOPO_2022_v1_15s_bed_elev
-37.4,21.4,-5715.65,ETOPO_2022_v1_15s_bed_elev
-37.3,21.4,-5611.91,ETOPO_2022_v1_15s_bed_elev
-37.2,21.4,-5555.45,ETOPO_2022_v1_15s_bed_elev
-37.1,21.4,-5844.82,ETOPO_2022_v1_15s_bed_elev
-37.0,21.4,-5177.43,ETOPO_2022_v1_15s_bed_elev
-36.9,21.4,-5690.63,ETOPO_2022_v1_15s_bed_elev
-36.8,21.4,-5543.99,ETOPO_2022_v1_15s_bed_elev
-36.7,21.4,-5739.66,ETOPO_2022_v1_15s_bed_elev
-36.6,21.4,-5727.32,ETOPO_2022_v1_15s_bed_elev
-36.5,21.4,-5687.72,ETOPO_2022_v1_15s_bed_elev
-36.4,21.4,-5917.14,ETOPO_2022_v1_15s_bed_elev
-36.3,21.4,-5753.17,ETOPO_2022_v1_15s_bed_elev
-36.2,21.4,-5553.72,ETOPO_2022_v1_15s_bed_elev
-36.1,21.4,-5283.82,ETOPO_2022_v1_15s_bed_elev
-36.0,21.4,-5281.3,ETOPO_2022_v1_15s_bed_elev
-35.9,21.4,-5114.2,ETOPO_2022_v1_15s_bed_elev
-35.8,21.4,-4946.64,ETOPO_2022_v1_15s_bed_elev
-35.7,21.4,-5716.47,ETOPO_2022_v1_15s_bed_elev
-35.6,21.4,-5513.52,ETOPO_2022_v1_15s_bed_elev
-35.5,21.4,-5295.8,ETOPO_2022_v1_15s_bed_elev
-35.4,21.4,-5710.42,ETOPO_2022_v1_15s_bed_elev
-35.3,21.4,-5676.19,ETOPO_2022_v1_15s_bed_elev
-35.2,21.4,-5289.7,ETOPO_2022_v1_15s_bed_elev
-35.1,21.4,-5442.81,ETOPO_2022_v1_15s_bed_elev
-35.0,21.4,-5565.98,ETOPO_2022_v1_15s_bed_elev
-51.0,21.5,-4733.25,ETOPO_2022_v1_15s_bed_elev
-50.9,21.5,-4398.93,ETOPO_2022_v1_15s_bed_elev
-50.8,21.5,-3956.55,ETOPO_2022_v1_15s_bed_elev
-50.7,21.5,-5012.19,ETOPO_2022_v1_15s_bed_elev
-50.6,21.5,-4683.78,ETOPO_2022_v1_15s_bed_elev
-50.5,21.5,-5056.89,ETOPO_2022_v1_15s_bed_elev
-50.4,21.5,-4486.57,ETOPO_2022_v1_15s_bed_elev
-50.3,21.5,-4836.74,ETOPO_2022_v1_15s_bed_elev
-50.2,21.5,-4673.64,ETOPO_2022_v1_15s_bed_elev
-50.1,21.5,-4718.6,ETOPO_2022_v1_15s_bed_elev
-50.0,21.5,-5139.41,ETOPO_2022_v1_15s_bed_elev
-49.9,21.5,-5165.22,ETOPO_2022_v1_15s_bed_elev
-49.8,21.5,-5197.52,ETOPO_2022_v1_15s_bed_elev
-49.7,21.5,-4802.3,ETOPO_2022_v1_15s_bed_elev
-49.6,21.5,-4722.92,ETOPO_2022_v1_15s_bed_elev
-49.5,21.5,-4646.47,ETOPO_2022_v1_15s_bed_elev
-49.4,21.5,-4659.19,ETOPO_2022_v1_15s_bed_elev
-49.3,21.5,-4668.42,ETOPO_2022_v1_15s_bed_elev
-49.2,21.5,-4528.06,ETOPO_2022_v1_15s_bed_elev
-49.1,21.5,-4376.02,ETOPO_2022_v1_15s_bed_elev
-49.0,21.5,-4365.03,ETOPO_2022_v1_15s_bed_elev
-48.9,21.5,-4275.09,ETOPO_2022_v1_15s_bed_elev
-48.8,21.5,-3805.19,ETOPO_2022_v1_15s_bed_elev
-48.7,21.5,-3789.37,ETOPO_2022_v1_15s_bed_elev
-48.6,21.5,-4528.32,ETOPO_2022_v1_15s_bed_elev
-48.5,21.5,-4642.4,ETOPO_2022_v1_15s_bed_elev
-48.4,21.5,-4084.7,ETOPO_2022_v1_15s_bed_elev
-48.3,21.5,-4288.96,ETOPO_2022_v1_15s_bed_elev
-48.2,21.5,-4297.86,ETOPO_2022_v1_15s_bed_elev
-48.1,21.5,-4332.18,ETOPO_2022_v1_15s_bed_elev
-48.0,21.5,-4182.05,ETOPO_2022_v1_15s_bed_elev
-47.9,21.5,-4234.0,ETOPO_2022_v1_15s_bed_elev
-47.8,21.5,-4171.71,ETOPO_2022_v1_15s_bed_elev
-47.7,21.5,-3891.37,ETOPO_2022_v1_15s_bed_elev
-47.6,21.5,-4064.8,ETOPO_2022_v1_15s_bed_elev
-47.5,21.5,-4063.7,ETOPO_2022_v1_15s_bed_elev
-47.4,21.5,-3819.12,ETOPO_2022_v1_15s_bed_elev
-47.3,21.5,-3623.99,ETOPO_2022_v1_15s_bed_elev
-47.2,21.5,-3588.3,ETOPO_2022_v1_15s_bed_elev
-47.1,21.5,-3369.88,ETOPO_2022_v1_15s_bed_elev
-47.0,21.5,-3763.24,ETOPO_2022_v1_15s_bed_elev
-46.9,21.5,-3706.27,ETOPO_2022_v1_15s_bed_elev
-46.8,21.5,-3619.57,ETOPO_2022_v1_15s_bed_elev
-46.7,21.5,-3398.75,ETOPO_2022_v1_15s_bed_elev
-46.6,21.5,-3314.05,ETOPO_2022_v1_15s_bed_elev
-46.5,21.5,-3286.16,ETOPO_2022_v1_15s_bed_elev
-46.4,21.5,-3153.24,ETOPO_2022_v1_15s_bed_elev
-46.3,21.5,-2922.7,ETOPO_2022_v1_15s_bed_elev
-46.2,21.5,-2993.7,ETOPO_2022_v1_15s_bed_elev
-46.1,21.5,-2347.62,ETOPO_2022_v1_15s_bed_elev
-46.0,21.5,-2882.01,ETOPO_2022_v1_15s_bed_elev
-45.9,21.5,-3037.99,ETOPO_2022_v1_15s_bed_elev
-45.8,21.5,-3783.09,ETOPO_2022_v1_15s_bed_elev
-45.7,21.5,-3715.29,ETOPO_2022_v1_15s_bed_elev
-45.6,21.5,-3047.05,ETOPO_2022_v1_15s_bed_elev
-45.5,21.5,-2879.04,ETOPO_2022_v1_15s_bed_elev
-45.4,21.5,-2761.94,ETOPO_2022_v1_15s_bed_elev
-45.3,21.5,-3450.49,ETOPO_2022_v1_15s_bed_elev
-45.2,21.5,-3131.6,ETOPO_2022_v1_15s_bed_elev
-45.1,21.5,-3442.91,ETOPO_2022_v1_15s_bed_elev
-45.0,21.5,-2774.82,ETOPO_2022_v1_15s_bed_elev
-44.9,21.5,-3157.36,ETOPO_2022_v1_15s_bed_elev
-44.8,21.5,-3153.79,ETOPO_2022_v1_15s_bed_elev
-44.7,21.5,-2950.67,ETOPO_2022_v1_15s_bed_elev
-44.6,21.5,-3429.28,ETOPO_2022_v1_15s_bed_elev
-44.5,21.5,-3241.5,ETOPO_2022_v1_15s_bed_elev
-44.4,21.5,-3164.11,ETOPO_2022_v1_15s_bed_elev
-44.3,21.5,-2927.84,ETOPO_2022_v1_15s_bed_elev
-44.2,21.5,-3244.18,ETOPO_2022_v1_15s_bed_elev
-44.1,21.5,-3546.6,ETOPO_2022_v1_15s_bed_elev
-44.0,21.5,-4045.55,ETOPO_2022_v1_15s_bed_elev
-43.9,21.5,-4143.1,ETOPO_2022_v1_15s_bed_elev
-43.8,21.5,-4079.19,ETOPO_2022_v1_15s_bed_elev
-43.7,21.5,-4153.13,ETOPO_2022_v1_15s_bed_elev
-43.6,21.5,-4398.69,ETOPO_2022_v1_15s_bed_elev
-43.5,21.5,-4355.84,ETOPO_2022_v1_15s_bed_elev
-43.4,21.5,-3937.76,ETOPO_2022_v1_15s_bed_elev
-43.3,21.5,-4014.46,ETOPO_2022_v1_15s_bed_elev
-43.2,21.5,-4037.37,ETOPO_2022_v1_15s_bed_elev
-43.1,21.5,-4272.15,ETOPO_2022_v1_15s_bed_elev
-43.0,21.5,-4095.38,ETOPO_2022_v1_15s_bed_elev
-42.9,21.5,-4290.94,ETOPO_2022_v1_15s_bed_elev
-42.8,21.5,-4206.98,ETOPO_2022_v1_15s_bed_elev
-42.7,21.5,-4067.59,ETOPO_2022_v1_15s_bed_elev
-42.6,21.5,-4387.71,ETOPO_2022_v1_15s_bed_elev
-42.5,21.5,-4355.84,ETOPO_2022_v1_15s_bed_elev
-42.4,21.5,-4316.23,ETOPO_2022_v1_15s_bed_elev
-42.3,21.5,-4298.44,ETOPO_2022_v1_15s_bed_elev
-42.2,21.5,-4498.41,ETOPO_2022_v1_15s_bed_elev
-42.1,21.5,-4626.76,ETOPO_2022_v1_15s_bed_elev
-42.0,21.5,-4586.57,ETOPO_2022_v1_15s_bed_elev
-41.9,21.5,-5009.8,ETOPO_2022_v1_15s_bed_elev
-41.8,21.5,-4815.11,ETOPO_2022_v1_15s_bed_elev
-41.7,21.5,-4628.96,ETOPO_2022_v1_15s_bed_elev
-41.6,21.5,-5013.35,ETOPO_2022_v1_15s_bed_elev
-41.5,21.5,-4901.08,ETOPO_2022_v1_15s_bed_elev
-41.4,21.5,-4498.17,ETOPO_2022_v1_15s_bed_elev
-41.3,21.5,-4211.35,ETOPO_2022_v1_15s_bed_elev
-41.2,21.5,-4814.02,ETOPO_2022_v1_15s_bed_elev
-41.1,21.5,-4263.81,ETOPO_2022_v1_15s_bed_elev
-41.0,21.5,-4415.58,ETOPO_2022_v1_15s_bed_elev
-40.9,21.5,-4722.15,ETOPO_2022_v1_15s_bed_elev
-40.8,21.5,-4843.35,ETOPO_2022_v1_15s_bed_elev
-40.7,21.5,-4877.99,ETOPO_2022_v1_15s_bed_elev
-40.6,21.5,-5050.06,ETOPO_2022_v1_15s_bed_elev
-40.5,21.5,-4753.51,ETOPO_2022_v1_15s_bed_elev
-40.4,21.5,-4821.12,ETOPO_2022_v1_15s_bed_elev
-40.3,21.5,-5058.99,ETOPO_2022_v1_15s_bed_elev
-40.2,21.5,-5138.92,ETOPO_2022_v1_15s_bed_elev
-40.1,21.5,-4844.59,ETOPO_2022_v1_15s_bed_elev
-40.0,21.5,-4902.8,ETOPO_2022_v1_15s_bed_elev
-39.9,21.5,-5034.26,ETOPO_2022_v1_15s_bed_elev
-39.8,21.5,-4995.69,ETOPO_2022_v1_15s_bed_elev
-39.7,21.5,-5044.47,ETOPO_2022_v1_15s_bed_elev
-39.6,21.5,-5179.07,ETOPO_2022_v1_15s_bed_elev
-39.5,21.5,-5326.69,ETOPO_2022_v1_15s_bed_elev
-39.4,21.5,-5313.85,ETOPO_2022_v1_15s_bed_elev
-39.3,21.5,-5425.61,ETOPO_2022_v1_15s_bed_elev
-39.2,21.5,-5291.11,ETOPO_2022_v1_15s_bed_elev
-39.1,21.5,-5698.5,ETOPO_2022_v1_15s_bed_elev
-39.0,21.5,-5420.69,ETOPO_2022_v1_15s_bed_elev
-38.9,21.5,-4995.81,ETOPO_2022_v1_15s_bed_elev
-38.8,21.5,-5349.04,ETOPO_2022_v1_15s_bed_elev
-38.7,21.5,-5306.43,ETOPO_2022_v1_15s_bed_elev
-38.6,21.5,-5453.59,ETOPO_2022_v1_15s_bed_elev
-38.5,21.5,-5423.69,ETOPO_2022_v1_15s_bed_elev
-38.4,21.5,-5543.03,ETOPO_2022_v1_15s_bed_elev
-38.3,21.5,-5979.88,ETOPO_2022_v1_15s_bed_elev
-38.2,21.5,-5706.74,ETOPO_2022_v1_15s_bed_elev
-38.1,21.5,-5636.73,ETOPO_2022_v1_15s_bed_elev
-38.0,21.5,-5303.01,ETOPO_2022_v1_15s_bed_elev
-37.9,21.5,-5417.96,ETOPO_2022_v1_15s_bed_elev
-37.8,21.5,-5720.38,ETOPO_2022_v1_15s_bed_elev
-37.7,21.5,-5521.04,ETOPO_2022_v1_15s_bed_elev
-37.6,21.5,-5357.11,ETOPO_2022_v1_15s_bed_elev
-37.5,21.5,-5768.15,ETOPO_2022_v1_15s_bed_elev
-37.4,21.5,-5822.68,ETOPO_2022_v1_15s_bed_elev
-37.3,21.5,-5998.8,ETOPO_2022_v1_15s_bed_elev
-37.2,21.5,-5389.29,ETOPO_2022_v1_15s_bed_elev
-37.1,21.5,-5927.77,ETOPO_2022_v1_15s_bed_elev
-37.0,21.5,-5270.98,ETOPO_2022_v1_15s_bed_elev
-36.9,21.5,-5461.43,ETOPO_2022_v1_15s_bed_elev
-36.8,21.5,-5654.01,ETOPO_2022_v1_15s_bed_elev
-36.7,21.5,-5679.29,ETOPO_2022_v1_15s_bed_elev
-36.6,21.5,-5748.31,ETOPO_2022_v1_15s_bed_elev
-36.5,21.5,-5514.57,ETOPO_2022_v1_15s_bed_elev
-36.4,21.5,-5878.71,ETOPO_2022_v1_15s_bed_elev
-36.3,21.5,-5985.4,ETOPO_2022_v1_15s_bed_elev
-36.2,21.5,-5403.46,ETOPO_2022_v1_15s_bed_elev
-36.1,21.5,-5184.25,ETOPO_2022_v1_15s_bed_elev
-36.0,21.5,-5308.33,ETOPO_2022_v1_15s_bed_elev
-35.9,21.5,-5263.03,ETOPO_2022_v1_15s_bed_elev
-35.8,21.5,-5266.78,ETOPO_2022_v1_15s_bed_elev
-35.7,21.5,-5539.69,ETOPO_2022_v1_15s_bed_elev
-35.6,21.5,-5541.01,ETOPO_2022_v1_15s_bed_elev
-35.5,21.5,-5156.73,ETOPO_2022_v1_15s_bed_elev
-35.4,21.5,-5534.61,ETOPO_2022_v1_15s_bed_elev
-35.3,21.5,-5395.81,ETOPO_2022_v1_15s_bed_elev
-35.2,21.5,-5086.26,ETOPO_2022_v1_15s_bed_elev
-35.1,21.5,-5162.42,ETOPO_2022_v1_15s_bed_elev
-35.0,21.5,-5405.11,ETOPO_2022_v1_15s_bed_elev
-51.0,21.6,-4718.55,ETOPO_2022_v1_15s_bed_elev
-50.9,21.6,-4549.56,ETOPO_2022_v1_15s_bed_elev
-50.8,21.6,-4358.66,ETOPO_2022_v1_15s_bed_elev
-50.7,21.6,-5199.34,ETOPO_2022_v1_15s_bed_elev
-50.6,21.6,-4874.46,ETOPO_2022_v1_15s_bed_elev
-50.5,21.6,-5208.47,ETOPO_2022_v1_15s_bed_elev
-50.4,21.6,-5086.83,ETOPO_2022_v1_15s_bed_elev
-50.3,21.6,-5052.01,ETOPO_2022_v1_15s_bed_elev
-50.2,21.6,-5085.47,ETOPO_2022_v1_15s_bed_elev
-50.1,21.6,-5175.17,ETOPO_2022_v1_15s_bed_elev
-50.0,21.6,-4965.66,ETOPO_2022_v1_15s_bed_elev
-49.9,21.6,-4741.33,ETOPO_2022_v1_15s_bed_elev
-49.8,21.6,-4674.03,ETOPO_2022_v1_15s_bed_elev
-49.7,21.6,-4780.93,ETOPO_2022_v1_15s_bed_elev
-49.6,21.6,-4721.72,ETOPO_2022_v1_15s_bed_elev
-49.5,21.6,-4574.46,ETOPO_2022_v1_15s_bed_elev
-49.4,21.6,-4625.43,ETOPO_2022_v1_15s_bed_elev
-49.3,21.6,-4541.57,ETOPO_2022_v1_15s_bed_elev
-49.2,21.6,-4489.12,ETOPO_2022_v1_15s_bed_elev
-49.1,21.6,-4539.22,ETOPO_2022_v1_15s_bed_elev
-49.0,21.6,-4279.95,ETOPO_2022_v1_15s_bed_elev
-48.9,21.6,-4104.62,ETOPO_2022_v1_15s_bed_elev
-48.8,21.6,-4042.1,ETOPO_2022_v1_15s_bed_elev
-48.7,21.6,-4128.19,ETOPO_2022_v1_15s_bed_elev
-48.6,21.6,-4612.16,ETOPO_2022_v1_15s_bed_elev
-48.5,21.6,-4233.69,ETOPO_2022_v1_15s_bed_elev
-48.4,21.6,-3906.96,ETOPO_2022_v1_15s_bed_elev
-48.3,21.6,-4083.84,ETOPO_2022_v1_15s_bed_elev
-48.2,21.6,-4335.61,ETOPO_2022_v1_15s_bed_elev
-48.1,21.6,-4139.72,ETOPO_2022_v1_15s_bed_elev
-48.0,21.6,-3902.5,ETOPO_2022_v1_15s_bed_elev
-47.9,21.6,-3598.4,ETOPO_2022_v1_15s_bed_elev
-47.8,21.6,-3789.46,ETOPO_2022_v1_15s_bed_elev
-47.7,21.6,-3925.61,ETOPO_2022_v1_15s_bed_elev
-47.6,21.6,-3883.22,ETOPO_2022_v1_15s_bed_elev
-47.5,21.6,-3911.49,ETOPO_2022_v1_15s_bed_elev
-47.4,21.6,-3643.35,ETOPO_2022_v1_15s_bed_elev
-47.3,21.6,-3142.16,ETOPO_2022_v1_15s_bed_elev
-47.2,21.6,-3408.8,ETOPO_2022_v1_15s_bed_elev
-47.1,21.6,-3500.9,ETOPO_2022_v1_15s_bed_elev
-47.0,21.6,-3446.67,ETOPO_2022_v1_15s_bed_elev
-46.9,21.6,-3496.28,ETOPO_2022_v1_15s_bed_elev
-46.8,21.6,-3540.56,ETOPO_2022_v1_15s_bed_elev
-46.7,21.6,-3383.41,ETOPO_2022_v1_15s_bed_elev
-46.6,21.6,-3365.1,ETOPO_2022_v1_15s_bed_elev
-46.5,21.6,-3266.39,ETOPO_2022_v1_15s_bed_elev
-46.4,21.6,-3090.4,ETOPO_2022_v1_15s_bed_elev
-46.3,21.6,-3074.17,ETOPO_2022_v1_15s_bed_elev
-46.2,21.6,-3090.94,ETOPO_2022_v1_15s_bed_elev
-46.1,21.6,-2709.59,ETOPO_2022_v1_15s_bed_elev
-46.0,21.6,-3082.71,ETOPO_2022_v1_15s_bed_elev
-45.9,21.6,-3459.0,ETOPO_2022_v1_15s_bed_elev
-45.8,21.6,-3512.19,ETOPO_2022_v1_15s_bed_elev
-45.7,21.6,-3219.2,ETOPO_2022_v1_15s_bed_elev
-45.6,21.6,-3195.32,ETOPO_2022_v1_15s_bed_elev
-45.5,21.6,-2964.58,ETOPO_2022_v1_15s_bed_elev
-45.4,21.6,-2538.97,ETOPO_2022_v1_15s_bed_elev
-45.3,21.6,-3038.83,ETOPO_2022_v1_15s_bed_elev
-45.2,21.6,-2686.55,ETOPO_2022_v1_15s_bed_elev
-45.1,21.6,-3169.57,ETOPO_2022_v1_15s_bed_elev
-45.0,21.6,-3375.58,ETOPO_2022_v1_15s_bed_elev
-44.9,21.6,-3221.2,ETOPO_2022_v1_15s_bed_elev
-44.8,21.6,-3166.22,ETOPO_2022_v1_15s_bed_elev
-44.7,21.6,-2817.26,ETOPO_2022_v1_15s_bed_elev
-44.6,21.6,-3280.13,ETOPO_2022_v1_15s_bed_elev
-44.5,21.6,-3530.21,ETOPO_2022_v1_15s_bed_elev
-44.4,21.6,-3943.2,ETOPO_2022_v1_15s_bed_elev
-44.3,21.6,-4119.39,ETOPO_2022_v1_15s_bed_elev
-44.2,21.6,-4057.46,ETOPO_2022_v1_15s_bed_elev
-44.1,21.6,-4243.61,ETOPO_2022_v1_15s_bed_elev
-44.0,21.6,-4328.55,ETOPO_2022_v1_15s_bed_elev
-43.9,21.6,-4077.57,ETOPO_2022_v1_15s_bed_elev
-43.8,21.6,-3845.09,ETOPO_2022_v1_15s_bed_elev
-43.7,21.6,-4148.93,ETOPO_2022_v1_15s_bed_elev
-43.6,21.6,-4317.2,ETOPO_2022_v1_15s_bed_elev
-43.5,21.6,-4216.76,ETOPO_2022_v1_15s_bed_elev
-43.4,21.6,-3791.17,ETOPO_2022_v1_15s_bed_elev
-43.3,21.6,-3955.75,ETOPO_2022_v1_15s_bed_elev
-43.2,21.6,-4117.97,ETOPO_2022_v1_15s_bed_elev
-43.1,21.6,-4258.53,ETOPO_2022_v1_15s_bed_elev
-43.0,21.6,-4261.68,ETOPO_2022_v1_15s_bed_elev
-42.9,21.6,-3919.56,ETOPO_2022_v1_15s_bed_elev
-42.8,21.6,-4042.09,ETOPO_2022_v1_15s_bed_elev
-42.7,21.6,-4061.21,ETOPO_2022_v1_15s_bed_elev
-42.6,21.6,-4194.38,ETOPO_2022_v1_15s_bed_elev
-42.5,21.6,-3912.43,ETOPO_2022_v1_15s_bed_elev
-42.4,21.6,-3994.29,ETOPO_2022_v1_15s_bed_elev
-42.3,21.6,-3861.83,ETOPO_2022_v1_15s_bed_elev
-42.2,21.6,-4038.49,ETOPO_2022_v1_15s_bed_elev
-42.1,21.6,-4112.36,ETOPO_2022_v1_15s_bed_elev
-42.0,21.6,-4231.87,ETOPO_2022_v1_15s_bed_elev
-41.9,21.6,-4813.51,ETOPO_2022_v1_15s_bed_elev
-41.8,21.6,-4973.27,ETOPO_2022_v1_15s_bed_elev
-41.7,21.6,-5003.46,ETOPO_2022_v1_15s_bed_elev
-41.6,21.6,-4790.41,ETOPO_2022_v1_15s_bed_elev
-41.5,21.6,-4695.59,ETOPO_2022_v1_15s_bed_elev
-41.4,21.6,-4704.11,ETOPO_2022_v1_15s_bed_elev
-41.3,21.6,-4716.16,ETOPO_2022_v1_15s_bed_elev
-41.2,21.6,-4924.73,ETOPO_2022_v1_15s_bed_elev
-41.1,21.6,-4670.96,ETOPO_2022_v1_15s_bed_elev
-41.0,21.6,-4657.92,ETOPO_2022_v1_15s_bed_elev
-40.9,21.6,-5241.55,ETOPO_2022_v1_15s_bed_elev
-40.8,21.6,-5466.54,ETOPO_2022_v1_15s_bed_elev
-40.7,21.6,-4899.6,ETOPO_2022_v1_15s_bed_elev
-40.6,21.6,-5308.25,ETOPO_2022_v1_15s_bed_elev
-40.5,21.6,-5278.75,ETOPO_2022_v1_15s_bed_elev
-40.4,21.6,-5045.11,ETOPO_2022_v1_15s_bed_elev
-40.3,21.6,-5087.94,ETOPO_2022_v1_15s_bed_elev
-40.2,21.6,-5342.92,ETOPO_2022_v1_15s_bed_elev
-40.1,21.6,-5027.72,ETOPO_2022_v1_15s_bed_elev
-40.0,21.6,-4915.42,ETOPO_2022_v1_15s_bed_elev
-39.9,21.6,-5146.16,ETOPO_2022_v1_15s_bed_elev
-39.8,21.6,-5073.98,ETOPO_2022_v1_15s_bed_elev
-39.7,21.6,-5247.33,ETOPO_2022_v1_15s_bed_elev
-39.6,21.6,-5236.82,ETOPO_2022_v1_15s_bed_elev
-39.5,21.6,-5379.58,ETOPO_2022_v1_15s_bed_elev
-39.4,21.6,-5625.21,ETOPO_2022_v1_15s_bed_elev
-39.3,21.6,-5444.61,ETOPO_2022_v1_15s_bed_elev
-39.2,21.6,-5073.66,ETOPO_2022_v1_15s_bed_elev
-39.1,21.6,-5338.44,ETOPO_2022_v1_15s_bed_elev
-39.0,21.6,-5276.63,ETOPO_2022_v1_15s_bed_elev
-38.9,21.6,-5155.14,ETOPO_2022_v1_15s_bed_elev
-38.8,21.6,-5349.9,ETOPO_2022_v1_15s_bed_elev
-38.7,21.6,-5348.27,ETOPO_2022_v1_15s_bed_elev
-38.6,21.6,-5375.18,ETOPO_2022_v1_15s_bed_elev
-38.5,21.6,-5236.03,ETOPO_2022_v1_15s_bed_elev
-38.4,21.6,-5571.8,ETOPO_2022_v1_15s_bed_elev
-38.3,21.6,-5488.67,ETOPO_2022_v1_15s_bed_elev
-38.2,21.6,-5355.71,ETOPO_2022_v1_15s_bed_elev
-38.1,21.6,-5395.59,ETOPO_2022_v1_15s_bed_elev
-38.0,21.6,-5437.62,ETOPO_2022_v1_15s_bed_elev
-37.9,21.6,-5719.73,ETOPO_2022_v1_15s_bed_elev
-37.8,21.6,-5804.71,ETOPO_2022_v1_15s_bed_elev
-37.7,21.6,-5662.54,ETOPO_2022_v1_15s_bed_elev
-37.6,21.6,-5476.85,ETOPO_2022_v1_15s_bed_elev
-37.5,21.6,-5508.73,ETOPO_2022_v1_15s_bed_elev
-37.4,21.6,-5275.33,ETOPO_2022_v1_15s_bed_elev
-37.3,21.6,-5863.65,ETOPO_2022_v1_15s_bed_elev
-37.2,21.6,-5664.38,ETOPO_2022_v1_15s_bed_elev
-37.1,21.6,-6197.47,ETOPO_2022_v1_15s_bed_elev
-37.0,21.6,-5720.08,ETOPO_2022_v1_15s_bed_elev
-36.9,21.6,-5625.81,ETOPO_2022_v1_15s_bed_elev
-36.8,21.6,-5622.2,ETOPO_2022_v1_15s_bed_elev
-36.7,21.6,-5543.18,ETOPO_2022_v1_15s_bed_elev
-36.6,21.6,-5729.43,ETOPO_2022_v1_15s_bed_elev
-36.5,21.6,-5862.43,ETOPO_2022_v1_15s_bed_elev
-36.4,21.6,-5702.63,ETOPO_2022_v1_15s_bed_elev
-36.3,21.6,-5837.88,ETOPO_2022_v1_15s_bed_elev
-36.2,21.6,-5596.8,ETOPO_2022_v1_15s_bed_elev
-36.1,21.6,-5641.78,ETOPO_2022_v1_15s_bed_elev
-36.0,21.6,-5325.59,ETOPO_2022_v1_15s_bed_elev
-35.9,21.6,-5450.8,ETOPO_2022_v1_15s_bed_elev
-35.8,21.6,-5553.74,ETOPO_2022_v1_15s_bed_elev
-35.7,21.6,-5554.74,ETOPO_2022_v1_15s_bed_elev
-35.6,21.6,-5212.38,ETOPO_2022_v1_15s_bed_elev
-35.5,21.6,-4855.87,ETOPO_2022_v1_15s_bed_elev
-35.4,21.6,-5307.36,ETOPO_2022_v1_15s_bed_elev
-35.3,21.6,-5168.69,ETOPO_2022_v1_15s_bed_elev
-35.2,21.6,-4955.71,ETOPO_2022_v1_15s_bed_elev
-35.1,21.6,-4913.45,ETOPO_2022_v1_15s_bed_elev
-35.0,21.6,-5422.3,ETOPO_2022_v1_15s_bed_elev
-51.0,21.7,-4673.04,ETOPO_2022_v1_15s_bed_elev
-50.9,21.7,-5004.96,ETOPO_2022_v1_15s_bed_elev
-50.8,21.7,-5085.74,ETOPO_2022_v1_15s_bed_elev
-50.7,21.7,-5184.32,ETOPO_2022_v1_15s_bed_elev
-50.6,21.7,-5121.4,ETOPO_2022_v1_15s_bed_elev
-50.5,21.7,-5127.62,ETOPO_2022_v1_15s_bed_elev
-50.4,21.7,-4820.85,ETOPO_2022_v1_15s_bed_elev
-50.3,21.7,-4629.55,ETOPO_2022_v1_15s_bed_elev
-50.2,21.7,-4690.49,ETOPO_2022_v1_15s_bed_elev
-50.1,21.7,-4797.03,ETOPO_2022_v1_15s_bed_elev
-50.0,21.7,-4666.81,ETOPO_2022_v1_15s_bed_elev
-49.9,21.7,-4402.14,ETOPO_2022_v1_15s_bed_elev
-49.8,21.7,-4508.67,ETOPO_2022_v1_15s_bed_elev
-49.7,21.7,-4760.92,ETOPO_2022_v1_15s_bed_elev
-49.6,21.7,-4402.41,ETOPO_2022_v1_15s_bed_elev
-49.5,21.7,-4472.65,ETOPO_2022_v1_15s_bed_elev
-49.4,21.7,-4429.37,ETOPO_2022_v1_15s_bed_elev
-49.3,21.7,-4409.55,ETOPO_2022_v1_15s_bed_elev
-49.2,21.7,-4261.41,ETOPO_2022_v1_15s_bed_elev
-49.1,21.7,-4388.85,ETOPO_2022_v1_15s_bed_elev
-49.0,21.7,-4422.54,ETOPO_2022_v1_15s_bed_elev
-48.9,21.7,-4362.62,ETOPO_2022_v1_15s_bed_elev
-48.8,21.7,-4625.17,ETOPO_2022_v1_15s_bed_elev
-48.7,21.7,-4487.69,ETOPO_2022_v1_15s_bed_elev
-48.6,21.7,-4429.63,ETOPO_2022_v1_15s_bed_elev
-48.5,21.7,-3999.72,ETOPO_2022_v1_15s_bed_elev
-48.4,21.7,-4126.51,ETOPO_2022_v1_15s_bed_elev
-48.3,21.7,-4116.38,ETOPO_2022_v1_15s_bed_elev
-48.2,21.7,-4185.46,ETOPO_2022_v1_15s_bed_elev
-48.1,21.7,-4103.38,ETOPO_2022_v1_15s_bed_elev
-48.0,21.7,-4022.26,ETOPO_2022_v1_15s_bed_elev
-47.9,21.7,-3950.97,ETOPO_2022_v1_15s_bed_elev
-47.8,21.7,-3860.39,ETOPO_2022_v1_15s_bed_elev
-47.7,21.7,-4048.79,ETOPO_2022_v1_15s_bed_elev
-47.6,21.7,-4035.23,ETOPO_2022_v1_15s_bed_elev
-47.5,21.7,-4022.23,ETOPO_2022_v1_15s_bed_elev
-47.4,21.7,-3920.68,ETOPO_2022_v1_15s_bed_elev
-47.3,21.7,-3764.43,ETOPO_2022_v1_15s_bed_elev
-47.2,21.7,-3412.49,ETOPO_2022_v1_15s_bed_elev
-47.1,21.7,-3617.53,ETOPO_2022_v1_15s_bed_elev
-47.0,21.7,-3441.32,ETOPO_2022_v1_15s_bed_elev
-46.9,21.7,-3443.06,ETOPO_2022_v1_15s_bed_elev
-46.8,21.7,-3581.77,ETOPO_2022_v1_15s_bed_elev
-46.7,21.7,-3312.11,ETOPO_2022_v1_15s_bed_elev
-46.6,21.7,-3452.8,ETOPO_2022_v1_15s_bed_elev
-46.5,21.7,-3321.35,ETOPO_2022_v1_15s_bed_elev
-46.4,21.7,-3124.13,ETOPO_2022_v1_15s_bed_elev
-46.3,21.7,-2993.62,ETOPO_2022_v1_15s_bed_elev
-46.2,21.7,-2885.11,ETOPO_2022_v1_15s_bed_elev
-46.1,21.7,-3286.35,ETOPO_2022_v1_15s_bed_elev
-46.0,21.7,-3510.28,ETOPO_2022_v1_15s_bed_elev
-45.9,21.7,-3774.61,ETOPO_2022_v1_15s_bed_elev
-45.8,21.7,-3070.51,ETOPO_2022_v1_15s_bed_elev
-45.7,21.7,-3000.62,ETOPO_2022_v1_15s_bed_elev
-45.6,21.7,-3004.1,ETOPO_2022_v1_15s_bed_elev
-45.5,21.7,-2925.74,ETOPO_2022_v1_15s_bed_elev
-45.4,21.7,-2398.26,ETOPO_2022_v1_15s_bed_elev
-45.3,21.7,-2558.4,ETOPO_2022_v1_15s_bed_elev
-45.2,21.7,-2504.24,ETOPO_2022_v1_15s_bed_elev
-45.1,21.7,-2451.46,ETOPO_2022_v1_15s_bed_elev
-45.0,21.7,-2931.47,ETOPO_2022_v1_15s_bed_elev
-44.9,21.7,-3225.29,ETOPO_2022_v1_15s_bed_elev
-44.8,21.7,-3403.55,ETOPO_2022_v1_15s_bed_elev
-44.7,21.7,-3554.84,ETOPO_2022_v1_15s_bed_elev
-44.6,21.7,-3800.46,ETOPO_2022_v1_15s_bed_elev
-44.5,21.7,-3746.68,ETOPO_2022_v1_15s_bed_elev
-44.4,21.7,-3941.19,ETOPO_2022_v1_15s_bed_elev
-44.3,21.7,-4051.62,ETOPO_2022_v1_15s_bed_elev
-44.2,21.7,-3908.79,ETOPO_2022_v1_15s_bed_elev
-44.1,21.7,-4084.65,ETOPO_2022_v1_15s_bed_elev
-44.0,21.7,-3960.42,ETOPO_2022_v1_15s_bed_elev
-43.9,21.7,-3880.3,ETOPO_2022_v1_15s_bed_elev
-43.8,21.7,-3623.67,ETOPO_2022_v1_15s_bed_elev
-43.7,21.7,-3693.02,ETOPO_2022_v1_15s_bed_elev
-43.6,21.7,-4166.46,ETOPO_2022_v1_15s_bed_elev
-43.5,21.7,-4060.1,ETOPO_2022_v1_15s_bed_elev
-43.4,21.7,-3788.06,ETOPO_2022_v1_15s_bed_elev
-43.3,21.7,-3993.5,ETOPO_2022_v1_15s_bed_elev
-43.2,21.7,-4059.35,ETOPO_2022_v1_15s_bed_elev
-43.1,21.7,-4208.9,ETOPO_2022_v1_15s_bed_elev
-43.0,21.7,-4258.59,ETOPO_2022_v1_15s_bed_elev
-42.9,21.7,-3881.76,ETOPO_2022_v1_15s_bed_elev
-42.8,21.7,-4048.31,ETOPO_2022_v1_15s_bed_elev
-42.7,21.7,-4224.37,ETOPO_2022_v1_15s_bed_elev
-42.6,21.7,-4130.0,ETOPO_2022_v1_15s_bed_elev
-42.5,21.7,-3914.8,ETOPO_2022_v1_15s_bed_elev
-42.4,21.7,-4105.76,ETOPO_2022_v1_15s_bed_elev
-42.3,21.7,-4171.0,ETOPO_2022_v1_15s_bed_elev
-42.2,21.7,-3924.87,ETOPO_2022_v1_15s_bed_elev
-42.1,21.7,-3990.14,ETOPO_2022_v1_15s_bed_elev
-42.0,21.7,-4425.96,ETOPO_2022_v1_15s_bed_elev
-41.9,21.7,-4639.93,ETOPO_2022_v1_15s_bed_elev
-41.8,21.7,-4697.85,ETOPO_2022_v1_15s_bed_elev
-41.7,21.7,-4409.45,ETOPO_2022_v1_15s_bed_elev
-41.6,21.7,-4030.95,ETOPO_2022_v1_15s_bed_elev
-41.5,21.7,-4643.96,ETOPO_2022_v1_15s_bed_elev
-41.4,21.7,-4849.26,ETOPO_2022_v1_15s_bed_elev
-41.3,21.7,-4633.08,ETOPO_2022_v1_15s_bed_elev
-41.2,21.7,-4965.15,ETOPO_2022_v1_15s_bed_elev
-41.1,21.7,-4919.15,ETOPO_2022_v1_15s_bed_elev
-41.0,21.7,-4961.81,ETOPO_2022_v1_15s_bed_elev
-40.9,21.7,-5513.73,ETOPO_2022_v1_15s_bed_elev
-40.8,21.7,-5365.31,ETOPO_2022_v1_15s_bed_elev
-40.7,21.7,-5148.93,ETOPO_2022_v1_15s_bed_elev
-40.6,21.7,-5173.41,ETOPO_2022_v1_15s_bed_elev
-40.5,21.7,-5289.67,ETOPO_2022_v1_15s_bed_elev
-40.4,21.7,-5198.25,ETOPO_2022_v1_15s_bed_elev
-40.3,21.7,-5063.72,ETOPO_2022_v1_15s_bed_elev
-40.2,21.7,-5381.66,ETOPO_2022_v1_15s_bed_elev
-40.1,21.7,-5441.13,ETOPO_2022_v1_15s_bed_elev
-40.0,21.7,-5243.17,ETOPO_2022_v1_15s_bed_elev
-39.9,21.7,-5367.32,ETOPO_2022_v1_15s_bed_elev
-39.8,21.7,-5364.14,ETOPO_2022_v1_15s_bed_elev
-39.7,21.7,-5311.69,ETOPO_2022_v1_15s_bed_elev
-39.6,21.7,-5123.13,ETOPO_2022_v1_15s_bed_elev
-39.5,21.7,-5225.13,ETOPO_2022_v1_15s_bed_elev
-39.4,21.7,-5357.6,ETOPO_2022_v1_15s_bed_elev
-39.3,21.7,-5415.81,ETOPO_2022_v1_15s_bed_elev
-39.2,21.7,-5067.04,ETOPO_2022_v1_15s_bed_elev
-39.1,21.7,-5358.04,ETOPO_2022_v1_15s_bed_elev
-39.0,21.7,-5638.24,ETOPO_2022_v1_15s_bed_elev
-38.9,21.7,-5623.99,ETOPO_2022_v1_15s_bed_elev
-38.8,21.7,-5632.37,ETOPO_2022_v1_15s_bed_elev
-38.7,21.7,-5510.66,ETOPO_2022_v1_15s_bed_elev
-38.6,21.7,-5411.21,ETOPO_2022_v1_15s_bed_elev
-38.5,21.7,-5260.92,ETOPO_2022_v1_15s_bed_elev
-38.4,21.7,-5572.17,ETOPO_2022_v1_15s_bed_elev
-38.3,21.7,-5073.17,ETOPO_2022_v1_15s_bed_elev
-38.2,21.7,-5168.47,ETOPO_2022_v1_15s_bed_elev
-38.1,21.7,-5300.29,ETOPO_2022_v1_15s_bed_elev
-38.0,21.7,-5565.1,ETOPO_2022_v1_15s_bed_elev
-37.9,21.7,-5279.08,ETOPO_2022_v1_15s_bed_elev
-37.8,21.7,-5771.69,ETOPO_2022_v1_15s_bed_elev
-37.7,21.7,-5680.08,ETOPO_2022_v1_15s_bed_elev
-37.6,21.7,-5676.58,ETOPO_2022_v1_15s_bed_elev
-37.5,21.7,-5433.19,ETOPO_2022_v1_15s_bed_elev
-37.4,21.7,-5442.21,ETOPO_2022_v1_15s_bed_elev
-37.3,21.7,-5811.4,ETOPO_2022_v1_15s_bed_elev
-37.2,21.7,-5572.86,ETOPO_2022_v1_15s_bed_elev
-37.1,21.7,-5702.98,ETOPO_2022_v1_15s_bed_elev
-37.0,21.7,-5820.43,ETOPO_2022_v1_15s_bed_elev
-36.9,21.7,-5270.68,ETOPO_2022_v1_15s_bed_elev
-36.8,21.7,-5366.97,ETOPO_2022_v1_15s_bed_elev
-36.7,21.7,-5640.96,ETOPO_2022_v1_15s_bed_elev
-36.6,21.7,-5641.69,ETOPO_2022_v1_15s_bed_elev
-36.5,21.7,-5904.9,ETOPO_2022_v1_15s_bed_elev
-36.4,21.7,-5837.21,ETOPO_2022_v1_15s_bed_elev
-36.3,21.7,-6025.52,ETOPO_2022_v1_15s_bed_elev
-36.2,21.7,-6083.81,ETOPO_2022_v1_15s_bed_elev
-36.1,21.7,-6224.26,ETOPO_2022_v1_15s_bed_elev
-36.0,21.7,-5558.7,ETOPO_2022_v1_15s_bed_elev
-35.9,21.7,-5866.45,ETOPO_2022_v1_15s_bed_elev
-35.8,21.7,-5678.17,ETOPO_2022_v1_15s_bed_elev
-35.7,21.7,-5529.1,ETOPO_2022_v1_15s_bed_elev
-35.6,21.7,-5432.23,ETOPO_2022_v1_15s_bed_elev
-35.5,21.7,-4988.74,ETOPO_2022_v1_15s_bed_elev
-35.4,21.7,-5413.54,ETOPO_2022_v1_15s_bed_elev
-35.3,21.7,-5321.67,ETOPO_2022_v1_15s_bed_elev
-35.2,21.7,-4803.11,ETOPO_2022_v1_15s_bed_elev
-35.1,21.7,-4940.65,ETOPO_2022_v1_15s_bed_elev
-35.0,21.7,-5236.72,ETOPO_2022_v1_15s_bed_elev
-51.0,21.8,-5277.36,ETOPO_2022_v1_15s_bed_elev
-50.9,21.8,-5028.76,ETOPO_2022_v1_15s_bed_elev
-50.8,21.8,-4820.42,ETOPO_2022_v1_15s_bed_elev
-50.7,21.8,-4836.52,ETOPO_2022_v1_15s_bed_elev
-50.6,21.8,-4666.17,ETOPO_2022_v1_15s_bed_elev
-50.5,21.8,-4810.55,ETOPO_2022_v1_15s_bed_elev
-50.4,21.8,-4737.06,ETOPO_2022_v1_15s_bed_elev
-50.3,21.8,-4674.36,ETOPO_2022_v1_15s_bed_elev
-50.2,21.8,-4655.08,ETOPO_2022_v1_15s_bed_elev
-50.1,21.8,-4543.9,ETOPO_2022_v1_15s_bed_elev
-50.0,21.8,-4419.06,ETOPO_2022_v1_15s_bed_elev
-49.9,21.8,-4462.88,ETOPO_2022_v1_15s_bed_elev
-49.8,21.8,-4534.08,ETOPO_2022_v1_15s_bed_elev
-49.7,21.8,-4739.0,ETOPO_2022_v1_15s_bed_elev
-49.6,21.8,-4475.97,ETOPO_2022_v1_15s_bed_elev
-49.5,21.8,-4484.73,ETOPO_2022_v1_15s_bed_elev
-49.4,21.8,-4479.88,ETOPO_2022_v1_15s_bed_elev
-49.3,21.8,-4336.39,ETOPO_2022_v1_15s_bed_elev
-49.2,21.8,-4411.79,ETOPO_2022_v1_15s_bed_elev
-49.1,21.8,-4372.7,ETOPO_2022_v1_15s_bed_elev
-49.0,21.8,-4427.23,ETOPO_2022_v1_15s_bed_elev
-48.9,21.8,-4244.58,ETOPO_2022_v1_15s_bed_elev
-48.8,21.8,-4584.77,ETOPO_2022_v1_15s_bed_elev
-48.7,21.8,-4149.9,ETOPO_2022_v1_15s_bed_elev
-48.6,21.8,-4120.48,ETOPO_2022_v1_15s_bed_elev
-48.5,21.8,-3889.98,ETOPO_2022_v1_15s_bed_elev
-48.4,21.8,-4068.26,ETOPO_2022_v1_15s_bed_elev
-48.3,21.8,-4177.65,ETOPO_2022_v1_15s_bed_elev
-48.2,21.8,-4372.71,ETOPO_2022_v1_15s_bed_elev
-48.1,21.8,-4394.11,ETOPO_2022_v1_15s_bed_elev
-48.0,21.8,-4329.42,ETOPO_2022_v1_15s_bed_elev
-47.9,21.8,-4322.24,ETOPO_2022_v1_15s_bed_elev
-47.8,21.8,-4136.31,ETOPO_2022_v1_15s_bed_elev
-47.7,21.8,-4111.41,ETOPO_2022_v1_15s_bed_elev
-47.6,21.8,-4384.53,ETOPO_2022_v1_15s_bed_elev
-47.5,21.8,-3788.52,ETOPO_2022_v1_15s_bed_elev
-47.4,21.8,-3734.52,ETOPO_2022_v1_15s_bed_elev
-47.3,21.8,-3930.54,ETOPO_2022_v1_15s_bed_elev
-47.2,21.8,-3629.24,ETOPO_2022_v1_15s_bed_elev
-47.1,21.8,-3513.74,ETOPO_2022_v1_15s_bed_elev
-47.0,21.8,-3537.63,ETOPO_2022_v1_15s_bed_elev
-46.9,21.8,-3373.4,ETOPO_2022_v1_15s_bed_elev
-46.8,21.8,-3527.22,ETOPO_2022_v1_15s_bed_elev
-46.7,21.8,-3585.79,ETOPO_2022_v1_15s_bed_elev
-46.6,21.8,-3413.62,ETOPO_2022_v1_15s_bed_elev
-46.5,21.8,-3396.71,ETOPO_2022_v1_15s_bed_elev
-46.4,21.8,-3545.66,ETOPO_2022_v1_15s_bed_elev
-46.3,21.8,-3349.51,ETOPO_2022_v1_15s_bed_elev
-46.2,21.8,-3313.21,ETOPO_2022_v1_15s_bed_elev
-46.1,21.8,-3728.12,ETOPO_2022_v1_15s_bed_elev
-46.0,21.8,-4079.5,ETOPO_2022_v1_15s_bed_elev
-45.9,21.8,-4000.93,ETOPO_2022_v1_15s_bed_elev
-45.8,21.8,-3673.66,ETOPO_2022_v1_15s_bed_elev
-45.7,21.8,-3409.54,ETOPO_2022_v1_15s_bed_elev
-45.6,21.8,-2778.36,ETOPO_2022_v1_15s_bed_elev
-45.5,21.8,-2878.36,ETOPO_2022_v1_15s_bed_elev
-45.4,21.8,-2866.68,ETOPO_2022_v1_15s_bed_elev
-45.3,21.8,-2746.18,ETOPO_2022_v1_15s_bed_elev
-45.2,21.8,-2713.87,ETOPO_2022_v1_15s_bed_elev
-45.1,21.8,-2548.55,ETOPO_2022_v1_15s_bed_elev
-45.0,21.8,-2688.11,ETOPO_2022_v1_15s_bed_elev
-44.9,21.8,-2912.1,ETOPO_2022_v1_15s_bed_elev
-44.8,21.8,-2912.9,ETOPO_2022_v1_15s_bed_elev
-44.7,21.8,-3133.82,ETOPO_2022_v1_15s_bed_elev
-44.6,21.8,-3139.01,ETOPO_2022_v1_15s_bed_elev
-44.5,21.8,-3467.41,ETOPO_2022_v1_15s_bed_elev
-44.4,21.8,-3529.49,ETOPO_2022_v1_15s_bed_elev
-44.3,21.8,-3808.73,ETOPO_2022_v1_15s_bed_elev
-44.2,21.8,-3608.9,ETOPO_2022_v1_15s_bed_elev
-44.1,21.8,-3897.62,ETOPO_2022_v1_15s_bed_elev
-44.0,21.8,-3815.72,ETOPO_2022_v1_15s_bed_elev
-43.9,21.8,-3630.73,ETOPO_2022_v1_15s_bed_elev
-43.8,21.8,-3452.99,ETOPO_2022_v1_15s_bed_elev
-43.7,21.8,-3500.91,ETOPO_2022_v1_15s_bed_elev
-43.6,21.8,-3845.45,ETOPO_2022_v1_15s_bed_elev
-43.5,21.8,-3914.07,ETOPO_2022_v1_15s_bed_elev
-43.4,21.8,-3917.85,ETOPO_2022_v1_15s_bed_elev
-43.3,21.8,-4060.21,ETOPO_2022_v1_15s_bed_elev
-43.2,21.8,-4053.7,ETOPO_2022_v1_15s_bed_elev
-43.1,21.8,-4020.67,ETOPO_2022_v1_15s_bed_elev
-43.0,21.8,-4113.01,ETOPO_2022_v1_15s_bed_elev
-42.9,21.8,-4267.65,ETOPO_2022_v1_15s_bed_elev
-42.8,21.8,-4232.29,ETOPO_2022_v1_15s_bed_elev
-42.7,21.8,-4304.9,ETOPO_2022_v1_15s_bed_elev
-42.6,21.8,-4428.38,ETOPO_2022_v1_15s_bed_elev
-42.5,21.8,-4250.75,ETOPO_2022_v1_15s_bed_elev
-42.4,21.8,-4388.3,ETOPO_2022_v1_15s_bed_elev
-42.3,21.8,-4625.87,ETOPO_2022_v1_15s_bed_elev
-42.2,21.8,-4426.03,ETOPO_2022_v1_15s_bed_elev
-42.1,21.8,-4460.61,ETOPO_2022_v1_15s_bed_elev
-42.0,21.8,-4881.05,ETOPO_2022_v1_15s_bed_elev
-41.9,21.8,-4620.48,ETOPO_2022_v1_15s_bed_elev
-41.8,21.8,-4611.73,ETOPO_2022_v1_15s_bed_elev
-41.7,21.8,-4375.13,ETOPO_2022_v1_15s_bed_elev
-41.6,21.8,-4235.76,ETOPO_2022_v1_15s_bed_elev
-41.5,21.8,-4619.76,ETOPO_2022_v1_15s_bed_elev
-41.4,21.8,-4850.48,ETOPO_2022_v1_15s_bed_elev
-41.3,21.8,-4737.11,ETOPO_2022_v1_15s_bed_elev
-41.2,21.8,-4811.31,ETOPO_2022_v1_15s_bed_elev
-41.1,21.8,-4891.74,ETOPO_2022_v1_15s_bed_elev
-41.0,21.8,-5013.03,ETOPO_2022_v1_15s_bed_elev
-40.9,21.8,-5413.06,ETOPO_2022_v1_15s_bed_elev
-40.8,21.8,-5242.83,ETOPO_2022_v1_15s_bed_elev
-40.7,21.8,-5069.44,ETOPO_2022_v1_15s_bed_elev
-40.6,21.8,-5081.82,ETOPO_2022_v1_15s_bed_elev
-40.5,21.8,-5260.69,ETOPO_2022_v1_15s_bed_elev
-40.4,21.8,-5262.74,ETOPO_2022_v1_15s_bed_elev
-40.3,21.8,-5174.47,ETOPO_2022_v1_15s_bed_elev
-40.2,21.8,-5202.13,ETOPO_2022_v1_15s_bed_elev
-40.1,21.8,-5477.6,ETOPO_2022_v1_15s_bed_elev
-40.0,21.8,-5343.08,ETOPO_2022_v1_15s_bed_elev
-39.9,21.8,-5357.43,ETOPO_2022_v1_15s_bed_elev
-39.8,21.8,-5565.13,ETOPO_2022_v1_15s_bed_elev
-39.7,21.8,-5437.59,ETOPO_2022_v1_15s_bed_elev
-39.6,21.8,-5052.48,ETOPO_2022_v1_15s_bed_elev
-39.5,21.8,-5118.5,ETOPO_2022_v1_15s_bed_elev
-39.4,21.8,-5183.88,ETOPO_2022_v1_15s_bed_elev
-39.3,21.8,-5247.07,ETOPO_2022_v1_15s_bed_elev
-39.2,21.8,-5514.45,ETOPO_2022_v1_15s_bed_elev
-39.1,21.8,-5625.37,ETOPO_2022_v1_15s_bed_elev
-39.0,21.8,-5725.39,ETOPO_2022_v1_15s_bed_elev
-38.9,21.8,-5365.5,ETOPO_2022_v1_15s_bed_elev
-38.8,21.8,-5555.01,ETOPO_2022_v1_15s_bed_elev
-38.7,21.8,-5594.58,ETOPO_2022_v1_15s_bed_elev
-38.6,21.8,-5648.17,ETOPO_2022_v1_15s_bed_elev
-38.5,21.8,-5534.17,ETOPO_2022_v1_15s_bed_elev
-38.4,21.8,-5735.18,ETOPO_2022_v1_15s_bed_elev
-38.3,21.8,-5032.09,ETOPO_2022_v1_15s_bed_elev
-38.2,21.8,-5157.65,ETOPO_2022_v1_15s_bed_elev
-38.1,21.8,-5451.02,ETOPO_2022_v1_15s_bed_elev
-38.0,21.8,-5480.42,ETOPO_2022_v1_15s_bed_elev
-37.9,21.8,-5270.39,ETOPO_2022_v1_15s_bed_elev
-37.8,21.8,-5637.54,ETOPO_2022_v1_15s_bed_elev
-37.7,21.8,-5418.47,ETOPO_2022_v1_15s_bed_elev
-37.6,21.8,-5380.3,ETOPO_2022_v1_15s_bed_elev
-37.5,21.8,-5569.76,ETOPO_2022_v1_15s_bed_elev
-37.4,21.8,-5325.26,ETOPO_2022_v1_15s_bed_elev
-37.3,21.8,-5418.47,ETOPO_2022_v1_15s_bed_elev
-37.2,21.8,-5663.58,ETOPO_2022_v1_15s_bed_elev
-37.1,21.8,-5906.38,ETOPO_2022_v1_15s_bed_elev
-37.0,21.8,-5616.0,ETOPO_2022_v1_15s_bed_elev
-36.9,21.8,-5004.6,ETOPO_2022_v1_15s_bed_elev
-36.8,21.8,-5128.17,ETOPO_2022_v1_15s_bed_elev
-36.7,21.8,-5362.97,ETOPO_2022_v1_15s_bed_elev
-36.6,21.8,-5490.47,ETOPO_2022_v1_15s_bed_elev
-36.5,21.8,-5334.77,ETOPO_2022_v1_15s_bed_elev
-36.4,21.8,-5383.6,ETOPO_2022_v1_15s_bed_elev
-36.3,21.8,-5758.47,ETOPO_2022_v1_15s_bed_elev
-36.2,21.8,-5696.2,ETOPO_2022_v1_15s_bed_elev
-36.1,21.8,-5604.94,ETOPO_2022_v1_15s_bed_elev
-36.0,21.8,-5707.4,ETOPO_2022_v1_15s_bed_elev
-35.9,21.8,-5672.77,ETOPO_2022_v1_15s_bed_elev
-35.8,21.8,-5353.44,ETOPO_2022_v1_15s_bed_elev
-35.7,21.8,-5135.35,ETOPO_2022_v1_15s_bed_elev
-35.6,21.8,-5561.44,ETOPO_2022_v1_15s_bed_elev
-35.5,21.8,-5506.24,ETOPO_2022_v1_15s_bed_elev
-35.4,21.8,-5470.15,ETOPO_2022_v1_15s_bed_elev
-35.3,21.8,-5533.44,ETOPO_2022_v1_15s_bed_elev
-35.2,21.8,-5068.22,ETOPO_2022_v1_15s_bed_elev
-35.1,21.8,-5318.21,ETOPO_2022_v1_15s_bed_elev
-35.0,21.8,-5146.3,ETOPO_2022_v1_15s_bed_elev
-51.0,21.9,-5087.04,ETOPO_2022_v1_15s_bed_elev
-50.9,21.9,-4958.31,ETOPO_2022_v1_15s_bed_elev
-50.8,21.9,-4600.9,ETOPO_2022_v1_15s_bed_elev
-50.7,21.9,-4749.44,ETOPO_2022_v1_15s_bed_elev
-50.6,21.9,-4615.17,ETOPO_2022_v1_15s_bed_elev
-50.5,21.9,-4736.0,ETOPO_2022_v1_15s_bed_elev
-50.4,21.9,-4669.34,ETOPO_2022_v1_15s_bed_elev
-50.3,21.9,-4654.58,ETOPO_2022_v1_15s_bed_elev
-50.2,21.9,-4591.41,ETOPO_2022_v1_15s_bed_elev
-50.1,21.9,-4416.95,ETOPO_2022_v1_15s_bed_elev
-50.0,21.9,-4560.65,ETOPO_2022_v1_15s_bed_elev
-49.9,21.9,-4771.84,ETOPO_2022_v1_15s_bed_elev
-49.8,21.9,-4650.33,ETOPO_2022_v1_15s_bed_elev
-49.7,21.9,-4717.55,ETOPO_2022_v1_15s_bed_elev
-49.6,21.9,-4565.74,ETOPO_2022_v1_15s_bed_elev
-49.5,21.9,-4582.04,ETOPO_2022_v1_15s_bed_elev
-49.4,21.9,-4522.35,ETOPO_2022_v1_15s_bed_elev
-49.3,21.9,-4563.85,ETOPO_2022_v1_15s_bed_elev
-49.2,21.9,-4544.35,ETOPO_2022_v1_15s_bed_elev
-49.1,21.9,-4478.12,ETOPO_2022_v1_15s_bed_elev
-49.0,21.9,-4364.28,ETOPO_2022_v1_15s_bed_elev
-48.9,21.9,-3528.22,ETOPO_2022_v1_15s_bed_elev
-48.8,21.9,-4160.54,ETOPO_2022_v1_15s_bed_elev
-48.7,21.9,-4509.38,ETOPO_2022_v1_15s_bed_elev
-48.6,21.9,-4244.12,ETOPO_2022_v1_15s_bed_elev
-48.5,21.9,-4098.69,ETOPO_2022_v1_15s_bed_elev
-48.4,21.9,-4016.8,ETOPO_2022_v1_15s_bed_elev
-48.3,21.9,-3887.49,ETOPO_2022_v1_15s_bed_elev
-48.2,21.9,-4254.75,ETOPO_2022_v1_15s_bed_elev
-48.1,21.9,-4547.7,ETOPO_2022_v1_15s_bed_elev
-48.0,21.9,-4466.68,ETOPO_2022_v1_15s_bed_elev
-47.9,21.9,-4328.01,ETOPO_2022_v1_15s_bed_elev
-47.8,21.9,-4216.99,ETOPO_2022_v1_15s_bed_elev
-47.7,21.9,-4061.99,ETOPO_2022_v1_15s_bed_elev
-47.6,21.9,-4100.43,ETOPO_2022_v1_15s_bed_elev
-47.5,21.9,-3909.34,ETOPO_2022_v1_15s_bed_elev
-47.4,21.9,-3802.49,ETOPO_2022_v1_15s_bed_elev
-47.3,21.9,-3531.99,ETOPO_2022_v1_15s_bed_elev
-47.2,21.9,-3510.12,ETOPO_2022_v1_15s_bed_elev
-47.1,21.9,-3692.61,ETOPO_2022_v1_15s_bed_elev
-47.0,21.9,-3848.51,ETOPO_2022_v1_15s_bed_elev
-46.9,21.9,-3617.24,ETOPO_2022_v1_15s_bed_elev
-46.8,21.9,-3585.9,ETOPO_2022_v1_15s_bed_elev
-46.7,21.9,-3942.12,ETOPO_2022_v1_15s_bed_elev
-46.6,21.9,-3512.06,ETOPO_2022_v1_15s_bed_elev
-46.5,21.9,-3657.92,ETOPO_2022_v1_15s_bed_elev
-46.4,21.9,-3766.98,ETOPO_2022_v1_15s_bed_elev
-46.3,21.9,-3642.11,ETOPO_2022_v1_15s_bed_elev
-46.2,21.9,-3813.23,ETOPO_2022_v1_15s_bed_elev
-46.1,21.9,-4172.44,ETOPO_2022_v1_15s_bed_elev
-46.0,21.9,-4266.35,ETOPO_2022_v1_15s_bed_elev
-45.9,21.9,-3947.86,ETOPO_2022_v1_15s_bed_elev
-45.8,21.9,-3300.22,ETOPO_2022_v1_15s_bed_elev
-45.7,21.9,-2675.58,ETOPO_2022_v1_15s_bed_elev
-45.6,21.9,-2253.82,ETOPO_2022_v1_15s_bed_elev
-45.5,21.9,-2733.53,ETOPO_2022_v1_15s_bed_elev
-45.4,21.9,-2876.84,ETOPO_2022_v1_15s_bed_elev
-45.3,21.9,-3019.78,ETOPO_2022_v1_15s_bed_elev
-45.2,21.9,-3117.53,ETOPO_2022_v1_15s_bed_elev
-45.1,21.9,-2884.28,ETOPO_2022_v1_15s_bed_elev
-45.0,21.9,-2744.78,ETOPO_2022_v1_15s_bed_elev
-44.9,21.9,-2974.7,ETOPO_2022_v1_15s_bed_elev
-44.8,21.9,-2891.03,ETOPO_2022_v1_15s_bed_elev
-44.7,21.9,-3131.13,ETOPO_2022_v1_15s_bed_elev
-44.6,21.9,-2901.56,ETOPO_2022_v1_15s_bed_elev
-44.5,21.9,-3269.48,ETOPO_2022_v1_15s_bed_elev
-44.4,21.9,-3187.06,ETOPO_2022_v1_15s_bed_elev
-44.3,21.9,-3529.1,ETOPO_2022_v1_15s_bed_elev
-44.2,21.9,-3283.98,ETOPO_2022_v1_15s_bed_elev
-44.1,21.9,-3628.22,ETOPO_2022_v1_15s_bed_elev
-44.0,21.9,-3790.99,ETOPO_2022_v1_15s_bed_elev
-43.9,21.9,-3675.94,ETOPO_2022_v1_15s_bed_elev
-43.8,21.9,-3394.42,ETOPO_2022_v1_15s_bed_elev
-43.7,21.9,-3421.05,ETOPO_2022_v1_15s_bed_elev
-43.6,21.9,-3799.42,ETOPO_2022_v1_15s_bed_elev
-43.5,21.9,-3875.79,ETOPO_2022_v1_15s_bed_elev
-43.4,21.9,-4063.73,ETOPO_2022_v1_15s_bed_elev
-43.3,21.9,-4034.71,ETOPO_2022_v1_15s_bed_elev
-43.2,21.9,-4104.66,ETOPO_2022_v1_15s_bed_elev
-43.1,21.9,-4016.85,ETOPO_2022_v1_15s_bed_elev
-43.0,21.9,-4207.12,ETOPO_2022_v1_15s_bed_elev
-42.9,21.9,-4249.73,ETOPO_2022_v1_15s_bed_elev
-42.8,21.9,-4389.38,ETOPO_2022_v1_15s_bed_elev
-42.7,21.9,-4258.87,ETOPO_2022_v1_15s_bed_elev
-42.6,21.9,-4680.13,ETOPO_2022_v1_15s_bed_elev
-42.5,21.9,-4657.25,ETOPO_2022_v1_15s_bed_elev
-42.4,21.9,-4595.38,ETOPO_2022_v1_15s_bed_elev
-42.3,21.9,-4749.21,ETOPO_2022_v1_15s_bed_elev
-42.2,21.9,-4870.46,ETOPO_2022_v1_15s_bed_elev
-42.1,21.9,-4944.51,ETOPO_2022_v1_15s_bed_elev
-42.0,21.9,-5051.12,ETOPO_2022_v1_15s_bed_elev
-41.9,21.9,-4813.16,ETOPO_2022_v1_15s_bed_elev
-41.8,21.9,-4647.98,ETOPO_2022_v1_15s_bed_elev
-41.7,21.9,-4938.07,ETOPO_2022_v1_15s_bed_elev
-41.6,21.9,-4651.31,ETOPO_2022_v1_15s_bed_elev
-41.5,21.9,-4520.69,ETOPO_2022_v1_15s_bed_elev
-41.4,21.9,-4612.98,ETOPO_2022_v1_15s_bed_elev
-41.3,21.9,-4715.69,ETOPO_2022_v1_15s_bed_elev
-41.2,21.9,-4713.37,ETOPO_2022_v1_15s_bed_elev
-41.1,21.9,-4707.42,ETOPO_2022_v1_15s_bed_elev
-41.0,21.9,-5107.62,ETOPO_2022_v1_15s_bed_elev
-40.9,21.9,-5518.59,ETOPO_2022_v1_15s_bed_elev
-40.8,21.9,-5520.06,ETOPO_2022_v1_15s_bed_elev
-40.7,21.9,-5383.17,ETOPO_2022_v1_15s_bed_elev
-40.6,21.9,-5200.19,ETOPO_2022_v1_15s_bed_elev
-40.5,21.9,-5200.88,ETOPO_2022_v1_15s_bed_elev
-40.4,21.9,-5358.61,ETOPO_2022_v1_15s_bed_elev
-40.3,21.9,-5206.64,ETOPO_2022_v1_15s_bed_elev
-40.2,21.9,-5237.82,ETOPO_2022_v1_15s_bed_elev
-40.1,21.9,-5075.53,ETOPO_2022_v1_15s_bed_elev
-40.0,21.9,-5040.03,ETOPO_2022_v1_15s_bed_elev
-39.9,21.9,-5137.03,ETOPO_2022_v1_15s_bed_elev
-39.8,21.9,-5440.95,ETOPO_2022_v1_15s_bed_elev
-39.7,21.9,-5493.39,ETOPO_2022_v1_15s_bed_elev
-39.6,21.9,-4980.82,ETOPO_2022_v1_15s_bed_elev
-39.5,21.9,-5002.46,ETOPO_2022_v1_15s_bed_elev
-39.4,21.9,-4973.67,ETOPO_2022_v1_15s_bed_elev
-39.3,21.9,-5318.61,ETOPO_2022_v1_15s_bed_elev
-39.2,21.9,-5396.37,ETOPO_2022_v1_15s_bed_elev
-39.1,21.9,-5518.5,ETOPO_2022_v1_15s_bed_elev
-39.0,21.9,-5348.48,ETOPO_2022_v1_15s_bed_elev
-38.9,21.9,-4961.57,ETOPO_2022_v1_15s_bed_elev
-38.8,21.9,-5083.76,ETOPO_2022_v1_15s_bed_elev
-38.7,21.9,-5571.33,ETOPO_2022_v1_15s_bed_elev
-38.6,21.9,-5779.92,ETOPO_2022_v1_15s_bed_elev
-38.5,21.9,-5861.2,ETOPO_2022_v1_15s_bed_elev
-38.4,21.9,-5741.69,ETOPO_2022_v1_15s_bed_elev
-38.3,21.9,-5588.08,ETOPO_2022_v1_15s_bed_elev
-38.2,21.9,-5490.92,ETOPO_2022_v1_15s_bed_elev
-38.1,21.9,-5543.6,ETOPO_2022_v1_15s_bed_elev
-38.0,21.9,-5772.67,ETOPO_2022_v1_15s_bed_elev
-37.9,21.9,-5113.55,ETOPO_2022_v1_15s_bed_elev
-37.8,21.9,-5423.02,ETOPO_2022_v1_15s_bed_elev
-37.7,21.9,-5444.29,ETOPO_2022_v1_15s_bed_elev
-37.6,21.9,-5183.28,ETOPO_2022_v1_15s_bed_elev
-37.5,21.9,-5405.2,ETOPO_2022_v1_15s_bed_elev
-37.4,21.9,-5614.12,ETOPO_2022_v1_15s_bed_elev
-37.3,21.9,-5058.17,ETOPO_2022_v1_15s_bed_elev
-37.2,21.9,-5180.54,ETOPO_2022_v1_15s_bed_elev
-37.1,21.9,-5365.67,ETOPO_2022_v1_15s_bed_elev
-37.0,21.9,-5391.73,ETOPO_2022_v1_15s_bed_elev
-36.9,21.9,-5247.84,ETOPO_2022_v1_15s_bed_elev
-36.8,21.9,-5119.63,ETOPO_2022_v1_15s_bed_elev
-36.7,21.9,-5167.3,ETOPO_2022_v1_15s_bed_elev
-36.6,21.9,-5428.39,ETOPO_2022_v1_15s_bed_elev
-36.5,21.9,-5594.01,ETOPO_2022_v1_15s_bed_elev
-36.4,21.9,-5629.67,ETOPO_2022_v1_15s_bed_elev
-36.3,21.9,-5812.59,ETOPO_2022_v1_15s_bed_elev
-36.2,21.9,-4928.39,ETOPO_2022_v1_15s_bed_elev
-36.1,21.9,-4965.14,ETOPO_2022_v1_15s_bed_elev
-36.0,21.9,-5406.19,ETOPO_2022_v1_15s_bed_elev
-35.9,21.9,-5327.77,ETOPO_2022_v1_15s_bed_elev
-35.8,21.9,-5263.51,ETOPO_2022_v1_15s_bed_elev
-35.7,21.9,-5263.34,ETOPO_2022_v1_15s_bed_elev
-35.6,21.9,-5440.81,ETOPO_2022_v1_15s_bed_elev
-35.5,21.9,-5526.06,ETOPO_2022_v1_15s_bed_elev
-35.4,21.9,-5245.21,ETOPO_2022_v1_15s_bed_elev
-35.3,21.9,-5394.75,ETOPO_2022_v1_15s_bed_elev
-35.2,21.9,-5476.9,ETOPO_2022_v1_15s_bed_elev
-35.1,21.9,-5678.53,ETOPO_2022_v1_15s_bed_elev
-35.0,21.9,-5309.28,ETOPO_2022_v1_15s_bed_elev
-51.0,22.0,-5029.4,ETOPO_2022_v1_15s_bed_elev
-50.9,22.0,-5116.53,ETOPO_2022_v1_15s_bed_elev
-50.8,22.0,-4640.25,ETOPO_2022_v1_15s_bed_elev
-50.7,22.0,-4668.75,ETOPO_2022_v1_15s_bed_elev
-50.6,22.0,-4570.66,ETOPO_2022_v1_15s_bed_elev
-50.5,22.0,-4238.57,ETOPO_2022_v1_15s_bed_elev
-50.4,22.0,-4495.43,ETOPO_2022_v1_15s_bed_elev
-50.3,22.0,-4444.99,ETOPO_2022_v1_15s_bed_elev
-50.2,22.0,-4747.96,ETOPO_2022_v1_15s_bed_elev
-50.1,22.0,-4518.84,ETOPO_2022_v1_15s_bed_elev
-50.0,22.0,-4436.03,ETOPO_2022_v1_15s_bed_elev
-49.9,22.0,-4329.52,ETOPO_2022_v1_15s_bed_elev
-49.8,22.0,-4430.58,ETOPO_2022_v1_15s_bed_elev
-49.7,22.0,-4572.79,ETOPO_2022_v1_15s_bed_elev
-49.6,22.0,-4695.38,ETOPO_2022_v1_15s_bed_elev
-49.5,22.0,-4565.88,ETOPO_2022_v1_15s_bed_elev
-49.4,22.0,-4560.74,ETOPO_2022_v1_15s_bed_elev
-49.3,22.0,-4755.02,ETOPO_2022_v1_15s_bed_elev
-49.2,22.0,-4722.39,ETOPO_2022_v1_15s_bed_elev
-49.1,22.0,-4742.24,ETOPO_2022_v1_15s_bed_elev
-49.0,22.0,-4665.53,ETOPO_2022_v1_15s_bed_elev
-48.9,22.0,-4373.36,ETOPO_2022_v1_15s_bed_elev
-48.8,22.0,-4529.58,ETOPO_2022_v1_15s_bed_elev
-48.7,22.0,-4836.77,ETOPO_2022_v1_15s_bed_elev
-48.6,22.0,-4298.57,ETOPO_2022_v1_15s_bed_elev
-48.5,22.0,-4303.72,ETOPO_2022_v1_15s_bed_elev
-48.4,22.0,-4437.88,ETOPO_2022_v1_15s_bed_elev
-48.3,22.0,-4391.39,ETOPO_2022_v1_15s_bed_elev
-48.2,22.0,-4636.92,ETOPO_2022_v1_15s_bed_elev
-48.1,22.0,-4533.52,ETOPO_2022_v1_15s_bed_elev
-48.0,22.0,-3704.91,ETOPO_2022_v1_15s_bed_elev
-47.9,22.0,-3509.23,ETOPO_2022_v1_15s_bed_elev
-47.8,22.0,-4060.23,ETOPO_2022_v1_15s_bed_elev
-47.7,22.0,-3872.83,ETOPO_2022_v1_15s_bed_elev
-47.6,22.0,-3674.97,ETOPO_2022_v1_15s_bed_elev
-47.5,22.0,-3803.88,ETOPO_2022_v1_15s_bed_elev
-47.4,22.0,-4185.39,ETOPO_2022_v1_15s_bed_elev
-47.3,22.0,-4131.93,ETOPO_2022_v1_15s_bed_elev
-47.2,22.0,-4022.31,ETOPO_2022_v1_15s_bed_elev
-47.1,22.0,-4214.77,ETOPO_2022_v1_15s_bed_elev
-47.0,22.0,-4057.79,ETOPO_2022_v1_15s_bed_elev
-46.9,22.0,-3949.91,ETOPO_2022_v1_15s_bed_elev
-46.8,22.0,-3992.52,ETOPO_2022_v1_15s_bed_elev
-46.7,22.0,-4118.43,ETOPO_2022_v1_15s_bed_elev
-46.6,22.0,-4041.14,ETOPO_2022_v1_15s_bed_elev
-46.5,22.0,-4136.91,ETOPO_2022_v1_15s_bed_elev
-46.4,22.0,-3786.27,ETOPO_2022_v1_15s_bed_elev
-46.3,22.0,-3939.87,ETOPO_2022_v1_15s_bed_elev
-46.2,22.0,-3797.03,ETOPO_2022_v1_15s_bed_elev
-46.1,22.0,-3875.29,ETOPO_2022_v1_15s_bed_elev
-46.0,22.0,-3346.85,ETOPO_2022_v1_15s_bed_elev
-45.9,22.0,-3399.91,ETOPO_2022_v1_15s_bed_elev
-45.8,22.0,-2840.73,ETOPO_2022_v1_15s_bed_elev
-45.7,22.0,-2897.52,ETOPO_2022_v1_15s_bed_elev
-45.6,22.0,-2865.42,ETOPO_2022_v1_15s_bed_elev
-45.5,22.0,-3224.98,ETOPO_2022_v1_15s_bed_elev
-45.4,22.0,-2846.76,ETOPO_2022_v1_15s_bed_elev
-45.3,22.0,-3002.58,ETOPO_2022_v1_15s_bed_elev
-45.2,22.0,-3541.86,ETOPO_2022_v1_15s_bed_elev
-45.1,22.0,-3305.8,ETOPO_2022_v1_15s_bed_elev
-45.0,22.0,-2874.05,ETOPO_2022_v1_15s_bed_elev
-44.9,22.0,-3103.78,ETOPO_2022_v1_15s_bed_elev
-44.8,22.0,-3205.38,ETOPO_2022_v1_15s_bed_elev
-44.7,22.0,-3191.83,ETOPO_2022_v1_15s_bed_elev
-44.6,22.0,-3043.39,ETOPO_2022_v1_15s_bed_elev
-44.5,22.0,-3256.51,ETOPO_2022_v1_15s_bed_elev
-44.4,22.0,-3261.58,ETOPO_2022_v1_15s_bed_elev
-44.3,22.0,-3401.53,ETOPO_2022_v1_15s_bed_elev
-44.2,22.0,-3379.05,ETOPO_2022_v1_15s_bed_elev
-44.1,22.0,-3540.85,ETOPO_2022_v1_15s_bed_elev
-44.0,22.0,-3885.05,ETOPO_2022_v1_15s_bed_elev
-43.9,22.0,-3825.37,ETOPO_2022_v1_15s_bed_elev
-43.8,22.0,-3644.69,ETOPO_2022_v1_15s_bed_elev
-43.7,22.0,-3575.79,ETOPO_2022_v1_15s_bed_elev
-43.6,22.0,-4071.49,ETOPO_2022_v1_15s_bed_elev
-43.5,22.0,-3976.83,ETOPO_2022_v1_15s_bed_elev
-43.4,22.0,-3905.94,ETOPO_2022_v1_15s_bed_elev
-43.3,22.0,-4006.57,ETOPO_2022_v1_15s_bed_elev
-43.2,22.0,-4248.61,ETOPO_2022_v1_15s_bed_elev
-43.1,22.0,-4334.71,ETOPO_2022_v1_15s_bed_elev
-43.0,22.0,-4440.61,ETOPO_2022_v1_15s_bed_elev
-42.9,22.0,-4461.13,ETOPO_2022_v1_15s_bed_elev
-42.8,22.0,-4565.03,ETOPO_2022_v1_15s_bed_elev
-42.7,22.0,-4275.15,ETOPO_2022_v1_15s_bed_elev
-42.6,22.0,-4804.56,ETOPO_2022_v1_15s_bed_elev
-42.5,22.0,-4919.56,ETOPO_2022_v1_15s_bed_elev
-42.4,22.0,-4706.78,ETOPO_2022_v1_15s_bed_elev
-42.3,22.0,-4745.96,ETOPO_2022_v1_15s_bed_elev
-42.2,22.0,-4861.29,ETOPO_2022_v1_15s_bed_elev
-42.1,22.0,-4643.53,ETOPO_2022_v1_15s_bed_elev
-42.0,22.0,-4704.24,ETOPO_2022_v1_15s_bed_elev
-41.9,22.0,-4877.94,ETOPO_2022_v1_15s_bed_elev
-41.8,22.0,-4593.24,ETOPO_2022_v1_15s_bed_elev
-41.7,22.0,-4655.17,ETOPO_2022_v1_15s_bed_elev
-41.6,22.0,-4600.16,ETOPO_2022_v1_15s_bed_elev
-41.5,22.0,-4395.58,ETOPO_2022_v1_15s_bed_elev
-41.4,22.0,-4512.89,ETOPO_2022_v1_15s_bed_elev
-41.3,22.0,-4607.46,ETOPO_2022_v1_15s_bed_elev
-41.2,22.0,-4774.25,ETOPO_2022_v1_15s_bed_elev
-41.1,22.0,-5008.82,ETOPO_2022_v1_15s_bed_elev
-41.0,22.0,-5164.69,ETOPO_2022_v1_15s_bed_elev
-40.9,22.0,-5277.95,ETOPO_2022_v1_15s_bed_elev
-40.8,22.0,-5051.51,ETOPO_2022_v1_15s_bed_elev
-40.7,22.0,-4755.71,ETOPO_2022_v1_15s_bed_elev
-40.6,22.0,-4563.92,ETOPO_2022_v1_15s_bed_elev
-40.5,22.0,-4770.59,ETOPO_2022_v1_15s_bed_elev
-40.4,22.0,-5225.62,ETOPO_2022_v1_15s_bed_elev
-40.3,22.0,-5281.35,ETOPO_2022_v1_15s_bed_elev
-40.2,22.0,-5573.45,ETOPO_2022_v1_15s_bed_elev
-40.1,22.0,-4915.86,ETOPO_2022_v1_15s_bed_elev
-40.0,22.0,-5026.82,ETOPO_2022_v1_15s_bed_elev
-39.9,22.0,-5003.4,ETOPO_2022_v1_15s_bed_elev
-39.8,22.0,-5223.42,ETOPO_2022_v1_15s_bed_elev
-39.7,22.0,-5568.86,ETOPO_2022_v1_15s_bed_elev
-39.6,22.0,-5878.76,ETOPO_2022_v1_15s_bed_elev
-39.5,22.0,-5703.51,ETOPO_2022_v1_15s_bed_elev
-39.4,22.0,-5522.43,ETOPO_2022_v1_15s_bed_elev
-39.3,22.0,-4929.71,ETOPO_2022_v1_15s_bed_elev
-39.2,22.0,-5250.25,ETOPO_2022_v1_15s_bed_elev
-39.1,22.0,-5515.39,ETOPO_2022_v1_15s_bed_elev
-39.0,22.0,-5353.23,ETOPO_2022_v1_15s_bed_elev
-38.9,22.0,-5016.99,ETOPO_2022_v1_15s_bed_elev
-38.8,22.0,-4952.64,ETOPO_2022_v1_15s_bed_elev
-38.7,22.0,-5468.53,ETOPO_2022_v1_15s_bed_elev
-38.6,22.0,-5627.63,ETOPO_2022_v1_15s_bed_elev
-38.5,22.0,-5655.46,ETOPO_2022_v1_15s_bed_elev
-38.4,22.0,-5511.49,ETOPO_2022_v1_15s_bed_elev
-38.3,22.0,-5599.05,ETOPO_2022_v1_15s_bed_elev
-38.2,22.0,-5580.81,ETOPO_2022_v1_15s_bed_elev
-38.1,22.0,-5340.01,ETOPO_2022_v1_15s_bed_elev
-38.0,22.0,-5853.98,ETOPO_2022_v1_15s_bed_elev
-37.9,22.0,-5373.98,ETOPO_2022_v1_15s_bed_elev
-37.8,22.0,-5419.58,ETOPO_2022_v1_15s_bed_elev
-37.7,22.0,-5369.53,ETOPO_2022_v1_15s_bed_elev
-37.6,22.0,-5801.72,ETOPO_2022_v1_15s_bed_elev
-37.5,22.0,-5871.05,ETOPO_2022_v1_15s_bed_elev
-37.4,22.0,-5806.69,ETOPO_2022_v1_15s_bed_elev
-37.3,22.0,-5891.85,ETOPO_2022_v1_15s_bed_elev
-37.2,22.0,-5673.62,ETOPO_2022_v1_15s_bed_elev
-37.1,22.0,-5521.42,ETOPO_2022_v1_15s_bed_elev
-37.0,22.0,-5569.01,ETOPO_2022_v1_15s_bed_elev
-36.9,22.0,-5291.71,ETOPO_2022_v1_15s_bed_elev
-36.8,22.0,-5267.07,ETOPO_2022_v1_15s_bed_elev
-36.7,22.0,-5215.26,ETOPO_2022_v1_15s_bed_elev
-36.6,22.0,-5462.43,ETOPO_2022_v1_15s_bed_elev
-36.5,22.0,-5536.86,ETOPO_2022_v1_15s_bed_elev
-36.4,22.0,-5532.32,ETOPO_2022_v1_15s_bed_elev
-36.3,22.0,-5664.63,ETOPO_2022_v1_15s_bed_elev
-36.2,22.0,-5301.07,ETOPO_2022_v1_15s_bed_elev
-36.1,22.0,-5714.38,ETOPO_2022_v1_15s_bed_elev
-36.0,22.0,-5569.61,ETOPO_2022_v1_15s_bed_elev
-35.9,22.0,-5186.3,ETOPO_2022_v1_15s_bed_elev
-35.8,22.0,-5302.0,ETOPO_2022_v1_15s_bed_elev
-35.7,22.0,-5504.27,ETOPO_2022_v1_15s_bed_elev
-35.6,22.0,-5471.78,ETOPO_2022_v1_15s_bed_elev
-35.5,22.0,-5837.7,ETOPO_2022_v1_15s_bed_elev
-35.4,22.0,-5582.69,ETOPO_2022_v1_15s_bed_elev
-35.3,22.0,-5618.84,ETOPO_2022_v1_15s_bed_elev
-35.2,22.0,-5677.27,ETOPO_2022_v1_15s_bed_elev
-35.1,22.0,-5704.21,ETOPO_2022_v1_15s_bed_elev
-35.0,22.0,-4984.4,ETOPO_2022_v1_15s_bed_elev
-51.0,22.1,-5044.8,ETOPO_2022_v1_15s_bed_elev
-50.9,22.1,-5184.92,ETOPO_2022_v1_15s_bed_elev
-50.8,22.1,-4840.35,ETOPO_2022_v1_15s_bed_elev
-50.7,22.1,-4709.56,ETOPO_2022_v1_15s_bed_elev
-50.6,22.1,-4692.68,ETOPO_2022_v1_15s_bed_elev
-50.5,22.1,-4448.02,ETOPO_2022_v1_15s_bed_elev
-50.4,22.1,-4819.06,ETOPO_2022_v1_15s_bed_elev
-50.3,22.1,-4785.74,ETOPO_2022_v1_15s_bed_elev
-50.2,22.1,-5060.55,ETOPO_2022_v1_15s_bed_elev
-50.1,22.1,-4976.65,ETOPO_2022_v1_15s_bed_elev
-50.0,22.1,-4199.45,ETOPO_2022_v1_15s_bed_elev
-49.9,22.1,-4216.73,ETOPO_2022_v1_15s_bed_elev
-49.8,22.1,-4770.19,ETOPO_2022_v1_15s_bed_elev
-49.7,22.1,-4939.51,ETOPO_2022_v1_15s_bed_elev
-49.6,22.1,-4995.25,ETOPO_2022_v1_15s_bed_elev
-49.5,22.1,-4566.28,ETOPO_2022_v1_15s_bed_elev
-49.4,22.1,-4877.95,ETOPO_2022_v1_15s_bed_elev
-49.3,22.1,-5078.85,ETOPO_2022_v1_15s_bed_elev
-49.2,22.1,-4788.9,ETOPO_2022_v1_15s_bed_elev
-49.1,22.1,-4922.63,ETOPO_2022_v1_15s_bed_elev
-49.0,22.1,-4787.21,ETOPO_2022_v1_15s_bed_elev
-48.9,22.1,-4474.88,ETOPO_2022_v1_15s_bed_elev
-48.8,22.1,-4512.3,ETOPO_2022_v1_15s_bed_elev
-48.7,22.1,-4576.06,ETOPO_2022_v1_15s_bed_elev
-48.6,22.1,-4286.51,ETOPO_2022_v1_15s_bed_elev
-48.5,22.1,-4037.35,ETOPO_2022_v1_15s_bed_elev
-48.4,22.1,-4238.25,ETOPO_2022_v1_15s_bed_elev
-48.3,22.1,-3983.41,ETOPO_2022_v1_15s_bed_elev
-48.2,22.1,-4326.0,ETOPO_2022_v1_15s_bed_elev
-48.1,22.1,-3872.84,ETOPO_2022_v1_15s_bed_elev
-48.0,22.1,-3575.6,ETOPO_2022_v1_15s_bed_elev
-47.9,22.1,-3740.29,ETOPO_2022_v1_15s_bed_elev
-47.8,22.1,-4131.44,ETOPO_2022_v1_15s_bed_elev
-47.7,22.1,-3782.06,ETOPO_2022_v1_15s_bed_elev
-47.6,22.1,-3823.73,ETOPO_2022_v1_15s_bed_elev
-47.5,22.1,-3825.79,ETOPO_2022_v1_15s_bed_elev
-47.4,22.1,-3788.02,ETOPO_2022_v1_15s_bed_elev
-47.3,22.1,-3861.6,ETOPO_2022_v1_15s_bed_elev
-47.2,22.1,-4297.98,ETOPO_2022_v1_15s_bed_elev
-47.1,22.1,-4346.6,ETOPO_2022_v1_15s_bed_elev
-47.0,22.1,-4026.3,ETOPO_2022_v1_15s_bed_elev
-46.9,22.1,-4255.05,ETOPO_2022_v1_15s_bed_elev
-46.8,22.1,-4183.95,ETOPO_2022_v1_15s_bed_elev
-46.7,22.1,-4078.53,ETOPO_2022_v1_15s_bed_elev
-46.6,22.1,-3910.53,ETOPO_2022_v1_15s_bed_elev
-46.5,22.1,-3767.78,ETOPO_2022_v1_15s_bed_elev
-46.4,22.1,-3626.6,ETOPO_2022_v1_15s_bed_elev
-46.3,22.1,-3527.77,ETOPO_2022_v1_15s_bed_elev
-46.2,22.1,-3378.27,ETOPO_2022_v1_15s_bed_elev
-46.1,22.1,-3508.49,ETOPO_2022_v1_15s_bed_elev
-46.0,22.1,-3427.89,ETOPO_2022_v1_15s_bed_elev
-45.9,22.1,-3392.14,ETOPO_2022_v1_15s_bed_elev
-45.8,22.1,-3053.84,ETOPO_2022_v1_15s_bed_elev
-45.7,22.1,-2868.44,ETOPO_2022_v1_15s_bed_elev
-45.6,22.1,-3143.73,ETOPO_2022_v1_15s_bed_elev
-45.5,22.1,-3555.97,ETOPO_2022_v1_15s_bed_elev
-45.4,22.1,-2956.84,ETOPO_2022_v1_15s_bed_elev
-45.3,22.1,-3154.85,ETOPO_2022_v1_15s_bed_elev
-45.2,22.1,-3818.11,ETOPO_2022_v1_15s_bed_elev
-45.1,22.1,-4000.51,ETOPO_2022_v1_15s_bed_elev
-45.0,22.1,-3094.53,ETOPO_2022_v1_15s_bed_elev
-44.9,22.1,-3211.93,ETOPO_2022_v1_15s_bed_elev
-44.8,22.1,-3324.66,ETOPO_2022_v1_15s_bed_elev
-44.7,22.1,-2959.82,ETOPO_2022_v1_15s_bed_elev
-44.6,22.1,-3402.3,ETOPO_2022_v1_15s_bed_elev
-44.5,22.1,-3115.41,ETOPO_2022_v1_15s_bed_elev
-44.4,22.1,-3161.51,ETOPO_2022_v1_15s_bed_elev
-44.3,22.1,-3266.21,ETOPO_2022_v1_15s_bed_elev
-44.2,22.1,-3349.21,ETOPO_2022_v1_15s_bed_elev
-44.1,22.1,-3573.15,ETOPO_2022_v1_15s_bed_elev
-44.0,22.1,-4034.61,ETOPO_2022_v1_15s_bed_elev
-43.9,22.1,-4018.84,ETOPO_2022_v1_15s_bed_elev
-43.8,22.1,-4024.18,ETOPO_2022_v1_15s_bed_elev
-43.7,22.1,-3953.95,ETOPO_2022_v1_15s_bed_elev
-43.6,22.1,-4070.91,ETOPO_2022_v1_15s_bed_elev
-43.5,22.1,-3852.84,ETOPO_2022_v1_15s_bed_elev
-43.4,22.1,-4004.82,ETOPO_2022_v1_15s_bed_elev
-43.3,22.1,-4255.62,ETOPO_2022_v1_15s_bed_elev
-43.2,22.1,-4357.56,ETOPO_2022_v1_15s_bed_elev
-43.1,22.1,-4403.8,ETOPO_2022_v1_15s_bed_elev
-43.0,22.1,-4316.2,ETOPO_2022_v1_15s_bed_elev
-42.9,22.1,-4706.71,ETOPO_2022_v1_15s_bed_elev
-42.8,22.1,-4228.67,ETOPO_2022_v1_15s_bed_elev
-42.7,22.1,-4006.57,ETOPO_2022_v1_15s_bed_elev
-42.6,22.1,-4663.84,ETOPO_2022_v1_15s_bed_elev
-42.5,22.1,-4857.39,ETOPO_2022_v1_15s_bed_elev
-42.4,22.1,-4728.66,ETOPO_2022_v1_15s_bed_elev
-42.3,22.1,-4639.75,ETOPO_2022_v1_15s_bed_elev
-42.2,22.1,-4766.63,ETOPO_2022_v1_15s_bed_elev
-42.1,22.1,-4890.04,ETOPO_2022_v1_15s_bed_elev
-42.0,22.1,-4507.99,ETOPO_2022_v1_15s_bed_elev
-41.9,22.1,-4518.93,ETOPO_2022_v1_15s_bed_elev
-41.8,22.1,-4423.81,ETOPO_2022_v1_15s_bed_elev
-41.7,22.1,-4310.6,ETOPO_2022_v1_15s_bed_elev
-41.6,22.1,-4523.55,ETOPO_2022_v1_15s_bed_elev
-41.5,22.1,-4316.39,ETOPO_2022_v1_15s_bed_elev
-41.4,22.1,-4643.06,ETOPO_2022_v1_15s_bed_elev
-41.3,22.1,-4695.44,ETOPO_2022_v1_15s_bed_elev
-41.2,22.1,-4924.81,ETOPO_2022_v1_15s_bed_elev
-41.1,22.1,-5229.66,ETOPO_2022_v1_15s_bed_elev
-41.0,22.1,-5154.23,ETOPO_2022_v1_15s_bed_elev
-40.9,22.1,-4625.9,ETOPO_2022_v1_15s_bed_elev
-40.8,22.1,-4548.98,ETOPO_2022_v1_15s_bed_elev
-40.7,22.1,-4488.11,ETOPO_2022_v1_15s_bed_elev
-40.6,22.1,-4661.98,ETOPO_2022_v1_15s_bed_elev
-40.5,22.1,-5038.84,ETOPO_2022_v1_15s_bed_elev
-40.4,22.1,-5153.9,ETOPO_2022_v1_15s_bed_elev
-40.3,22.1,-5318.46,ETOPO_2022_v1_15s_bed_elev
-40.2,22.1,-5489.8,ETOPO_2022_v1_15s_bed_elev
-40.1,22.1,-4974.32,ETOPO_2022_v1_15s_bed_elev
-40.0,22.1,-5245.11,ETOPO_2022_v1_15s_bed_elev
-39.9,22.1,-5241.98,ETOPO_2022_v1_15s_bed_elev
-39.8,22.1,-5006.14,ETOPO_2022_v1_15s_bed_elev
-39.7,22.1,-5361.85,ETOPO_2022_v1_15s_bed_elev
-39.6,22.1,-5610.48,ETOPO_2022_v1_15s_bed_elev
-39.5,22.1,-5552.17,ETOPO_2022_v1_15s_bed_elev
-39.4,22.1,-5469.58,ETOPO_2022_v1_15s_bed_elev
-39.3,22.1,-4387.0,ETOPO_2022_v1_15s_bed_elev
-39.2,22.1,-4833.82,ETOPO_2022_v1_15s_bed_elev
-39.1,22.1,-5217.18,ETOPO_2022_v1_15s_bed_elev
-39.0,22.1,-5295.91,ETOPO_2022_v1_15s_bed_elev
-38.9,22.1,-4981.23,ETOPO_2022_v1_15s_bed_elev
-38.8,22.1,-5072.41,ETOPO_2022_v1_15s_bed_elev
-38.7,22.1,-5557.62,ETOPO_2022_v1_15s_bed_elev
-38.6,22.1,-5358.85,ETOPO_2022_v1_15s_bed_elev
-38.5,22.1,-5464.17,ETOPO_2022_v1_15s_bed_elev
-38.4,22.1,-5457.81,ETOPO_2022_v1_15s_bed_elev
-38.3,22.1,-5567.11,ETOPO_2022_v1_15s_bed_elev
-38.2,22.1,-5435.07,ETOPO_2022_v1_15s_bed_elev
-38.1,22.1,-5443.36,ETOPO_2022_v1_15s_bed_elev
-38.0,22.1,-5811.17,ETOPO_2022_v1_15s_bed_elev
-37.9,22.1,-5755.22,ETOPO_2022_v1_15s_bed_elev
-37.8,22.1,-5724.01,ETOPO_2022_v1_15s_bed_elev
-37.7,22.1,-6292.86,ETOPO_2022_v1_15s_bed_elev
-37.6,22.1,-6176.87,ETOPO_2022_v1_15s_bed_elev
-37.5,22.1,-5868.78,ETOPO_2022_v1_15s_bed_elev
-37.4,22.1,-6112.63,ETOPO_2022_v1_15s_bed_elev
-37.3,22.1,-5532.93,ETOPO_2022_v1_15s_bed_elev
-37.2,22.1,-5951.36,ETOPO_2022_v1_15s_bed_elev
-37.1,22.1,-5958.17,ETOPO_2022_v1_15s_bed_elev
-37.0,22.1,-5680.15,ETOPO_2022_v1_15s_bed_elev
-36.9,22.1,-5380.86,ETOPO_2022_v1_15s_bed_elev
-36.8,22.1,-5595.51,ETOPO_2022_v1_15s_bed_elev
-36.7,22.1,-5187.44,ETOPO_2022_v1_15s_bed_elev
-36.6,22.1,-5305.51,ETOPO_2022_v1_15s_bed_elev
-36.5,22.1,-5385.57,ETOPO_2022_v1_15s_bed_elev
-36.4,22.1,-5169.67,ETOPO_2022_v1_15s_bed_elev
-36.3,22.1,-5520.4,ETOPO_2022_v1_15s_bed_elev
-36.2,22.1,-5249.0,ETOPO_2022_v1_15s_bed_elev
-36.1,22.1,-5613.75,ETOPO_2022_v1_15s_bed_elev
-36.0,22.1,-5229.28,ETOPO_2022_v1_15s_bed_elev
-35.9,22.1,-5258.18,ETOPO_2022_v1_15s_bed_elev
-35.8,22.1,-5620.85,ETOPO_2022_v1_15s_bed_elev
-35.7,22.1,-6067.37,ETOPO_2022_v1_15s_bed_elev
-35.6,22.1,-5552.73,ETOPO_2022_v1_15s_bed_elev
-35.5,22.1,-5317.84,ETOPO_2022_v1_15s_bed_elev
-35.4,22.1,-5689.64,ETOPO_2022_v1_15s_bed_elev
-35.3,22.1,-5901.88,ETOPO_2022_v1_15s_bed_elev
-35.2,22.1,-5519.62,ETOPO_2022_v1_15s_bed_elev
-35.1,22.1,-5866.81,ETOPO_2022_v1_15s_bed_elev
-35.0,22.1,-5526.79,ETOPO_2022_v1_15s_bed_elev
-51.0,22.2,-4834.58,ETOPO_2022_v1_15s_bed_elev
-50.9,22.2,-4885.61,ETOPO_2022_v1_15s_bed_elev
-50.8,22.2,-4986.22,ETOPO_2022_v1_15s_bed_elev
-50.7,22.2,-5024.26,ETOPO_2022_v1_15s_bed_elev
-50.6,22.2,-5056.16,ETOPO_2022_v1_15s_bed_elev
-50.5,22.2,-4848.43,ETOPO_2022_v1_15s_bed_elev
-50.4,22.2,-5069.52,ETOPO_2022_v1_15s_bed_elev
-50.3,22.2,-5034.34,ETOPO_2022_v1_15s_bed_elev
-50.2,22.2,-5117.84,ETOPO_2022_v1_15s_bed_elev
-50.1,22.2,-4881.94,ETOPO_2022_v1_15s_bed_elev
-50.0,22.2,-4919.29,ETOPO_2022_v1_15s_bed_elev
-49.9,22.2,-4782.35,ETOPO_2022_v1_15s_bed_elev
-49.8,22.2,-4877.76,ETOPO_2022_v1_15s_bed_elev
-49.7,22.2,-4887.19,ETOPO_2022_v1_15s_bed_elev
-49.6,22.2,-4743.5,ETOPO_2022_v1_15s_bed_elev
-49.5,22.2,-4394.25,ETOPO_2022_v1_15s_bed_elev
-49.4,22.2,-4833.74,ETOPO_2022_v1_15s_bed_elev
-49.3,22.2,-5256.15,ETOPO_2022_v1_15s_bed_elev
-49.2,22.2,-4727.71,ETOPO_2022_v1_15s_bed_elev
-49.1,22.2,-4439.1,ETOPO_2022_v1_15s_bed_elev
-49.0,22.2,-4514.76,ETOPO_2022_v1_15s_bed_elev
-48.9,22.2,-4617.85,ETOPO_2022_v1_15s_bed_elev
-48.8,22.2,-4260.94,ETOPO_2022_v1_15s_bed_elev
-48.7,22.2,-4118.69,ETOPO_2022_v1_15s_bed_elev
-48.6,22.2,-4250.95,ETOPO_2022_v1_15s_bed_elev
-48.5,22.2,-4165.84,ETOPO_2022_v1_15s_bed_elev
-48.4,22.2,-4031.79,ETOPO_2022_v1_15s_bed_elev
-48.3,22.2,-3802.62,ETOPO_2022_v1_15s_bed_elev
-48.2,22.2,-4316.26,ETOPO_2022_v1_15s_bed_elev
-48.1,22.2,-4332.96,ETOPO_2022_v1_15s_bed_elev
-48.0,22.2,-4132.69,ETOPO_2022_v1_15s_bed_elev
-47.9,22.2,-3899.4,ETOPO_2022_v1_15s_bed_elev
-47.8,22.2,-4089.91,ETOPO_2022_v1_15s_bed_elev
-47.7,22.2,-3841.57,ETOPO_2022_v1_15s_bed_elev
-47.6,22.2,-3903.48,ETOPO_2022_v1_15s_bed_elev
-47.5,22.2,-3701.7,ETOPO_2022_v1_15s_bed_elev
-47.4,22.2,-3861.44,ETOPO_2022_v1_15s_bed_elev
-47.3,22.2,-3804.89,ETOPO_2022_v1_15s_bed_elev
-47.2,22.2,-3720.48,ETOPO_2022_v1_15s_bed_elev
-47.1,22.2,-3619.56,ETOPO_2022_v1_15s_bed_elev
-47.0,22.2,-3649.44,ETOPO_2022_v1_15s_bed_elev
-46.9,22.2,-3793.87,ETOPO_2022_v1_15s_bed_elev
-46.8,22.2,-3526.37,ETOPO_2022_v1_15s_bed_elev
-46.7,22.2,-3580.38,ETOPO_2022_v1_15s_bed_elev
-46.6,22.2,-3488.92,ETOPO_2022_v1_15s_bed_elev
-46.5,22.2,-3658.3,ETOPO_2022_v1_15s_bed_elev
-46.4,22.2,-3752.85,ETOPO_2022_v1_15s_bed_elev
-46.3,22.2,-3828.3,ETOPO_2022_v1_15s_bed_elev
-46.2,22.2,-3411.47,ETOPO_2022_v1_15s_bed_elev
-46.1,22.2,-3023.57,ETOPO_2022_v1_15s_bed_elev
-46.0,22.2,-3245.71,ETOPO_2022_v1_15s_bed_elev
-45.9,22.2,-3520.47,ETOPO_2022_v1_15s_bed_elev
-45.8,22.2,-3498.75,ETOPO_2022_v1_15s_bed_elev
-45.7,22.2,-2937.86,ETOPO_2022_v1_15s_bed_elev
-45.6,22.2,-3470.39,ETOPO_2022_v1_15s_bed_elev
-45.5,22.2,-3336.42,ETOPO_2022_v1_15s_bed_elev
-45.4,22.2,-2872.01,ETOPO_2022_v1_15s_bed_elev
-45.3,22.2,-2962.93,ETOPO_2022_v1_15s_bed_elev
-45.2,22.2,-3474.1,ETOPO_2022_v1_15s_bed_elev
-45.1,22.2,-4114.49,ETOPO_2022_v1_15s_bed_elev
-45.0,22.2,-3275.0,ETOPO_2022_v1_15s_bed_elev
-44.9,22.2,-3081.63,ETOPO_2022_v1_15s_bed_elev
-44.8,22.2,-3082.74,ETOPO_2022_v1_15s_bed_elev
-44.7,22.2,-3399.55,ETOPO_2022_v1_15s_bed_elev
-44.6,22.2,-3331.7,ETOPO_2022_v1_15s_bed_elev
-44.5,22.2,-2983.01,ETOPO_2022_v1_15s_bed_elev
-44.4,22.2,-3175.57,ETOPO_2022_v1_15s_bed_elev
-44.3,22.2,-3400.71,ETOPO_2022_v1_15s_bed_elev
-44.2,22.2,-3377.93,ETOPO_2022_v1_15s_bed_elev
-44.1,22.2,-3489.44,ETOPO_2022_v1_15s_bed_elev
-44.0,22.2,-4148.61,ETOPO_2022_v1_15s_bed_elev
-43.9,22.2,-4040.28,ETOPO_2022_v1_15s_bed_elev
-43.8,22.2,-4201.28,ETOPO_2022_v1_15s_bed_elev
-43.7,22.2,-4141.27,ETOPO_2022_v1_15s_bed_elev
-43.6,22.2,-3934.53,ETOPO_2022_v1_15s_bed_elev
-43.5,22.2,-3836.18,ETOPO_2022_v1_15s_bed_elev
-43.4,22.2,-4238.62,ETOPO_2022_v1_15s_bed_elev
-43.3,22.2,-4591.17,ETOPO_2022_v1_15s_bed_elev
-43.2,22.2,-4321.58,ETOPO_2022_v1_15s_bed_elev
-43.1,22.2,-3962.58,ETOPO_2022_v1_15s_bed_elev
-43.0,22.2,-3929.55,ETOPO_2022_v1_15s_bed_elev
-42.9,22.2,-3993.97,ETOPO_2022_v1_15s_bed_elev
-42.8,22.2,-3800.94,ETOPO_2022_v1_15s_bed_elev
-42.7,22.2,-3949.96,ETOPO_2022_v1_15s_bed_elev
-42.6,22.2,-4103.37,ETOPO_2022_v1_15s_bed_elev
-42.5,22.2,-4412.43,ETOPO_2022_v1_15s_bed_elev
-42.4,22.2,-4356.61,ETOPO_2022_v1_15s_bed_elev
-42.3,22.2,-4191.84,ETOPO_2022_v1_15s_bed_elev
-42.2,22.2,-4570.73,ETOPO_2022_v1_15s_bed_elev
-42.1,22.2,-4850.17,ETOPO_2022_v1_15s_bed_elev
-42.0,22.2,-4270.68,ETOPO_2022_v1_15s_bed_elev
-41.9,22.2,-4216.13,ETOPO_2022_v1_15s_bed_elev
-41.8,22.2,-4416.86,ETOPO_2022_v1_15s_bed_elev
-41.7,22.2,-4517.99,ETOPO_2022_v1_15s_bed_elev
-41.6,22.2,-4855.08,ETOPO_2022_v1_15s_bed_elev
-41.5,22.2,-4745.69,ETOPO_2022_v1_15s_bed_elev
-41.4,22.2,-4894.56,ETOPO_2022_v1_15s_bed_elev
-41.3,22.2,-4948.27,ETOPO_2022_v1_15s_bed_elev
-41.2,22.2,-5125.35,ETOPO_2022_v1_15s_bed_elev
-41.1,22.2,-5159.42,ETOPO_2022_v1_15s_bed_elev
-41.0,22.2,-5033.1,ETOPO_2022_v1_15s_bed_elev
-40.9,22.2,-4976.25,ETOPO_2022_v1_15s_bed_elev
-40.8,22.2,-5007.73,ETOPO_2022_v1_15s_bed_elev
-40.7,22.2,-4825.93,ETOPO_2022_v1_15s_bed_elev
-40.6,22.2,-5040.88,ETOPO_2022_v1_15s_bed_elev
-40.5,22.2,-5219.08,ETOPO_2022_v1_15s_bed_elev
-40.4,22.2,-4935.29,ETOPO_2022_v1_15s_bed_elev
-40.3,22.2,-5054.08,ETOPO_2022_v1_15s_bed_elev
-40.2,22.2,-5081.54,ETOPO_2022_v1_15s_bed_elev
-40.1,22.2,-4857.52,ETOPO_2022_v1_15s_bed_elev
-40.0,22.2,-5322.63,ETOPO_2022_v1_15s_bed_elev
-39.9,22.2,-5305.8,ETOPO_2022_v1_15s_bed_elev
-39.8,22.2,-4921.66,ETOPO_2022_v1_15s_bed_elev
-39.7,22.2,-4995.92,ETOPO_2022_v1_15s_bed_elev
-39.6,22.2,-5226.56,ETOPO_2022_v1_15s_bed_elev
-39.5,22.2,-5323.29,ETOPO_2022_v1_15s_bed_elev
-39.4,22.2,-5007.32,ETOPO_2022_v1_15s_bed_elev
-39.3,22.2,-4591.15,ETOPO_2022_v1_15s_bed_elev
-39.2,22.2,-5010.62,ETOPO_2022_v1_15s_bed_elev
-39.1,22.2,-4966.54,ETOPO_2022_v1_15s_bed_elev
-39.0,22.2,-5235.1,ETOPO_2022_v1_15s_bed_elev
-38.9,22.2,-5155.91,ETOPO_2022_v1_15s_bed_elev
-38.8,22.2,-5379.6,ETOPO_2022_v1_15s_bed_elev
-38.7,22.2,-5352.31,ETOPO_2022_v1_15s_bed_elev
-38.6,22.2,-5099.89,ETOPO_2022_v1_15s_bed_elev
-38.5,22.2,-5268.01,ETOPO_2022_v1_15s_bed_elev
-38.4,22.2,-5360.84,ETOPO_2022_v1_15s_bed_elev
-38.3,22.2,-5504.78,ETOPO_2022_v1_15s_bed_elev
-38.2,22.2,-5396.83,ETOPO_2022_v1_15s_bed_elev
-38.1,22.2,-5478.84,ETOPO_2022_v1_15s_bed_elev
-38.0,22.2,-5521.57,ETOPO_2022_v1_15s_bed_elev
-37.9,22.2,-5377.51,ETOPO_2022_v1_15s_bed_elev
-37.8,22.2,-5484.82,ETOPO_2022_v1_15s_bed_elev
-37.7,22.2,-5500.19,ETOPO_2022_v1_15s_bed_elev
-37.6,22.2,-5500.53,ETOPO_2022_v1_15s_bed_elev
-37.5,22.2,-5480.31,ETOPO_2022_v1_15s_bed_elev
-37.4,22.2,-5133.23,ETOPO_2022_v1_15s_bed_elev
-37.3,22.2,-5327.23,ETOPO_2022_v1_15s_bed_elev
-37.2,22.2,-5297.71,ETOPO_2022_v1_15s_bed_elev
-37.1,22.2,-5579.59,ETOPO_2022_v1_15s_bed_elev
-37.0,22.2,-5847.55,ETOPO_2022_v1_15s_bed_elev
-36.9,22.2,-5899.16,ETOPO_2022_v1_15s_bed_elev
-36.8,22.2,-5780.63,ETOPO_2022_v1_15s_bed_elev
-36.7,22.2,-5580.23,ETOPO_2022_v1_15s_bed_elev
-36.6,22.2,-5416.51,ETOPO_2022_v1_15s_bed_elev
-36.5,22.2,-5483.47,ETOPO_2022_v1_15s_bed_elev
-36.4,22.2,-5643.99,ETOPO_2022_v1_15s_bed_elev
-36.3,22.2,-5188.08,ETOPO_2022_v1_15s_bed_elev
-36.2,22.2,-5314.66,ETOPO_2022_v1_15s_bed_elev
-36.1,22.2,-5462.4,ETOPO_2022_v1_15s_bed_elev
-36.0,22.2,-5500.26,ETOPO_2022_v1_15s_bed_elev
-35.9,22.2,-5593.83,ETOPO_2022_v1_15s_bed_elev
-35.8,22.2,-5532.35,ETOPO_2022_v1_15s_bed_elev
-35.7,22.2,-5479.26,ETOPO_2022_v1_15s_bed_elev
-35.6,22.2,-5471.67,ETOPO_2022_v1_15s_bed_elev
-35.5,22.2,-5259.79,ETOPO_2022_v1_15s_bed_elev
-35.4,22.2,-5434.88,ETOPO_2022_v1_15s_bed_elev
-35.3,22.2,-5653.19,ETOPO_2022_v1_15s_bed_elev
-35.2,22.2,-5697.9,ETOPO_2022_v1_15s_bed_elev
-35.1,22.2,-5805.85,ETOPO_2022_v1_15s_bed_elev
-35.0,22.2,-5486.22,ETOPO_2022_v1_15s_bed_elev
-51.0,22.3,-4958.4,ETOPO_2022_v1_15s_bed_elev
-50.9,22.3,-4918.72,ETOPO_2022_v1_15s_bed_elev
-50.8,22.3,-5177.26,ETOPO_2022_v1_15s_bed_elev
-50.7,22.3,-5072.99,ETOPO_2022_v1_15s_bed_elev
-50.6,22.3,-5073.05,ETOPO_2022_v1_15s_bed_elev
-50.5,22.3,-5100.67,ETOPO_2022_v1_15s_bed_elev
-50.4,22.3,-4967.37,ETOPO_2022_v1_15s_bed_elev
-50.3,22.3,-5309.98,ETOPO_2022_v1_15s_bed_elev
-50.2,22.3,-4998.34,ETOPO_2022_v1_15s_bed_elev
-50.1,22.3,-5177.8,ETOPO_2022_v1_15s_bed_elev
-50.0,22.3,-4926.23,ETOPO_2022_v1_15s_bed_elev
-49.9,22.3,-5153.71,ETOPO_2022_v1_15s_bed_elev
-49.8,22.3,-4755.84,ETOPO_2022_v1_15s_bed_elev
-49.7,22.3,-4487.85,ETOPO_2022_v1_15s_bed_elev
-49.6,22.3,-4343.2,ETOPO_2022_v1_15s_bed_elev
-49.5,22.3,-4012.56,ETOPO_2022_v1_15s_bed_elev
-49.4,22.3,-4232.86,ETOPO_2022_v1_15s_bed_elev
-49.3,22.3,-4477.18,ETOPO_2022_v1_15s_bed_elev
-49.2,22.3,-4533.56,ETOPO_2022_v1_15s_bed_elev
-49.1,22.3,-4109.45,ETOPO_2022_v1_15s_bed_elev
-49.0,22.3,-4316.07,ETOPO_2022_v1_15s_bed_elev
-48.9,22.3,-4096.94,ETOPO_2022_v1_15s_bed_elev
-48.8,22.3,-4218.29,ETOPO_2022_v1_15s_bed_elev
-48.7,22.3,-4171.12,ETOPO_2022_v1_15s_bed_elev
-48.6,22.3,-4333.48,ETOPO_2022_v1_15s_bed_elev
-48.5,22.3,-4240.91,ETOPO_2022_v1_15s_bed_elev
-48.4,22.3,-4172.17,ETOPO_2022_v1_15s_bed_elev
-48.3,22.3,-4544.56,ETOPO_2022_v1_15s_bed_elev
-48.2,22.3,-4574.74,ETOPO_2022_v1_15s_bed_elev
-48.1,22.3,-4813.81,ETOPO_2022_v1_15s_bed_elev
-48.0,22.3,-4824.27,ETOPO_2022_v1_15s_bed_elev
-47.9,22.3,-4342.68,ETOPO_2022_v1_15s_bed_elev
-47.8,22.3,-4138.15,ETOPO_2022_v1_15s_bed_elev
-47.7,22.3,-4056.53,ETOPO_2022_v1_15s_bed_elev
-47.6,22.3,-4085.19,ETOPO_2022_v1_15s_bed_elev
-47.5,22.3,-3943.34,ETOPO_2022_v1_15s_bed_elev
-47.4,22.3,-3963.9,ETOPO_2022_v1_15s_bed_elev
-47.3,22.3,-4073.17,ETOPO_2022_v1_15s_bed_elev
-47.2,22.3,-3942.84,ETOPO_2022_v1_15s_bed_elev
-47.1,22.3,-4016.51,ETOPO_2022_v1_15s_bed_elev
-47.0,22.3,-3825.47,ETOPO_2022_v1_15s_bed_elev
-46.9,22.3,-3921.79,ETOPO_2022_v1_15s_bed_elev
-46.8,22.3,-3511.36,ETOPO_2022_v1_15s_bed_elev
-46.7,22.3,-3655.49,ETOPO_2022_v1_15s_bed_elev
-46.6,22.3,-3509.74,ETOPO_2022_v1_15s_bed_elev
-46.5,22.3,-3682.81,ETOPO_2022_v1_15s_bed_elev
-46.4,22.3,-3490.01,ETOPO_2022_v1_15s_bed_elev
-46.3,22.3,-3679.17,ETOPO_2022_v1_15s_bed_elev
-46.2,22.3,-3587.01,ETOPO_2022_v1_15s_bed_elev
-46.1,22.3,-3641.8,ETOPO_2022_v1_15s_bed_elev
-46.0,22.3,-3338.31,ETOPO_2022_v1_15s_bed_elev
-45.9,22.3,-3609.62,ETOPO_2022_v1_15s_bed_elev
-45.8,22.3,-3689.86,ETOPO_2022_v1_15s_bed_elev
-45.7,22.3,-3395.76,ETOPO_2022_v1_15s_bed_elev
-45.6,22.3,-3533.64,ETOPO_2022_v1_15s_bed_elev
-45.5,22.3,-2492.54,ETOPO_2022_v1_15s_bed_elev
-45.4,22.3,-2669.49,ETOPO_2022_v1_15s_bed_elev
-45.3,22.3,-2509.45,ETOPO_2022_v1_15s_bed_elev
-45.2,22.3,-2866.02,ETOPO_2022_v1_15s_bed_elev
-45.1,22.3,-4056.03,ETOPO_2022_v1_15s_bed_elev
-45.0,22.3,-3432.57,ETOPO_2022_v1_15s_bed_elev
-44.9,22.3,-3052.85,ETOPO_2022_v1_15s_bed_elev
-44.8,22.3,-3170.35,ETOPO_2022_v1_15s_bed_elev
-44.7,22.3,-3411.04,ETOPO_2022_v1_15s_bed_elev
-44.6,22.3,-3211.91,ETOPO_2022_v1_15s_bed_elev
-44.5,22.3,-3154.92,ETOPO_2022_v1_15s_bed_elev
-44.4,22.3,-3400.78,ETOPO_2022_v1_15s_bed_elev
-44.3,22.3,-3673.56,ETOPO_2022_v1_15s_bed_elev
-44.2,22.3,-3583.09,ETOPO_2022_v1_15s_bed_elev
-44.1,22.3,-3897.53,ETOPO_2022_v1_15s_bed_elev
-44.0,22.3,-3900.5,ETOPO_2022_v1_15s_bed_elev
-43.9,22.3,-3574.6,ETOPO_2022_v1_15s_bed_elev
-43.8,22.3,-3985.1,ETOPO_2022_v1_15s_bed_elev
-43.7,22.3,-4183.31,ETOPO_2022_v1_15s_bed_elev
-43.6,22.3,-3898.22,ETOPO_2022_v1_15s_bed_elev
-43.5,22.3,-4248.37,ETOPO_2022_v1_15s_bed_elev
-43.4,22.3,-4352.31,ETOPO_2022_v1_15s_bed_elev
-43.3,22.3,-4199.05,ETOPO_2022_v1_15s_bed_elev
-43.2,22.3,-3846.04,ETOPO_2022_v1_15s_bed_elev
-43.1,22.3,-3765.3,ETOPO_2022_v1_15s_bed_elev
-43.0,22.3,-3770.63,ETOPO_2022_v1_15s_bed_elev
-42.9,22.3,-3898.43,ETOPO_2022_v1_15s_bed_elev
-42.8,22.3,-4190.48,ETOPO_2022_v1_15s_bed_elev
-42.7,22.3,-4296.63,ETOPO_2022_v1_15s_bed_elev
-42.6,22.3,-4371.67,ETOPO_2022_v1_15s_bed_elev
-42.5,22.3,-4526.94,ETOPO_2022_v1_15s_bed_elev
-42.4,22.3,-3990.14,ETOPO_2022_v1_15s_bed_elev
-42.3,22.3,-3823.81,ETOPO_2022_v1_15s_bed_elev
-42.2,22.3,-4277.13,ETOPO_2022_v1_15s_bed_elev
-42.1,22.3,-4550.29,ETOPO_2022_v1_15s_bed_elev
-42.0,22.3,-4300.25,ETOPO_2022_v1_15s_bed_elev
-41.9,22.3,-4491.02,ETOPO_2022_v1_15s_bed_elev
-41.8,22.3,-4561.21,ETOPO_2022_v1_15s_bed_elev
-41.7,22.3,-4519.57,ETOPO_2022_v1_15s_bed_elev
-41.6,22.3,-4824.07,ETOPO_2022_v1_15s_bed_elev
-41.5,22.3,-5167.01,ETOPO_2022_v1_15s_bed_elev
-41.4,22.3,-5025.23,ETOPO_2022_v1_15s_bed_elev
-41.3,22.3,-5278.48,ETOPO_2022_v1_15s_bed_elev
-41.2,22.3,-5214.27,ETOPO_2022_v1_15s_bed_elev
-41.1,22.3,-4739.04,ETOPO_2022_v1_15s_bed_elev
-41.0,22.3,-4714.52,ETOPO_2022_v1_15s_bed_elev
-40.9,22.3,-4830.94,ETOPO_2022_v1_15s_bed_elev
-40.8,22.3,-5224.69,ETOPO_2022_v1_15s_bed_elev
-40.7,22.3,-5407.4,ETOPO_2022_v1_15s_bed_elev
-40.6,22.3,-5278.04,ETOPO_2022_v1_15s_bed_elev
-40.5,22.3,-5133.18,ETOPO_2022_v1_15s_bed_elev
-40.4,22.3,-4770.73,ETOPO_2022_v1_15s_bed_elev
-40.3,22.3,-4684.45,ETOPO_2022_v1_15s_bed_elev
-40.2,22.3,-4928.58,ETOPO_2022_v1_15s_bed_elev
-40.1,22.3,-4951.03,ETOPO_2022_v1_15s_bed_elev
-40.0,22.3,-5177.94,ETOPO_2022_v1_15s_bed_elev
-39.9,22.3,-5095.87,ETOPO_2022_v1_15s_bed_elev
-39.8,22.3,-4761.46,ETOPO_2022_v1_15s_bed_elev
-39.7,22.3,-4898.99,ETOPO_2022_v1_15s_bed_elev
-39.6,22.3,-5110.88,ETOPO_2022_v1_15s_bed_elev
-39.5,22.3,-4871.29,ETOPO_2022_v1_15s_bed_elev
-39.4,22.3,-4792.5,ETOPO_2022_v1_15s_bed_elev
-39.3,22.3,-4493.05,ETOPO_2022_v1_15s_bed_elev
-39.2,22.3,-5029.52,ETOPO_2022_v1_15s_bed_elev
-39.1,22.3,-4994.18,ETOPO_2022_v1_15s_bed_elev
-39.0,22.3,-5179.56,ETOPO_2022_v1_15s_bed_elev
-38.9,22.3,-5403.28,ETOPO_2022_v1_15s_bed_elev
-38.8,22.3,-5221.68,ETOPO_2022_v1_15s_bed_elev
-38.7,22.3,-5123.49,ETOPO_2022_v1_15s_bed_elev
-38.6,22.3,-5175.94,ETOPO_2022_v1_15s_bed_elev
-38.5,22.3,-4923.56,ETOPO_2022_v1_15s_bed_elev
-38.4,22.3,-5180.12,ETOPO_2022_v1_15s_bed_elev
-38.3,22.3,-5440.94,ETOPO_2022_v1_15s_bed_elev
-38.2,22.3,-5172.35,ETOPO_2022_v1_15s_bed_elev
-38.1,22.3,-5243.73,ETOPO_2022_v1_15s_bed_elev
-38.0,22.3,-5409.88,ETOPO_2022_v1_15s_bed_elev
-37.9,22.3,-5234.05,ETOPO_2022_v1_15s_bed_elev
-37.8,22.3,-5170.67,ETOPO_2022_v1_15s_bed_elev
-37.7,22.3,-5184.64,ETOPO_2022_v1_15s_bed_elev
-37.6,22.3,-5099.22,ETOPO_2022_v1_15s_bed_elev
-37.5,22.3,-5397.18,ETOPO_2022_v1_15s_bed_elev
-37.4,22.3,-5442.91,ETOPO_2022_v1_15s_bed_elev
-37.3,22.3,-5480.66,ETOPO_2022_v1_15s_bed_elev
-37.2,22.3,-5567.29,ETOPO_2022_v1_15s_bed_elev
-37.1,22.3,-5572.13,ETOPO_2022_v1_15s_bed_elev
-37.0,22.3,-5624.09,ETOPO_2022_v1_15s_bed_elev
-36.9,22.3,-5575.69,ETOPO_2022_v1_15s_bed_elev
-36.8,22.3,-5763.58,ETOPO_2022_v1_15s_bed_elev
-36.7,22.3,-5789.58,ETOPO_2022_v1_15s_bed_elev
-36.6,22.3,-5611.03,ETOPO_2022_v1_15s_bed_elev
-36.5,22.3,-5743.77,ETOPO_2022_v1_15s_bed_elev
-36.4,22.3,-5541.58,ETOPO_2022_v1_15s_bed_elev
-36.3,22.3,-5024.5,ETOPO_2022_v1_15s_bed_elev
-36.2,22.3,-5481.67,ETOPO_2022_v1_15s_bed_elev
-36.1,22.3,-5594.12,ETOPO_2022_v1_15s_bed_elev
-36.0,22.3,-5894.91,ETOPO_2022_v1_15s_bed_elev
-35.9,22.3,-5658.59,ETOPO_2022_v1_15s_bed_elev
-35.8,22.3,-5599.13,ETOPO_2022_v1_15s_bed_elev
-35.7,22.3,-5417.07,ETOPO_2022_v1_15s_bed_elev
-35.6,22.3,-5611.72,ETOPO_2022_v1_15s_bed_elev
-35.5,22.3,-5561.64,ETOPO_2022_v1_15s_bed_elev
-35.4,22.3,-4999.73,ETOPO_2022_v1_15s_bed_elev
-35.3,22.3,-4941.23,ETOPO_2022_v1_15s_bed_elev
-35.2,22.3,-5279.63,ETOPO_2022_v1_15s_bed_elev
-35.1,22.3,-5762.04,ETOPO_2022_v1_15s_bed_elev
-35.0,22.3,-5306.71,ETOPO_2022_v1_15s_bed_elev
-51.0,22.4,-5139.6,ETOPO_2022_v1_15s_bed_elev
-50.9,22.4,-5174.0,ETOPO_2022_v1_15s_bed_elev
-50.8,22.4,-5366.05,ETOPO_2022_v1_15s_bed_elev
-50.7,22.4,-5309.76,ETOPO_2022_v1_15s_bed_elev
-50.6,22.4,-5202.82,ETOPO_2022_v1_15s_bed_elev
-50.5,22.4,-4944.76,ETOPO_2022_v1_15s_bed_elev
-50.4,22.4,-4837.67,ETOPO_2022_v1_15s_bed_elev
-50.3,22.4,-4847.32,ETOPO_2022_v1_15s_bed_elev
-50.2,22.4,-5089.9,ETOPO_2022_v1_15s_bed_elev
-50.1,22.4,-5291.0,ETOPO_2022_v1_15s_bed_elev
-50.0,22.4,-4753.37,ETOPO_2022_v1_15s_bed_elev
-49.9,22.4,-4569.11,ETOPO_2022_v1_15s_bed_elev
-49.8,22.4,-4335.26,ETOPO_2022_v1_15s_bed_elev
-49.7,22.4,-4613.6,ETOPO_2022_v1_15s_bed_elev
-49.6,22.4,-4901.3,ETOPO_2022_v1_15s_bed_elev
-49.5,22.4,-4667.42,ETOPO_2022_v1_15s_bed_elev
-49.4,22.4,-4281.57,ETOPO_2022_v1_15s_bed_elev
-49.3,22.4,-4484.82,ETOPO_2022_v1_15s_bed_elev
-49.2,22.4,-4466.42,ETOPO_2022_v1_15s_bed_elev
-49.1,22.4,-4250.77,ETOPO_2022_v1_15s_bed_elev
-49.0,22.4,-4398.97,ETOPO_2022_v1_15s_bed_elev
-48.9,22.4,-4189.09,ETOPO_2022_v1_15s_bed_elev
-48.8,22.4,-4284.54,ETOPO_2022_v1_15s_bed_elev
-48.7,22.4,-4227.75,ETOPO_2022_v1_15s_bed_elev
-48.6,22.4,-4421.71,ETOPO_2022_v1_15s_bed_elev
-48.5,22.4,-4411.88,ETOPO_2022_v1_15s_bed_elev
-48.4,22.4,-4509.47,ETOPO_2022_v1_15s_bed_elev
-48.3,22.4,-4722.81,ETOPO_2022_v1_15s_bed_elev
-48.2,22.4,-4524.23,ETOPO_2022_v1_15s_bed_elev
-48.1,22.4,-4946.14,ETOPO_2022_v1_15s_bed_elev
-48.0,22.4,-4343.65,ETOPO_2022_v1_15s_bed_elev
-47.9,22.4,-3831.57,ETOPO_2022_v1_15s_bed_elev
-47.8,22.4,-4135.02,ETOPO_2022_v1_15s_bed_elev
-47.7,22.4,-4315.77,ETOPO_2022_v1_15s_bed_elev
-47.6,22.4,-4162.66,ETOPO_2022_v1_15s_bed_elev
-47.5,22.4,-3975.36,ETOPO_2022_v1_15s_bed_elev
-47.4,22.4,-4090.2,ETOPO_2022_v1_15s_bed_elev
-47.3,22.4,-4208.05,ETOPO_2022_v1_15s_bed_elev
-47.2,22.4,-4179.58,ETOPO_2022_v1_15s_bed_elev
-47.1,22.4,-4027.3,ETOPO_2022_v1_15s_bed_elev
-47.0,22.4,-3878.61,ETOPO_2022_v1_15s_bed_elev
-46.9,22.4,-3834.57,ETOPO_2022_v1_15s_bed_elev
-46.8,22.4,-3619.81,ETOPO_2022_v1_15s_bed_elev
-46.7,22.4,-3546.86,ETOPO_2022_v1_15s_bed_elev
-46.6,22.4,-3585.61,ETOPO_2022_v1_15s_bed_elev
-46.5,22.4,-3633.26,ETOPO_2022_v1_15s_bed_elev
-46.4,22.4,-3694.94,ETOPO_2022_v1_15s_bed_elev
-46.3,22.4,-3588.07,ETOPO_2022_v1_15s_bed_elev
-46.2,22.4,-3726.47,ETOPO_2022_v1_15s_bed_elev
-46.1,22.4,-3652.0,ETOPO_2022_v1_15s_bed_elev
-46.0,22.4,-3437.98,ETOPO_2022_v1_15s_bed_elev
-45.9,22.4,-3165.39,ETOPO_2022_v1_15s_bed_elev
-45.8,22.4,-3609.91,ETOPO_2022_v1_15s_bed_elev
-45.7,22.4,-3368.79,ETOPO_2022_v1_15s_bed_elev
-45.6,22.4,-3307.43,ETOPO_2022_v1_15s_bed_elev
-45.5,22.4,-2986.63,ETOPO_2022_v1_15s_bed_elev
-45.4,22.4,-3101.29,ETOPO_2022_v1_15s_bed_elev
-45.3,22.4,-2745.6,ETOPO_2022_v1_15s_bed_elev
-45.2,22.4,-3151.0,ETOPO_2022_v1_15s_bed_elev
-45.1,22.4,-3763.02,ETOPO_2022_v1_15s_bed_elev
-45.0,22.4,-3156.0,ETOPO_2022_v1_15s_bed_elev
-44.9,22.4,-3017.82,ETOPO_2022_v1_15s_bed_elev
-44.8,22.4,-2758.47,ETOPO_2022_v1_15s_bed_elev
-44.7,22.4,-2763.75,ETOPO_2022_v1_15s_bed_elev
-44.6,22.4,-2911.68,ETOPO_2022_v1_15s_bed_elev
-44.5,22.4,-3187.26,ETOPO_2022_v1_15s_bed_elev
-44.4,22.4,-3495.68,ETOPO_2022_v1_15s_bed_elev
-44.3,22.4,-3722.08,ETOPO_2022_v1_15s_bed_elev
-44.2,22.4,-3731.73,ETOPO_2022_v1_15s_bed_elev
-44.1,22.4,-3910.8,ETOPO_2022_v1_15s_bed_elev
-44.0,22.4,-3411.12,ETOPO_2022_v1_15s_bed_elev
-43.9,22.4,-3679.62,ETOPO_2022_v1_15s_bed_elev
-43.8,22.4,-3811.66,ETOPO_2022_v1_15s_bed_elev
-43.7,22.4,-3952.31,ETOPO_2022_v1_15s_bed_elev
-43.6,22.4,-4100.88,ETOPO_2022_v1_15s_bed_elev
-43.5,22.4,-4328.98,ETOPO_2022_v1_15s_bed_elev
-43.4,22.4,-3828.62,ETOPO_2022_v1_15s_bed_elev
-43.3,22.4,-3788.12,ETOPO_2022_v1_15s_bed_elev
-43.2,22.4,-3706.86,ETOPO_2022_v1_15s_bed_elev
-43.1,22.4,-3867.57,ETOPO_2022_v1_15s_bed_elev
-43.0,22.4,-4060.58,ETOPO_2022_v1_15s_bed_elev
-42.9,22.4,-4394.05,ETOPO_2022_v1_15s_bed_elev
-42.8,22.4,-4593.76,ETOPO_2022_v1_15s_bed_elev
-42.7,22.4,-4689.11,ETOPO_2022_v1_15s_bed_elev
-42.6,22.4,-4550.51,ETOPO_2022_v1_15s_bed_elev
-42.5,22.4,-4829.21,ETOPO_2022_v1_15s_bed_elev
-42.4,22.4,-4560.18,ETOPO_2022_v1_15s_bed_elev
-42.3,22.4,-4436.07,ETOPO_2022_v1_15s_bed_elev
-42.2,22.4,-4351.67,ETOPO_2022_v1_15s_bed_elev
-42.1,22.4,-4439.43,ETOPO_2022_v1_15s_bed_elev
-42.0,22.4,-4669.54,ETOPO_2022_v1_15s_bed_elev
-41.9,22.4,-4631.41,ETOPO_2022_v1_15s_bed_elev
-41.8,22.4,-4768.43,ETOPO_2022_v1_15s_bed_elev
-41.7,22.4,-4701.19,ETOPO_2022_v1_15s_bed_elev
-41.6,22.4,-4766.15,ETOPO_2022_v1_15s_bed_elev
-41.5,22.4,-4878.26,ETOPO_2022_v1_15s_bed_elev
-41.4,22.4,-4859.23,ETOPO_2022_v1_15s_bed_elev
-41.3,22.4,-4919.23,ETOPO_2022_v1_15s_bed_elev
-41.2,22.4,-4744.12,ETOPO_2022_v1_15s_bed_elev
-41.1,22.4,-4309.69,ETOPO_2022_v1_15s_bed_elev
-41.0,22.4,-4575.73,ETOPO_2022_v1_15s_bed_elev
-40.9,22.4,-4659.23,ETOPO_2022_v1_15s_bed_elev
-40.8,22.4,-4687.39,ETOPO_2022_v1_15s_bed_elev
-40.7,22.4,-4858.16,ETOPO_2022_v1_15s_bed_elev
-40.6,22.4,-4694.45,ETOPO_2022_v1_15s_bed_elev
-40.5,22.4,-4702.78,ETOPO_2022_v1_15s_bed_elev
-40.4,22.4,-4685.98,ETOPO_2022_v1_15s_bed_elev
-40.3,22.4,-4697.42,ETOPO_2022_v1_15s_bed_elev
-40.2,22.4,-4831.53,ETOPO_2022_v1_15s_bed_elev
-40.1,22.4,-4749.44,ETOPO_2022_v1_15s_bed_elev
-40.0,22.4,-5049.94,ETOPO_2022_v1_15s_bed_elev
-39.9,22.4,-5112.99,ETOPO_2022_v1_15s_bed_elev
-39.8,22.4,-4976.81,ETOPO_2022_v1_15s_bed_elev
-39.7,22.4,-5003.9,ETOPO_2022_v1_15s_bed_elev
-39.6,22.4,-5441.56,ETOPO_2022_v1_15s_bed_elev
-39.5,22.4,-5518.1,ETOPO_2022_v1_15s_bed_elev
-39.4,22.4,-5390.1,ETOPO_2022_v1_15s_bed_elev
-39.3,22.4,-5071.38,ETOPO_2022_v1_15s_bed_elev
-39.2,22.4,-5397.99,ETOPO_2022_v1_15s_bed_elev
-39.1,22.4,-5560.14,ETOPO_2022_v1_15s_bed_elev
-39.0,22.4,-5580.7,ETOPO_2022_v1_15s_bed_elev
-38.9,22.4,-5208.98,ETOPO_2022_v1_15s_bed_elev
-38.8,22.4,-5304.88,ETOPO_2022_v1_15s_bed_elev
-38.7,22.4,-5592.12,ETOPO_2022_v1_15s_bed_elev
-38.6,22.4,-5651.99,ETOPO_2022_v1_15s_bed_elev
-38.5,22.4,-5217.35,ETOPO_2022_v1_15s_bed_elev
-38.4,22.4,-5332.04,ETOPO_2022_v1_15s_bed_elev
-38.3,22.4,-5391.7,ETOPO_2022_v1_15s_bed_elev
-38.2,22.4,-5425.09,ETOPO_2022_v1_15s_bed_elev
-38.1,22.4,-5284.18,ETOPO_2022_v1_15s_bed_elev
-38.0,22.4,-5299.47,ETOPO_2022_v1_15s_bed_elev
-37.9,22.4,-5327.26,ETOPO_2022_v1_15s_bed_elev
-37.8,22.4,-4983.03,ETOPO_2022_v1_15s_bed_elev
-37.7,22.4,-5042.52,ETOPO_2022_v1_15s_bed_elev
-37.6,22.4,-5447.08,ETOPO_2022_v1_15s_bed_elev
-37.5,22.4,-5749.16,ETOPO_2022_v1_15s_bed_elev
-37.4,22.4,-5676.71,ETOPO_2022_v1_15s_bed_elev
-37.3,22.4,-5770.41,ETOPO_2022_v1_15s_bed_elev
-37.2,22.4,-5623.3,ETOPO_2022_v1_15s_bed_elev
-37.1,22.4,-5884.03,ETOPO_2022_v1_15s_bed_elev
-37.0,22.4,-5823.67,ETOPO_2022_v1_15s_bed_elev
-36.9,22.4,-5770.39,ETOPO_2022_v1_15s_bed_elev
-36.8,22.4,-5833.89,ETOPO_2022_v1_15s_bed_elev
-36.7,22.4,-5842.17,ETOPO_2022_v1_15s_bed_elev
-36.6,22.4,-5721.99,ETOPO_2022_v1_15s_bed_elev
-36.5,22.4,-5904.48,ETOPO_2022_v1_15s_bed_elev
-36.4,22.4,-5629.84,ETOPO_2022_v1_15s_bed_elev
-36.3,22.4,-5399.09,ETOPO_2022_v1_15s_bed_elev
-36.2,22.4,-5734.25,ETOPO_2022_v1_15s_bed_elev
-36.1,22.4,-5635.45,ETOPO_2022_v1_15s_bed_elev
-36.0,22.4,-5840.64,ETOPO_2022_v1_15s_bed_elev
-35.9,22.4,-5537.49,ETOPO_2022_v1_15s_bed_elev
-35.8,22.4,-5768.16,ETOPO_2022_v1_15s_bed_elev
-35.7,22.4,-5790.61,ETOPO_2022_v1_15s_bed_elev
-35.6,22.4,-5747.52,ETOPO_2022_v1_15s_bed_elev
-35.5,22.4,-5430.49,ETOPO_2022_v1_15s_bed_elev
-35.4,22.4,-5121.01,ETOPO_2022_v1_15s_bed_elev
-35.3,22.4,-5099.88,ETOPO_2022_v1_15s_bed_elev
-35.2,22.4,-5482.92,ETOPO_2022_v1_15s_bed_elev
-35.1,22.4,-5344.36,ETOPO_2022_v1_15s_bed_elev
-35.0,22.4,-5584.37,ETOPO_2022_v1_15s_bed_elev
-51.0,22.5,-5179.44,ETOPO_2022_v1_15s_bed_elev
-50.9,22.5,-5426.14,ETOPO_2022_v1_15s_bed_elev
-50.8,22.5,-5219.11,ETOPO_2022_v1_15s_bed_elev
-50.7,22.5,-5148.04,ETOPO_2022_v1_15s_bed_elev
-50.6,22.5,-4997.43,ETOPO_2022_v1_15s_bed_elev
-50.5,22.5,-4558.15,ETOPO_2022_v1_15s_bed_elev
-50.4,22.5,-4505.21,ETOPO_2022_v1_15s_bed_elev
-50.3,22.5,-4607.33,ETOPO_2022_v1_15s_bed_elev
-50.2,22.5,-4445.15,ETOPO_2022_v1_15s_bed_elev
-50.1,22.5,-4840.78,ETOPO_2022_v1_15s_bed_elev
-50.0,22.5,-4438.28,ETOPO_2022_v1_15s_bed_elev
-49.9,22.5,-4445.4,ETOPO_2022_v1_15s_bed_elev
-49.8,22.5,-4357.09,ETOPO_2022_v1_15s_bed_elev
-49.7,22.5,-4032.89,ETOPO_2022_v1_15s_bed_elev
-49.6,22.5,-4915.96,ETOPO_2022_v1_15s_bed_elev
-49.5,22.5,-5068.33,ETOPO_2022_v1_15s_bed_elev
-49.4,22.5,-4779.63,ETOPO_2022_v1_15s_bed_elev
-49.3,22.5,-4819.62,ETOPO_2022_v1_15s_bed_elev
-49.2,22.5,-4414.21,ETOPO_2022_v1_15s_bed_elev
-49.1,22.5,-4132.95,ETOPO_2022_v1_15s_bed_elev
-49.0,22.5,-4391.28,ETOPO_2022_v1_15s_bed_elev
-48.9,22.5,-4421.92,ETOPO_2022_v1_15s_bed_elev
-48.8,22.5,-4308.66,ETOPO_2022_v1_15s_bed_elev
-48.7,22.5,-4076.96,ETOPO_2022_v1_15s_bed_elev
-48.6,22.5,-4534.76,ETOPO_2022_v1_15s_bed_elev
-48.5,22.5,-4663.8,ETOPO_2022_v1_15s_bed_elev
-48.4,22.5,-4431.38,ETOPO_2022_v1_15s_bed_elev
-48.3,22.5,-4182.42,ETOPO_2022_v1_15s_bed_elev
-48.2,22.5,-4016.33,ETOPO_2022_v1_15s_bed_elev
-48.1,22.5,-4316.07,ETOPO_2022_v1_15s_bed_elev
-48.0,22.5,-4435.41,ETOPO_2022_v1_15s_bed_elev
-47.9,22.5,-3816.95,ETOPO_2022_v1_15s_bed_elev
-47.8,22.5,-3803.67,ETOPO_2022_v1_15s_bed_elev
-47.7,22.5,-4061.09,ETOPO_2022_v1_15s_bed_elev
-47.6,22.5,-4148.48,ETOPO_2022_v1_15s_bed_elev
-47.5,22.5,-3902.09,ETOPO_2022_v1_15s_bed_elev
-47.4,22.5,-4069.22,ETOPO_2022_v1_15s_bed_elev
-47.3,22.5,-4211.73,ETOPO_2022_v1_15s_bed_elev
-47.2,22.5,-4033.71,ETOPO_2022_v1_15s_bed_elev
-47.1,22.5,-3860.85,ETOPO_2022_v1_15s_bed_elev
-47.0,22.5,-4091.19,ETOPO_2022_v1_15s_bed_elev
-46.9,22.5,-3902.37,ETOPO_2022_v1_15s_bed_elev
-46.8,22.5,-3762.15,ETOPO_2022_v1_15s_bed_elev
-46.7,22.5,-3459.02,ETOPO_2022_v1_15s_bed_elev
-46.6,22.5,-3659.86,ETOPO_2022_v1_15s_bed_elev
-46.5,22.5,-3597.32,ETOPO_2022_v1_15s_bed_elev
-46.4,22.5,-3793.63,ETOPO_2022_v1_15s_bed_elev
-46.3,22.5,-3635.74,ETOPO_2022_v1_15s_bed_elev
-46.2,22.5,-3717.28,ETOPO_2022_v1_15s_bed_elev
-46.1,22.5,-3246.9,ETOPO_2022_v1_15s_bed_elev
-46.0,22.5,-3509.81,ETOPO_2022_v1_15s_bed_elev
-45.9,22.5,-3328.5,ETOPO_2022_v1_15s_bed_elev
-45.8,22.5,-3643.29,ETOPO_2022_v1_15s_bed_elev
-45.7,22.5,-3490.88,ETOPO_2022_v1_15s_bed_elev
-45.6,22.5,-3301.44,ETOPO_2022_v1_15s_bed_elev
-45.5,22.5,-3028.82,ETOPO_2022_v1_15s_bed_elev
-45.4,22.5,-3016.38,ETOPO_2022_v1_15s_bed_elev
-45.3,22.5,-2683.54,ETOPO_2022_v1_15s_bed_elev
-45.2,22.5,-3103.26,ETOPO_2022_v1_15s_bed_elev
-45.1,22.5,-3476.86,ETOPO_2022_v1_15s_bed_elev
-45.0,22.5,-2794.07,ETOPO_2022_v1_15s_bed_elev
-44.9,22.5,-2569.6,ETOPO_2022_v1_15s_bed_elev
-44.8,22.5,-2560.79,ETOPO_2022_v1_15s_bed_elev
-44.7,22.5,-2679.7,ETOPO_2022_v1_15s_bed_elev
-44.6,22.5,-2769.07,ETOPO_2022_v1_15s_bed_elev
-44.5,22.5,-3002.46,ETOPO_2022_v1_15s_bed_elev
-44.4,22.5,-3151.6,ETOPO_2022_v1_15s_bed_elev
-44.3,22.5,-3613.61,ETOPO_2022_v1_15s_bed_elev
-44.2,22.5,-3832.29,ETOPO_2022_v1_15s_bed_elev
-44.1,22.5,-3321.86,ETOPO_2022_v1_15s_bed_elev
-44.0,22.5,-3340.37,ETOPO_2022_v1_15s_bed_elev
-43.9,22.5,-3630.5,ETOPO_2022_v1_15s_bed_elev
-43.8,22.5,-3873.92,ETOPO_2022_v1_15s_bed_elev
-43.7,22.5,-3833.2,ETOPO_2022_v1_15s_bed_elev
-43.6,22.5,-3844.45,ETOPO_2022_v1_15s_bed_elev
-43.5,22.5,-4177.51,ETOPO_2022_v1_15s_bed_elev
-43.4,22.5,-4326.31,ETOPO_2022_v1_15s_bed_elev
-43.3,22.5,-4204.56,ETOPO_2022_v1_15s_bed_elev
-43.2,22.5,-3947.79,ETOPO_2022_v1_15s_bed_elev
-43.1,22.5,-4136.28,ETOPO_2022_v1_15s_bed_elev
-43.0,22.5,-4197.53,ETOPO_2022_v1_15s_bed_elev
-42.9,22.5,-4563.87,ETOPO_2022_v1_15s_bed_elev
-42.8,22.5,-4468.72,ETOPO_2022_v1_15s_bed_elev
-42.7,22.5,-4384.01,ETOPO_2022_v1_15s_bed_elev
-42.6,22.5,-4218.97,ETOPO_2022_v1_15s_bed_elev
-42.5,22.5,-4488.51,ETOPO_2022_v1_15s_bed_elev
-42.4,22.5,-4705.74,ETOPO_2022_v1_15s_bed_elev
-42.3,22.5,-4659.4,ETOPO_2022_v1_15s_bed_elev
-42.2,22.5,-4726.27,ETOPO_2022_v1_15s_bed_elev
-42.1,22.5,-4282.67,ETOPO_2022_v1_15s_bed_elev
-42.0,22.5,-4506.47,ETOPO_2022_v1_15s_bed_elev
-41.9,22.5,-4663.43,ETOPO_2022_v1_15s_bed_elev
-41.8,22.5,-4570.4,ETOPO_2022_v1_15s_bed_elev
-41.7,22.5,-4748.63,ETOPO_2022_v1_15s_bed_elev
-41.6,22.5,-4598.24,ETOPO_2022_v1_15s_bed_elev
-41.5,22.5,-4158.05,ETOPO_2022_v1_15s_bed_elev
-41.4,22.5,-4876.54,ETOPO_2022_v1_15s_bed_elev
-41.3,22.5,-4547.75,ETOPO_2022_v1_15s_bed_elev
-41.2,22.5,-4449.74,ETOPO_2022_v1_15s_bed_elev
-41.1,22.5,-4305.16,ETOPO_2022_v1_15s_bed_elev
-41.0,22.5,-4600.81,ETOPO_2022_v1_15s_bed_elev
-40.9,22.5,-4890.22,ETOPO_2022_v1_15s_bed_elev
-40.8,22.5,-4720.11,ETOPO_2022_v1_15s_bed_elev
-40.7,22.5,-4633.3,ETOPO_2022_v1_15s_bed_elev
-40.6,22.5,-4592.41,ETOPO_2022_v1_15s_bed_elev
-40.5,22.5,-4787.68,ETOPO_2022_v1_15s_bed_elev
-40.4,22.5,-4976.46,ETOPO_2022_v1_15s_bed_elev
-40.3,22.5,-5019.35,ETOPO_2022_v1_15s_bed_elev
-40.2,22.5,-4942.66,ETOPO_2022_v1_15s_bed_elev
-40.1,22.5,-4841.68,ETOPO_2022_v1_15s_bed_elev
-40.0,22.5,-5221.26,ETOPO_2022_v1_15s_bed_elev
-39.9,22.5,-5491.92,ETOPO_2022_v1_15s_bed_elev
-39.8,22.5,-5496.56,ETOPO_2022_v1_15s_bed_elev
-39.7,22.5,-5474.96,ETOPO_2022_v1_15s_bed_elev
-39.6,22.5,-5598.95,ETOPO_2022_v1_15s_bed_elev
-39.5,22.5,-5984.28,ETOPO_2022_v1_15s_bed_elev
-39.4,22.5,-5974.77,ETOPO_2022_v1_15s_bed_elev
-39.3,22.5,-5619.15,ETOPO_2022_v1_15s_bed_elev
-39.2,22.5,-5721.44,ETOPO_2022_v1_15s_bed_elev
-39.1,22.5,-5747.92,ETOPO_2022_v1_15s_bed_elev
-39.0,22.5,-5961.61,ETOPO_2022_v1_15s_bed_elev
-38.9,22.5,-5752.98,ETOPO_2022_v1_15s_bed_elev
-38.8,22.5,-5739.94,ETOPO_2022_v1_15s_bed_elev
-38.7,22.5,-5714.58,ETOPO_2022_v1_15s_bed_elev
-38.6,22.5,-5787.42,ETOPO_2022_v1_15s_bed_elev
-38.5,22.5,-5947.69,ETOPO_2022_v1_15s_bed_elev
-38.4,22.5,-5849.65,ETOPO_2022_v1_15s_bed_elev
-38.3,22.5,-5819.24,ETOPO_2022_v1_15s_bed_elev
-38.2,22.5,-5876.45,ETOPO_2022_v1_15s_bed_elev
-38.1,22.5,-5727.12,ETOPO_2022_v1_15s_bed_elev
-38.0,22.5,-5909.0,ETOPO_2022_v1_15s_bed_elev
-37.9,22.5,-5982.97,ETOPO_2022_v1_15s_bed_elev
-37.8,22.5,-5794.02,ETOPO_2022_v1_15s_bed_elev
-37.7,22.5,-5421.91,ETOPO_2022_v1_15s_bed_elev
-37.6,22.5,-5220.52,ETOPO_2022_v1_15s_bed_elev
-37.5,22.5,-5629.47,ETOPO_2022_v1_15s_bed_elev
-37.4,22.5,-5210.45,ETOPO_2022_v1_15s_bed_elev
-37.3,22.5,-5605.58,ETOPO_2022_v1_15s_bed_elev
-37.2,22.5,-5216.1,ETOPO_2022_v1_15s_bed_elev
-37.1,22.5,-5269.82,ETOPO_2022_v1_15s_bed_elev
-37.0,22.5,-5253.51,ETOPO_2022_v1_15s_bed_elev
-36.9,22.5,-5447.85,ETOPO_2022_v1_15s_bed_elev
-36.8,22.5,-5599.07,ETOPO_2022_v1_15s_bed_elev
-36.7,22.5,-5763.16,ETOPO_2022_v1_15s_bed_elev
-36.6,22.5,-5791.99,ETOPO_2022_v1_15s_bed_elev
-36.5,22.5,-5857.96,ETOPO_2022_v1_15s_bed_elev
-36.4,22.5,-6002.44,ETOPO_2022_v1_15s_bed_elev
-36.3,22.5,-5974.94,ETOPO_2022_v1_15s_bed_elev
-36.2,22.5,-5684.73,ETOPO_2022_v1_15s_bed_elev
-36.1,22.5,-6143.22,ETOPO_2022_v1_15s_bed_elev
-36.0,22.5,-5674.56,ETOPO_2022_v1_15s_bed_elev
-35.9,22.5,-5619.82,ETOPO_2022_v1_15s_bed_elev
-35.8,22.5,-5688.29,ETOPO_2022_v1_15s_bed_elev
-35.7,22.5,-5550.44,ETOPO_2022_v1_15s_bed_elev
-35.6,22.5,-5281.12,ETOPO_2022_v1_15s_bed_elev
-35.5,22.5,-5428.38,ETOPO_2022_v1_15s_bed_elev
-35.4,22.5,-5034.2,ETOPO_2022_v1_15s_bed_elev
-35.3,22.5,-5228.1,ETOPO_2022_v1_15s_bed_elev
-35.2,22.5,-5369.93,ETOPO_2022_v1_15s_bed_elev
-35.1,22.5,-5146.08,ETOPO_2022_v1_15s_bed_elev
-35.0,22.5,-5800.25,ETOPO_2022_v1_15s_bed_elev
-51.0,22.6,-5022.83,ETOPO_2022_v1_15s_bed_elev
-50.9,22.6,-4886.1,ETOPO_2022_v1_15s_bed_elev
-50.8,22.6,-4882.05,ETOPO_2022_v1_15s_bed_elev
-50.7,22.6,-4709.04,ETOPO_2022_v1_15s_bed_elev
-50.6,22.6,-4618.71,ETOPO_2022_v1_15s_bed_elev
-50.5,22.6,-4415.51,ETOPO_2022_v1_15s_bed_elev
-50.4,22.6,-4397.39,ETOPO_2022_v1_15s_bed_elev
-50.3,22.6,-4602.24,ETOPO_2022_v1_15s_bed_elev
-50.2,22.6,-4669.17,ETOPO_2022_v1_15s_bed_elev
-50.1,22.6,-4577.83,ETOPO_2022_v1_15s_bed_elev
-50.0,22.6,-4570.51,ETOPO_2022_v1_15s_bed_elev
-49.9,22.6,-5081.9,ETOPO_2022_v1_15s_bed_elev
-49.8,22.6,-4762.82,ETOPO_2022_v1_15s_bed_elev
-49.7,22.6,-4742.19,ETOPO_2022_v1_15s_bed_elev
-49.6,22.6,-4965.58,ETOPO_2022_v1_15s_bed_elev
-49.5,22.6,-4583.8,ETOPO_2022_v1_15s_bed_elev
-49.4,22.6,-4776.38,ETOPO_2022_v1_15s_bed_elev
-49.3,22.6,-5088.79,ETOPO_2022_v1_15s_bed_elev
-49.2,22.6,-4642.09,ETOPO_2022_v1_15s_bed_elev
-49.1,22.6,-4431.16,ETOPO_2022_v1_15s_bed_elev
-49.0,22.6,-4546.94,ETOPO_2022_v1_15s_bed_elev
-48.9,22.6,-4528.42,ETOPO_2022_v1_15s_bed_elev
-48.8,22.6,-4185.75,ETOPO_2022_v1_15s_bed_elev
-48.7,22.6,-4445.83,ETOPO_2022_v1_15s_bed_elev
-48.6,22.6,-4578.5,ETOPO_2022_v1_15s_bed_elev
-48.5,22.6,-4450.99,ETOPO_2022_v1_15s_bed_elev
-48.4,22.6,-4188.8,ETOPO_2022_v1_15s_bed_elev
-48.3,22.6,-4220.03,ETOPO_2022_v1_15s_bed_elev
-48.2,22.6,-4198.3,ETOPO_2022_v1_15s_bed_elev
-48.1,22.6,-4327.04,ETOPO_2022_v1_15s_bed_elev
-48.0,22.6,-4450.2,ETOPO_2022_v1_15s_bed_elev
-47.9,22.6,-4009.8,ETOPO_2022_v1_15s_bed_elev
-47.8,22.6,-3701.79,ETOPO_2022_v1_15s_bed_elev
-47.7,22.6,-3751.12,ETOPO_2022_v1_15s_bed_elev
-47.6,22.6,-3872.27,ETOPO_2022_v1_15s_bed_elev
-47.5,22.6,-3831.18,ETOPO_2022_v1_15s_bed_elev
-47.4,22.6,-3980.82,ETOPO_2022_v1_15s_bed_elev
-47.3,22.6,-3785.61,ETOPO_2022_v1_15s_bed_elev
-47.2,22.6,-3752.22,ETOPO_2022_v1_15s_bed_elev
-47.1,22.6,-3892.89,ETOPO_2022_v1_15s_bed_elev
-47.0,22.6,-4127.72,ETOPO_2022_v1_15s_bed_elev
-46.9,22.6,-4089.73,ETOPO_2022_v1_15s_bed_elev
-46.8,22.6,-3928.03,ETOPO_2022_v1_15s_bed_elev
-46.7,22.6,-3248.89,ETOPO_2022_v1_15s_bed_elev
-46.6,22.6,-3840.61,ETOPO_2022_v1_15s_bed_elev
-46.5,22.6,-4087.15,ETOPO_2022_v1_15s_bed_elev
-46.4,22.6,-3971.94,ETOPO_2022_v1_15s_bed_elev
-46.3,22.6,-3764.18,ETOPO_2022_v1_15s_bed_elev
-46.2,22.6,-3890.09,ETOPO_2022_v1_15s_bed_elev
-46.1,22.6,-3069.07,ETOPO_2022_v1_15s_bed_elev
-46.0,22.6,-3650.99,ETOPO_2022_v1_15s_bed_elev
-45.9,22.6,-3651.68,ETOPO_2022_v1_15s_bed_elev
-45.8,22.6,-3561.77,ETOPO_2022_v1_15s_bed_elev
-45.7,22.6,-3540.06,ETOPO_2022_v1_15s_bed_elev
-45.6,22.6,-3250.66,ETOPO_2022_v1_15s_bed_elev
-45.5,22.6,-3039.66,ETOPO_2022_v1_15s_bed_elev
-45.4,22.6,-2756.02,ETOPO_2022_v1_15s_bed_elev
-45.3,22.6,-2626.8,ETOPO_2022_v1_15s_bed_elev
-45.2,22.6,-2629.17,ETOPO_2022_v1_15s_bed_elev
-45.1,22.6,-3064.3,ETOPO_2022_v1_15s_bed_elev
-45.0,22.6,-3450.67,ETOPO_2022_v1_15s_bed_elev
-44.9,22.6,-2425.72,ETOPO_2022_v1_15s_bed_elev
-44.8,22.6,-2633.81,ETOPO_2022_v1_15s_bed_elev
-44.7,22.6,-2835.46,ETOPO_2022_v1_15s_bed_elev
-44.6,22.6,-3152.98,ETOPO_2022_v1_15s_bed_elev
-44.5,22.6,-2943.57,ETOPO_2022_v1_15s_bed_elev
-44.4,22.6,-3132.22,ETOPO_2022_v1_15s_bed_elev
-44.3,22.6,-3537.59,ETOPO_2022_v1_15s_bed_elev
-44.2,22.6,-3643.55,ETOPO_2022_v1_15s_bed_elev
-44.1,22.6,-3481.21,ETOPO_2022_v1_15s_bed_elev
-44.0,22.6,-3401.5,ETOPO_2022_v1_15s_bed_elev
-43.9,22.6,-3842.24,ETOPO_2022_v1_15s_bed_elev
-43.8,22.6,-3957.02,ETOPO_2022_v1_15s_bed_elev
-43.7,22.6,-4004.75,ETOPO_2022_v1_15s_bed_elev
-43.6,22.6,-3899.2,ETOPO_2022_v1_15s_bed_elev
-43.5,22.6,-4189.73,ETOPO_2022_v1_15s_bed_elev
-43.4,22.6,-4314.21,ETOPO_2022_v1_15s_bed_elev
-43.3,22.6,-4516.04,ETOPO_2022_v1_15s_bed_elev
-43.2,22.6,-4123.17,ETOPO_2022_v1_15s_bed_elev
-43.1,22.6,-3957.47,ETOPO_2022_v1_15s_bed_elev
-43.0,22.6,-4288.47,ETOPO_2022_v1_15s_bed_elev
-42.9,22.6,-4420.5,ETOPO_2022_v1_15s_bed_elev
-42.8,22.6,-4338.25,ETOPO_2022_v1_15s_bed_elev
-42.7,22.6,-4422.34,ETOPO_2022_v1_15s_bed_elev
-42.6,22.6,-4229.39,ETOPO_2022_v1_15s_bed_elev
-42.5,22.6,-4369.31,ETOPO_2022_v1_15s_bed_elev
-42.4,22.6,-4505.63,ETOPO_2022_v1_15s_bed_elev
-42.3,22.6,-4646.3,ETOPO_2022_v1_15s_bed_elev
-42.2,22.6,-4652.55,ETOPO_2022_v1_15s_bed_elev
-42.1,22.6,-4015.35,ETOPO_2022_v1_15s_bed_elev
-42.0,22.6,-4251.34,ETOPO_2022_v1_15s_bed_elev
-41.9,22.6,-4662.23,ETOPO_2022_v1_15s_bed_elev
-41.8,22.6,-4545.96,ETOPO_2022_v1_15s_bed_elev
-41.7,22.6,-4724.19,ETOPO_2022_v1_15s_bed_elev
-41.6,22.6,-4414.94,ETOPO_2022_v1_15s_bed_elev
-41.5,22.6,-4368.42,ETOPO_2022_v1_15s_bed_elev
-41.4,22.6,-4545.1,ETOPO_2022_v1_15s_bed_elev
-41.3,22.6,-4212.84,ETOPO_2022_v1_15s_bed_elev
-41.2,22.6,-4558.4,ETOPO_2022_v1_15s_bed_elev
-41.1,22.6,-4447.6,ETOPO_2022_v1_15s_bed_elev
-41.0,22.6,-4580.05,ETOPO_2022_v1_15s_bed_elev
-40.9,22.6,-5024.37,ETOPO_2022_v1_15s_bed_elev
-40.8,22.6,-5000.77,ETOPO_2022_v1_15s_bed_elev
-40.7,22.6,-5154.03,ETOPO_2022_v1_15s_bed_elev
-40.6,22.6,-4976.46,ETOPO_2022_v1_15s_bed_elev
-40.5,22.6,-5118.43,ETOPO_2022_v1_15s_bed_elev
-40.4,22.6,-5409.46,ETOPO_2022_v1_15s_bed_elev
-40.3,22.6,-5465.04,ETOPO_2022_v1_15s_bed_elev
-40.2,22.6,-5345.07,ETOPO_2022_v1_15s_bed_elev
-40.1,22.6,-5259.99,ETOPO_2022_v1_15s_bed_elev
-40.0,22.6,-5442.15,ETOPO_2022_v1_15s_bed_elev
-39.9,22.6,-5597.6,ETOPO_2022_v1_15s_bed_elev
-39.8,22.6,-5561.44,ETOPO_2022_v1_15s_bed_elev
-39.7,22.6,-5545.96,ETOPO_2022_v1_15s_bed_elev
-39.6,22.6,-4951.2,ETOPO_2022_v1_15s_bed_elev
-39.5,22.6,-4824.01,ETOPO_2022_v1_15s_bed_elev
-39.4,22.6,-5025.59,ETOPO_2022_v1_15s_bed_elev
-39.3,22.6,-4952.77,ETOPO_2022_v1_15s_bed_elev
-39.2,22.6,-5315.81,ETOPO_2022_v1_15s_bed_elev
-39.1,22.6,-5350.18,ETOPO_2022_v1_15s_bed_elev
-39.0,22.6,-5232.24,ETOPO_2022_v1_15s_bed_elev
-38.9,22.6,-5241.18,ETOPO_2022_v1_15s_bed_elev
-38.8,22.6,-5236.46,ETOPO_2022_v1_15s_bed_elev
-38.7,22.6,-5195.38,ETOPO_2022_v1_15s_bed_elev
-38.6,22.6,-5335.64,ETOPO_2022_v1_15s_bed_elev
-38.5,22.6,-5330.82,ETOPO_2022_v1_15s_bed_elev
-38.4,22.6,-5258.69,ETOPO_2022_v1_15s_bed_elev
-38.3,22.6,-5444.92,ETOPO_2022_v1_15s_bed_elev
-38.2,22.6,-5365.0,ETOPO_2022_v1_15s_bed_elev
-38.1,22.6,-5437.42,ETOPO_2022_v1_15s_bed_elev
-38.0,22.6,-5759.4,ETOPO_2022_v1_15s_bed_elev
-37.9,22.6,-5831.74,ETOPO_2022_v1_15s_bed_elev
-37.8,22.6,-5907.44,ETOPO_2022_v1_15s_bed_elev
-37.7,22.6,-5779.0,ETOPO_2022_v1_15s_bed_elev
-37.6,22.6,-6057.05,ETOPO_2022_v1_15s_bed_elev
-37.5,22.6,-6102.86,ETOPO_2022_v1_15s_bed_elev
-37.4,22.6,-5701.34,ETOPO_2022_v1_15s_bed_elev
-37.3,22.6,-5817.44,ETOPO_2022_v1_15s_bed_elev
-37.2,22.6,-5398.87,ETOPO_2022_v1_15s_bed_elev
-37.1,22.6,-5179.23,ETOPO_2022_v1_15s_bed_elev
-37.0,22.6,-5204.06,ETOPO_2022_v1_15s_bed_elev
-36.9,22.6,-5177.01,ETOPO_2022_v1_15s_bed_elev
-36.8,22.6,-5097.61,ETOPO_2022_v1_15s_bed_elev
-36.7,22.6,-5105.04,ETOPO_2022_v1_15s_bed_elev
-36.6,22.6,-5436.82,ETOPO_2022_v1_15s_bed_elev
-36.5,22.6,-5538.19,ETOPO_2022_v1_15s_bed_elev
-36.4,22.6,-5650.73,ETOPO_2022_v1_15s_bed_elev
-36.3,22.6,-5548.92,ETOPO_2022_v1_15s_bed_elev
-36.2,22.6,-5524.97,ETOPO_2022_v1_15s_bed_elev
-36.1,22.6,-5402.14,ETOPO_2022_v1_15s_bed_elev
-36.0,22.6,-5293.24,ETOPO_2022_v1_15s_bed_elev
-35.9,22.6,-5643.94,ETOPO_2022_v1_15s_bed_elev
-35.8,22.6,-5885.31,ETOPO_2022_v1_15s_bed_elev
-35.7,22.6,-5270.84,ETOPO_2022_v1_15s_bed_elev
-35.6,22.6,-5187.53,ETOPO_2022_v1_15s_bed_elev
-35.5,22.6,-5273.59,ETOPO_2022_v1_15s_bed_elev
-35.4,22.6,-4986.05,ETOPO_2022_v1_15s_bed_elev
-35.3,22.6,-5164.38,ETOPO_2022_v1_15s_bed_elev
-35.2,22.6,-5199.79,ETOPO_2022_v1_15s_bed_elev
-35.1,22.6,-5097.65,ETOPO_2022_v1_15s_bed_elev
-35.0,22.6,-5586.84,ETOPO_2022_v1_15s_bed_elev
-51.0,22.7,-4878.12,ETOPO_2022_v1_15s_bed_elev
-50.9,22.7,-4763.67,ETOPO_2022_v1_15s_bed_elev
-50.8,22.7,-4681.05,ETOPO_2022_v1_15s_bed_elev
-50.7,22.7,-4792.41,ETOPO_2022_v1_15s_bed_elev
-50.6,22.7,-4793.35,ETOPO_2022_v1_15s_bed_elev
-50.5,22.7,-4603.75,ETOPO_2022_v1_15s_bed_elev
-50.4,22.7,-4473.09,ETOPO_2022_v1_15s_bed_elev
-50.3,22.7,-4606.92,ETOPO_2022_v1_15s_bed_elev
-50.2,22.7,-4838.7,ETOPO_2022_v1_15s_bed_elev
-50.1,22.7,-4766.56,ETOPO_2022_v1_15s_bed_elev
-50.0,22.7,-4797.7,ETOPO_2022_v1_15s_bed_elev
-49.9,22.7,-5027.63,ETOPO_2022_v1_15s_bed_elev
-49.8,22.7,-5090.31,ETOPO_2022_v1_15s_bed_elev
-49.7,22.7,-4895.17,ETOPO_2022_v1_15s_bed_elev
-49.6,22.7,-4893.71,ETOPO_2022_v1_15s_bed_elev
-49.5,22.7,-4373.2,ETOPO_2022_v1_15s_bed_elev
-49.4,22.7,-4383.53,ETOPO_2022_v1_15s_bed_elev
-49.3,22.7,-4762.66,ETOPO_2022_v1_15s_bed_elev
-49.2,22.7,-4879.08,ETOPO_2022_v1_15s_bed_elev
-49.1,22.7,-4637.89,ETOPO_2022_v1_15s_bed_elev
-49.0,22.7,-4468.2,ETOPO_2022_v1_15s_bed_elev
-48.9,22.7,-4238.43,ETOPO_2022_v1_15s_bed_elev
-48.8,22.7,-4578.16,ETOPO_2022_v1_15s_bed_elev
-48.7,22.7,-4497.65,ETOPO_2022_v1_15s_bed_elev
-48.6,22.7,-4182.21,ETOPO_2022_v1_15s_bed_elev
-48.5,22.7,-4107.22,ETOPO_2022_v1_15s_bed_elev
-48.4,22.7,-4309.33,ETOPO_2022_v1_15s_bed_elev
-48.3,22.7,-4369.86,ETOPO_2022_v1_15s_bed_elev
-48.2,22.7,-4351.31,ETOPO_2022_v1_15s_bed_elev
-48.1,22.7,-4328.34,ETOPO_2022_v1_15s_bed_elev
-48.0,22.7,-3912.53,ETOPO_2022_v1_15s_bed_elev
-47.9,22.7,-3409.03,ETOPO_2022_v1_15s_bed_elev
-47.8,22.7,-3549.95,ETOPO_2022_v1_15s_bed_elev
-47.7,22.7,-4002.53,ETOPO_2022_v1_15s_bed_elev
-47.6,22.7,-4054.47,ETOPO_2022_v1_15s_bed_elev
-47.5,22.7,-4012.98,ETOPO_2022_v1_15s_bed_elev
-47.4,22.7,-4205.78,ETOPO_2022_v1_15s_bed_elev
-47.3,22.7,-4017.04,ETOPO_2022_v1_15s_bed_elev
-47.2,22.7,-3637.97,ETOPO_2022_v1_15s_bed_elev
-47.1,22.7,-3696.72,ETOPO_2022_v1_15s_bed_elev
-47.0,22.7,-3892.0,ETOPO_2022_v1_15s_bed_elev
-46.9,22.7,-4117.14,ETOPO_2022_v1_15s_bed_elev
-46.8,22.7,-3599.02,ETOPO_2022_v1_15s_bed_elev
-46.7,22.7,-3682.52,ETOPO_2022_v1_15s_bed_elev
-46.6,22.7,-4156.62,ETOPO_2022_v1_15s_bed_elev
-46.5,22.7,-4216.96,ETOPO_2022_v1_15s_bed_elev
-46.4,22.7,-4164.23,ETOPO_2022_v1_15s_bed_elev
-46.3,22.7,-3994.63,ETOPO_2022_v1_15s_bed_elev
-46.2,22.7,-4298.27,ETOPO_2022_v1_15s_bed_elev
-46.1,22.7,-3658.04,ETOPO_2022_v1_15s_bed_elev
-46.0,22.7,-3747.72,ETOPO_2022_v1_15s_bed_elev
-45.9,22.7,-4116.63,ETOPO_2022_v1_15s_bed_elev
-45.8,22.7,-3547.2,ETOPO_2022_v1_15s_bed_elev
-45.7,22.7,-3314.53,ETOPO_2022_v1_15s_bed_elev
-45.6,22.7,-3208.42,ETOPO_2022_v1_15s_bed_elev
-45.5,22.7,-3094.19,ETOPO_2022_v1_15s_bed_elev
-45.4,22.7,-2887.46,ETOPO_2022_v1_15s_bed_elev
-45.3,22.7,-2807.41,ETOPO_2022_v1_15s_bed_elev
-45.2,22.7,-2224.42,ETOPO_2022_v1_15s_bed_elev
-45.1,22.7,-3153.82,ETOPO_2022_v1_15s_bed_elev
-45.0,22.7,-4017.91,ETOPO_2022_v1_15s_bed_elev
-44.9,22.7,-3128.99,ETOPO_2022_v1_15s_bed_elev
-44.8,22.7,-2783.26,ETOPO_2022_v1_15s_bed_elev
-44.7,22.7,-3057.36,ETOPO_2022_v1_15s_bed_elev
-44.6,22.7,-3177.98,ETOPO_2022_v1_15s_bed_elev
-44.5,22.7,-3255.97,ETOPO_2022_v1_15s_bed_elev
-44.4,22.7,-3530.24,ETOPO_2022_v1_15s_bed_elev
-44.3,22.7,-3804.79,ETOPO_2022_v1_15s_bed_elev
-44.2,22.7,-3578.87,ETOPO_2022_v1_15s_bed_elev
-44.1,22.7,-3755.15,ETOPO_2022_v1_15s_bed_elev
-44.0,22.7,-3885.48,ETOPO_2022_v1_15s_bed_elev
-43.9,22.7,-4113.36,ETOPO_2022_v1_15s_bed_elev
-43.8,22.7,-4153.08,ETOPO_2022_v1_15s_bed_elev
-43.7,22.7,-3925.43,ETOPO_2022_v1_15s_bed_elev
-43.6,22.7,-4029.31,ETOPO_2022_v1_15s_bed_elev
-43.5,22.7,-4089.25,ETOPO_2022_v1_15s_bed_elev
-43.4,22.7,-4106.79,ETOPO_2022_v1_15s_bed_elev
-43.3,22.7,-4504.25,ETOPO_2022_v1_15s_bed_elev
-43.2,22.7,-4494.89,ETOPO_2022_v1_15s_bed_elev
-43.1,22.7,-3951.15,ETOPO_2022_v1_15s_bed_elev
-43.0,22.7,-4640.71,ETOPO_2022_v1_15s_bed_elev
-42.9,22.7,-4436.23,ETOPO_2022_v1_15s_bed_elev
-42.8,22.7,-4418.23,ETOPO_2022_v1_15s_bed_elev
-42.7,22.7,-4416.33,ETOPO_2022_v1_15s_bed_elev
-42.6,22.7,-4352.44,ETOPO_2022_v1_15s_bed_elev
-42.5,22.7,-4275.18,ETOPO_2022_v1_15s_bed_elev
-42.4,22.7,-4437.97,ETOPO_2022_v1_15s_bed_elev
-42.3,22.7,-4179.07,ETOPO_2022_v1_15s_bed_elev
-42.2,22.7,-4329.92,ETOPO_2022_v1_15s_bed_elev
-42.1,22.7,-4338.29,ETOPO_2022_v1_15s_bed_elev
-42.0,22.7,-4056.09,ETOPO_2022_v1_15s_bed_elev
-41.9,22.7,-4368.01,ETOPO_2022_v1_15s_bed_elev
-41.8,22.7,-4430.07,ETOPO_2022_v1_15s_bed_elev
-41.7,22.7,-4551.75,ETOPO_2022_v1_15s_bed_elev
-41.6,22.7,-4496.87,ETOPO_2022_v1_15s_bed_elev
-41.5,22.7,-4767.31,ETOPO_2022_v1_15s_bed_elev
-41.4,22.7,-4770.41,ETOPO_2022_v1_15s_bed_elev
-41.3,22.7,-4872.07,ETOPO_2022_v1_15s_bed_elev
-41.2,22.7,-4999.01,ETOPO_2022_v1_15s_bed_elev
-41.1,22.7,-4729.28,ETOPO_2022_v1_15s_bed_elev
-41.0,22.7,-4846.8,ETOPO_2022_v1_15s_bed_elev
-40.9,22.7,-5318.32,ETOPO_2022_v1_15s_bed_elev
-40.8,22.7,-5356.94,ETOPO_2022_v1_15s_bed_elev
-40.7,22.7,-5610.78,ETOPO_2022_v1_15s_bed_elev
-40.6,22.7,-5309.63,ETOPO_2022_v1_15s_bed_elev
-40.5,22.7,-5594.34,ETOPO_2022_v1_15s_bed_elev
-40.4,22.7,-5551.72,ETOPO_2022_v1_15s_bed_elev
-40.3,22.7,-5483.58,ETOPO_2022_v1_15s_bed_elev
-40.2,22.7,-5270.16,ETOPO_2022_v1_15s_bed_elev
-40.1,22.7,-4874.49,ETOPO_2022_v1_15s_bed_elev
-40.0,22.7,-4990.67,ETOPO_2022_v1_15s_bed_elev
-39.9,22.7,-5337.2,ETOPO_2022_v1_15s_bed_elev
-39.8,22.7,-5241.81,ETOPO_2022_v1_15s_bed_elev
-39.7,22.7,-5702.67,ETOPO_2022_v1_15s_bed_elev
-39.6,22.7,-5450.15,ETOPO_2022_v1_15s_bed_elev
-39.5,22.7,-5399.39,ETOPO_2022_v1_15s_bed_elev
-39.4,22.7,-5539.82,ETOPO_2022_v1_15s_bed_elev
-39.3,22.7,-5499.4,ETOPO_2022_v1_15s_bed_elev
-39.2,22.7,-5311.67,ETOPO_2022_v1_15s_bed_elev
-39.1,22.7,-5379.24,ETOPO_2022_v1_15s_bed_elev
-39.0,22.7,-5150.57,ETOPO_2022_v1_15s_bed_elev
-38.9,22.7,-5329.91,ETOPO_2022_v1_15s_bed_elev
-38.8,22.7,-5429.32,ETOPO_2022_v1_15s_bed_elev
-38.7,22.7,-5570.49,ETOPO_2022_v1_15s_bed_elev
-38.6,22.7,-5578.0,ETOPO_2022_v1_15s_bed_elev
-38.5,22.7,-5467.2,ETOPO_2022_v1_15s_bed_elev
-38.4,22.7,-5319.54,ETOPO_2022_v1_15s_bed_elev
-38.3,22.7,-5477.51,ETOPO_2022_v1_15s_bed_elev
-38.2,22.7,-5181.19,ETOPO_2022_v1_15s_bed_elev
-38.1,22.7,-5330.12,ETOPO_2022_v1_15s_bed_elev
-38.0,22.7,-5632.41,ETOPO_2022_v1_15s_bed_elev
-37.9,22.7,-5523.43,ETOPO_2022_v1_15s_bed_elev
-37.8,22.7,-5636.52,ETOPO_2022_v1_15s_bed_elev
-37.7,22.7,-4993.81,ETOPO_2022_v1_15s_bed_elev
-37.6,22.7,-5610.81,ETOPO_2022_v1_15s_bed_elev
-37.5,22.7,-5612.11,ETOPO_2022_v1_15s_bed_elev
-37.4,22.7,-6161.67,ETOPO_2022_v1_15s_bed_elev
-37.3,22.7,-6290.63,ETOPO_2022_v1_15s_bed_elev
-37.2,22.7,-6012.65,ETOPO_2022_v1_15s_bed_elev
-37.1,22.7,-5745.67,ETOPO_2022_v1_15s_bed_elev
-37.0,22.7,-5732.67,ETOPO_2022_v1_15s_bed_elev
-36.9,22.7,-5481.29,ETOPO_2022_v1_15s_bed_elev
-36.8,22.7,-5010.1,ETOPO_2022_v1_15s_bed_elev
-36.7,22.7,-5166.58,ETOPO_2022_v1_15s_bed_elev
-36.6,22.7,-5333.32,ETOPO_2022_v1_15s_bed_elev
-36.5,22.7,-5046.49,ETOPO_2022_v1_15s_bed_elev
-36.4,22.7,-5157.1,ETOPO_2022_v1_15s_bed_elev
-36.3,22.7,-5142.47,ETOPO_2022_v1_15s_bed_elev
-36.2,22.7,-5412.92,ETOPO_2022_v1_15s_bed_elev
-36.1,22.7,-5234.74,ETOPO_2022_v1_15s_bed_elev
-36.0,22.7,-5164.44,ETOPO_2022_v1_15s_bed_elev
-35.9,22.7,-5161.74,ETOPO_2022_v1_15s_bed_elev
-35.8,22.7,-5625.09,ETOPO_2022_v1_15s_bed_elev
-35.7,22.7,-5277.0,ETOPO_2022_v1_15s_bed_elev
-35.6,22.7,-5208.48,ETOPO_2022_v1_15s_bed_elev
-35.5,22.7,-4849.69,ETOPO_2022_v1_15s_bed_elev
-35.4,22.7,-4897.48,ETOPO_2022_v1_15s_bed_elev
-35.3,22.7,-5376.21,ETOPO_2022_v1_15s_bed_elev
-35.2,22.7,-5057.95,ETOPO_2022_v1_15s_bed_elev
-35.1,22.7,-4612.44,ETOPO_2022_v1_15s_bed_elev
-35.0,22.7,-5143.86,ETOPO_2022_v1_15s_bed_elev
-51.0,22.8,-4686.37,ETOPO_2022_v1_15s_bed_elev
-50.9,22.8,-4509.53,ETOPO_2022_v1_15s_bed_elev
-50.8,22.8,-4702.14,ETOPO_2022_v1_15s_bed_elev
-50.7,22.8,-4954.53,ETOPO_2022_v1_15s_bed_elev
-50.6,22.8,-4813.47,ETOPO_2022_v1_15s_bed_elev
-50.5,22.8,-4790.68,ETOPO_2022_v1_15s_bed_elev
-50.4,22.8,-4773.55,ETOPO_2022_v1_15s_bed_elev
-50.3,22.8,-4794.36,ETOPO_2022_v1_15s_bed_elev
-50.2,22.8,-5098.95,ETOPO_2022_v1_15s_bed_elev
-50.1,22.8,-5127.1,ETOPO_2022_v1_15s_bed_elev
-50.0,22.8,-4835.36,ETOPO_2022_v1_15s_bed_elev
-49.9,22.8,-4822.27,ETOPO_2022_v1_15s_bed_elev
-49.8,22.8,-4947.88,ETOPO_2022_v1_15s_bed_elev
-49.7,22.8,-4887.57,ETOPO_2022_v1_15s_bed_elev
-49.6,22.8,-4720.69,ETOPO_2022_v1_15s_bed_elev
-49.5,22.8,-4380.51,ETOPO_2022_v1_15s_bed_elev
-49.4,22.8,-4365.99,ETOPO_2022_v1_15s_bed_elev
-49.3,22.8,-4529.24,ETOPO_2022_v1_15s_bed_elev
-49.2,22.8,-4469.38,ETOPO_2022_v1_15s_bed_elev
-49.1,22.8,-4529.42,ETOPO_2022_v1_15s_bed_elev
-49.0,22.8,-4256.72,ETOPO_2022_v1_15s_bed_elev
-48.9,22.8,-4731.89,ETOPO_2022_v1_15s_bed_elev
-48.8,22.8,-5079.64,ETOPO_2022_v1_15s_bed_elev
-48.7,22.8,-4503.05,ETOPO_2022_v1_15s_bed_elev
-48.6,22.8,-4250.82,ETOPO_2022_v1_15s_bed_elev
-48.5,22.8,-4003.13,ETOPO_2022_v1_15s_bed_elev
-48.4,22.8,-4173.89,ETOPO_2022_v1_15s_bed_elev
-48.3,22.8,-4325.32,ETOPO_2022_v1_15s_bed_elev
-48.2,22.8,-4031.79,ETOPO_2022_v1_15s_bed_elev
-48.1,22.8,-4392.96,ETOPO_2022_v1_15s_bed_elev
-48.0,22.8,-4011.92,ETOPO_2022_v1_15s_bed_elev
-47.9,22.8,-3999.65,ETOPO_2022_v1_15s_bed_elev
-47.8,22.8,-4074.12,ETOPO_2022_v1_15s_bed_elev
-47.7,22.8,-4516.92,ETOPO_2022_v1_15s_bed_elev
-47.6,22.8,-4484.51,ETOPO_2022_v1_15s_bed_elev
-47.5,22.8,-4450.52,ETOPO_2022_v1_15s_bed_elev
-47.4,22.8,-3913.67,ETOPO_2022_v1_15s_bed_elev
-47.3,22.8,-4282.44,ETOPO_2022_v1_15s_bed_elev
-47.2,22.8,-4316.98,ETOPO_2022_v1_15s_bed_elev
-47.1,22.8,-4062.63,ETOPO_2022_v1_15s_bed_elev
-47.0,22.8,-3801.81,ETOPO_2022_v1_15s_bed_elev
-46.9,22.8,-4259.59,ETOPO_2022_v1_15s_bed_elev
-46.8,22.8,-3977.21,ETOPO_2022_v1_15s_bed_elev
-46.7,22.8,-4231.4,ETOPO_2022_v1_15s_bed_elev
-46.6,22.8,-4037.46,ETOPO_2022_v1_15s_bed_elev
-46.5,22.8,-3783.91,ETOPO_2022_v1_15s_bed_elev
-46.4,22.8,-3754.47,ETOPO_2022_v1_15s_bed_elev
-46.3,22.8,-3887.7,ETOPO_2022_v1_15s_bed_elev
-46.2,22.8,-4292.6,ETOPO_2022_v1_15s_bed_elev
-46.1,22.8,-4325.04,ETOPO_2022_v1_15s_bed_elev
-46.0,22.8,-3827.22,ETOPO_2022_v1_15s_bed_elev
-45.9,22.8,-3926.13,ETOPO_2022_v1_15s_bed_elev
-45.8,22.8,-3132.32,ETOPO_2022_v1_15s_bed_elev
-45.7,22.8,-3067.66,ETOPO_2022_v1_15s_bed_elev
-45.6,22.8,-3097.44,ETOPO_2022_v1_15s_bed_elev
-45.5,22.8,-3178.31,ETOPO_2022_v1_15s_bed_elev
-45.4,22.8,-2950.3,ETOPO_2022_v1_15s_bed_elev
-45.3,22.8,-3084.25,ETOPO_2022_v1_15s_bed_elev
-45.2,22.8,-2635.69,ETOPO_2022_v1_15s_bed_elev
-45.1,22.8,-3027.11,ETOPO_2022_v1_15s_bed_elev
-45.0,22.8,-3778.99,ETOPO_2022_v1_15s_bed_elev
-44.9,22.8,-3527.93,ETOPO_2022_v1_15s_bed_elev
-44.8,22.8,-2746.37,ETOPO_2022_v1_15s_bed_elev
-44.7,22.8,-3029.86,ETOPO_2022_v1_15s_bed_elev
-44.6,22.8,-3105.09,ETOPO_2022_v1_15s_bed_elev
-44.5,22.8,-3583.65,ETOPO_2022_v1_15s_bed_elev
-44.4,22.8,-3796.47,ETOPO_2022_v1_15s_bed_elev
-44.3,22.8,-3910.08,ETOPO_2022_v1_15s_bed_elev
-44.2,22.8,-3598.01,ETOPO_2022_v1_15s_bed_elev
-44.1,22.8,-4018.62,ETOPO_2022_v1_15s_bed_elev
-44.0,22.8,-4041.12,ETOPO_2022_v1_15s_bed_elev
-43.9,22.8,-4027.32,ETOPO_2022_v1_15s_bed_elev
-43.8,22.8,-4024.48,ETOPO_2022_v1_15s_bed_elev
-43.7,22.8,-3909.57,ETOPO_2022_v1_15s_bed_elev
-43.6,22.8,-4027.58,ETOPO_2022_v1_15s_bed_elev
-43.5,22.8,-4008.93,ETOPO_2022_v1_15s_bed_elev
-43.4,22.8,-4025.52,ETOPO_2022_v1_15s_bed_elev
-43.3,22.8,-4216.03,ETOPO_2022_v1_15s_bed_elev
-43.2,22.8,-4261.16,ETOPO_2022_v1_15s_bed_elev
-43.1,22.8,-4287.72,ETOPO_2022_v1_15s_bed_elev
-43.0,22.8,-4494.94,ETOPO_2022_v1_15s_bed_elev
-42.9,22.8,-4215.0,ETOPO_2022_v1_15s_bed_elev
-42.8,22.8,-4019.0,ETOPO_2022_v1_15s_bed_elev
-42.7,22.8,-4374.96,ETOPO_2022_v1_15s_bed_elev
-42.6,22.8,-4515.96,ETOPO_2022_v1_15s_bed_elev
-42.5,22.8,-4159.91,ETOPO_2022_v1_15s_bed_elev
-42.4,22.8,-4288.8,ETOPO_2022_v1_15s_bed_elev
-42.3,22.8,-4083.11,ETOPO_2022_v1_15s_bed_elev
-42.2,22.8,-4231.15,ETOPO_2022_v1_15s_bed_elev
-42.1,22.8,-4470.91,ETOPO_2022_v1_15s_bed_elev
-42.0,22.8,-4310.29,ETOPO_2022_v1_15s_bed_elev
-41.9,22.8,-4501.24,ETOPO_2022_v1_15s_bed_elev
-41.8,22.8,-4546.41,ETOPO_2022_v1_15s_bed_elev
-41.7,22.8,-4466.22,ETOPO_2022_v1_15s_bed_elev
-41.6,22.8,-4845.35,ETOPO_2022_v1_15s_bed_elev
-41.5,22.8,-5321.85,ETOPO_2022_v1_15s_bed_elev
-41.4,22.8,-5485.56,ETOPO_2022_v1_15s_bed_elev
-41.3,22.8,-5353.86,ETOPO_2022_v1_15s_bed_elev
-41.2,22.8,-5247.81,ETOPO_2022_v1_15s_bed_elev
-41.1,22.8,-5100.37,ETOPO_2022_v1_15s_bed_elev
-41.0,22.8,-5313.17,ETOPO_2022_v1_15s_bed_elev
-40.9,22.8,-5412.61,ETOPO_2022_v1_15s_bed_elev
-40.8,22.8,-5102.49,ETOPO_2022_v1_15s_bed_elev
-40.7,22.8,-5360.47,ETOPO_2022_v1_15s_bed_elev
-40.6,22.8,-4947.94,ETOPO_2022_v1_15s_bed_elev
-40.5,22.8,-5026.26,ETOPO_2022_v1_15s_bed_elev
-40.4,22.8,-4858.66,ETOPO_2022_v1_15s_bed_elev
-40.3,22.8,-5349.52,ETOPO_2022_v1_15s_bed_elev
-40.2,22.8,-5446.86,ETOPO_2022_v1_15s_bed_elev
-40.1,22.8,-5468.75,ETOPO_2022_v1_15s_bed_elev
-40.0,22.8,-5479.31,ETOPO_2022_v1_15s_bed_elev
-39.9,22.8,-5532.25,ETOPO_2022_v1_15s_bed_elev
-39.8,22.8,-5592.69,ETOPO_2022_v1_15s_bed_elev
-39.7,22.8,-5482.05,ETOPO_2022_v1_15s_bed_elev
-39.6,22.8,-5367.95,ETOPO_2022_v1_15s_bed_elev
-39.5,22.8,-5181.51,ETOPO_2022_v1_15s_bed_elev
-39.4,22.8,-5188.98,ETOPO_2022_v1_15s_bed_elev
-39.3,22.8,-5193.16,ETOPO_2022_v1_15s_bed_elev
-39.2,22.8,-5318.21,ETOPO_2022_v1_15s_bed_elev
-39.1,22.8,-5562.07,ETOPO_2022_v1_15s_bed_elev
-39.0,22.8,-5402.51,ETOPO_2022_v1_15s_bed_elev
-38.9,22.8,-5378.86,ETOPO_2022_v1_15s_bed_elev
-38.8,22.8,-5418.16,ETOPO_2022_v1_15s_bed_elev
-38.7,22.8,-5382.72,ETOPO_2022_v1_15s_bed_elev
-38.6,22.8,-5285.43,ETOPO_2022_v1_15s_bed_elev
-38.5,22.8,-5073.1,ETOPO_2022_v1_15s_bed_elev
-38.4,22.8,-5363.92,ETOPO_2022_v1_15s_bed_elev
-38.3,22.8,-5697.13,ETOPO_2022_v1_15s_bed_elev
-38.2,22.8,-5442.11,ETOPO_2022_v1_15s_bed_elev
-38.1,22.8,-5533.81,ETOPO_2022_v1_15s_bed_elev
-38.0,22.8,-5561.18,ETOPO_2022_v1_15s_bed_elev
-37.9,22.8,-5538.69,ETOPO_2022_v1_15s_bed_elev
-37.8,22.8,-5669.23,ETOPO_2022_v1_15s_bed_elev
-37.7,22.8,-5727.37,ETOPO_2022_v1_15s_bed_elev
-37.6,22.8,-5399.73,ETOPO_2022_v1_15s_bed_elev
-37.5,22.8,-5352.75,ETOPO_2022_v1_15s_bed_elev
-37.4,22.8,-6073.2,ETOPO_2022_v1_15s_bed_elev
-37.3,22.8,-6021.59,ETOPO_2022_v1_15s_bed_elev
-37.2,22.8,-5639.96,ETOPO_2022_v1_15s_bed_elev
-37.1,22.8,-5478.07,ETOPO_2022_v1_15s_bed_elev
-37.0,22.8,-5671.89,ETOPO_2022_v1_15s_bed_elev
-36.9,22.8,-5760.31,ETOPO_2022_v1_15s_bed_elev
-36.8,22.8,-5718.24,ETOPO_2022_v1_15s_bed_elev
-36.7,22.8,-5791.39,ETOPO_2022_v1_15s_bed_elev
-36.6,22.8,-5643.8,ETOPO_2022_v1_15s_bed_elev
-36.5,22.8,-5470.25,ETOPO_2022_v1_15s_bed_elev
-36.4,22.8,-5251.48,ETOPO_2022_v1_15s_bed_elev
-36.3,22.8,-5229.75,ETOPO_2022_v1_15s_bed_elev
-36.2,22.8,-5133.11,ETOPO_2022_v1_15s_bed_elev
-36.1,22.8,-5613.76,ETOPO_2022_v1_15s_bed_elev
-36.0,22.8,-5196.45,ETOPO_2022_v1_15s_bed_elev
-35.9,22.8,-5110.01,ETOPO_2022_v1_15s_bed_elev
-35.8,22.8,-5410.38,ETOPO_2022_v1_15s_bed_elev
-35.7,22.8,-5414.81,ETOPO_2022_v1_15s_bed_elev
-35.6,22.8,-5491.0,ETOPO_2022_v1_15s_bed_elev
-35.5,22.8,-4972.16,ETOPO_2022_v1_15s_bed_elev
-35.4,22.8,-4997.88,ETOPO_2022_v1_15s_bed_elev
-35.3,22.8,-5473.16,ETOPO_2022_v1_15s_bed_elev
-35.2,22.8,-5321.04,ETOPO_2022_v1_15s_bed_elev
-35.1,22.8,-4928.77,ETOPO_2022_v1_15s_bed_elev
-35.0,22.8,-5314.37,ETOPO_2022_v1_15s_bed_elev
-51.0,22.9,-4593.3,ETOPO_2022_v1_15s_bed_elev
-50.9,22.9,-4560.59,ETOPO_2022_v1_15s_bed_elev
-50.8,22.9,-4930.21,ETOPO_2022_v1_15s_bed_elev
-50.7,22.9,-5143.73,ETOPO_2022_v1_15s_bed_elev
-50.6,22.9,-4782.08,ETOPO_2022_v1_15s_bed_elev
-50.5,22.9,-4783.52,ETOPO_2022_v1_15s_bed_elev
-50.4,22.9,-5012.04,ETOPO_2022_v1_15s_bed_elev
-50.3,22.9,-5067.55,ETOPO_2022_v1_15s_bed_elev
-50.2,22.9,-5238.44,ETOPO_2022_v1_15s_bed_elev
-50.1,22.9,-5111.19,ETOPO_2022_v1_15s_bed_elev
-50.0,22.9,-4299.98,ETOPO_2022_v1_15s_bed_elev
-49.9,22.9,-4755.71,ETOPO_2022_v1_15s_bed_elev
-49.8,22.9,-4532.26,ETOPO_2022_v1_15s_bed_elev
-49.7,22.9,-4661.42,ETOPO_2022_v1_15s_bed_elev
-49.6,22.9,-4715.35,ETOPO_2022_v1_15s_bed_elev
-49.5,22.9,-4574.09,ETOPO_2022_v1_15s_bed_elev
-49.4,22.9,-4420.37,ETOPO_2022_v1_15s_bed_elev
-49.3,22.9,-4460.52,ETOPO_2022_v1_15s_bed_elev
-49.2,22.9,-4170.12,ETOPO_2022_v1_15s_bed_elev
-49.1,22.9,-4017.79,ETOPO_2022_v1_15s_bed_elev
-49.0,22.9,-4481.41,ETOPO_2022_v1_15s_bed_elev
-48.9,22.9,-4938.28,ETOPO_2022_v1_15s_bed_elev
-48.8,22.9,-4681.51,ETOPO_2022_v1_15s_bed_elev
-48.7,22.9,-4164.94,ETOPO_2022_v1_15s_bed_elev
-48.6,22.9,-4240.2,ETOPO_2022_v1_15s_bed_elev
-48.5,22.9,-4436.18,ETOPO_2022_v1_15s_bed_elev
-48.4,22.9,-4022.89,ETOPO_2022_v1_15s_bed_elev
-48.3,22.9,-4157.28,ETOPO_2022_v1_15s_bed_elev
-48.2,22.9,-4104.0,ETOPO_2022_v1_15s_bed_elev
-48.1,22.9,-4752.41,ETOPO_2022_v1_15s_bed_elev
-48.0,22.9,-4662.08,ETOPO_2022_v1_15s_bed_elev
-47.9,22.9,-4761.73,ETOPO_2022_v1_15s_bed_elev
-47.8,22.9,-4785.64,ETOPO_2022_v1_15s_bed_elev
-47.7,22.9,-4841.46,ETOPO_2022_v1_15s_bed_elev
-47.6,22.9,-4802.13,ETOPO_2022_v1_15s_bed_elev
-47.5,22.9,-4879.06,ETOPO_2022_v1_15s_bed_elev
-47.4,22.9,-4332.4,ETOPO_2022_v1_15s_bed_elev
-47.3,22.9,-4494.99,ETOPO_2022_v1_15s_bed_elev
-47.2,22.9,-4376.72,ETOPO_2022_v1_15s_bed_elev
-47.1,22.9,-4034.15,ETOPO_2022_v1_15s_bed_elev
-47.0,22.9,-3991.45,ETOPO_2022_v1_15s_bed_elev
-46.9,22.9,-4129.4,ETOPO_2022_v1_15s_bed_elev
-46.8,22.9,-4120.9,ETOPO_2022_v1_15s_bed_elev
-46.7,22.9,-4027.52,ETOPO_2022_v1_15s_bed_elev
-46.6,22.9,-3821.56,ETOPO_2022_v1_15s_bed_elev
-46.5,22.9,-3485.24,ETOPO_2022_v1_15s_bed_elev
-46.4,22.9,-3433.32,ETOPO_2022_v1_15s_bed_elev
-46.3,22.9,-3666.79,ETOPO_2022_v1_15s_bed_elev
-46.2,22.9,-3933.54,ETOPO_2022_v1_15s_bed_elev
-46.1,22.9,-3728.17,ETOPO_2022_v1_15s_bed_elev
-46.0,22.9,-3238.56,ETOPO_2022_v1_15s_bed_elev
-45.9,22.9,-3400.03,ETOPO_2022_v1_15s_bed_elev
-45.8,22.9,-3189.29,ETOPO_2022_v1_15s_bed_elev
-45.7,22.9,-2978.38,ETOPO_2022_v1_15s_bed_elev
-45.6,22.9,-2885.33,ETOPO_2022_v1_15s_bed_elev
-45.5,22.9,-2965.17,ETOPO_2022_v1_15s_bed_elev
-45.4,22.9,-2458.9,ETOPO_2022_v1_15s_bed_elev
-45.3,22.9,-2453.27,ETOPO_2022_v1_15s_bed_elev
-45.2,22.9,-2540.3,ETOPO_2022_v1_15s_bed_elev
-45.1,22.9,-2404.32,ETOPO_2022_v1_15s_bed_elev
-45.0,22.9,-3248.19,ETOPO_2022_v1_15s_bed_elev
-44.9,22.9,-3287.4,ETOPO_2022_v1_15s_bed_elev
-44.8,22.9,-2846.19,ETOPO_2022_v1_15s_bed_elev
-44.7,22.9,-3055.99,ETOPO_2022_v1_15s_bed_elev
-44.6,22.9,-3538.64,ETOPO_2022_v1_15s_bed_elev
-44.5,22.9,-3905.41,ETOPO_2022_v1_15s_bed_elev
-44.4,22.9,-3510.75,ETOPO_2022_v1_15s_bed_elev
-44.3,22.9,-3686.45,ETOPO_2022_v1_15s_bed_elev
-44.2,22.9,-3601.08,ETOPO_2022_v1_15s_bed_elev
-44.1,22.9,-3927.01,ETOPO_2022_v1_15s_bed_elev
-44.0,22.9,-3948.0,ETOPO_2022_v1_15s_bed_elev
-43.9,22.9,-3901.16,ETOPO_2022_v1_15s_bed_elev
-43.8,22.9,-3786.88,ETOPO_2022_v1_15s_bed_elev
-43.7,22.9,-3780.97,ETOPO_2022_v1_15s_bed_elev
-43.6,22.9,-3915.43,ETOPO_2022_v1_15s_bed_elev
-43.5,22.9,-4185.93,ETOPO_2022_v1_15s_bed_elev
-43.4,22.9,-4033.36,ETOPO_2022_v1_15s_bed_elev
-43.3,22.9,-4002.57,ETOPO_2022_v1_15s_bed_elev
-43.2,22.9,-4107.05,ETOPO_2022_v1_15s_bed_elev
-43.1,22.9,-4499.88,ETOPO_2022_v1_15s_bed_elev
-43.0,22.9,-4224.37,ETOPO_2022_v1_15s_bed_elev
-42.9,22.9,-4066.61,ETOPO_2022_v1_15s_bed_elev
-42.8,22.9,-3860.03,ETOPO_2022_v1_15s_bed_elev
-42.7,22.9,-4323.0,ETOPO_2022_v1_15s_bed_elev
-42.6,22.9,-4623.1,ETOPO_2022_v1_15s_bed_elev
-42.5,22.9,-4830.61,ETOPO_2022_v1_15s_bed_elev
-42.4,22.9,-4990.84,ETOPO_2022_v1_15s_bed_elev
-42.3,22.9,-4649.09,ETOPO_2022_v1_15s_bed_elev
-42.2,22.9,-4606.18,ETOPO_2022_v1_15s_bed_elev
-42.1,22.9,-4899.42,ETOPO_2022_v1_15s_bed_elev
-42.0,22.9,-5213.64,ETOPO_2022_v1_15s_bed_elev
-41.9,22.9,-5281.94,ETOPO_2022_v1_15s_bed_elev
-41.8,22.9,-5410.05,ETOPO_2022_v1_15s_bed_elev
-41.7,22.9,-5300.94,ETOPO_2022_v1_15s_bed_elev
-41.6,22.9,-5202.26,ETOPO_2022_v1_15s_bed_elev
-41.5,22.9,-5666.84,ETOPO_2022_v1_15s_bed_elev
-41.4,22.9,-5071.06,ETOPO_2022_v1_15s_bed_elev
-41.3,22.9,-4647.47,ETOPO_2022_v1_15s_bed_elev
-41.2,22.9,-4891.53,ETOPO_2022_v1_15s_bed_elev
-41.1,22.9,-4867.36,ETOPO_2022_v1_15s_bed_elev
-41.0,22.9,-5272.68,ETOPO_2022_v1_15s_bed_elev
-40.9,22.9,-5476.61,ETOPO_2022_v1_15s_bed_elev
-40.8,22.9,-4927.72,ETOPO_2022_v1_15s_bed_elev
-40.7,22.9,-5100.58,ETOPO_2022_v1_15s_bed_elev
-40.6,22.9,-4987.03,ETOPO_2022_v1_15s_bed_elev
-40.5,22.9,-5042.79,ETOPO_2022_v1_15s_bed_elev
-40.4,22.9,-5004.31,ETOPO_2022_v1_15s_bed_elev
-40.3,22.9,-4969.57,ETOPO_2022_v1_15s_bed_elev
-40.2,22.9,-5301.75,ETOPO_2022_v1_15s_bed_elev
-40.1,22.9,-5555.17,ETOPO_2022_v1_15s_bed_elev
-40.0,22.9,-5272.83,ETOPO_2022_v1_15s_bed_elev
-39.9,22.9,-5125.0,ETOPO_2022_v1_15s_bed_elev
-39.8,22.9,-5345.53,ETOPO_2022_v1_15s_bed_elev
-39.7,22.9,-5388.15,ETOPO_2022_v1_15s_bed_elev
-39.6,22.9,-5406.76,ETOPO_2022_v1_15s_bed_elev
-39.5,22.9,-5494.89,ETOPO_2022_v1_15s_bed_elev
-39.4,22.9,-5502.12,ETOPO_2022_v1_15s_bed_elev
-39.3,22.9,-5637.14,ETOPO_2022_v1_15s_bed_elev
-39.2,22.9,-5662.48,ETOPO_2022_v1_15s_bed_elev
-39.1,22.9,-5448.59,ETOPO_2022_v1_15s_bed_elev
-39.0,22.9,-5076.8,ETOPO_2022_v1_15s_bed_elev
-38.9,22.9,-4937.01,ETOPO_2022_v1_15s_bed_elev
-38.8,22.9,-5068.5,ETOPO_2022_v1_15s_bed_elev
-38.7,22.9,-5071.43,ETOPO_2022_v1_15s_bed_elev
-38.6,22.9,-5024.89,ETOPO_2022_v1_15s_bed_elev
-38.5,22.9,-4947.13,ETOPO_2022_v1_15s_bed_elev
-38.4,22.9,-5070.4,ETOPO_2022_v1_15s_bed_elev
-38.3,22.9,-5080.06,ETOPO_2022_v1_15s_bed_elev
-38.2,22.9,-5222.94,ETOPO_2022_v1_15s_bed_elev
-38.1,22.9,-5192.47,ETOPO_2022_v1_15s_bed_elev
-38.0,22.9,-5491.82,ETOPO_2022_v1_15s_bed_elev
-37.9,22.9,-5595.56,ETOPO_2022_v1_15s_bed_elev
-37.8,22.9,-5669.55,ETOPO_2022_v1_15s_bed_elev
-37.7,22.9,-5861.78,ETOPO_2022_v1_15s_bed_elev
-37.6,22.9,-5547.45,ETOPO_2022_v1_15s_bed_elev
-37.5,22.9,-5517.03,ETOPO_2022_v1_15s_bed_elev
-37.4,22.9,-5466.5,ETOPO_2022_v1_15s_bed_elev
-37.3,22.9,-5578.52,ETOPO_2022_v1_15s_bed_elev
-37.2,22.9,-5305.45,ETOPO_2022_v1_15s_bed_elev
-37.1,22.9,-5319.38,ETOPO_2022_v1_15s_bed_elev
-37.0,22.9,-5213.5,ETOPO_2022_v1_15s_bed_elev
-36.9,22.9,-5477.35,ETOPO_2022_v1_15s_bed_elev
-36.8,22.9,-5590.31,ETOPO_2022_v1_15s_bed_elev
-36.7,22.9,-5343.86,ETOPO_2022_v1_15s_bed_elev
-36.6,22.9,-5617.14,ETOPO_2022_v1_15s_bed_elev
-36.5,22.9,-6292.54,ETOPO_2022_v1_15s_bed_elev
-36.4,22.9,-6006.51,ETOPO_2022_v1_15s_bed_elev
-36.3,22.9,-5814.03,ETOPO_2022_v1_15s_bed_elev
-36.2,22.9,-5394.7,ETOPO_2022_v1_15s_bed_elev
-36.1,22.9,-5476.31,ETOPO_2022_v1_15s_bed_elev
-36.0,22.9,-5491.91,ETOPO_2022_v1_15s_bed_elev
-35.9,22.9,-5107.91,ETOPO_2022_v1_15s_bed_elev
-35.8,22.9,-5505.38,ETOPO_2022_v1_15s_bed_elev
-35.7,22.9,-5732.91,ETOPO_2022_v1_15s_bed_elev
-35.6,22.9,-5762.75,ETOPO_2022_v1_15s_bed_elev
-35.5,22.9,-5517.56,ETOPO_2022_v1_15s_bed_elev
-35.4,22.9,-5534.04,ETOPO_2022_v1_15s_bed_elev
-35.3,22.9,-5867.07,ETOPO_2022_v1_15s_bed_elev
-35.2,22.9,-5984.54,ETOPO_2022_v1_15s_bed_elev
-35.1,22.9,-5513.05,ETOPO_2022_v1_15s_bed_elev
-35.0,22.9,-5659.4,ETOPO_2022_v1_15s_bed_elev
-51.0,23.0,-4836.9,ETOPO_2022_v1_15s_bed_elev
-50.9,23.0,-4949.33,ETOPO_2022_v1_15s_bed_elev
-50.8,23.0,-5080.94,ETOPO_2022_v1_15s_bed_elev
-50.7,23.0,-5150.4,ETOPO_2022_v1_15s_bed_elev
-50.6,23.0,-4807.31,ETOPO_2022_v1_15s_bed_elev
-50.5,23.0,-4698.27,ETOPO_2022_v1_15s_bed_elev
-50.4,23.0,-5006.53,ETOPO_2022_v1_15s_bed_elev
-50.3,23.0,-4766.06,ETOPO_2022_v1_15s_bed_elev
-50.2,23.0,-4955.18,ETOPO_2022_v1_15s_bed_elev
-50.1,23.0,-4852.72,ETOPO_2022_v1_15s_bed_elev
-50.0,23.0,-4782.63,ETOPO_2022_v1_15s_bed_elev
-49.9,23.0,-4802.37,ETOPO_2022_v1_15s_bed_elev
-49.8,23.0,-4648.67,ETOPO_2022_v1_15s_bed_elev
-49.7,23.0,-4660.65,ETOPO_2022_v1_15s_bed_elev
-49.6,23.0,-4608.38,ETOPO_2022_v1_15s_bed_elev
-49.5,23.0,-4891.67,ETOPO_2022_v1_15s_bed_elev
-49.4,23.0,-4511.26,ETOPO_2022_v1_15s_bed_elev
-49.3,23.0,-4506.46,ETOPO_2022_v1_15s_bed_elev
-49.2,23.0,-4383.93,ETOPO_2022_v1_15s_bed_elev
-49.1,23.0,-4516.13,ETOPO_2022_v1_15s_bed_elev
-49.0,23.0,-4699.69,ETOPO_2022_v1_15s_bed_elev
-48.9,23.0,-4254.53,ETOPO_2022_v1_15s_bed_elev
-48.8,23.0,-4129.81,ETOPO_2022_v1_15s_bed_elev
-48.7,23.0,-4247.08,ETOPO_2022_v1_15s_bed_elev
-48.6,23.0,-4081.12,ETOPO_2022_v1_15s_bed_elev
-48.5,23.0,-4129.63,ETOPO_2022_v1_15s_bed_elev
-48.4,23.0,-4262.5,ETOPO_2022_v1_15s_bed_elev
-48.3,23.0,-4574.59,ETOPO_2022_v1_15s_bed_elev
-48.2,23.0,-4586.16,ETOPO_2022_v1_15s_bed_elev
-48.1,23.0,-4630.44,ETOPO_2022_v1_15s_bed_elev
-48.0,23.0,-4525.05,ETOPO_2022_v1_15s_bed_elev
-47.9,23.0,-4426.09,ETOPO_2022_v1_15s_bed_elev
-47.8,23.0,-4289.74,ETOPO_2022_v1_15s_bed_elev
-47.7,23.0,-4330.25,ETOPO_2022_v1_15s_bed_elev
-47.6,23.0,-4540.29,ETOPO_2022_v1_15s_bed_elev
-47.5,23.0,-4671.65,ETOPO_2022_v1_15s_bed_elev
-47.4,23.0,-4392.17,ETOPO_2022_v1_15s_bed_elev
-47.3,23.0,-4406.48,ETOPO_2022_v1_15s_bed_elev
-47.2,23.0,-4260.47,ETOPO_2022_v1_15s_bed_elev
-47.1,23.0,-3969.74,ETOPO_2022_v1_15s_bed_elev
-47.0,23.0,-4171.52,ETOPO_2022_v1_15s_bed_elev
-46.9,23.0,-3798.7,ETOPO_2022_v1_15s_bed_elev
-46.8,23.0,-3651.82,ETOPO_2022_v1_15s_bed_elev
-46.7,23.0,-3485.04,ETOPO_2022_v1_15s_bed_elev
-46.6,23.0,-3633.25,ETOPO_2022_v1_15s_bed_elev
-46.5,23.0,-3730.83,ETOPO_2022_v1_15s_bed_elev
-46.4,23.0,-3558.43,ETOPO_2022_v1_15s_bed_elev
-46.3,23.0,-3608.21,ETOPO_2022_v1_15s_bed_elev
-46.2,23.0,-3188.57,ETOPO_2022_v1_15s_bed_elev
-46.1,23.0,-3324.94,ETOPO_2022_v1_15s_bed_elev
-46.0,23.0,-3385.46,ETOPO_2022_v1_15s_bed_elev
-45.9,23.0,-3822.76,ETOPO_2022_v1_15s_bed_elev
-45.8,23.0,-3523.04,ETOPO_2022_v1_15s_bed_elev
-45.7,23.0,-3241.01,ETOPO_2022_v1_15s_bed_elev
-45.6,23.0,-3512.57,ETOPO_2022_v1_15s_bed_elev
-45.5,23.0,-3415.84,ETOPO_2022_v1_15s_bed_elev
-45.4,23.0,-2736.98,ETOPO_2022_v1_15s_bed_elev
-45.3,23.0,-2499.07,ETOPO_2022_v1_15s_bed_elev
-45.2,23.0,-2578.95,ETOPO_2022_v1_15s_bed_elev
-45.1,23.0,-2117.01,ETOPO_2022_v1_15s_bed_elev
-45.0,23.0,-3088.13,ETOPO_2022_v1_15s_bed_elev
-44.9,23.0,-3498.0,ETOPO_2022_v1_15s_bed_elev
-44.8,23.0,-3138.86,ETOPO_2022_v1_15s_bed_elev
-44.7,23.0,-3394.13,ETOPO_2022_v1_15s_bed_elev
-44.6,23.0,-2985.02,ETOPO_2022_v1_15s_bed_elev
-44.5,23.0,-2716.74,ETOPO_2022_v1_15s_bed_elev
-44.4,23.0,-2896.34,ETOPO_2022_v1_15s_bed_elev
-44.3,23.0,-3448.72,ETOPO_2022_v1_15s_bed_elev
-44.2,23.0,-3549.99,ETOPO_2022_v1_15s_bed_elev
-44.1,23.0,-3958.33,ETOPO_2022_v1_15s_bed_elev
-44.0,23.0,-3580.99,ETOPO_2022_v1_15s_bed_elev
-43.9,23.0,-3697.31,ETOPO_2022_v1_15s_bed_elev
-43.8,23.0,-3758.78,ETOPO_2022_v1_15s_bed_elev
-43.7,23.0,-3781.65,ETOPO_2022_v1_15s_bed_elev
-43.6,23.0,-3908.88,ETOPO_2022_v1_15s_bed_elev
-43.5,23.0,-4241.99,ETOPO_2022_v1_15s_bed_elev
-43.4,23.0,-4003.91,ETOPO_2022_v1_15s_bed_elev
-43.3,23.0,-3899.23,ETOPO_2022_v1_15s_bed_elev
-43.2,23.0,-4122.11,ETOPO_2022_v1_15s_bed_elev
-43.1,23.0,-4163.25,ETOPO_2022_v1_15s_bed_elev
-43.0,23.0,-3758.48,ETOPO_2022_v1_15s_bed_elev
-42.9,23.0,-3958.85,ETOPO_2022_v1_15s_bed_elev
-42.8,23.0,-3946.97,ETOPO_2022_v1_15s_bed_elev
-42.7,23.0,-4397.78,ETOPO_2022_v1_15s_bed_elev
-42.6,23.0,-4559.09,ETOPO_2022_v1_15s_bed_elev
-42.5,23.0,-4657.75,ETOPO_2022_v1_15s_bed_elev
-42.4,23.0,-5065.91,ETOPO_2022_v1_15s_bed_elev
-42.3,23.0,-5077.46,ETOPO_2022_v1_15s_bed_elev
-42.2,23.0,-5091.77,ETOPO_2022_v1_15s_bed_elev
-42.1,23.0,-5127.79,ETOPO_2022_v1_15s_bed_elev
-42.0,23.0,-5170.21,ETOPO_2022_v1_15s_bed_elev
-41.9,23.0,-5111.26,ETOPO_2022_v1_15s_bed_elev
-41.8,23.0,-5042.36,ETOPO_2022_v1_15s_bed_elev
-41.7,23.0,-5015.48,ETOPO_2022_v1_15s_bed_elev
-41.6,23.0,-4734.56,ETOPO_2022_v1_15s_bed_elev
-41.5,23.0,-4852.65,ETOPO_2022_v1_15s_bed_elev
-41.4,23.0,-4761.31,ETOPO_2022_v1_15s_bed_elev
-41.3,23.0,-4516.73,ETOPO_2022_v1_15s_bed_elev
-41.2,23.0,-4755.85,ETOPO_2022_v1_15s_bed_elev
-41.1,23.0,-4763.83,ETOPO_2022_v1_15s_bed_elev
-41.0,23.0,-4621.99,ETOPO_2022_v1_15s_bed_elev
-40.9,23.0,-5125.97,ETOPO_2022_v1_15s_bed_elev
-40.8,23.0,-5033.04,ETOPO_2022_v1_15s_bed_elev
-40.7,23.0,-5027.36,ETOPO_2022_v1_15s_bed_elev
-40.6,23.0,-5142.02,ETOPO_2022_v1_15s_bed_elev
-40.5,23.0,-5246.92,ETOPO_2022_v1_15s_bed_elev
-40.4,23.0,-5106.26,ETOPO_2022_v1_15s_bed_elev
-40.3,23.0,-5049.34,ETOPO_2022_v1_15s_bed_elev
-40.2,23.0,-5114.73,ETOPO_2022_v1_15s_bed_elev
-40.1,23.0,-5351.63,ETOPO_2022_v1_15s_bed_elev
-40.0,23.0,-5309.51,ETOPO_2022_v1_15s_bed_elev
-39.9,23.0,-5338.83,ETOPO_2022_v1_15s_bed_elev
-39.8,23.0,-5310.59,ETOPO_2022_v1_15s_bed_elev
-39.7,23.0,-5381.33,ETOPO_2022_v1_15s_bed_elev
-39.6,23.0,-5031.5,ETOPO_2022_v1_15s_bed_elev
-39.5,23.0,-4898.65,ETOPO_2022_v1_15s_bed_elev
-39.4,23.0,-5075.63,ETOPO_2022_v1_15s_bed_elev
-39.3,23.0,-5348.31,ETOPO_2022_v1_15s_bed_elev
-39.2,23.0,-5421.41,ETOPO_2022_v1_15s_bed_elev
-39.1,23.0,-5584.22,ETOPO_2022_v1_15s_bed_elev
-39.0,23.0,-5081.51,ETOPO_2022_v1_15s_bed_elev
-38.9,23.0,-4762.19,ETOPO_2022_v1_15s_bed_elev
-38.8,23.0,-5252.41,ETOPO_2022_v1_15s_bed_elev
-38.7,23.0,-5257.38,ETOPO_2022_v1_15s_bed_elev
-38.6,23.0,-5324.46,ETOPO_2022_v1_15s_bed_elev
-38.5,23.0,-5498.18,ETOPO_2022_v1_15s_bed_elev
-38.4,23.0,-5505.35,ETOPO_2022_v1_15s_bed_elev
-38.3,23.0,-5552.08,ETOPO_2022_v1_15s_bed_elev
-38.2,23.0,-5272.56,ETOPO_2022_v1_15s_bed_elev
-38.1,23.0,-5085.6,ETOPO_2022_v1_15s_bed_elev
-38.0,23.0,-5484.92,ETOPO_2022_v1_15s_bed_elev
-37.9,23.0,-6291.92,ETOPO_2022_v1_15s_bed_elev
-37.8,23.0,-6027.08,ETOPO_2022_v1_15s_bed_elev
-37.7,23.0,-5589.69,ETOPO_2022_v1_15s_bed_elev
-37.6,23.0,-5731.07,ETOPO_2022_v1_15s_bed_elev
-37.5,23.0,-5767.79,ETOPO_2022_v1_15s_bed_elev
-37.4,23.0,-5492.66,ETOPO_2022_v1_15s_bed_elev
-37.3,23.0,-5771.4,ETOPO_2022_v1_15s_bed_elev
-37.2,23.0,-5475.19,ETOPO_2022_v1_15s_bed_elev
-37.1,23.0,-5652.38,ETOPO_2022_v1_15s_bed_elev
-37.0,23.0,-6086.47,ETOPO_2022_v1_15s_bed_elev
-36.9,23.0,-5774.3,ETOPO_2022_v1_15s_bed_elev
-36.8,23.0,-5928.66,ETOPO_2022_v1_15s_bed_elev
-36.7,23.0,-5777.66,ETOPO_2022_v1_15s_bed_elev
-36.6,23.0,-5112.8,ETOPO_2022_v1_15s_bed_elev
-36.5,23.0,-5660.65,ETOPO_2022_v1_15s_bed_elev
-36.4,23.0,-5699.68,ETOPO_2022_v1_15s_bed_elev
-36.3,23.0,-5900.6,ETOPO_2022_v1_15s_bed_elev
-36.2,23.0,-5308.73,ETOPO_2022_v1_15s_bed_elev
-36.1,23.0,-5577.35,ETOPO_2022_v1_15s_bed_elev
-36.0,23.0,-5869.84,ETOPO_2022_v1_15s_bed_elev
-35.9,23.0,-5654.86,ETOPO_2022_v1_15s_bed_elev
-35.8,23.0,-5909.85,ETOPO_2022_v1_15s_bed_elev
-35.7,23.0,-6138.48,ETOPO_2022_v1_15s_bed_elev
-35.6,23.0,-5808.9,ETOPO_2022_v1_15s_bed_elev
-35.5,23.0,-5956.72,ETOPO_2022_v1_15s_bed_elev
-35.4,23.0,-6067.26,ETOPO_2022_v1_15s_bed_elev
-35.3,23.0,-6181.95,ETOPO_2022_v1_15s_bed_elev
-35.2,23.0,-6015.73,ETOPO_2022_v1_15s_bed_elev
-35.1,23.0,-5898.92,ETOPO_2022_v1_15s_bed_elev
-35.0,23.0,-6028.88,ETOPO_2022_v1_15s_bed_elev
-51.0,23.1,-5031.49,ETOPO_2022_v1_15s_bed_elev
-50.9,23.1,-4946.56,ETOPO_2022_v1_15s_bed_elev
-50.8,23.1,-4882.37,ETOPO_2022_v1_15s_bed_elev
-50.7,23.1,-4772.46,ETOPO_2022_v1_15s_bed_elev
-50.6,23.1,-4472.85,ETOPO_2022_v1_15s_bed_elev
-50.5,23.1,-4792.88,ETOPO_2022_v1_15s_bed_elev
-50.4,23.1,-4949.69,ETOPO_2022_v1_15s_bed_elev
-50.3,23.1,-4930.48,ETOPO_2022_v1_15s_bed_elev
-50.2,23.1,-4712.98,ETOPO_2022_v1_15s_bed_elev
-50.1,23.1,-4748.22,ETOPO_2022_v1_15s_bed_elev
-50.0,23.1,-5297.18,ETOPO_2022_v1_15s_bed_elev
-49.9,23.1,-5265.27,ETOPO_2022_v1_15s_bed_elev
-49.8,23.1,-5134.4,ETOPO_2022_v1_15s_bed_elev
-49.7,23.1,-5121.25,ETOPO_2022_v1_15s_bed_elev
-49.6,23.1,-4762.74,ETOPO_2022_v1_15s_bed_elev
-49.5,23.1,-5025.86,ETOPO_2022_v1_15s_bed_elev
-49.4,23.1,-5086.55,ETOPO_2022_v1_15s_bed_elev
-49.3,23.1,-5121.39,ETOPO_2022_v1_15s_bed_elev
-49.2,23.1,-5070.18,ETOPO_2022_v1_15s_bed_elev
-49.1,23.1,-4854.87,ETOPO_2022_v1_15s_bed_elev
-49.0,23.1,-4541.24,ETOPO_2022_v1_15s_bed_elev
-48.9,23.1,-4195.39,ETOPO_2022_v1_15s_bed_elev
-48.8,23.1,-3967.79,ETOPO_2022_v1_15s_bed_elev
-48.7,23.1,-4371.81,ETOPO_2022_v1_15s_bed_elev
-48.6,23.1,-4358.07,ETOPO_2022_v1_15s_bed_elev
-48.5,23.1,-4882.9,ETOPO_2022_v1_15s_bed_elev
-48.4,23.1,-4805.3,ETOPO_2022_v1_15s_bed_elev
-48.3,23.1,-4456.06,ETOPO_2022_v1_15s_bed_elev
-48.2,23.1,-4168.75,ETOPO_2022_v1_15s_bed_elev
-48.1,23.1,-4240.11,ETOPO_2022_v1_15s_bed_elev
-48.0,23.1,-4147.42,ETOPO_2022_v1_15s_bed_elev
-47.9,23.1,-3972.5,ETOPO_2022_v1_15s_bed_elev
-47.8,23.1,-3831.25,ETOPO_2022_v1_15s_bed_elev
-47.7,23.1,-3896.01,ETOPO_2022_v1_15s_bed_elev
-47.6,23.1,-4200.25,ETOPO_2022_v1_15s_bed_elev
-47.5,23.1,-4091.66,ETOPO_2022_v1_15s_bed_elev
-47.4,23.1,-4019.23,ETOPO_2022_v1_15s_bed_elev
-47.3,23.1,-4344.28,ETOPO_2022_v1_15s_bed_elev
-47.2,23.1,-4398.98,ETOPO_2022_v1_15s_bed_elev
-47.1,23.1,-4002.74,ETOPO_2022_v1_15s_bed_elev
-47.0,23.1,-3936.4,ETOPO_2022_v1_15s_bed_elev
-46.9,23.1,-3584.26,ETOPO_2022_v1_15s_bed_elev
-46.8,23.1,-3486.85,ETOPO_2022_v1_15s_bed_elev
-46.7,23.1,-3543.58,ETOPO_2022_v1_15s_bed_elev
-46.6,23.1,-3642.54,ETOPO_2022_v1_15s_bed_elev
-46.5,23.1,-4074.81,ETOPO_2022_v1_15s_bed_elev
-46.4,23.1,-3798.01,ETOPO_2022_v1_15s_bed_elev
-46.3,23.1,-3691.5,ETOPO_2022_v1_15s_bed_elev
-46.2,23.1,-3241.96,ETOPO_2022_v1_15s_bed_elev
-46.1,23.1,-3621.61,ETOPO_2022_v1_15s_bed_elev
-46.0,23.1,-3661.15,ETOPO_2022_v1_15s_bed_elev
-45.9,23.1,-3949.33,ETOPO_2022_v1_15s_bed_elev
-45.8,23.1,-4020.0,ETOPO_2022_v1_15s_bed_elev
-45.7,23.1,-4101.23,ETOPO_2022_v1_15s_bed_elev
-45.6,23.1,-3825.79,ETOPO_2022_v1_15s_bed_elev
-45.5,23.1,-4128.65,ETOPO_2022_v1_15s_bed_elev
-45.4,23.1,-3433.43,ETOPO_2022_v1_15s_bed_elev
-45.3,23.1,-3140.21,ETOPO_2022_v1_15s_bed_elev
-45.2,23.1,-2937.61,ETOPO_2022_v1_15s_bed_elev
-45.1,23.1,-2454.24,ETOPO_2022_v1_15s_bed_elev
-45.0,23.1,-3391.99,ETOPO_2022_v1_15s_bed_elev
-44.9,23.1,-3858.79,ETOPO_2022_v1_15s_bed_elev
-44.8,23.1,-3373.79,ETOPO_2022_v1_15s_bed_elev
-44.7,23.1,-2967.66,ETOPO_2022_v1_15s_bed_elev
-44.6,23.1,-2853.86,ETOPO_2022_v1_15s_bed_elev
-44.5,23.1,-2727.71,ETOPO_2022_v1_15s_bed_elev
-44.4,23.1,-2730.97,ETOPO_2022_v1_15s_bed_elev
-44.3,23.1,-3137.98,ETOPO_2022_v1_15s_bed_elev
-44.2,23.1,-3409.34,ETOPO_2022_v1_15s_bed_elev
-44.1,23.1,-3774.98,ETOPO_2022_v1_15s_bed_elev
-44.0,23.1,-3172.65,ETOPO_2022_v1_15s_bed_elev
-43.9,23.1,-3407.44,ETOPO_2022_v1_15s_bed_elev
-43.8,23.1,-3931.11,ETOPO_2022_v1_15s_bed_elev
-43.7,23.1,-3793.95,ETOPO_2022_v1_15s_bed_elev
-43.6,23.1,-4111.01,ETOPO_2022_v1_15s_bed_elev
-43.5,23.1,-3706.37,ETOPO_2022_v1_15s_bed_elev
-43.4,23.1,-3907.41,ETOPO_2022_v1_15s_bed_elev
-43.3,23.1,-3673.06,ETOPO_2022_v1_15s_bed_elev
-43.2,23.1,-3995.17,ETOPO_2022_v1_15s_bed_elev
-43.1,23.1,-4277.77,ETOPO_2022_v1_15s_bed_elev
-43.0,23.1,-3921.4,ETOPO_2022_v1_15s_bed_elev
-42.9,23.1,-4163.77,ETOPO_2022_v1_15s_bed_elev
-42.8,23.1,-4407.98,ETOPO_2022_v1_15s_bed_elev
-42.7,23.1,-4791.95,ETOPO_2022_v1_15s_bed_elev
-42.6,23.1,-4914.15,ETOPO_2022_v1_15s_bed_elev
-42.5,23.1,-4875.71,ETOPO_2022_v1_15s_bed_elev
-42.4,23.1,-5227.86,ETOPO_2022_v1_15s_bed_elev
-42.3,23.1,-5383.65,ETOPO_2022_v1_15s_bed_elev
-42.2,23.1,-5075.18,ETOPO_2022_v1_15s_bed_elev
-42.1,23.1,-4984.39,ETOPO_2022_v1_15s_bed_elev
-42.0,23.1,-4711.54,ETOPO_2022_v1_15s_bed_elev
-41.9,23.1,-4578.53,ETOPO_2022_v1_15s_bed_elev
-41.8,23.1,-4815.11,ETOPO_2022_v1_15s_bed_elev
-41.7,23.1,-4735.52,ETOPO_2022_v1_15s_bed_elev
-41.6,23.1,-4825.39,ETOPO_2022_v1_15s_bed_elev
-41.5,23.1,-4492.77,ETOPO_2022_v1_15s_bed_elev
-41.4,23.1,-4454.63,ETOPO_2022_v1_15s_bed_elev
-41.3,23.1,-4475.06,ETOPO_2022_v1_15s_bed_elev
-41.2,23.1,-4682.31,ETOPO_2022_v1_15s_bed_elev
-41.1,23.1,-5082.07,ETOPO_2022_v1_15s_bed_elev
-41.0,23.1,-4604.82,ETOPO_2022_v1_15s_bed_elev
-40.9,23.1,-5016.45,ETOPO_2022_v1_15s_bed_elev
-40.8,23.1,-5292.77,ETOPO_2022_v1_15s_bed_elev
-40.7,23.1,-4904.12,ETOPO_2022_v1_15s_bed_elev
-40.6,23.1,-5306.87,ETOPO_2022_v1_15s_bed_elev
-40.5,23.1,-5421.43,ETOPO_2022_v1_15s_bed_elev
-40.4,23.1,-5315.18,ETOPO_2022_v1_15s_bed_elev
-40.3,23.1,-5367.72,ETOPO_2022_v1_15s_bed_elev
-40.2,23.1,-5185.09,ETOPO_2022_v1_15s_bed_elev
-40.1,23.1,-5123.93,ETOPO_2022_v1_15s_bed_elev
-40.0,23.1,-5339.66,ETOPO_2022_v1_15s_bed_elev
-39.9,23.1,-5375.06,ETOPO_2022_v1_15s_bed_elev
-39.8,23.1,-5387.99,ETOPO_2022_v1_15s_bed_elev
-39.7,23.1,-5464.68,ETOPO_2022_v1_15s_bed_elev
-39.6,23.1,-4893.65,ETOPO_2022_v1_15s_bed_elev
-39.5,23.1,-4773.18,ETOPO_2022_v1_15s_bed_elev
-39.4,23.1,-4884.71,ETOPO_2022_v1_15s_bed_elev
-39.3,23.1,-5099.53,ETOPO_2022_v1_15s_bed_elev
-39.2,23.1,-5230.92,ETOPO_2022_v1_15s_bed_elev
-39.1,23.1,-5560.29,ETOPO_2022_v1_15s_bed_elev
-39.0,23.1,-5260.17,ETOPO_2022_v1_15s_bed_elev
-38.9,23.1,-5196.53,ETOPO_2022_v1_15s_bed_elev
-38.8,23.1,-5384.27,ETOPO_2022_v1_15s_bed_elev
-38.7,23.1,-5324.23,ETOPO_2022_v1_15s_bed_elev
-38.6,23.1,-5529.72,ETOPO_2022_v1_15s_bed_elev
-38.5,23.1,-5455.2,ETOPO_2022_v1_15s_bed_elev
-38.4,23.1,-5511.84,ETOPO_2022_v1_15s_bed_elev
-38.3,23.1,-5625.79,ETOPO_2022_v1_15s_bed_elev
-38.2,23.1,-5164.61,ETOPO_2022_v1_15s_bed_elev
-38.1,23.1,-5237.99,ETOPO_2022_v1_15s_bed_elev
-38.0,23.1,-5675.13,ETOPO_2022_v1_15s_bed_elev
-37.9,23.1,-5689.66,ETOPO_2022_v1_15s_bed_elev
-37.8,23.1,-5875.88,ETOPO_2022_v1_15s_bed_elev
-37.7,23.1,-5692.02,ETOPO_2022_v1_15s_bed_elev
-37.6,23.1,-5614.27,ETOPO_2022_v1_15s_bed_elev
-37.5,23.1,-5762.39,ETOPO_2022_v1_15s_bed_elev
-37.4,23.1,-5513.87,ETOPO_2022_v1_15s_bed_elev
-37.3,23.1,-5608.1,ETOPO_2022_v1_15s_bed_elev
-37.2,23.1,-5581.36,ETOPO_2022_v1_15s_bed_elev
-37.1,23.1,-5494.65,ETOPO_2022_v1_15s_bed_elev
-37.0,23.1,-5775.15,ETOPO_2022_v1_15s_bed_elev
-36.9,23.1,-5886.38,ETOPO_2022_v1_15s_bed_elev
-36.8,23.1,-6108.7,ETOPO_2022_v1_15s_bed_elev
-36.7,23.1,-6024.38,ETOPO_2022_v1_15s_bed_elev
-36.6,23.1,-5761.59,ETOPO_2022_v1_15s_bed_elev
-36.5,23.1,-5752.57,ETOPO_2022_v1_15s_bed_elev
-36.4,23.1,-5508.36,ETOPO_2022_v1_15s_bed_elev
-36.3,23.1,-5599.99,ETOPO_2022_v1_15s_bed_elev
-36.2,23.1,-4959.25,ETOPO_2022_v1_15s_bed_elev
-36.1,23.1,-5671.96,ETOPO_2022_v1_15s_bed_elev
-36.0,23.1,-5296.04,ETOPO_2022_v1_15s_bed_elev
-35.9,23.1,-5264.94,ETOPO_2022_v1_15s_bed_elev
-35.8,23.1,-5593.85,ETOPO_2022_v1_15s_bed_elev
-35.7,23.1,-5577.11,ETOPO_2022_v1_15s_bed_elev
-35.6,23.1,-5244.31,ETOPO_2022_v1_15s_bed_elev
-35.5,23.1,-5487.89,ETOPO_2022_v1_15s_bed_elev
-35.4,23.1,-5437.29,ETOPO_2022_v1_15s_bed_elev
-35.3,23.1,-5481.86,ETOPO_2022_v1_15s_bed_elev
-35.2,23.1,-5289.95,ETOPO_2022_v1_15s_bed_elev
-35.1,23.1,-5241.13,ETOPO_2022_v1_15s_bed_elev
-35.0,23.1,-5074.56,ETOPO_2022_v1_15s_bed_elev
-51.0,23.2,-5103.11,ETOPO_2022_v1_15s_bed_elev
-50.9,23.2,-5043.92,ETOPO_2022_v1_15s_bed_elev
-50.8,23.2,-4886.25,ETOPO_2022_v1_15s_bed_elev
-50.7,23.2,-5072.27,ETOPO_2022_v1_15s_bed_elev
-50.6,23.2,-4783.01,ETOPO_2022_v1_15s_bed_elev
-50.5,23.2,-5037.13,ETOPO_2022_v1_15s_bed_elev
-50.4,23.2,-5170.99,ETOPO_2022_v1_15s_bed_elev
-50.3,23.2,-5505.68,ETOPO_2022_v1_15s_bed_elev
-50.2,23.2,-5255.04,ETOPO_2022_v1_15s_bed_elev
-50.1,23.2,-5028.84,ETOPO_2022_v1_15s_bed_elev
-50.0,23.2,-5235.01,ETOPO_2022_v1_15s_bed_elev
-49.9,23.2,-5125.7,ETOPO_2022_v1_15s_bed_elev
-49.8,23.2,-4737.26,ETOPO_2022_v1_15s_bed_elev
-49.7,23.2,-4647.94,ETOPO_2022_v1_15s_bed_elev
-49.6,23.2,-4793.75,ETOPO_2022_v1_15s_bed_elev
-49.5,23.2,-5132.76,ETOPO_2022_v1_15s_bed_elev
-49.4,23.2,-5247.32,ETOPO_2022_v1_15s_bed_elev
-49.3,23.2,-5149.92,ETOPO_2022_v1_15s_bed_elev
-49.2,23.2,-5066.82,ETOPO_2022_v1_15s_bed_elev
-49.1,23.2,-4793.79,ETOPO_2022_v1_15s_bed_elev
-49.0,23.2,-4532.82,ETOPO_2022_v1_15s_bed_elev
-48.9,23.2,-4654.63,ETOPO_2022_v1_15s_bed_elev
-48.8,23.2,-4735.72,ETOPO_2022_v1_15s_bed_elev
-48.7,23.2,-4748.73,ETOPO_2022_v1_15s_bed_elev
-48.6,23.2,-4906.01,ETOPO_2022_v1_15s_bed_elev
-48.5,23.2,-4846.41,ETOPO_2022_v1_15s_bed_elev
-48.4,23.2,-4504.98,ETOPO_2022_v1_15s_bed_elev
-48.3,23.2,-4076.58,ETOPO_2022_v1_15s_bed_elev
-48.2,23.2,-4042.17,ETOPO_2022_v1_15s_bed_elev
-48.1,23.2,-4035.95,ETOPO_2022_v1_15s_bed_elev
-48.0,23.2,-4257.12,ETOPO_2022_v1_15s_bed_elev
-47.9,23.2,-4092.48,ETOPO_2022_v1_15s_bed_elev
-47.8,23.2,-4000.02,ETOPO_2022_v1_15s_bed_elev
-47.7,23.2,-3986.24,ETOPO_2022_v1_15s_bed_elev
-47.6,23.2,-4304.01,ETOPO_2022_v1_15s_bed_elev
-47.5,23.2,-4049.79,ETOPO_2022_v1_15s_bed_elev
-47.4,23.2,-3895.03,ETOPO_2022_v1_15s_bed_elev
-47.3,23.2,-4260.92,ETOPO_2022_v1_15s_bed_elev
-47.2,23.2,-4154.66,ETOPO_2022_v1_15s_bed_elev
-47.1,23.2,-3562.34,ETOPO_2022_v1_15s_bed_elev
-47.0,23.2,-3670.01,ETOPO_2022_v1_15s_bed_elev
-46.9,23.2,-3798.88,ETOPO_2022_v1_15s_bed_elev
-46.8,23.2,-3923.88,ETOPO_2022_v1_15s_bed_elev
-46.7,23.2,-3882.87,ETOPO_2022_v1_15s_bed_elev
-46.6,23.2,-3760.06,ETOPO_2022_v1_15s_bed_elev
-46.5,23.2,-3655.57,ETOPO_2022_v1_15s_bed_elev
-46.4,23.2,-3836.93,ETOPO_2022_v1_15s_bed_elev
-46.3,23.2,-3637.96,ETOPO_2022_v1_15s_bed_elev
-46.2,23.2,-3414.81,ETOPO_2022_v1_15s_bed_elev
-46.1,23.2,-3600.02,ETOPO_2022_v1_15s_bed_elev
-46.0,23.2,-3943.99,ETOPO_2022_v1_15s_bed_elev
-45.9,23.2,-3769.47,ETOPO_2022_v1_15s_bed_elev
-45.8,23.2,-3348.28,ETOPO_2022_v1_15s_bed_elev
-45.7,23.2,-3489.92,ETOPO_2022_v1_15s_bed_elev
-45.6,23.2,-3684.2,ETOPO_2022_v1_15s_bed_elev
-45.5,23.2,-3835.37,ETOPO_2022_v1_15s_bed_elev
-45.4,23.2,-3653.82,ETOPO_2022_v1_15s_bed_elev
-45.3,23.2,-3726.41,ETOPO_2022_v1_15s_bed_elev
-45.2,23.2,-3464.73,ETOPO_2022_v1_15s_bed_elev
-45.1,23.2,-3260.97,ETOPO_2022_v1_15s_bed_elev
-45.0,23.2,-3581.76,ETOPO_2022_v1_15s_bed_elev
-44.9,23.2,-3895.63,ETOPO_2022_v1_15s_bed_elev
-44.8,23.2,-3544.37,ETOPO_2022_v1_15s_bed_elev
-44.7,23.2,-2753.53,ETOPO_2022_v1_15s_bed_elev
-44.6,23.2,-2896.15,ETOPO_2022_v1_15s_bed_elev
-44.5,23.2,-3285.64,ETOPO_2022_v1_15s_bed_elev
-44.4,23.2,-3075.17,ETOPO_2022_v1_15s_bed_elev
-44.3,23.2,-3208.22,ETOPO_2022_v1_15s_bed_elev
-44.2,23.2,-3374.28,ETOPO_2022_v1_15s_bed_elev
-44.1,23.2,-3510.4,ETOPO_2022_v1_15s_bed_elev
-44.0,23.2,-3255.71,ETOPO_2022_v1_15s_bed_elev
-43.9,23.2,-3510.44,ETOPO_2022_v1_15s_bed_elev
-43.8,23.2,-3744.65,ETOPO_2022_v1_15s_bed_elev
-43.7,23.2,-4060.7,ETOPO_2022_v1_15s_bed_elev
-43.6,23.2,-4005.1,ETOPO_2022_v1_15s_bed_elev
-43.5,23.2,-3542.01,ETOPO_2022_v1_15s_bed_elev
-43.4,23.2,-3989.35,ETOPO_2022_v1_15s_bed_elev
-43.3,23.2,-4217.54,ETOPO_2022_v1_15s_bed_elev
-43.2,23.2,-4391.81,ETOPO_2022_v1_15s_bed_elev
-43.1,23.2,-4234.8,ETOPO_2022_v1_15s_bed_elev
-43.0,23.2,-4326.54,ETOPO_2022_v1_15s_bed_elev
-42.9,23.2,-4635.28,ETOPO_2022_v1_15s_bed_elev
-42.8,23.2,-5106.72,ETOPO_2022_v1_15s_bed_elev
-42.7,23.2,-5171.88,ETOPO_2022_v1_15s_bed_elev
-42.6,23.2,-5324.53,ETOPO_2022_v1_15s_bed_elev
-42.5,23.2,-4887.63,ETOPO_2022_v1_15s_bed_elev
-42.4,23.2,-4530.51,ETOPO_2022_v1_15s_bed_elev
-42.3,23.2,-5058.09,ETOPO_2022_v1_15s_bed_elev
-42.2,23.2,-4784.83,ETOPO_2022_v1_15s_bed_elev
-42.1,23.2,-4356.41,ETOPO_2022_v1_15s_bed_elev
-42.0,23.2,-4515.49,ETOPO_2022_v1_15s_bed_elev
-41.9,23.2,-4904.29,ETOPO_2022_v1_15s_bed_elev
-41.8,23.2,-4428.88,ETOPO_2022_v1_15s_bed_elev
-41.7,23.2,-4294.25,ETOPO_2022_v1_15s_bed_elev
-41.6,23.2,-4457.51,ETOPO_2022_v1_15s_bed_elev
-41.5,23.2,-4192.34,ETOPO_2022_v1_15s_bed_elev
-41.4,23.2,-4303.04,ETOPO_2022_v1_15s_bed_elev
-41.3,23.2,-4541.25,ETOPO_2022_v1_15s_bed_elev
-41.2,23.2,-4715.62,ETOPO_2022_v1_15s_bed_elev
-41.1,23.2,-5085.15,ETOPO_2022_v1_15s_bed_elev
-41.0,23.2,-5071.76,ETOPO_2022_v1_15s_bed_elev
-40.9,23.2,-5269.76,ETOPO_2022_v1_15s_bed_elev
-40.8,23.2,-5227.96,ETOPO_2022_v1_15s_bed_elev
-40.7,23.2,-5035.59,ETOPO_2022_v1_15s_bed_elev
-40.6,23.2,-5089.03,ETOPO_2022_v1_15s_bed_elev
-40.5,23.2,-5317.43,ETOPO_2022_v1_15s_bed_elev
-40.4,23.2,-5155.93,ETOPO_2022_v1_15s_bed_elev
-40.3,23.2,-5115.84,ETOPO_2022_v1_15s_bed_elev
-40.2,23.2,-5146.74,ETOPO_2022_v1_15s_bed_elev
-40.1,23.2,-5158.04,ETOPO_2022_v1_15s_bed_elev
-40.0,23.2,-5341.99,ETOPO_2022_v1_15s_bed_elev
-39.9,23.2,-5414.27,ETOPO_2022_v1_15s_bed_elev
-39.8,23.2,-5315.94,ETOPO_2022_v1_15s_bed_elev
-39.7,23.2,-5292.04,ETOPO_2022_v1_15s_bed_elev
-39.6,23.2,-5053.79,ETOPO_2022_v1_15s_bed_elev
-39.5,23.2,-4945.18,ETOPO_2022_v1_15s_bed_elev
-39.4,23.2,-4994.25,ETOPO_2022_v1_15s_bed_elev
-39.3,23.2,-5095.18,ETOPO_2022_v1_15s_bed_elev
-39.2,23.2,-5069.8,ETOPO_2022_v1_15s_bed_elev
-39.1,23.2,-5310.44,ETOPO_2022_v1_15s_bed_elev
-39.0,23.2,-5535.28,ETOPO_2022_v1_15s_bed_elev
-38.9,23.2,-5387.29,ETOPO_2022_v1_15s_bed_elev
-38.8,23.2,-5294.84,ETOPO_2022_v1_15s_bed_elev
-38.7,23.2,-5254.18,ETOPO_2022_v1_15s_bed_elev
-38.6,23.2,-5359.7,ETOPO_2022_v1_15s_bed_elev
-38.5,23.2,-5253.61,ETOPO_2022_v1_15s_bed_elev
-38.4,23.2,-5413.79,ETOPO_2022_v1_15s_bed_elev
-38.3,23.2,-5625.42,ETOPO_2022_v1_15s_bed_elev
-38.2,23.2,-5411.46,ETOPO_2022_v1_15s_bed_elev
-38.1,23.2,-5726.83,ETOPO_2022_v1_15s_bed_elev
-38.0,23.2,-5700.53,ETOPO_2022_v1_15s_bed_elev
-37.9,23.2,-5769.38,ETOPO_2022_v1_15s_bed_elev
-37.8,23.2,-5832.09,ETOPO_2022_v1_15s_bed_elev
-37.7,23.2,-5875.0,ETOPO_2022_v1_15s_bed_elev
-37.6,23.2,-5717.56,ETOPO_2022_v1_15s_bed_elev
-37.5,23.2,-5721.29,ETOPO_2022_v1_15s_bed_elev
-37.4,23.2,-5574.33,ETOPO_2022_v1_15s_bed_elev
-37.3,23.2,-5769.64,ETOPO_2022_v1_15s_bed_elev
-37.2,23.2,-5797.63,ETOPO_2022_v1_15s_bed_elev
-37.1,23.2,-5683.62,ETOPO_2022_v1_15s_bed_elev
-37.0,23.2,-5668.32,ETOPO_2022_v1_15s_bed_elev
-36.9,23.2,-5742.33,ETOPO_2022_v1_15s_bed_elev
-36.8,23.2,-5848.56,ETOPO_2022_v1_15s_bed_elev
-36.7,23.2,-5541.98,ETOPO_2022_v1_15s_bed_elev
-36.6,23.2,-5327.34,ETOPO_2022_v1_15s_bed_elev
-36.5,23.2,-5916.13,ETOPO_2022_v1_15s_bed_elev
-36.4,23.2,-5492.7,ETOPO_2022_v1_15s_bed_elev
-36.3,23.2,-5430.05,ETOPO_2022_v1_15s_bed_elev
-36.2,23.2,-5353.96,ETOPO_2022_v1_15s_bed_elev
-36.1,23.2,-5568.0,ETOPO_2022_v1_15s_bed_elev
-36.0,23.2,-5367.75,ETOPO_2022_v1_15s_bed_elev
-35.9,23.2,-5798.27,ETOPO_2022_v1_15s_bed_elev
-35.8,23.2,-5985.77,ETOPO_2022_v1_15s_bed_elev
-35.7,23.2,-5949.13,ETOPO_2022_v1_15s_bed_elev
-35.6,23.2,-5586.76,ETOPO_2022_v1_15s_bed_elev
-35.5,23.2,-6038.69,ETOPO_2022_v1_15s_bed_elev
-35.4,23.2,-5928.19,ETOPO_2022_v1_15s_bed_elev
-35.3,23.2,-5923.95,ETOPO_2022_v1_15s_bed_elev
-35.2,23.2,-5867.92,ETOPO_2022_v1_15s_bed_elev
-35.1,23.2,-5706.79,ETOPO_2022_v1_15s_bed_elev
-35.0,23.2,-5241.43,ETOPO_2022_v1_15s_bed_elev
-51.0,23.3,-4999.05,ETOPO_2022_v1_15s_bed_elev
-50.9,23.3,-5265.94,ETOPO_2022_v1_15s_bed_elev
-50.8,23.3,-5126.77,ETOPO_2022_v1_15s_bed_elev
-50.7,23.3,-5459.33,ETOPO_2022_v1_15s_bed_elev
-50.6,23.3,-5290.9,ETOPO_2022_v1_15s_bed_elev
-50.5,23.3,-5189.0,ETOPO_2022_v1_15s_bed_elev
-50.4,23.3,-5162.49,ETOPO_2022_v1_15s_bed_elev
-50.3,23.3,-5292.0,ETOPO_2022_v1_15s_bed_elev
-50.2,23.3,-5222.0,ETOPO_2022_v1_15s_bed_elev
-50.1,23.3,-5240.52,ETOPO_2022_v1_15s_bed_elev
-50.0,23.3,-4848.48,ETOPO_2022_v1_15s_bed_elev
-49.9,23.3,-4932.48,ETOPO_2022_v1_15s_bed_elev
-49.8,23.3,-4550.72,ETOPO_2022_v1_15s_bed_elev
-49.7,23.3,-4412.95,ETOPO_2022_v1_15s_bed_elev
-49.6,23.3,-4927.14,ETOPO_2022_v1_15s_bed_elev
-49.5,23.3,-4863.48,ETOPO_2022_v1_15s_bed_elev
-49.4,23.3,-4793.27,ETOPO_2022_v1_15s_bed_elev
-49.3,23.3,-4473.33,ETOPO_2022_v1_15s_bed_elev
-49.2,23.3,-4544.38,ETOPO_2022_v1_15s_bed_elev
-49.1,23.3,-4501.89,ETOPO_2022_v1_15s_bed_elev
-49.0,23.3,-4689.72,ETOPO_2022_v1_15s_bed_elev
-48.9,23.3,-4516.17,ETOPO_2022_v1_15s_bed_elev
-48.8,23.3,-4981.55,ETOPO_2022_v1_15s_bed_elev
-48.7,23.3,-5068.84,ETOPO_2022_v1_15s_bed_elev
-48.6,23.3,-4807.08,ETOPO_2022_v1_15s_bed_elev
-48.5,23.3,-4470.88,ETOPO_2022_v1_15s_bed_elev
-48.4,23.3,-4313.3,ETOPO_2022_v1_15s_bed_elev
-48.3,23.3,-4128.28,ETOPO_2022_v1_15s_bed_elev
-48.2,23.3,-4324.4,ETOPO_2022_v1_15s_bed_elev
-48.1,23.3,-4282.39,ETOPO_2022_v1_15s_bed_elev
-48.0,23.3,-4160.62,ETOPO_2022_v1_15s_bed_elev
-47.9,23.3,-4344.4,ETOPO_2022_v1_15s_bed_elev
-47.8,23.3,-4432.84,ETOPO_2022_v1_15s_bed_elev
-47.7,23.3,-4288.35,ETOPO_2022_v1_15s_bed_elev
-47.6,23.3,-4401.1,ETOPO_2022_v1_15s_bed_elev
-47.5,23.3,-4522.19,ETOPO_2022_v1_15s_bed_elev
-47.4,23.3,-3961.18,ETOPO_2022_v1_15s_bed_elev
-47.3,23.3,-3733.42,ETOPO_2022_v1_15s_bed_elev
-47.2,23.3,-4256.53,ETOPO_2022_v1_15s_bed_elev
-47.1,23.3,-3732.87,ETOPO_2022_v1_15s_bed_elev
-47.0,23.3,-3531.1,ETOPO_2022_v1_15s_bed_elev
-46.9,23.3,-3605.2,ETOPO_2022_v1_15s_bed_elev
-46.8,23.3,-3931.35,ETOPO_2022_v1_15s_bed_elev
-46.7,23.3,-3916.16,ETOPO_2022_v1_15s_bed_elev
-46.6,23.3,-3822.17,ETOPO_2022_v1_15s_bed_elev
-46.5,23.3,-3724.72,ETOPO_2022_v1_15s_bed_elev
-46.4,23.3,-3867.87,ETOPO_2022_v1_15s_bed_elev
-46.3,23.3,-3792.03,ETOPO_2022_v1_15s_bed_elev
-46.2,23.3,-3597.37,ETOPO_2022_v1_15s_bed_elev
-46.1,23.3,-3649.74,ETOPO_2022_v1_15s_bed_elev
-46.0,23.3,-3672.8,ETOPO_2022_v1_15s_bed_elev
-45.9,23.3,-3421.41,ETOPO_2022_v1_15s_bed_elev
-45.8,23.3,-3169.3,ETOPO_2022_v1_15s_bed_elev
-45.7,23.3,-3356.39,ETOPO_2022_v1_15s_bed_elev
-45.6,23.3,-3535.07,ETOPO_2022_v1_15s_bed_elev
-45.5,23.3,-3707.15,ETOPO_2022_v1_15s_bed_elev
-45.4,23.3,-3589.87,ETOPO_2022_v1_15s_bed_elev
-45.3,23.3,-3509.57,ETOPO_2022_v1_15s_bed_elev
-45.2,23.3,-3170.14,ETOPO_2022_v1_15s_bed_elev
-45.1,23.3,-3374.07,ETOPO_2022_v1_15s_bed_elev
-45.0,23.3,-3425.2,ETOPO_2022_v1_15s_bed_elev
-44.9,23.3,-3911.52,ETOPO_2022_v1_15s_bed_elev
-44.8,23.3,-3368.05,ETOPO_2022_v1_15s_bed_elev
-44.7,23.3,-3337.82,ETOPO_2022_v1_15s_bed_elev
-44.6,23.3,-2836.16,ETOPO_2022_v1_15s_bed_elev
-44.5,23.3,-3299.79,ETOPO_2022_v1_15s_bed_elev
-44.4,23.3,-3563.28,ETOPO_2022_v1_15s_bed_elev
-44.3,23.3,-3597.37,ETOPO_2022_v1_15s_bed_elev
-44.2,23.3,-3612.56,ETOPO_2022_v1_15s_bed_elev
-44.1,23.3,-3763.26,ETOPO_2022_v1_15s_bed_elev
-44.0,23.3,-3380.53,ETOPO_2022_v1_15s_bed_elev
-43.9,23.3,-3680.34,ETOPO_2022_v1_15s_bed_elev
-43.8,23.3,-3854.0,ETOPO_2022_v1_15s_bed_elev
-43.7,23.3,-4467.6,ETOPO_2022_v1_15s_bed_elev
-43.6,23.3,-4403.15,ETOPO_2022_v1_15s_bed_elev
-43.5,23.3,-4280.38,ETOPO_2022_v1_15s_bed_elev
-43.4,23.3,-4263.16,ETOPO_2022_v1_15s_bed_elev
-43.3,23.3,-4639.0,ETOPO_2022_v1_15s_bed_elev
-43.2,23.3,-4646.61,ETOPO_2022_v1_15s_bed_elev
-43.1,23.3,-5097.48,ETOPO_2022_v1_15s_bed_elev
-43.0,23.3,-5065.51,ETOPO_2022_v1_15s_bed_elev
-42.9,23.3,-4840.96,ETOPO_2022_v1_15s_bed_elev
-42.8,23.3,-4425.33,ETOPO_2022_v1_15s_bed_elev
-42.7,23.3,-4095.64,ETOPO_2022_v1_15s_bed_elev
-42.6,23.3,-4601.97,ETOPO_2022_v1_15s_bed_elev
-42.5,23.3,-3941.48,ETOPO_2022_v1_15s_bed_elev
-42.4,23.3,-3948.88,ETOPO_2022_v1_15s_bed_elev
-42.3,23.3,-4513.11,ETOPO_2022_v1_15s_bed_elev
-42.2,23.3,-4314.03,ETOPO_2022_v1_15s_bed_elev
-42.1,23.3,-4189.13,ETOPO_2022_v1_15s_bed_elev
-42.0,23.3,-4726.19,ETOPO_2022_v1_15s_bed_elev
-41.9,23.3,-5057.62,ETOPO_2022_v1_15s_bed_elev
-41.8,23.3,-4286.18,ETOPO_2022_v1_15s_bed_elev
-41.7,23.3,-4224.39,ETOPO_2022_v1_15s_bed_elev
-41.6,23.3,-4455.71,ETOPO_2022_v1_15s_bed_elev
-41.5,23.3,-4287.86,ETOPO_2022_v1_15s_bed_elev
-41.4,23.3,-4728.51,ETOPO_2022_v1_15s_bed_elev
-41.3,23.3,-5077.08,ETOPO_2022_v1_15s_bed_elev
-41.2,23.3,-5307.42,ETOPO_2022_v1_15s_bed_elev
-41.1,23.3,-5159.3,ETOPO_2022_v1_15s_bed_elev
-41.0,23.3,-5164.85,ETOPO_2022_v1_15s_bed_elev
-40.9,23.3,-4960.87,ETOPO_2022_v1_15s_bed_elev
-40.8,23.3,-4991.71,ETOPO_2022_v1_15s_bed_elev
-40.7,23.3,-4786.41,ETOPO_2022_v1_15s_bed_elev
-40.6,23.3,-4924.74,ETOPO_2022_v1_15s_bed_elev
-40.5,23.3,-5061.21,ETOPO_2022_v1_15s_bed_elev
-40.4,23.3,-5132.24,ETOPO_2022_v1_15s_bed_elev
-40.3,23.3,-4473.64,ETOPO_2022_v1_15s_bed_elev
-40.2,23.3,-4509.35,ETOPO_2022_v1_15s_bed_elev
-40.1,23.3,-4846.1,ETOPO_2022_v1_15s_bed_elev
-40.0,23.3,-4988.8,ETOPO_2022_v1_15s_bed_elev
-39.9,23.3,-5092.84,ETOPO_2022_v1_15s_bed_elev
-39.8,23.3,-4999.5,ETOPO_2022_v1_15s_bed_elev
-39.7,23.3,-5092.06,ETOPO_2022_v1_15s_bed_elev
-39.6,23.3,-5008.23,ETOPO_2022_v1_15s_bed_elev
-39.5,23.3,-4932.29,ETOPO_2022_v1_15s_bed_elev
-39.4,23.3,-4923.52,ETOPO_2022_v1_15s_bed_elev
-39.3,23.3,-4839.35,ETOPO_2022_v1_15s_bed_elev
-39.2,23.3,-4761.57,ETOPO_2022_v1_15s_bed_elev
-39.1,23.3,-4955.21,ETOPO_2022_v1_15s_bed_elev
-39.0,23.3,-5290.74,ETOPO_2022_v1_15s_bed_elev
-38.9,23.3,-5202.68,ETOPO_2022_v1_15s_bed_elev
-38.8,23.3,-5127.76,ETOPO_2022_v1_15s_bed_elev
-38.7,23.3,-5135.76,ETOPO_2022_v1_15s_bed_elev
-38.6,23.3,-5229.85,ETOPO_2022_v1_15s_bed_elev
-38.5,23.3,-5185.53,ETOPO_2022_v1_15s_bed_elev
-38.4,23.3,-5385.99,ETOPO_2022_v1_15s_bed_elev
-38.3,23.3,-5587.95,ETOPO_2022_v1_15s_bed_elev
-38.2,23.3,-5517.13,ETOPO_2022_v1_15s_bed_elev
-38.1,23.3,-5800.06,ETOPO_2022_v1_15s_bed_elev
-38.0,23.3,-5428.19,ETOPO_2022_v1_15s_bed_elev
-37.9,23.3,-5420.63,ETOPO_2022_v1_15s_bed_elev
-37.8,23.3,-5445.35,ETOPO_2022_v1_15s_bed_elev
-37.7,23.3,-5589.17,ETOPO_2022_v1_15s_bed_elev
-37.6,23.3,-5561.66,ETOPO_2022_v1_15s_bed_elev
-37.5,23.3,-5601.6,ETOPO_2022_v1_15s_bed_elev
-37.4,23.3,-5730.84,ETOPO_2022_v1_15s_bed_elev
-37.3,23.3,-5767.55,ETOPO_2022_v1_15s_bed_elev
-37.2,23.3,-5581.22,ETOPO_2022_v1_15s_bed_elev
-37.1,23.3,-5585.61,ETOPO_2022_v1_15s_bed_elev
-37.0,23.3,-5612.98,ETOPO_2022_v1_15s_bed_elev
-36.9,23.3,-5484.86,ETOPO_2022_v1_15s_bed_elev
-36.8,23.3,-5712.05,ETOPO_2022_v1_15s_bed_elev
-36.7,23.3,-5698.02,ETOPO_2022_v1_15s_bed_elev
-36.6,23.3,-5457.5,ETOPO_2022_v1_15s_bed_elev
-36.5,23.3,-5944.46,ETOPO_2022_v1_15s_bed_elev
-36.4,23.3,-5477.74,ETOPO_2022_v1_15s_bed_elev
-36.3,23.3,-5385.88,ETOPO_2022_v1_15s_bed_elev
-36.2,23.3,-5751.09,ETOPO_2022_v1_15s_bed_elev
-36.1,23.3,-5733.39,ETOPO_2022_v1_15s_bed_elev
-36.0,23.3,-5474.56,ETOPO_2022_v1_15s_bed_elev
-35.9,23.3,-5832.35,ETOPO_2022_v1_15s_bed_elev
-35.8,23.3,-5909.77,ETOPO_2022_v1_15s_bed_elev
-35.7,23.3,-6301.81,ETOPO_2022_v1_15s_bed_elev
-35.6,23.3,-6058.19,ETOPO_2022_v1_15s_bed_elev
-35.5,23.3,-6172.91,ETOPO_2022_v1_15s_bed_elev
-35.4,23.3,-5847.65,ETOPO_2022_v1_15s_bed_elev
-35.3,23.3,-5920.29,ETOPO_2022_v1_15s_bed_elev
-35.2,23.3,-6088.11,ETOPO_2022_v1_15s_bed_elev
-35.1,23.3,-5873.63,ETOPO_2022_v1_15s_bed_elev
-35.0,23.3,-6005.05,ETOPO_2022_v1_15s_bed_elev
-51.0,23.4,-4734.54,ETOPO_2022_v1_15s_bed_elev
-50.9,23.4,-4810.16,ETOPO_2022_v1_15s_bed_elev
-50.8,23.4,-5110.68,ETOPO_2022_v1_15s_bed_elev
-50.7,23.4,-5179.27,ETOPO_2022_v1_15s_bed_elev
-50.6,23.4,-4865.52,ETOPO_2022_v1_15s_bed_elev
-50.5,23.4,-4681.9,ETOPO_2022_v1_15s_bed_elev
-50.4,23.4,-4749.04,ETOPO_2022_v1_15s_bed_elev
-50.3,23.4,-4824.46,ETOPO_2022_v1_15s_bed_elev
-50.2,23.4,-4940.64,ETOPO_2022_v1_15s_bed_elev
-50.1,23.4,-5056.63,ETOPO_2022_v1_15s_bed_elev
-50.0,23.4,-4851.84,ETOPO_2022_v1_15s_bed_elev
-49.9,23.4,-4711.57,ETOPO_2022_v1_15s_bed_elev
-49.8,23.4,-4848.48,ETOPO_2022_v1_15s_bed_elev
-49.7,23.4,-4669.44,ETOPO_2022_v1_15s_bed_elev
-49.6,23.4,-4902.06,ETOPO_2022_v1_15s_bed_elev
-49.5,23.4,-4530.27,ETOPO_2022_v1_15s_bed_elev
-49.4,23.4,-4472.87,ETOPO_2022_v1_15s_bed_elev
-49.3,23.4,-4588.86,ETOPO_2022_v1_15s_bed_elev
-49.2,23.4,-4457.68,ETOPO_2022_v1_15s_bed_elev
-49.1,23.4,-4747.26,ETOPO_2022_v1_15s_bed_elev
-49.0,23.4,-4868.5,ETOPO_2022_v1_15s_bed_elev
-48.9,23.4,-4698.63,ETOPO_2022_v1_15s_bed_elev
-48.8,23.4,-4752.14,ETOPO_2022_v1_15s_bed_elev
-48.7,23.4,-4686.67,ETOPO_2022_v1_15s_bed_elev
-48.6,23.4,-4433.37,ETOPO_2022_v1_15s_bed_elev
-48.5,23.4,-4405.15,ETOPO_2022_v1_15s_bed_elev
-48.4,23.4,-4618.45,ETOPO_2022_v1_15s_bed_elev
-48.3,23.4,-4303.99,ETOPO_2022_v1_15s_bed_elev
-48.2,23.4,-4408.22,ETOPO_2022_v1_15s_bed_elev
-48.1,23.4,-4412.12,ETOPO_2022_v1_15s_bed_elev
-48.0,23.4,-4009.88,ETOPO_2022_v1_15s_bed_elev
-47.9,23.4,-4066.53,ETOPO_2022_v1_15s_bed_elev
-47.8,23.4,-4394.95,ETOPO_2022_v1_15s_bed_elev
-47.7,23.4,-4329.64,ETOPO_2022_v1_15s_bed_elev
-47.6,23.4,-4248.39,ETOPO_2022_v1_15s_bed_elev
-47.5,23.4,-4020.36,ETOPO_2022_v1_15s_bed_elev
-47.4,23.4,-3852.86,ETOPO_2022_v1_15s_bed_elev
-47.3,23.4,-3707.08,ETOPO_2022_v1_15s_bed_elev
-47.2,23.4,-3918.21,ETOPO_2022_v1_15s_bed_elev
-47.1,23.4,-3881.49,ETOPO_2022_v1_15s_bed_elev
-47.0,23.4,-3556.84,ETOPO_2022_v1_15s_bed_elev
-46.9,23.4,-3878.12,ETOPO_2022_v1_15s_bed_elev
-46.8,23.4,-3679.41,ETOPO_2022_v1_15s_bed_elev
-46.7,23.4,-3785.86,ETOPO_2022_v1_15s_bed_elev
-46.6,23.4,-3800.1,ETOPO_2022_v1_15s_bed_elev
-46.5,23.4,-4122.37,ETOPO_2022_v1_15s_bed_elev
-46.4,23.4,-3762.58,ETOPO_2022_v1_15s_bed_elev
-46.3,23.4,-3714.29,ETOPO_2022_v1_15s_bed_elev
-46.2,23.4,-3949.22,ETOPO_2022_v1_15s_bed_elev
-46.1,23.4,-3549.47,ETOPO_2022_v1_15s_bed_elev
-46.0,23.4,-3485.53,ETOPO_2022_v1_15s_bed_elev
-45.9,23.4,-3204.38,ETOPO_2022_v1_15s_bed_elev
-45.8,23.4,-3430.84,ETOPO_2022_v1_15s_bed_elev
-45.7,23.4,-3432.62,ETOPO_2022_v1_15s_bed_elev
-45.6,23.4,-3505.52,ETOPO_2022_v1_15s_bed_elev
-45.5,23.4,-3527.27,ETOPO_2022_v1_15s_bed_elev
-45.4,23.4,-3257.49,ETOPO_2022_v1_15s_bed_elev
-45.3,23.4,-2907.48,ETOPO_2022_v1_15s_bed_elev
-45.2,23.4,-3148.9,ETOPO_2022_v1_15s_bed_elev
-45.1,23.4,-2960.92,ETOPO_2022_v1_15s_bed_elev
-45.0,23.4,-3667.34,ETOPO_2022_v1_15s_bed_elev
-44.9,23.4,-4034.8,ETOPO_2022_v1_15s_bed_elev
-44.8,23.4,-3504.0,ETOPO_2022_v1_15s_bed_elev
-44.7,23.4,-3676.89,ETOPO_2022_v1_15s_bed_elev
-44.6,23.4,-3548.93,ETOPO_2022_v1_15s_bed_elev
-44.5,23.4,-3704.05,ETOPO_2022_v1_15s_bed_elev
-44.4,23.4,-3863.91,ETOPO_2022_v1_15s_bed_elev
-44.3,23.4,-4013.36,ETOPO_2022_v1_15s_bed_elev
-44.2,23.4,-4163.87,ETOPO_2022_v1_15s_bed_elev
-44.1,23.4,-4302.26,ETOPO_2022_v1_15s_bed_elev
-44.0,23.4,-4398.57,ETOPO_2022_v1_15s_bed_elev
-43.9,23.4,-4039.02,ETOPO_2022_v1_15s_bed_elev
-43.8,23.4,-4310.26,ETOPO_2022_v1_15s_bed_elev
-43.7,23.4,-4697.18,ETOPO_2022_v1_15s_bed_elev
-43.6,23.4,-4734.08,ETOPO_2022_v1_15s_bed_elev
-43.5,23.4,-4760.26,ETOPO_2022_v1_15s_bed_elev
-43.4,23.4,-4675.32,ETOPO_2022_v1_15s_bed_elev
-43.3,23.4,-4547.23,ETOPO_2022_v1_15s_bed_elev
-43.2,23.4,-4248.66,ETOPO_2022_v1_15s_bed_elev
-43.1,23.4,-4425.85,ETOPO_2022_v1_15s_bed_elev
-43.0,23.4,-4368.5,ETOPO_2022_v1_15s_bed_elev
-42.9,23.4,-4258.99,ETOPO_2022_v1_15s_bed_elev
-42.8,23.4,-4227.12,ETOPO_2022_v1_15s_bed_elev
-42.7,23.4,-4094.04,ETOPO_2022_v1_15s_bed_elev
-42.6,23.4,-3928.49,ETOPO_2022_v1_15s_bed_elev
-42.5,23.4,-4170.08,ETOPO_2022_v1_15s_bed_elev
-42.4,23.4,-4480.09,ETOPO_2022_v1_15s_bed_elev
-42.3,23.4,-4695.38,ETOPO_2022_v1_15s_bed_elev
-42.2,23.4,-4814.22,ETOPO_2022_v1_15s_bed_elev
-42.1,23.4,-4649.78,ETOPO_2022_v1_15s_bed_elev
-42.0,23.4,-4727.67,ETOPO_2022_v1_15s_bed_elev
-41.9,23.4,-5009.52,ETOPO_2022_v1_15s_bed_elev
-41.8,23.4,-4730.34,ETOPO_2022_v1_15s_bed_elev
-41.7,23.4,-4702.9,ETOPO_2022_v1_15s_bed_elev
-41.6,23.4,-4730.24,ETOPO_2022_v1_15s_bed_elev
-41.5,23.4,-4771.47,ETOPO_2022_v1_15s_bed_elev
-41.4,23.4,-5197.35,ETOPO_2022_v1_15s_bed_elev
-41.3,23.4,-5210.37,ETOPO_2022_v1_15s_bed_elev
-41.2,23.4,-4922.45,ETOPO_2022_v1_15s_bed_elev
-41.1,23.4,-4791.71,ETOPO_2022_v1_15s_bed_elev
-41.0,23.4,-4716.97,ETOPO_2022_v1_15s_bed_elev
-40.9,23.4,-4601.31,ETOPO_2022_v1_15s_bed_elev
-40.8,23.4,-4653.09,ETOPO_2022_v1_15s_bed_elev
-40.7,23.4,-4602.37,ETOPO_2022_v1_15s_bed_elev
-40.6,23.4,-4562.51,ETOPO_2022_v1_15s_bed_elev
-40.5,23.4,-4395.95,ETOPO_2022_v1_15s_bed_elev
-40.4,23.4,-4712.04,ETOPO_2022_v1_15s_bed_elev
-40.3,23.4,-4882.29,ETOPO_2022_v1_15s_bed_elev
-40.2,23.4,-4665.92,ETOPO_2022_v1_15s_bed_elev
-40.1,23.4,-4960.27,ETOPO_2022_v1_15s_bed_elev
-40.0,23.4,-4761.28,ETOPO_2022_v1_15s_bed_elev
-39.9,23.4,-4725.12,ETOPO_2022_v1_15s_bed_elev
-39.8,23.4,-4757.67,ETOPO_2022_v1_15s_bed_elev
-39.7,23.4,-4854.62,ETOPO_2022_v1_15s_bed_elev
-39.6,23.4,-5226.36,ETOPO_2022_v1_15s_bed_elev
-39.5,23.4,-5008.92,ETOPO_2022_v1_15s_bed_elev
-39.4,23.4,-5018.54,ETOPO_2022_v1_15s_bed_elev
-39.3,23.4,-4887.13,ETOPO_2022_v1_15s_bed_elev
-39.2,23.4,-5076.01,ETOPO_2022_v1_15s_bed_elev
-39.1,23.4,-4818.32,ETOPO_2022_v1_15s_bed_elev
-39.0,23.4,-4824.4,ETOPO_2022_v1_15s_bed_elev
-38.9,23.4,-4779.36,ETOPO_2022_v1_15s_bed_elev
-38.8,23.4,-4837.4,ETOPO_2022_v1_15s_bed_elev
-38.7,23.4,-5172.78,ETOPO_2022_v1_15s_bed_elev
-38.6,23.4,-5231.09,ETOPO_2022_v1_15s_bed_elev
-38.5,23.4,-5261.3,ETOPO_2022_v1_15s_bed_elev
-38.4,23.4,-5297.81,ETOPO_2022_v1_15s_bed_elev
-38.3,23.4,-5418.78,ETOPO_2022_v1_15s_bed_elev
-38.2,23.4,-5308.18,ETOPO_2022_v1_15s_bed_elev
-38.1,23.4,-5337.88,ETOPO_2022_v1_15s_bed_elev
-38.0,23.4,-5183.64,ETOPO_2022_v1_15s_bed_elev
-37.9,23.4,-5361.51,ETOPO_2022_v1_15s_bed_elev
-37.8,23.4,-5283.59,ETOPO_2022_v1_15s_bed_elev
-37.7,23.4,-5555.28,ETOPO_2022_v1_15s_bed_elev
-37.6,23.4,-5450.72,ETOPO_2022_v1_15s_bed_elev
-37.5,23.4,-5635.39,ETOPO_2022_v1_15s_bed_elev
-37.4,23.4,-5615.72,ETOPO_2022_v1_15s_bed_elev
-37.3,23.4,-5191.63,ETOPO_2022_v1_15s_bed_elev
-37.2,23.4,-5388.02,ETOPO_2022_v1_15s_bed_elev
-37.1,23.4,-5466.87,ETOPO_2022_v1_15s_bed_elev
-37.0,23.4,-5642.74,ETOPO_2022_v1_15s_bed_elev
-36.9,23.4,-5626.87,ETOPO_2022_v1_15s_bed_elev
-36.8,23.4,-5945.48,ETOPO_2022_v1_15s_bed_elev
-36.7,23.4,-5586.76,ETOPO_2022_v1_15s_bed_elev
-36.6,23.4,-5259.76,ETOPO_2022_v1_15s_bed_elev
-36.5,23.4,-5897.66,ETOPO_2022_v1_15s_bed_elev
-36.4,23.4,-5646.31,ETOPO_2022_v1_15s_bed_elev
-36.3,23.4,-5623.4,ETOPO_2022_v1_15s_bed_elev
-36.2,23.4,-5760.68,ETOPO_2022_v1_15s_bed_elev
-36.1,23.4,-5813.82,ETOPO_2022_v1_15s_bed_elev
-36.0,23.4,-5530.58,ETOPO_2022_v1_15s_bed_elev
-35.9,23.4,-5974.51,ETOPO_2022_v1_15s_bed_elev
-35.8,23.4,-5815.04,ETOPO_2022_v1_15s_bed_elev
-35.7,23.4,-6188.74,ETOPO_2022_v1_15s_bed_elev
-35.6,23.4,-5553.48,ETOPO_2022_v1_15s_bed_elev
-35.5,23.4,-5204.99,ETOPO_2022_v1_15s_bed_elev
-35.4,23.4,-5752.46,ETOPO_2022_v1_15s_bed_elev
-35.3,23.4,-5695.96,ETOPO_2022_v1_15s_bed_elev
-35.2,23.4,-6116.4,ETOPO_2022_v1_15s_bed_elev
-35.1,23.4,-5768.63,ETOPO_2022_v1_15s_bed_elev
-35.0,23.4,-5811.16,ETOPO_2022_v1_15s_bed_elev
-51.0,23.5,-4700.62,ETOPO_2022_v1_15s_bed_elev
-50.9,23.5,-4827.34,ETOPO_2022_v1_15s_bed_elev
-50.8,23.5,-5176.61,ETOPO_2022_v1_15s_bed_elev
-50.7,23.5,-4946.7,ETOPO_2022_v1_15s_bed_elev
-50.6,23.5,-4747.26,ETOPO_2022_v1_15s_bed_elev
-50.5,23.5,-4762.28,ETOPO_2022_v1_15s_bed_elev
-50.4,23.5,-4961.49,ETOPO_2022_v1_15s_bed_elev
-50.3,23.5,-5018.71,ETOPO_2022_v1_15s_bed_elev
-50.2,23.5,-5078.15,ETOPO_2022_v1_15s_bed_elev
-50.1,23.5,-5385.2,ETOPO_2022_v1_15s_bed_elev
-50.0,23.5,-5322.73,ETOPO_2022_v1_15s_bed_elev
-49.9,23.5,-4722.25,ETOPO_2022_v1_15s_bed_elev
-49.8,23.5,-4947.69,ETOPO_2022_v1_15s_bed_elev
-49.7,23.5,-4801.36,ETOPO_2022_v1_15s_bed_elev
-49.6,23.5,-4736.08,ETOPO_2022_v1_15s_bed_elev
-49.5,23.5,-4576.04,ETOPO_2022_v1_15s_bed_elev
-49.4,23.5,-4587.32,ETOPO_2022_v1_15s_bed_elev
-49.3,23.5,-4678.06,ETOPO_2022_v1_15s_bed_elev
-49.2,23.5,-4620.34,ETOPO_2022_v1_15s_bed_elev
-49.1,23.5,-4891.09,ETOPO_2022_v1_15s_bed_elev
-49.0,23.5,-4928.33,ETOPO_2022_v1_15s_bed_elev
-48.9,23.5,-5145.58,ETOPO_2022_v1_15s_bed_elev
-48.8,23.5,-4537.15,ETOPO_2022_v1_15s_bed_elev
-48.7,23.5,-4263.79,ETOPO_2022_v1_15s_bed_elev
-48.6,23.5,-4408.13,ETOPO_2022_v1_15s_bed_elev
-48.5,23.5,-4421.78,ETOPO_2022_v1_15s_bed_elev
-48.4,23.5,-4400.05,ETOPO_2022_v1_15s_bed_elev
-48.3,23.5,-3963.4,ETOPO_2022_v1_15s_bed_elev
-48.2,23.5,-4060.78,ETOPO_2022_v1_15s_bed_elev
-48.1,23.5,-4215.89,ETOPO_2022_v1_15s_bed_elev
-48.0,23.5,-4124.58,ETOPO_2022_v1_15s_bed_elev
-47.9,23.5,-3907.25,ETOPO_2022_v1_15s_bed_elev
-47.8,23.5,-4008.44,ETOPO_2022_v1_15s_bed_elev
-47.7,23.5,-4509.23,ETOPO_2022_v1_15s_bed_elev
-47.6,23.5,-4350.01,ETOPO_2022_v1_15s_bed_elev
-47.5,23.5,-3933.17,ETOPO_2022_v1_15s_bed_elev
-47.4,23.5,-3874.1,ETOPO_2022_v1_15s_bed_elev
-47.3,23.5,-3819.56,ETOPO_2022_v1_15s_bed_elev
-47.2,23.5,-3970.69,ETOPO_2022_v1_15s_bed_elev
-47.1,23.5,-4031.04,ETOPO_2022_v1_15s_bed_elev
-47.0,23.5,-3728.72,ETOPO_2022_v1_15s_bed_elev
-46.9,23.5,-4099.51,ETOPO_2022_v1_15s_bed_elev
-46.8,23.5,-3637.36,ETOPO_2022_v1_15s_bed_elev
-46.7,23.5,-3718.79,ETOPO_2022_v1_15s_bed_elev
-46.6,23.5,-3967.98,ETOPO_2022_v1_15s_bed_elev
-46.5,23.5,-4065.63,ETOPO_2022_v1_15s_bed_elev
-46.4,23.5,-3753.8,ETOPO_2022_v1_15s_bed_elev
-46.3,23.5,-3712.46,ETOPO_2022_v1_15s_bed_elev
-46.2,23.5,-3713.81,ETOPO_2022_v1_15s_bed_elev
-46.1,23.5,-3551.34,ETOPO_2022_v1_15s_bed_elev
-46.0,23.5,-3583.14,ETOPO_2022_v1_15s_bed_elev
-45.9,23.5,-3372.23,ETOPO_2022_v1_15s_bed_elev
-45.8,23.5,-3635.21,ETOPO_2022_v1_15s_bed_elev
-45.7,23.5,-3407.13,ETOPO_2022_v1_15s_bed_elev
-45.6,23.5,-3762.85,ETOPO_2022_v1_15s_bed_elev
-45.5,23.5,-3433.87,ETOPO_2022_v1_15s_bed_elev
-45.4,23.5,-2865.87,ETOPO_2022_v1_15s_bed_elev
-45.3,23.5,-2400.29,ETOPO_2022_v1_15s_bed_elev
-45.2,23.5,-3019.43,ETOPO_2022_v1_15s_bed_elev
-45.1,23.5,-2009.77,ETOPO_2022_v1_15s_bed_elev
-45.0,23.5,-3414.34,ETOPO_2022_v1_15s_bed_elev
-44.9,23.5,-4386.52,ETOPO_2022_v1_15s_bed_elev
-44.8,23.5,-3848.13,ETOPO_2022_v1_15s_bed_elev
-44.7,23.5,-3704.42,ETOPO_2022_v1_15s_bed_elev
-44.6,23.5,-4177.4,ETOPO_2022_v1_15s_bed_elev
-44.5,23.5,-4021.62,ETOPO_2022_v1_15s_bed_elev
-44.4,23.5,-4121.56,ETOPO_2022_v1_15s_bed_elev
-44.3,23.5,-4206.04,ETOPO_2022_v1_15s_bed_elev
-44.2,23.5,-4653.04,ETOPO_2022_v1_15s_bed_elev
-44.1,23.5,-4673.07,ETOPO_2022_v1_15s_bed_elev
-44.0,23.5,-4833.56,ETOPO_2022_v1_15s_bed_elev
-43.9,23.5,-4506.42,ETOPO_2022_v1_15s_bed_elev
-43.8,23.5,-4348.32,ETOPO_2022_v1_15s_bed_elev
-43.7,23.5,-4054.86,ETOPO_2022_v1_15s_bed_elev
-43.6,23.5,-3591.14,ETOPO_2022_v1_15s_bed_elev
-43.5,23.5,-3742.55,ETOPO_2022_v1_15s_bed_elev
-43.4,23.5,-3385.85,ETOPO_2022_v1_15s_bed_elev
-43.3,23.5,-3706.79,ETOPO_2022_v1_15s_bed_elev
-43.2,23.5,-4229.71,ETOPO_2022_v1_15s_bed_elev
-43.1,23.5,-4243.13,ETOPO_2022_v1_15s_bed_elev
-43.0,23.5,-4441.56,ETOPO_2022_v1_15s_bed_elev
-42.9,23.5,-4343.31,ETOPO_2022_v1_15s_bed_elev
-42.8,23.5,-4187.4,ETOPO_2022_v1_15s_bed_elev
-42.7,23.5,-4119.97,ETOPO_2022_v1_15s_bed_elev
-42.6,23.5,-3854.77,ETOPO_2022_v1_15s_bed_elev
-42.5,23.5,-3949.19,ETOPO_2022_v1_15s_bed_elev
-42.4,23.5,-4503.49,ETOPO_2022_v1_15s_bed_elev
-42.3,23.5,-4562.46,ETOPO_2022_v1_15s_bed_elev
-42.2,23.5,-4684.2,ETOPO_2022_v1_15s_bed_elev
-42.1,23.5,-4806.76,ETOPO_2022_v1_15s_bed_elev
-42.0,23.5,-4675.21,ETOPO_2022_v1_15s_bed_elev
-41.9,23.5,-4900.09,ETOPO_2022_v1_15s_bed_elev
-41.8,23.5,-4731.18,ETOPO_2022_v1_15s_bed_elev
-41.7,23.5,-4463.69,ETOPO_2022_v1_15s_bed_elev
-41.6,23.5,-5150.74,ETOPO_2022_v1_15s_bed_elev
-41.5,23.5,-5151.08,ETOPO_2022_v1_15s_bed_elev
-41.4,23.5,-4998.17,ETOPO_2022_v1_15s_bed_elev
-41.3,23.5,-4758.67,ETOPO_2022_v1_15s_bed_elev
-41.2,23.5,-4492.65,ETOPO_2022_v1_15s_bed_elev
-41.1,23.5,-4379.77,ETOPO_2022_v1_15s_bed_elev
-41.0,23.5,-4568.7,ETOPO_2022_v1_15s_bed_elev
-40.9,23.5,-4644.83,ETOPO_2022_v1_15s_bed_elev
-40.8,23.5,-4493.79,ETOPO_2022_v1_15s_bed_elev
-40.7,23.5,-4533.45,ETOPO_2022_v1_15s_bed_elev
-40.6,23.5,-4554.28,ETOPO_2022_v1_15s_bed_elev
-40.5,23.5,-4253.48,ETOPO_2022_v1_15s_bed_elev
-40.4,23.5,-4601.44,ETOPO_2022_v1_15s_bed_elev
-40.3,23.5,-4690.15,ETOPO_2022_v1_15s_bed_elev
-40.2,23.5,-4698.17,ETOPO_2022_v1_15s_bed_elev
-40.1,23.5,-5153.34,ETOPO_2022_v1_15s_bed_elev
-40.0,23.5,-5626.44,ETOPO_2022_v1_15s_bed_elev
-39.9,23.5,-5569.09,ETOPO_2022_v1_15s_bed_elev
-39.8,23.5,-5207.68,ETOPO_2022_v1_15s_bed_elev
-39.7,23.5,-5104.37,ETOPO_2022_v1_15s_bed_elev
-39.6,23.5,-5253.75,ETOPO_2022_v1_15s_bed_elev
-39.5,23.5,-5594.46,ETOPO_2022_v1_15s_bed_elev
-39.4,23.5,-5392.91,ETOPO_2022_v1_15s_bed_elev
-39.3,23.5,-5346.38,ETOPO_2022_v1_15s_bed_elev
-39.2,23.5,-5855.85,ETOPO_2022_v1_15s_bed_elev
-39.1,23.5,-5617.76,ETOPO_2022_v1_15s_bed_elev
-39.0,23.5,-5676.6,ETOPO_2022_v1_15s_bed_elev
-38.9,23.5,-5494.08,ETOPO_2022_v1_15s_bed_elev
-38.8,23.5,-5010.47,ETOPO_2022_v1_15s_bed_elev
-38.7,23.5,-5122.39,ETOPO_2022_v1_15s_bed_elev
-38.6,23.5,-5170.91,ETOPO_2022_v1_15s_bed_elev
-38.5,23.5,-5139.32,ETOPO_2022_v1_15s_bed_elev
-38.4,23.5,-5230.7,ETOPO_2022_v1_15s_bed_elev
-38.3,23.5,-4905.3,ETOPO_2022_v1_15s_bed_elev
-38.2,23.5,-5002.52,ETOPO_2022_v1_15s_bed_elev
-38.1,23.5,-5120.11,ETOPO_2022_v1_15s_bed_elev
-38.0,23.5,-5033.37,ETOPO_2022_v1_15s_bed_elev
-37.9,23.5,-5236.05,ETOPO_2022_v1_15s_bed_elev
-37.8,23.5,-5268.93,ETOPO_2022_v1_15s_bed_elev
-37.7,23.5,-5432.88,ETOPO_2022_v1_15s_bed_elev
-37.6,23.5,-5140.51,ETOPO_2022_v1_15s_bed_elev
-37.5,23.5,-5302.42,ETOPO_2022_v1_15s_bed_elev
-37.4,23.5,-5322.12,ETOPO_2022_v1_15s_bed_elev
-37.3,23.5,-5015.89,ETOPO_2022_v1_15s_bed_elev
-37.2,23.5,-5649.48,ETOPO_2022_v1_15s_bed_elev
-37.1,23.5,-5614.87,ETOPO_2022_v1_15s_bed_elev
-37.0,23.5,-5841.85,ETOPO_2022_v1_15s_bed_elev
-36.9,23.5,-5823.66,ETOPO_2022_v1_15s_bed_elev
-36.8,23.5,-6041.44,ETOPO_2022_v1_15s_bed_elev
-36.7,23.5,-5840.96,ETOPO_2022_v1_15s_bed_elev
-36.6,23.5,-5411.06,ETOPO_2022_v1_15s_bed_elev
-36.5,23.5,-5785.55,ETOPO_2022_v1_15s_bed_elev
-36.4,23.5,-5385.55,ETOPO_2022_v1_15s_bed_elev
-36.3,23.5,-5591.98,ETOPO_2022_v1_15s_bed_elev
-36.2,23.5,-5683.71,ETOPO_2022_v1_15s_bed_elev
-36.1,23.5,-5900.26,ETOPO_2022_v1_15s_bed_elev
-36.0,23.5,-5730.73,ETOPO_2022_v1_15s_bed_elev
-35.9,23.5,-5967.33,ETOPO_2022_v1_15s_bed_elev
-35.8,23.5,-5808.73,ETOPO_2022_v1_15s_bed_elev
-35.7,23.5,-5853.41,ETOPO_2022_v1_15s_bed_elev
-35.6,23.5,-5386.07,ETOPO_2022_v1_15s_bed_elev
-35.5,23.5,-5291.38,ETOPO_2022_v1_15s_bed_elev
-35.4,23.5,-5431.37,ETOPO_2022_v1_15s_bed_elev
-35.3,23.5,-5278.8,ETOPO_2022_v1_15s_bed_elev
-35.2,23.5,-6005.25,ETOPO_2022_v1_15s_bed_elev
-35.1,23.5,-5704.71,ETOPO_2022_v1_15s_bed_elev
-35.0,23.5,-5564.24,ETOPO_2022_v1_15s_bed_elev
-51.0,23.6,-5076.78,ETOPO_2022_v1_15s_bed_elev
-50.9,23.6,-4987.29,ETOPO_2022_v1_15s_bed_elev
-50.8,23.6,-5125.27,ETOPO_2022_v1_15s_bed_elev
-50.7,23.6,-4848.5,ETOPO_2022_v1_15s_bed_elev
-50.6,23.6,-4974.83,ETOPO_2022_v1_15s_bed_elev
-50.5,23.6,-4834.62,ETOPO_2022_v1_15s_bed_elev
-50.4,23.6,-5254.96,ETOPO_2022_v1_15s_bed_elev
-50.3,23.6,-5065.54,ETOPO_2022_v1_15s_bed_elev
-50.2,23.6,-5305.06,ETOPO_2022_v1_15s_bed_elev
-50.1,23.6,-5361.76,ETOPO_2022_v1_15s_bed_elev
-50.0,23.6,-4992.9,ETOPO_2022_v1_15s_bed_elev
-49.9,23.6,-4780.73,ETOPO_2022_v1_15s_bed_elev
-49.8,23.6,-4758.64,ETOPO_2022_v1_15s_bed_elev
-49.7,23.6,-4869.35,ETOPO_2022_v1_15s_bed_elev
-49.6,23.6,-4831.13,ETOPO_2022_v1_15s_bed_elev
-49.5,23.6,-4613.85,ETOPO_2022_v1_15s_bed_elev
-49.4,23.6,-4361.95,ETOPO_2022_v1_15s_bed_elev
-49.3,23.6,-4324.45,ETOPO_2022_v1_15s_bed_elev
-49.2,23.6,-4344.86,ETOPO_2022_v1_15s_bed_elev
-49.1,23.6,-4666.23,ETOPO_2022_v1_15s_bed_elev
-49.0,23.6,-4503.7,ETOPO_2022_v1_15s_bed_elev
-48.9,23.6,-4745.6,ETOPO_2022_v1_15s_bed_elev
-48.8,23.6,-4386.68,ETOPO_2022_v1_15s_bed_elev
-48.7,23.6,-4356.86,ETOPO_2022_v1_15s_bed_elev
-48.6,23.6,-4564.97,ETOPO_2022_v1_15s_bed_elev
-48.5,23.6,-4283.01,ETOPO_2022_v1_15s_bed_elev
-48.4,23.6,-4077.07,ETOPO_2022_v1_15s_bed_elev
-48.3,23.6,-3915.7,ETOPO_2022_v1_15s_bed_elev
-48.2,23.6,-3959.36,ETOPO_2022_v1_15s_bed_elev
-48.1,23.6,-4010.58,ETOPO_2022_v1_15s_bed_elev
-48.0,23.6,-4050.99,ETOPO_2022_v1_15s_bed_elev
-47.9,23.6,-4071.75,ETOPO_2022_v1_15s_bed_elev
-47.8,23.6,-3804.76,ETOPO_2022_v1_15s_bed_elev
-47.7,23.6,-3963.9,ETOPO_2022_v1_15s_bed_elev
-47.6,23.6,-4203.24,ETOPO_2022_v1_15s_bed_elev
-47.5,23.6,-4304.66,ETOPO_2022_v1_15s_bed_elev
-47.4,23.6,-4160.56,ETOPO_2022_v1_15s_bed_elev
-47.3,23.6,-3906.1,ETOPO_2022_v1_15s_bed_elev
-47.2,23.6,-3898.7,ETOPO_2022_v1_15s_bed_elev
-47.1,23.6,-4129.76,ETOPO_2022_v1_15s_bed_elev
-47.0,23.6,-4012.47,ETOPO_2022_v1_15s_bed_elev
-46.9,23.6,-3870.35,ETOPO_2022_v1_15s_bed_elev
-46.8,23.6,-3909.13,ETOPO_2022_v1_15s_bed_elev
-46.7,23.6,-3766.64,ETOPO_2022_v1_15s_bed_elev
-46.6,23.6,-4106.1,ETOPO_2022_v1_15s_bed_elev
-46.5,23.6,-3691.51,ETOPO_2022_v1_15s_bed_elev
-46.4,23.6,-3549.34,ETOPO_2022_v1_15s_bed_elev
-46.3,23.6,-3796.33,ETOPO_2022_v1_15s_bed_elev
-46.2,23.6,-3759.06,ETOPO_2022_v1_15s_bed_elev
-46.1,23.6,-3672.55,ETOPO_2022_v1_15s_bed_elev
-46.0,23.6,-3594.79,ETOPO_2022_v1_15s_bed_elev
-45.9,23.6,-3234.47,ETOPO_2022_v1_15s_bed_elev
-45.8,23.6,-3702.2,ETOPO_2022_v1_15s_bed_elev
-45.7,23.6,-3897.87,ETOPO_2022_v1_15s_bed_elev
-45.6,23.6,-3247.43,ETOPO_2022_v1_15s_bed_elev
-45.5,23.6,-3159.77,ETOPO_2022_v1_15s_bed_elev
-45.4,23.6,-3373.74,ETOPO_2022_v1_15s_bed_elev
-45.3,23.6,-3224.05,ETOPO_2022_v1_15s_bed_elev
-45.2,23.6,-3350.75,ETOPO_2022_v1_15s_bed_elev
-45.1,23.6,-3200.6,ETOPO_2022_v1_15s_bed_elev
-45.0,23.6,-4530.0,ETOPO_2022_v1_15s_bed_elev
-44.9,23.6,-4862.86,ETOPO_2022_v1_15s_bed_elev
-44.8,23.6,-4033.43,ETOPO_2022_v1_15s_bed_elev
-44.7,23.6,-4054.86,ETOPO_2022_v1_15s_bed_elev
-44.6,23.6,-3951.04,ETOPO_2022_v1_15s_bed_elev
-44.5,23.6,-3755.92,ETOPO_2022_v1_15s_bed_elev
-44.4,23.6,-3784.45,ETOPO_2022_v1_15s_bed_elev
-44.3,23.6,-3654.36,ETOPO_2022_v1_15s_bed_elev
-44.2,23.6,-3961.53,ETOPO_2022_v1_15s_bed_elev
-44.1,23.6,-3919.7,ETOPO_2022_v1_15s_bed_elev
-44.0,23.6,-3735.98,ETOPO_2022_v1_15s_bed_elev
-43.9,23.6,-3533.26,ETOPO_2022_v1_15s_bed_elev
-43.8,23.6,-3716.95,ETOPO_2022_v1_15s_bed_elev
-43.7,23.6,-3718.95,ETOPO_2022_v1_15s_bed_elev
-43.6,23.6,-3654.65,ETOPO_2022_v1_15s_bed_elev
-43.5,23.6,-4231.24,ETOPO_2022_v1_15s_bed_elev
-43.4,23.6,-4337.0,ETOPO_2022_v1_15s_bed_elev
-43.3,23.6,-4150.98,ETOPO_2022_v1_15s_bed_elev
-43.2,23.6,-4346.62,ETOPO_2022_v1_15s_bed_elev
-43.1,23.6,-4267.21,ETOPO_2022_v1_15s_bed_elev
-43.0,23.6,-4352.69,ETOPO_2022_v1_15s_bed_elev
-42.9,23.6,-4121.4,ETOPO_2022_v1_15s_bed_elev
-42.8,23.6,-4044.75,ETOPO_2022_v1_15s_bed_elev
-42.7,23.6,-4211.08,ETOPO_2022_v1_15s_bed_elev
-42.6,23.6,-4164.19,ETOPO_2022_v1_15s_bed_elev
-42.5,23.6,-3986.98,ETOPO_2022_v1_15s_bed_elev
-42.4,23.6,-4317.58,ETOPO_2022_v1_15s_bed_elev
-42.3,23.6,-4317.64,ETOPO_2022_v1_15s_bed_elev
-42.2,23.6,-3991.44,ETOPO_2022_v1_15s_bed_elev
-42.1,23.6,-4196.89,ETOPO_2022_v1_15s_bed_elev
-42.0,23.6,-4571.9,ETOPO_2022_v1_15s_bed_elev
-41.9,23.6,-4516.9,ETOPO_2022_v1_15s_bed_elev
-41.8,23.6,-4675.19,ETOPO_2022_v1_15s_bed_elev
-41.7,23.6,-4842.71,ETOPO_2022_v1_15s_bed_elev
-41.6,23.6,-5000.25,ETOPO_2022_v1_15s_bed_elev
-41.5,23.6,-4509.91,ETOPO_2022_v1_15s_bed_elev
-41.4,23.6,-4856.7,ETOPO_2022_v1_15s_bed_elev
-41.3,23.6,-4834.77,ETOPO_2022_v1_15s_bed_elev
-41.2,23.6,-4579.22,ETOPO_2022_v1_15s_bed_elev
-41.1,23.6,-4330.37,ETOPO_2022_v1_15s_bed_elev
-41.0,23.6,-4560.91,ETOPO_2022_v1_15s_bed_elev
-40.9,23.6,-4772.92,ETOPO_2022_v1_15s_bed_elev
-40.8,23.6,-4597.07,ETOPO_2022_v1_15s_bed_elev
-40.7,23.6,-4632.73,ETOPO_2022_v1_15s_bed_elev
-40.6,23.6,-5026.48,ETOPO_2022_v1_15s_bed_elev
-40.5,23.6,-4808.35,ETOPO_2022_v1_15s_bed_elev
-40.4,23.6,-5332.01,ETOPO_2022_v1_15s_bed_elev
-40.3,23.6,-5602.64,ETOPO_2022_v1_15s_bed_elev
-40.2,23.6,-5343.1,ETOPO_2022_v1_15s_bed_elev
-40.1,23.6,-5243.71,ETOPO_2022_v1_15s_bed_elev
-40.0,23.6,-5477.02,ETOPO_2022_v1_15s_bed_elev
-39.9,23.6,-5360.44,ETOPO_2022_v1_15s_bed_elev
-39.8,23.6,-5121.31,ETOPO_2022_v1_15s_bed_elev
-39.7,23.6,-5212.05,ETOPO_2022_v1_15s_bed_elev
-39.6,23.6,-5146.58,ETOPO_2022_v1_15s_bed_elev
-39.5,23.6,-5509.38,ETOPO_2022_v1_15s_bed_elev
-39.4,23.6,-5409.88,ETOPO_2022_v1_15s_bed_elev
-39.3,23.6,-5618.63,ETOPO_2022_v1_15s_bed_elev
-39.2,23.6,-5497.59,ETOPO_2022_v1_15s_bed_elev
-39.1,23.6,-5111.83,ETOPO_2022_v1_15s_bed_elev
-39.0,23.6,-5317.11,ETOPO_2022_v1_15s_bed_elev
-38.9,23.6,-6114.92,ETOPO_2022_v1_15s_bed_elev
-38.8,23.6,-5753.74,ETOPO_2022_v1_15s_bed_elev
-38.7,23.6,-5713.05,ETOPO_2022_v1_15s_bed_elev
-38.6,23.6,-5788.72,ETOPO_2022_v1_15s_bed_elev
-38.5,23.6,-5737.99,ETOPO_2022_v1_15s_bed_elev
-38.4,23.6,-5660.08,ETOPO_2022_v1_15s_bed_elev
-38.3,23.6,-5072.86,ETOPO_2022_v1_15s_bed_elev
-38.2,23.6,-5094.34,ETOPO_2022_v1_15s_bed_elev
-38.1,23.6,-5316.06,ETOPO_2022_v1_15s_bed_elev
-38.0,23.6,-5610.71,ETOPO_2022_v1_15s_bed_elev
-37.9,23.6,-5593.3,ETOPO_2022_v1_15s_bed_elev
-37.8,23.6,-5372.16,ETOPO_2022_v1_15s_bed_elev
-37.7,23.6,-5495.4,ETOPO_2022_v1_15s_bed_elev
-37.6,23.6,-5430.01,ETOPO_2022_v1_15s_bed_elev
-37.5,23.6,-5462.49,ETOPO_2022_v1_15s_bed_elev
-37.4,23.6,-5295.15,ETOPO_2022_v1_15s_bed_elev
-37.3,23.6,-5036.73,ETOPO_2022_v1_15s_bed_elev
-37.2,23.6,-5339.44,ETOPO_2022_v1_15s_bed_elev
-37.1,23.6,-5541.15,ETOPO_2022_v1_15s_bed_elev
-37.0,23.6,-5683.85,ETOPO_2022_v1_15s_bed_elev
-36.9,23.6,-5584.21,ETOPO_2022_v1_15s_bed_elev
-36.8,23.6,-5612.77,ETOPO_2022_v1_15s_bed_elev
-36.7,23.6,-5754.53,ETOPO_2022_v1_15s_bed_elev
-36.6,23.6,-5690.66,ETOPO_2022_v1_15s_bed_elev
-36.5,23.6,-5720.23,ETOPO_2022_v1_15s_bed_elev
-36.4,23.6,-5550.73,ETOPO_2022_v1_15s_bed_elev
-36.3,23.6,-5720.91,ETOPO_2022_v1_15s_bed_elev
-36.2,23.6,-5508.66,ETOPO_2022_v1_15s_bed_elev
-36.1,23.6,-5701.08,ETOPO_2022_v1_15s_bed_elev
-36.0,23.6,-5957.97,ETOPO_2022_v1_15s_bed_elev
-35.9,23.6,-5821.72,ETOPO_2022_v1_15s_bed_elev
-35.8,23.6,-5729.58,ETOPO_2022_v1_15s_bed_elev
-35.7,23.6,-5953.19,ETOPO_2022_v1_15s_bed_elev
-35.6,23.6,-5689.54,ETOPO_2022_v1_15s_bed_elev
-35.5,23.6,-5802.64,ETOPO_2022_v1_15s_bed_elev
-35.4,23.6,-5607.55,ETOPO_2022_v1_15s_bed_elev
-35.3,23.6,-5560.35,ETOPO_2022_v1_15s_bed_elev
-35.2,23.6,-5814.01,ETOPO_2022_v1_15s_bed_elev
-35.1,23.6,-5644.91,ETOPO_2022_v1_15s_bed_elev
-35.0,23.6,-5323.4,ETOPO_2022_v1_15s_bed_elev
-51.0,23.7,-5189.08,ETOPO_2022_v1_15s_bed_elev
-50.9,23.7,-4905.02,ETOPO_2022_v1_15s_bed_elev
-50.8,23.7,-4820.09,ETOPO_2022_v1_15s_bed_elev
-50.7,23.7,-4839.6,ETOPO_2022_v1_15s_bed_elev
-50.6,23.7,-5328.39,ETOPO_2022_v1_15s_bed_elev
-50.5,23.7,-4767.65,ETOPO_2022_v1_15s_bed_elev
-50.4,23.7,-4990.47,ETOPO_2022_v1_15s_bed_elev
-50.3,23.7,-4569.33,ETOPO_2022_v1_15s_bed_elev
-50.2,23.7,-4486.75,ETOPO_2022_v1_15s_bed_elev
-50.1,23.7,-4774.89,ETOPO_2022_v1_15s_bed_elev
-50.0,23.7,-5211.04,ETOPO_2022_v1_15s_bed_elev
-49.9,23.7,-5116.25,ETOPO_2022_v1_15s_bed_elev
-49.8,23.7,-4873.91,ETOPO_2022_v1_15s_bed_elev
-49.7,23.7,-4679.79,ETOPO_2022_v1_15s_bed_elev
-49.6,23.7,-4839.01,ETOPO_2022_v1_15s_bed_elev
-49.5,23.7,-4656.06,ETOPO_2022_v1_15s_bed_elev
-49.4,23.7,-4281.84,ETOPO_2022_v1_15s_bed_elev
-49.3,23.7,-4253.3,ETOPO_2022_v1_15s_bed_elev
-49.2,23.7,-4101.56,ETOPO_2022_v1_15s_bed_elev
-49.1,23.7,-4334.86,ETOPO_2022_v1_15s_bed_elev
-49.0,23.7,-4466.58,ETOPO_2022_v1_15s_bed_elev
-48.9,23.7,-4678.17,ETOPO_2022_v1_15s_bed_elev
-48.8,23.7,-4446.5,ETOPO_2022_v1_15s_bed_elev
-48.7,23.7,-4362.03,ETOPO_2022_v1_15s_bed_elev
-48.6,23.7,-4712.96,ETOPO_2022_v1_15s_bed_elev
-48.5,23.7,-4530.27,ETOPO_2022_v1_15s_bed_elev
-48.4,23.7,-4148.03,ETOPO_2022_v1_15s_bed_elev
-48.3,23.7,-4191.9,ETOPO_2022_v1_15s_bed_elev
-48.2,23.7,-4074.45,ETOPO_2022_v1_15s_bed_elev
-48.1,23.7,-3977.2,ETOPO_2022_v1_15s_bed_elev
-48.0,23.7,-4029.71,ETOPO_2022_v1_15s_bed_elev
-47.9,23.7,-4221.94,ETOPO_2022_v1_15s_bed_elev
-47.8,23.7,-3857.84,ETOPO_2022_v1_15s_bed_elev
-47.7,23.7,-3896.22,ETOPO_2022_v1_15s_bed_elev
-47.6,23.7,-3665.07,ETOPO_2022_v1_15s_bed_elev
-47.5,23.7,-3929.7,ETOPO_2022_v1_15s_bed_elev
-47.4,23.7,-4139.5,ETOPO_2022_v1_15s_bed_elev
-47.3,23.7,-3865.96,ETOPO_2022_v1_15s_bed_elev
-47.2,23.7,-3760.42,ETOPO_2022_v1_15s_bed_elev
-47.1,23.7,-4127.48,ETOPO_2022_v1_15s_bed_elev
-47.0,23.7,-3722.67,ETOPO_2022_v1_15s_bed_elev
-46.9,23.7,-3673.06,ETOPO_2022_v1_15s_bed_elev
-46.8,23.7,-4212.35,ETOPO_2022_v1_15s_bed_elev
-46.7,23.7,-3949.86,ETOPO_2022_v1_15s_bed_elev
-46.6,23.7,-3716.3,ETOPO_2022_v1_15s_bed_elev
-46.5,23.7,-3755.66,ETOPO_2022_v1_15s_bed_elev
-46.4,23.7,-3560.31,ETOPO_2022_v1_15s_bed_elev
-46.3,23.7,-4102.22,ETOPO_2022_v1_15s_bed_elev
-46.2,23.7,-3822.02,ETOPO_2022_v1_15s_bed_elev
-46.1,23.7,-3723.06,ETOPO_2022_v1_15s_bed_elev
-46.0,23.7,-3717.77,ETOPO_2022_v1_15s_bed_elev
-45.9,23.7,-3278.58,ETOPO_2022_v1_15s_bed_elev
-45.8,23.7,-3818.95,ETOPO_2022_v1_15s_bed_elev
-45.7,23.7,-3999.23,ETOPO_2022_v1_15s_bed_elev
-45.6,23.7,-3745.57,ETOPO_2022_v1_15s_bed_elev
-45.5,23.7,-3655.85,ETOPO_2022_v1_15s_bed_elev
-45.4,23.7,-4072.73,ETOPO_2022_v1_15s_bed_elev
-45.3,23.7,-4268.99,ETOPO_2022_v1_15s_bed_elev
-45.2,23.7,-4196.83,ETOPO_2022_v1_15s_bed_elev
-45.1,23.7,-4062.51,ETOPO_2022_v1_15s_bed_elev
-45.0,23.7,-4126.1,ETOPO_2022_v1_15s_bed_elev
-44.9,23.7,-3607.87,ETOPO_2022_v1_15s_bed_elev
-44.8,23.7,-3617.95,ETOPO_2022_v1_15s_bed_elev
-44.7,23.7,-3957.02,ETOPO_2022_v1_15s_bed_elev
-44.6,23.7,-3413.28,ETOPO_2022_v1_15s_bed_elev
-44.5,23.7,-3610.45,ETOPO_2022_v1_15s_bed_elev
-44.4,23.7,-3632.44,ETOPO_2022_v1_15s_bed_elev
-44.3,23.7,-3577.47,ETOPO_2022_v1_15s_bed_elev
-44.2,23.7,-3960.95,ETOPO_2022_v1_15s_bed_elev
-44.1,23.7,-4197.18,ETOPO_2022_v1_15s_bed_elev
-44.0,23.7,-4065.74,ETOPO_2022_v1_15s_bed_elev
-43.9,23.7,-3985.81,ETOPO_2022_v1_15s_bed_elev
-43.8,23.7,-4158.31,ETOPO_2022_v1_15s_bed_elev
-43.7,23.7,-4407.77,ETOPO_2022_v1_15s_bed_elev
-43.6,23.7,-4084.42,ETOPO_2022_v1_15s_bed_elev
-43.5,23.7,-4282.83,ETOPO_2022_v1_15s_bed_elev
-43.4,23.7,-4356.06,ETOPO_2022_v1_15s_bed_elev
-43.3,23.7,-4140.79,ETOPO_2022_v1_15s_bed_elev
-43.2,23.7,-4197.53,ETOPO_2022_v1_15s_bed_elev
-43.1,23.7,-3944.77,ETOPO_2022_v1_15s_bed_elev
-43.0,23.7,-4258.24,ETOPO_2022_v1_15s_bed_elev
-42.9,23.7,-4110.01,ETOPO_2022_v1_15s_bed_elev
-42.8,23.7,-4089.05,ETOPO_2022_v1_15s_bed_elev
-42.7,23.7,-4318.15,ETOPO_2022_v1_15s_bed_elev
-42.6,23.7,-4406.04,ETOPO_2022_v1_15s_bed_elev
-42.5,23.7,-4347.5,ETOPO_2022_v1_15s_bed_elev
-42.4,23.7,-4072.85,ETOPO_2022_v1_15s_bed_elev
-42.3,23.7,-4547.77,ETOPO_2022_v1_15s_bed_elev
-42.2,23.7,-4177.7,ETOPO_2022_v1_15s_bed_elev
-42.1,23.7,-4045.99,ETOPO_2022_v1_15s_bed_elev
-42.0,23.7,-4531.71,ETOPO_2022_v1_15s_bed_elev
-41.9,23.7,-4765.2,ETOPO_2022_v1_15s_bed_elev
-41.8,23.7,-4541.56,ETOPO_2022_v1_15s_bed_elev
-41.7,23.7,-4656.76,ETOPO_2022_v1_15s_bed_elev
-41.6,23.7,-4544.67,ETOPO_2022_v1_15s_bed_elev
-41.5,23.7,-4547.89,ETOPO_2022_v1_15s_bed_elev
-41.4,23.7,-4729.8,ETOPO_2022_v1_15s_bed_elev
-41.3,23.7,-4866.32,ETOPO_2022_v1_15s_bed_elev
-41.2,23.7,-4990.88,ETOPO_2022_v1_15s_bed_elev
-41.1,23.7,-4462.57,ETOPO_2022_v1_15s_bed_elev
-41.0,23.7,-4652.32,ETOPO_2022_v1_15s_bed_elev
-40.9,23.7,-4796.81,ETOPO_2022_v1_15s_bed_elev
-40.8,23.7,-5191.33,ETOPO_2022_v1_15s_bed_elev
-40.7,23.7,-5092.16,ETOPO_2022_v1_15s_bed_elev
-40.6,23.7,-5425.32,ETOPO_2022_v1_15s_bed_elev
-40.5,23.7,-5093.24,ETOPO_2022_v1_15s_bed_elev
-40.4,23.7,-5151.88,ETOPO_2022_v1_15s_bed_elev
-40.3,23.7,-5328.27,ETOPO_2022_v1_15s_bed_elev
-40.2,23.7,-5063.1,ETOPO_2022_v1_15s_bed_elev
-40.1,23.7,-5132.7,ETOPO_2022_v1_15s_bed_elev
-40.0,23.7,-5231.58,ETOPO_2022_v1_15s_bed_elev
-39.9,23.7,-4996.37,ETOPO_2022_v1_15s_bed_elev
-39.8,23.7,-4707.25,ETOPO_2022_v1_15s_bed_elev
-39.7,23.7,-4842.43,ETOPO_2022_v1_15s_bed_elev
-39.6,23.7,-5142.15,ETOPO_2022_v1_15s_bed_elev
-39.5,23.7,-5114.17,ETOPO_2022_v1_15s_bed_elev
-39.4,23.7,-5006.23,ETOPO_2022_v1_15s_bed_elev
-39.3,23.7,-5565.24,ETOPO_2022_v1_15s_bed_elev
-39.2,23.7,-5451.61,ETOPO_2022_v1_15s_bed_elev
-39.1,23.7,-5405.88,ETOPO_2022_v1_15s_bed_elev
-39.0,23.7,-5266.6,ETOPO_2022_v1_15s_bed_elev
-38.9,23.7,-5709.69,ETOPO_2022_v1_15s_bed_elev
-38.8,23.7,-5266.69,ETOPO_2022_v1_15s_bed_elev
-38.7,23.7,-5417.52,ETOPO_2022_v1_15s_bed_elev
-38.6,23.7,-5522.69,ETOPO_2022_v1_15s_bed_elev
-38.5,23.7,-5828.15,ETOPO_2022_v1_15s_bed_elev
-38.4,23.7,-5831.62,ETOPO_2022_v1_15s_bed_elev
-38.3,23.7,-5544.59,ETOPO_2022_v1_15s_bed_elev
-38.2,23.7,-5600.74,ETOPO_2022_v1_15s_bed_elev
-38.1,23.7,-5701.07,ETOPO_2022_v1_15s_bed_elev
-38.0,23.7,-5943.88,ETOPO_2022_v1_15s_bed_elev
-37.9,23.7,-6069.08,ETOPO_2022_v1_15s_bed_elev
-37.8,23.7,-6314.21,ETOPO_2022_v1_15s_bed_elev
-37.7,23.7,-6056.2,ETOPO_2022_v1_15s_bed_elev
-37.6,23.7,-6117.16,ETOPO_2022_v1_15s_bed_elev
-37.5,23.7,-5983.83,ETOPO_2022_v1_15s_bed_elev
-37.4,23.7,-5698.82,ETOPO_2022_v1_15s_bed_elev
-37.3,23.7,-5549.75,ETOPO_2022_v1_15s_bed_elev
-37.2,23.7,-5324.18,ETOPO_2022_v1_15s_bed_elev
-37.1,23.7,-5786.87,ETOPO_2022_v1_15s_bed_elev
-37.0,23.7,-5574.51,ETOPO_2022_v1_15s_bed_elev
-36.9,23.7,-5534.27,ETOPO_2022_v1_15s_bed_elev
-36.8,23.7,-5235.3,ETOPO_2022_v1_15s_bed_elev
-36.7,23.7,-5696.45,ETOPO_2022_v1_15s_bed_elev
-36.6,23.7,-5590.84,ETOPO_2022_v1_15s_bed_elev
-36.5,23.7,-5541.49,ETOPO_2022_v1_15s_bed_elev
-36.4,23.7,-5638.32,ETOPO_2022_v1_15s_bed_elev
-36.3,23.7,-5641.8,ETOPO_2022_v1_15s_bed_elev
-36.2,23.7,-5556.3,ETOPO_2022_v1_15s_bed_elev
-36.1,23.7,-5724.79,ETOPO_2022_v1_15s_bed_elev
-36.0,23.7,-5852.18,ETOPO_2022_v1_15s_bed_elev
-35.9,23.7,-5544.22,ETOPO_2022_v1_15s_bed_elev
-35.8,23.7,-5763.57,ETOPO_2022_v1_15s_bed_elev
-35.7,23.7,-6001.22,ETOPO_2022_v1_15s_bed_elev
-35.6,23.7,-5649.86,ETOPO_2022_v1_15s_bed_elev
-35.5,23.7,-5471.39,ETOPO_2022_v1_15s_bed_elev
-35.4,23.7,-5915.07,ETOPO_2022_v1_15s_bed_elev
-35.3,23.7,-5618.22,ETOPO_2022_v1_15s_bed_elev
-35.2,23.7,-5696.1,ETOPO_2022_v1_15s_bed_elev
-35.1,23.7,-5690.44,ETOPO_2022_v1_15s_bed_elev
-35.0,23.7,-5553.34,ETOPO_2022_v1_15s_bed_elev
-51.0,23.8,-5041.64,ETOPO_2022_v1_15s_bed_elev
-50.9,23.8,-4629.88,ETOPO_2022_v1_15s_bed_elev
-50.8,23.8,-5066.8,ETOPO_2022_v1_15s_bed_elev
-50.7,23.8,-5088.03,ETOPO_2022_v1_15s_bed_elev
-50.6,23.8,-5250.54,ETOPO_2022_v1_15s_bed_elev
-50.5,23.8,-4829.68,ETOPO_2022_v1_15s_bed_elev
-50.4,23.8,-5069.77,ETOPO_2022_v1_15s_bed_elev
-50.3,23.8,-4580.04,ETOPO_2022_v1_15s_bed_elev
-50.2,23.8,-4531.77,ETOPO_2022_v1_15s_bed_elev
-50.1,23.8,-4874.3,ETOPO_2022_v1_15s_bed_elev
-50.0,23.8,-4992.39,ETOPO_2022_v1_15s_bed_elev
-49.9,23.8,-4877.47,ETOPO_2022_v1_15s_bed_elev
-49.8,23.8,-4765.14,ETOPO_2022_v1_15s_bed_elev
-49.7,23.8,-4504.96,ETOPO_2022_v1_15s_bed_elev
-49.6,23.8,-4650.81,ETOPO_2022_v1_15s_bed_elev
-49.5,23.8,-4576.98,ETOPO_2022_v1_15s_bed_elev
-49.4,23.8,-4615.67,ETOPO_2022_v1_15s_bed_elev
-49.3,23.8,-4606.16,ETOPO_2022_v1_15s_bed_elev
-49.2,23.8,-4488.25,ETOPO_2022_v1_15s_bed_elev
-49.1,23.8,-4504.51,ETOPO_2022_v1_15s_bed_elev
-49.0,23.8,-4666.48,ETOPO_2022_v1_15s_bed_elev
-48.9,23.8,-4836.03,ETOPO_2022_v1_15s_bed_elev
-48.8,23.8,-4395.29,ETOPO_2022_v1_15s_bed_elev
-48.7,23.8,-4412.96,ETOPO_2022_v1_15s_bed_elev
-48.6,23.8,-4531.8,ETOPO_2022_v1_15s_bed_elev
-48.5,23.8,-4226.27,ETOPO_2022_v1_15s_bed_elev
-48.4,23.8,-4107.88,ETOPO_2022_v1_15s_bed_elev
-48.3,23.8,-4029.35,ETOPO_2022_v1_15s_bed_elev
-48.2,23.8,-3967.27,ETOPO_2022_v1_15s_bed_elev
-48.1,23.8,-3938.78,ETOPO_2022_v1_15s_bed_elev
-48.0,23.8,-3989.96,ETOPO_2022_v1_15s_bed_elev
-47.9,23.8,-4108.38,ETOPO_2022_v1_15s_bed_elev
-47.8,23.8,-3945.92,ETOPO_2022_v1_15s_bed_elev
-47.7,23.8,-3948.55,ETOPO_2022_v1_15s_bed_elev
-47.6,23.8,-3839.42,ETOPO_2022_v1_15s_bed_elev
-47.5,23.8,-3784.09,ETOPO_2022_v1_15s_bed_elev
-47.4,23.8,-4190.69,ETOPO_2022_v1_15s_bed_elev
-47.3,23.8,-3957.28,ETOPO_2022_v1_15s_bed_elev
-47.2,23.8,-3670.09,ETOPO_2022_v1_15s_bed_elev
-47.1,23.8,-4056.53,ETOPO_2022_v1_15s_bed_elev
-47.0,23.8,-3799.93,ETOPO_2022_v1_15s_bed_elev
-46.9,23.8,-4113.45,ETOPO_2022_v1_15s_bed_elev
-46.8,23.8,-4285.16,ETOPO_2022_v1_15s_bed_elev
-46.7,23.8,-4111.41,ETOPO_2022_v1_15s_bed_elev
-46.6,23.8,-3860.62,ETOPO_2022_v1_15s_bed_elev
-46.5,23.8,-4166.6,ETOPO_2022_v1_15s_bed_elev
-46.4,23.8,-4013.78,ETOPO_2022_v1_15s_bed_elev
-46.3,23.8,-4497.11,ETOPO_2022_v1_15s_bed_elev
-46.2,23.8,-4582.84,ETOPO_2022_v1_15s_bed_elev
-46.1,23.8,-4056.07,ETOPO_2022_v1_15s_bed_elev
-46.0,23.8,-4174.26,ETOPO_2022_v1_15s_bed_elev
-45.9,23.8,-3989.6,ETOPO_2022_v1_15s_bed_elev
-45.8,23.8,-4164.19,ETOPO_2022_v1_15s_bed_elev
-45.7,23.8,-4040.37,ETOPO_2022_v1_15s_bed_elev
-45.6,23.8,-4061.64,ETOPO_2022_v1_15s_bed_elev
-45.5,23.8,-4080.62,ETOPO_2022_v1_15s_bed_elev
-45.4,23.8,-4053.05,ETOPO_2022_v1_15s_bed_elev
-45.3,23.8,-4146.29,ETOPO_2022_v1_15s_bed_elev
-45.2,23.8,-4116.69,ETOPO_2022_v1_15s_bed_elev
-45.1,23.8,-3840.19,ETOPO_2022_v1_15s_bed_elev
-45.0,23.8,-4013.08,ETOPO_2022_v1_15s_bed_elev
-44.9,23.8,-3890.99,ETOPO_2022_v1_15s_bed_elev
-44.8,23.8,-3985.7,ETOPO_2022_v1_15s_bed_elev
-44.7,23.8,-4115.84,ETOPO_2022_v1_15s_bed_elev
-44.6,23.8,-3904.94,ETOPO_2022_v1_15s_bed_elev
-44.5,23.8,-3999.07,ETOPO_2022_v1_15s_bed_elev
-44.4,23.8,-4038.52,ETOPO_2022_v1_15s_bed_elev
-44.3,23.8,-4078.39,ETOPO_2022_v1_15s_bed_elev
-44.2,23.8,-4052.54,ETOPO_2022_v1_15s_bed_elev
-44.1,23.8,-3953.3,ETOPO_2022_v1_15s_bed_elev
-44.0,23.8,-4180.6,ETOPO_2022_v1_15s_bed_elev
-43.9,23.8,-4089.65,ETOPO_2022_v1_15s_bed_elev
-43.8,23.8,-4011.85,ETOPO_2022_v1_15s_bed_elev
-43.7,23.8,-4199.6,ETOPO_2022_v1_15s_bed_elev
-43.6,23.8,-4074.96,ETOPO_2022_v1_15s_bed_elev
-43.5,23.8,-4077.37,ETOPO_2022_v1_15s_bed_elev
-43.4,23.8,-3985.93,ETOPO_2022_v1_15s_bed_elev
-43.3,23.8,-3925.26,ETOPO_2022_v1_15s_bed_elev
-43.2,23.8,-3944.7,ETOPO_2022_v1_15s_bed_elev
-43.1,23.8,-3968.93,ETOPO_2022_v1_15s_bed_elev
-43.0,23.8,-3967.44,ETOPO_2022_v1_15s_bed_elev
-42.9,23.8,-4440.91,ETOPO_2022_v1_15s_bed_elev
-42.8,23.8,-4350.21,ETOPO_2022_v1_15s_bed_elev
-42.7,23.8,-4325.27,ETOPO_2022_v1_15s_bed_elev
-42.6,23.8,-4517.18,ETOPO_2022_v1_15s_bed_elev
-42.5,23.8,-4443.18,ETOPO_2022_v1_15s_bed_elev
-42.4,23.8,-4424.95,ETOPO_2022_v1_15s_bed_elev
-42.3,23.8,-4539.97,ETOPO_2022_v1_15s_bed_elev
-42.2,23.8,-4347.23,ETOPO_2022_v1_15s_bed_elev
-42.1,23.8,-4161.07,ETOPO_2022_v1_15s_bed_elev
-42.0,23.8,-4501.95,ETOPO_2022_v1_15s_bed_elev
-41.9,23.8,-4748.35,ETOPO_2022_v1_15s_bed_elev
-41.8,23.8,-4785.38,ETOPO_2022_v1_15s_bed_elev
-41.7,23.8,-4451.68,ETOPO_2022_v1_15s_bed_elev
-41.6,23.8,-4304.91,ETOPO_2022_v1_15s_bed_elev
-41.5,23.8,-4248.22,ETOPO_2022_v1_15s_bed_elev
-41.4,23.8,-4458.62,ETOPO_2022_v1_15s_bed_elev
-41.3,23.8,-4623.84,ETOPO_2022_v1_15s_bed_elev
-41.2,23.8,-4934.08,ETOPO_2022_v1_15s_bed_elev
-41.1,23.8,-4757.96,ETOPO_2022_v1_15s_bed_elev
-41.0,23.8,-5082.91,ETOPO_2022_v1_15s_bed_elev
-40.9,23.8,-5042.96,ETOPO_2022_v1_15s_bed_elev
-40.8,23.8,-5297.65,ETOPO_2022_v1_15s_bed_elev
-40.7,23.8,-5009.52,ETOPO_2022_v1_15s_bed_elev
-40.6,23.8,-5106.62,ETOPO_2022_v1_15s_bed_elev
-40.5,23.8,-5101.18,ETOPO_2022_v1_15s_bed_elev
-40.4,23.8,-4856.97,ETOPO_2022_v1_15s_bed_elev
-40.3,23.8,-4930.78,ETOPO_2022_v1_15s_bed_elev
-40.2,23.8,-4577.56,ETOPO_2022_v1_15s_bed_elev
-40.1,23.8,-4808.65,ETOPO_2022_v1_15s_bed_elev
-40.0,23.8,-4858.84,ETOPO_2022_v1_15s_bed_elev
-39.9,23.8,-4823.29,ETOPO_2022_v1_15s_bed_elev
-39.8,23.8,-4981.42,ETOPO_2022_v1_15s_bed_elev
-39.7,23.8,-5127.64,ETOPO_2022_v1_15s_bed_elev
-39.6,23.8,-5201.15,ETOPO_2022_v1_15s_bed_elev
-39.5,23.8,-5208.39,ETOPO_2022_v1_15s_bed_elev
-39.4,23.8,-4769.27,ETOPO_2022_v1_15s_bed_elev
-39.3,23.8,-5275.39,ETOPO_2022_v1_15s_bed_elev
-39.2,23.8,-5397.31,ETOPO_2022_v1_15s_bed_elev
-39.1,23.8,-5434.49,ETOPO_2022_v1_15s_bed_elev
-39.0,23.8,-5419.59,ETOPO_2022_v1_15s_bed_elev
-38.9,23.8,-5596.96,ETOPO_2022_v1_15s_bed_elev
-38.8,23.8,-4933.48,ETOPO_2022_v1_15s_bed_elev
-38.7,23.8,-5288.39,ETOPO_2022_v1_15s_bed_elev
-38.6,23.8,-5378.48,ETOPO_2022_v1_15s_bed_elev
-38.5,23.8,-5058.36,ETOPO_2022_v1_15s_bed_elev
-38.4,23.8,-5469.35,ETOPO_2022_v1_15s_bed_elev
-38.3,23.8,-4920.25,ETOPO_2022_v1_15s_bed_elev
-38.2,23.8,-5014.39,ETOPO_2022_v1_15s_bed_elev
-38.1,23.8,-5251.1,ETOPO_2022_v1_15s_bed_elev
-38.0,23.8,-5531.56,ETOPO_2022_v1_15s_bed_elev
-37.9,23.8,-5275.66,ETOPO_2022_v1_15s_bed_elev
-37.8,23.8,-5848.11,ETOPO_2022_v1_15s_bed_elev
-37.7,23.8,-5770.71,ETOPO_2022_v1_15s_bed_elev
-37.6,23.8,-5945.67,ETOPO_2022_v1_15s_bed_elev
-37.5,23.8,-5961.92,ETOPO_2022_v1_15s_bed_elev
-37.4,23.8,-6018.75,ETOPO_2022_v1_15s_bed_elev
-37.3,23.8,-6014.84,ETOPO_2022_v1_15s_bed_elev
-37.2,23.8,-5974.72,ETOPO_2022_v1_15s_bed_elev
-37.1,23.8,-6242.1,ETOPO_2022_v1_15s_bed_elev
-37.0,23.8,-5857.18,ETOPO_2022_v1_15s_bed_elev
-36.9,23.8,-5830.69,ETOPO_2022_v1_15s_bed_elev
-36.8,23.8,-5061.97,ETOPO_2022_v1_15s_bed_elev
-36.7,23.8,-5563.27,ETOPO_2022_v1_15s_bed_elev
-36.6,23.8,-5450.32,ETOPO_2022_v1_15s_bed_elev
-36.5,23.8,-5128.11,ETOPO_2022_v1_15s_bed_elev
-36.4,23.8,-5084.28,ETOPO_2022_v1_15s_bed_elev
-36.3,23.8,-5588.11,ETOPO_2022_v1_15s_bed_elev
-36.2,23.8,-5778.91,ETOPO_2022_v1_15s_bed_elev
-36.1,23.8,-5795.53,ETOPO_2022_v1_15s_bed_elev
-36.0,23.8,-5739.83,ETOPO_2022_v1_15s_bed_elev
-35.9,23.8,-5493.72,ETOPO_2022_v1_15s_bed_elev
-35.8,23.8,-5581.09,ETOPO_2022_v1_15s_bed_elev
-35.7,23.8,-5632.63,ETOPO_2022_v1_15s_bed_elev
-35.6,23.8,-5475.46,ETOPO_2022_v1_15s_bed_elev
-35.5,23.8,-5386.21,ETOPO_2022_v1_15s_bed_elev
-35.4,23.8,-5716.79,ETOPO_2022_v1_15s_bed_elev
-35.3,23.8,-5500.54,ETOPO_2022_v1_15s_bed_elev
-35.2,23.8,-5427.13,ETOPO_2022_v1_15s_bed_elev
-35.1,23.8,-5509.59,ETOPO_2022_v1_15s_bed_elev
-35.0,23.8,-5641.39,ETOPO_2022_v1_15s_bed_elev
-51.0,23.9,-4902.26,ETOPO_2022_v1_15s_bed_elev
-50.9,23.9,-4688.15,ETOPO_2022_v1_15s_bed_elev
-50.8,23.9,-5178.8,ETOPO_2022_v1_15s_bed_elev
-50.7,23.9,-4909.15,ETOPO_2022_v1_15s_bed_elev
-50.6,23.9,-5470.23,ETOPO_2022_v1_15s_bed_elev
-50.5,23.9,-5141.75,ETOPO_2022_v1_15s_bed_elev
-50.4,23.9,-4966.1,ETOPO_2022_v1_15s_bed_elev
-50.3,23.9,-5140.89,ETOPO_2022_v1_15s_bed_elev
-50.2,23.9,-5171.71,ETOPO_2022_v1_15s_bed_elev
-50.1,23.9,-5483.66,ETOPO_2022_v1_15s_bed_elev
-50.0,23.9,-5071.28,ETOPO_2022_v1_15s_bed_elev
-49.9,23.9,-4800.64,ETOPO_2022_v1_15s_bed_elev
-49.8,23.9,-4838.11,ETOPO_2022_v1_15s_bed_elev
-49.7,23.9,-4358.91,ETOPO_2022_v1_15s_bed_elev
-49.6,23.9,-4349.54,ETOPO_2022_v1_15s_bed_elev
-49.5,23.9,-4483.43,ETOPO_2022_v1_15s_bed_elev
-49.4,23.9,-4730.43,ETOPO_2022_v1_15s_bed_elev
-49.3,23.9,-4401.22,ETOPO_2022_v1_15s_bed_elev
-49.2,23.9,-4887.58,ETOPO_2022_v1_15s_bed_elev
-49.1,23.9,-4905.93,ETOPO_2022_v1_15s_bed_elev
-49.0,23.9,-4548.54,ETOPO_2022_v1_15s_bed_elev
-48.9,23.9,-4859.89,ETOPO_2022_v1_15s_bed_elev
-48.8,23.9,-4493.44,ETOPO_2022_v1_15s_bed_elev
-48.7,23.9,-4182.02,ETOPO_2022_v1_15s_bed_elev
-48.6,23.9,-4367.51,ETOPO_2022_v1_15s_bed_elev
-48.5,23.9,-4046.67,ETOPO_2022_v1_15s_bed_elev
-48.4,23.9,-3960.43,ETOPO_2022_v1_15s_bed_elev
-48.3,23.9,-3911.61,ETOPO_2022_v1_15s_bed_elev
-48.2,23.9,-4346.18,ETOPO_2022_v1_15s_bed_elev
-48.1,23.9,-4700.13,ETOPO_2022_v1_15s_bed_elev
-48.0,23.9,-4216.31,ETOPO_2022_v1_15s_bed_elev
-47.9,23.9,-4185.05,ETOPO_2022_v1_15s_bed_elev
-47.8,23.9,-4362.68,ETOPO_2022_v1_15s_bed_elev
-47.7,23.9,-4485.25,ETOPO_2022_v1_15s_bed_elev
-47.6,23.9,-4174.66,ETOPO_2022_v1_15s_bed_elev
-47.5,23.9,-3521.91,ETOPO_2022_v1_15s_bed_elev
-47.4,23.9,-4172.71,ETOPO_2022_v1_15s_bed_elev
-47.3,23.9,-4242.22,ETOPO_2022_v1_15s_bed_elev
-47.2,23.9,-4012.96,ETOPO_2022_v1_15s_bed_elev
-47.1,23.9,-4390.88,ETOPO_2022_v1_15s_bed_elev
-47.0,23.9,-4432.56,ETOPO_2022_v1_15s_bed_elev
-46.9,23.9,-4639.67,ETOPO_2022_v1_15s_bed_elev
-46.8,23.9,-4571.74,ETOPO_2022_v1_15s_bed_elev
-46.7,23.9,-4144.42,ETOPO_2022_v1_15s_bed_elev
-46.6,23.9,-4006.87,ETOPO_2022_v1_15s_bed_elev
-46.5,23.9,-3957.94,ETOPO_2022_v1_15s_bed_elev
-46.4,23.9,-4734.05,ETOPO_2022_v1_15s_bed_elev
-46.3,23.9,-5031.83,ETOPO_2022_v1_15s_bed_elev
-46.2,23.9,-3929.46,ETOPO_2022_v1_15s_bed_elev
-46.1,23.9,-2760.16,ETOPO_2022_v1_15s_bed_elev
-46.0,23.9,-2995.01,ETOPO_2022_v1_15s_bed_elev
-45.9,23.9,-3050.34,ETOPO_2022_v1_15s_bed_elev
-45.8,23.9,-3361.35,ETOPO_2022_v1_15s_bed_elev
-45.7,23.9,-3244.86,ETOPO_2022_v1_15s_bed_elev
-45.6,23.9,-3234.9,ETOPO_2022_v1_15s_bed_elev
-45.5,23.9,-3463.4,ETOPO_2022_v1_15s_bed_elev
-45.4,23.9,-3497.06,ETOPO_2022_v1_15s_bed_elev
-45.3,23.9,-3676.46,ETOPO_2022_v1_15s_bed_elev
-45.2,23.9,-3792.12,ETOPO_2022_v1_15s_bed_elev
-45.1,23.9,-3589.35,ETOPO_2022_v1_15s_bed_elev
-45.0,23.9,-3854.73,ETOPO_2022_v1_15s_bed_elev
-44.9,23.9,-3807.57,ETOPO_2022_v1_15s_bed_elev
-44.8,23.9,-3897.85,ETOPO_2022_v1_15s_bed_elev
-44.7,23.9,-3762.35,ETOPO_2022_v1_15s_bed_elev
-44.6,23.9,-3784.86,ETOPO_2022_v1_15s_bed_elev
-44.5,23.9,-3801.3,ETOPO_2022_v1_15s_bed_elev
-44.4,23.9,-3996.36,ETOPO_2022_v1_15s_bed_elev
-44.3,23.9,-3905.35,ETOPO_2022_v1_15s_bed_elev
-44.2,23.9,-3926.05,ETOPO_2022_v1_15s_bed_elev
-44.1,23.9,-3661.07,ETOPO_2022_v1_15s_bed_elev
-44.0,23.9,-4078.96,ETOPO_2022_v1_15s_bed_elev
-43.9,23.9,-4128.03,ETOPO_2022_v1_15s_bed_elev
-43.8,23.9,-3790.24,ETOPO_2022_v1_15s_bed_elev
-43.7,23.9,-3879.71,ETOPO_2022_v1_15s_bed_elev
-43.6,23.9,-3832.19,ETOPO_2022_v1_15s_bed_elev
-43.5,23.9,-3844.97,ETOPO_2022_v1_15s_bed_elev
-43.4,23.9,-3765.19,ETOPO_2022_v1_15s_bed_elev
-43.3,23.9,-3939.27,ETOPO_2022_v1_15s_bed_elev
-43.2,23.9,-3976.29,ETOPO_2022_v1_15s_bed_elev
-43.1,23.9,-3905.01,ETOPO_2022_v1_15s_bed_elev
-43.0,23.9,-4245.09,ETOPO_2022_v1_15s_bed_elev
-42.9,23.9,-4644.73,ETOPO_2022_v1_15s_bed_elev
-42.8,23.9,-4515.79,ETOPO_2022_v1_15s_bed_elev
-42.7,23.9,-4310.9,ETOPO_2022_v1_15s_bed_elev
-42.6,23.9,-4482.86,ETOPO_2022_v1_15s_bed_elev
-42.5,23.9,-4614.63,ETOPO_2022_v1_15s_bed_elev
-42.4,23.9,-4688.45,ETOPO_2022_v1_15s_bed_elev
-42.3,23.9,-4810.87,ETOPO_2022_v1_15s_bed_elev
-42.2,23.9,-4550.47,ETOPO_2022_v1_15s_bed_elev
-42.1,23.9,-4252.83,ETOPO_2022_v1_15s_bed_elev
-42.0,23.9,-4296.06,ETOPO_2022_v1_15s_bed_elev
-41.9,23.9,-4541.7,ETOPO_2022_v1_15s_bed_elev
-41.8,23.9,-4417.39,ETOPO_2022_v1_15s_bed_elev
-41.7,23.9,-4680.33,ETOPO_2022_v1_15s_bed_elev
-41.6,23.9,-4309.22,ETOPO_2022_v1_15s_bed_elev
-41.5,23.9,-4653.67,ETOPO_2022_v1_15s_bed_elev
-41.4,23.9,-4527.96,ETOPO_2022_v1_15s_bed_elev
-41.3,23.9,-4915.52,ETOPO_2022_v1_15s_bed_elev
-41.2,23.9,-4552.9,ETOPO_2022_v1_15s_bed_elev
-41.1,23.9,-5197.09,ETOPO_2022_v1_15s_bed_elev
-41.0,23.9,-5454.14,ETOPO_2022_v1_15s_bed_elev
-40.9,23.9,-5030.85,ETOPO_2022_v1_15s_bed_elev
-40.8,23.9,-4782.89,ETOPO_2022_v1_15s_bed_elev
-40.7,23.9,-4655.36,ETOPO_2022_v1_15s_bed_elev
-40.6,23.9,-4977.64,ETOPO_2022_v1_15s_bed_elev
-40.5,23.9,-5065.45,ETOPO_2022_v1_15s_bed_elev
-40.4,23.9,-4910.16,ETOPO_2022_v1_15s_bed_elev
-40.3,23.9,-4778.68,ETOPO_2022_v1_15s_bed_elev
-40.2,23.9,-4456.17,ETOPO_2022_v1_15s_bed_elev
-40.1,23.9,-4450.48,ETOPO_2022_v1_15s_bed_elev
-40.0,23.9,-4772.04,ETOPO_2022_v1_15s_bed_elev
-39.9,23.9,-4512.06,ETOPO_2022_v1_15s_bed_elev
-39.8,23.9,-4822.34,ETOPO_2022_v1_15s_bed_elev
-39.7,23.9,-5126.91,ETOPO_2022_v1_15s_bed_elev
-39.6,23.9,-5051.19,ETOPO_2022_v1_15s_bed_elev
-39.5,23.9,-4916.99,ETOPO_2022_v1_15s_bed_elev
-39.4,23.9,-5332.21,ETOPO_2022_v1_15s_bed_elev
-39.3,23.9,-5255.33,ETOPO_2022_v1_15s_bed_elev
-39.2,23.9,-5066.83,ETOPO_2022_v1_15s_bed_elev
-39.1,23.9,-5414.94,ETOPO_2022_v1_15s_bed_elev
-39.0,23.9,-5162.45,ETOPO_2022_v1_15s_bed_elev
-38.9,23.9,-4907.29,ETOPO_2022_v1_15s_bed_elev
-38.8,23.9,-4854.1,ETOPO_2022_v1_15s_bed_elev
-38.7,23.9,-5263.53,ETOPO_2022_v1_15s_bed_elev
-38.6,23.9,-5060.27,ETOPO_2022_v1_15s_bed_elev
-38.5,23.9,-4649.78,ETOPO_2022_v1_15s_bed_elev
-38.4,23.9,-5442.61,ETOPO_2022_v1_15s_bed_elev
-38.3,23.9,-5207.88,ETOPO_2022_v1_15s_bed_elev
-38.2,23.9,-5025.77,ETOPO_2022_v1_15s_bed_elev
-38.1,23.9,-5261.92,ETOPO_2022_v1_15s_bed_elev
-38.0,23.9,-5526.83,ETOPO_2022_v1_15s_bed_elev
-37.9,23.9,-5323.77,ETOPO_2022_v1_15s_bed_elev
-37.8,23.9,-5653.02,ETOPO_2022_v1_15s_bed_elev
-37.7,23.9,-5659.88,ETOPO_2022_v1_15s_bed_elev
-37.6,23.9,-5649.65,ETOPO_2022_v1_15s_bed_elev
-37.5,23.9,-5690.51,ETOPO_2022_v1_15s_bed_elev
-37.4,23.9,-5675.84,ETOPO_2022_v1_15s_bed_elev
-37.3,23.9,-5713.56,ETOPO_2022_v1_15s_bed_elev
-37.2,23.9,-5646.61,ETOPO_2022_v1_15s_bed_elev
-37.1,23.9,-5553.55,ETOPO_2022_v1_15s_bed_elev
-37.0,23.9,-6139.64,ETOPO_2022_v1_15s_bed_elev
-36.9,23.9,-6198.21,ETOPO_2022_v1_15s_bed_elev
-36.8,23.9,-5373.51,ETOPO_2022_v1_15s_bed_elev
-36.7,23.9,-5956.84,ETOPO_2022_v1_15s_bed_elev
-36.6,23.9,-6125.36,ETOPO_2022_v1_15s_bed_elev
-36.5,23.9,-5720.18,ETOPO_2022_v1_15s_bed_elev
-36.4,23.9,-5265.38,ETOPO_2022_v1_15s_bed_elev
-36.3,23.9,-5686.46,ETOPO_2022_v1_15s_bed_elev
-36.2,23.9,-5796.86,ETOPO_2022_v1_15s_bed_elev
-36.1,23.9,-5897.82,ETOPO_2022_v1_15s_bed_elev
-36.0,23.9,-5463.68,ETOPO_2022_v1_15s_bed_elev
-35.9,23.9,-5081.15,ETOPO_2022_v1_15s_bed_elev
-35.8,23.9,-5679.89,ETOPO_2022_v1_15s_bed_elev
-35.7,23.9,-5590.57,ETOPO_2022_v1_15s_bed_elev
-35.6,23.9,-5316.21,ETOPO_2022_v1_15s_bed_elev
-35.5,23.9,-5344.62,ETOPO_2022_v1_15s_bed_elev
-35.4,23.9,-5735.73,ETOPO_2022_v1_15s_bed_elev
-35.3,23.9,-5408.79,ETOPO_2022_v1_15s_bed_elev
-35.2,23.9,-5436.97,ETOPO_2022_v1_15s_bed_elev
-35.1,23.9,-5263.64,ETOPO_2022_v1_15s_bed_elev
-35.0,23.9,-5581.58,ETOPO_2022_v1_15s_bed_elev
-51.0,24.0,-4999.36,ETOPO_2022_v1_15s_bed_elev
-50.9,24.0,-4965.43,ETOPO_2022_v1_15s_bed_elev
-50.8,24.0,-5393.3,ETOPO_2022_v1_15s_bed_elev
-50.7,24.0,-5182.9,ETOPO_2022_v1_15s_bed_elev
-50.6,24.0,-5132.84,ETOPO_2022_v1_15s_bed_elev
-50.5,24.0,-5363.66,ETOPO_2022_v1_15s_bed_elev
-50.4,24.0,-5284.93,ETOPO_2022_v1_15s_bed_elev
-50.3,24.0,-5391.81,ETOPO_2022_v1_15s_bed_elev
-50.2,24.0,-5363.56,ETOPO_2022_v1_15s_bed_elev
-50.1,24.0,-5123.73,ETOPO_2022_v1_15s_bed_elev
-50.0,24.0,-5121.86,ETOPO_2022_v1_15s_bed_elev
-49.9,24.0,-4728.57,ETOPO_2022_v1_15s_bed_elev
-49.8,24.0,-4902.14,ETOPO_2022_v1_15s_bed_elev
-49.7,24.0,-4962.91,ETOPO_2022_v1_15s_bed_elev
-49.6,24.0,-4665.76,ETOPO_2022_v1_15s_bed_elev
-49.5,24.0,-4657.6,ETOPO_2022_v1_15s_bed_elev
-49.4,24.0,-5203.07,ETOPO_2022_v1_15s_bed_elev
-49.3,24.0,-5024.91,ETOPO_2022_v1_15s_bed_elev
-49.2,24.0,-4845.51,ETOPO_2022_v1_15s_bed_elev
-49.1,24.0,-4973.19,ETOPO_2022_v1_15s_bed_elev
-49.0,24.0,-4656.86,ETOPO_2022_v1_15s_bed_elev
-48.9,24.0,-4624.34,ETOPO_2022_v1_15s_bed_elev
-48.8,24.0,-4575.67,ETOPO_2022_v1_15s_bed_elev
-48.7,24.0,-3930.13,ETOPO_2022_v1_15s_bed_elev
-48.6,24.0,-4208.57,ETOPO_2022_v1_15s_bed_elev
-48.5,24.0,-4284.93,ETOPO_2022_v1_15s_bed_elev
-48.4,24.0,-4086.29,ETOPO_2022_v1_15s_bed_elev
-48.3,24.0,-4411.41,ETOPO_2022_v1_15s_bed_elev
-48.2,24.0,-4591.48,ETOPO_2022_v1_15s_bed_elev
-48.1,24.0,-4730.59,ETOPO_2022_v1_15s_bed_elev
-48.0,24.0,-4846.44,ETOPO_2022_v1_15s_bed_elev
-47.9,24.0,-4840.64,ETOPO_2022_v1_15s_bed_elev
-47.8,24.0,-4706.96,ETOPO_2022_v1_15s_bed_elev
-47.7,24.0,-4767.72,ETOPO_2022_v1_15s_bed_elev
-47.6,24.0,-4630.27,ETOPO_2022_v1_15s_bed_elev
-47.5,24.0,-4296.18,ETOPO_2022_v1_15s_bed_elev
-47.4,24.0,-4485.21,ETOPO_2022_v1_15s_bed_elev
-47.3,24.0,-4527.18,ETOPO_2022_v1_15s_bed_elev
-47.2,24.0,-4393.87,ETOPO_2022_v1_15s_bed_elev
-47.1,24.0,-3971.0,ETOPO_2022_v1_15s_bed_elev
-47.0,24.0,-4098.75,ETOPO_2022_v1_15s_bed_elev
-46.9,24.0,-3872.53,ETOPO_2022_v1_15s_bed_elev
-46.8,24.0,-3575.51,ETOPO_2022_v1_15s_bed_elev
-46.7,24.0,-3090.55,ETOPO_2022_v1_15s_bed_elev
-46.6,24.0,-2997.83,ETOPO_2022_v1_15s_bed_elev
-46.5,24.0,-3044.5,ETOPO_2022_v1_15s_bed_elev
-46.4,24.0,-3766.52,ETOPO_2022_v1_15s_bed_elev
-46.3,24.0,-4398.1,ETOPO_2022_v1_15s_bed_elev
-46.2,24.0,-3162.18,ETOPO_2022_v1_15s_bed_elev
-46.1,24.0,-2524.11,ETOPO_2022_v1_15s_bed_elev
-46.0,24.0,-2653.39,ETOPO_2022_v1_15s_bed_elev
-45.9,24.0,-3140.09,ETOPO_2022_v1_15s_bed_elev
-45.8,24.0,-3282.84,ETOPO_2022_v1_15s_bed_elev
-45.7,24.0,-3690.51,ETOPO_2022_v1_15s_bed_elev
-45.6,24.0,-3633.53,ETOPO_2022_v1_15s_bed_elev
-45.5,24.0,-3596.24,ETOPO_2022_v1_15s_bed_elev
-45.4,24.0,-3593.17,ETOPO_2022_v1_15s_bed_elev
-45.3,24.0,-3692.07,ETOPO_2022_v1_15s_bed_elev
-45.2,24.0,-3838.76,ETOPO_2022_v1_15s_bed_elev
-45.1,24.0,-3754.9,ETOPO_2022_v1_15s_bed_elev
-45.0,24.0,-3671.97,ETOPO_2022_v1_15s_bed_elev
-44.9,24.0,-3755.99,ETOPO_2022_v1_15s_bed_elev
-44.8,24.0,-3701.31,ETOPO_2022_v1_15s_bed_elev
-44.7,24.0,-3657.62,ETOPO_2022_v1_15s_bed_elev
-44.6,24.0,-3432.32,ETOPO_2022_v1_15s_bed_elev
-44.5,24.0,-3482.17,ETOPO_2022_v1_15s_bed_elev
-44.4,24.0,-3607.38,ETOPO_2022_v1_15s_bed_elev
-44.3,24.0,-3613.53,ETOPO_2022_v1_15s_bed_elev
-44.2,24.0,-3786.08,ETOPO_2022_v1_15s_bed_elev
-44.1,24.0,-3653.9,ETOPO_2022_v1_15s_bed_elev
-44.0,24.0,-3696.14,ETOPO_2022_v1_15s_bed_elev
-43.9,24.0,-3783.79,ETOPO_2022_v1_15s_bed_elev
-43.8,24.0,-3865.25,ETOPO_2022_v1_15s_bed_elev
-43.7,24.0,-3772.47,ETOPO_2022_v1_15s_bed_elev
-43.6,24.0,-3682.69,ETOPO_2022_v1_15s_bed_elev
-43.5,24.0,-3998.11,ETOPO_2022_v1_15s_bed_elev
-43.4,24.0,-4105.05,ETOPO_2022_v1_15s_bed_elev
-43.3,24.0,-4037.57,ETOPO_2022_v1_15s_bed_elev
-43.2,24.0,-4347.59,ETOPO_2022_v1_15s_bed_elev
-43.1,24.0,-4544.76,ETOPO_2022_v1_15s_bed_elev
-43.0,24.0,-4511.51,ETOPO_2022_v1_15s_bed_elev
-42.9,24.0,-4252.22,ETOPO_2022_v1_15s_bed_elev
-42.8,24.0,-4456.99,ETOPO_2022_v1_15s_bed_elev
-42.7,24.0,-4163.4,ETOPO_2022_v1_15s_bed_elev
-42.6,24.0,-4241.56,ETOPO_2022_v1_15s_bed_elev
-42.5,24.0,-4171.48,ETOPO_2022_v1_15s_bed_elev
-42.4,24.0,-4363.29,ETOPO_2022_v1_15s_bed_elev
-42.3,24.0,-4214.03,ETOPO_2022_v1_15s_bed_elev
-42.2,24.0,-4384.03,ETOPO_2022_v1_15s_bed_elev
-42.1,24.0,-4479.75,ETOPO_2022_v1_15s_bed_elev
-42.0,24.0,-4504.45,ETOPO_2022_v1_15s_bed_elev
-41.9,24.0,-4636.66,ETOPO_2022_v1_15s_bed_elev
-41.8,24.0,-4583.54,ETOPO_2022_v1_15s_bed_elev
-41.7,24.0,-4757.92,ETOPO_2022_v1_15s_bed_elev
-41.6,24.0,-4697.96,ETOPO_2022_v1_15s_bed_elev
-41.5,24.0,-4626.51,ETOPO_2022_v1_15s_bed_elev
-41.4,24.0,-4536.78,ETOPO_2022_v1_15s_bed_elev
-41.3,24.0,-5005.13,ETOPO_2022_v1_15s_bed_elev
-41.2,24.0,-4821.19,ETOPO_2022_v1_15s_bed_elev
-41.1,24.0,-4872.76,ETOPO_2022_v1_15s_bed_elev
-41.0,24.0,-4974.28,ETOPO_2022_v1_15s_bed_elev
-40.9,24.0,-4617.39,ETOPO_2022_v1_15s_bed_elev
-40.8,24.0,-4512.32,ETOPO_2022_v1_15s_bed_elev
-40.7,24.0,-4466.58,ETOPO_2022_v1_15s_bed_elev
-40.6,24.0,-4766.77,ETOPO_2022_v1_15s_bed_elev
-40.5,24.0,-4597.22,ETOPO_2022_v1_15s_bed_elev
-40.4,24.0,-5107.57,ETOPO_2022_v1_15s_bed_elev
-40.3,24.0,-4953.83,ETOPO_2022_v1_15s_bed_elev
-40.2,24.0,-4754.12,ETOPO_2022_v1_15s_bed_elev
-40.1,24.0,-4601.06,ETOPO_2022_v1_15s_bed_elev
-40.0,24.0,-4678.38,ETOPO_2022_v1_15s_bed_elev
-39.9,24.0,-4481.33,ETOPO_2022_v1_15s_bed_elev
-39.8,24.0,-4540.25,ETOPO_2022_v1_15s_bed_elev
-39.7,24.0,-4557.59,ETOPO_2022_v1_15s_bed_elev
-39.6,24.0,-4856.59,ETOPO_2022_v1_15s_bed_elev
-39.5,24.0,-5115.48,ETOPO_2022_v1_15s_bed_elev
-39.4,24.0,-5302.61,ETOPO_2022_v1_15s_bed_elev
-39.3,24.0,-5088.57,ETOPO_2022_v1_15s_bed_elev
-39.2,24.0,-5000.24,ETOPO_2022_v1_15s_bed_elev
-39.1,24.0,-5322.44,ETOPO_2022_v1_15s_bed_elev
-39.0,24.0,-5108.15,ETOPO_2022_v1_15s_bed_elev
-38.9,24.0,-4436.35,ETOPO_2022_v1_15s_bed_elev
-38.8,24.0,-4876.25,ETOPO_2022_v1_15s_bed_elev
-38.7,24.0,-5229.61,ETOPO_2022_v1_15s_bed_elev
-38.6,24.0,-5125.08,ETOPO_2022_v1_15s_bed_elev
-38.5,24.0,-5085.48,ETOPO_2022_v1_15s_bed_elev
-38.4,24.0,-5541.71,ETOPO_2022_v1_15s_bed_elev
-38.3,24.0,-5255.26,ETOPO_2022_v1_15s_bed_elev
-38.2,24.0,-5220.62,ETOPO_2022_v1_15s_bed_elev
-38.1,24.0,-5423.42,ETOPO_2022_v1_15s_bed_elev
-38.0,24.0,-5347.7,ETOPO_2022_v1_15s_bed_elev
-37.9,24.0,-5417.99,ETOPO_2022_v1_15s_bed_elev
-37.8,24.0,-5628.32,ETOPO_2022_v1_15s_bed_elev
-37.7,24.0,-5624.14,ETOPO_2022_v1_15s_bed_elev
-37.6,24.0,-5572.52,ETOPO_2022_v1_15s_bed_elev
-37.5,24.0,-5615.49,ETOPO_2022_v1_15s_bed_elev
-37.4,24.0,-5408.37,ETOPO_2022_v1_15s_bed_elev
-37.3,24.0,-5291.08,ETOPO_2022_v1_15s_bed_elev
-37.2,24.0,-5093.05,ETOPO_2022_v1_15s_bed_elev
-37.1,24.0,-5301.96,ETOPO_2022_v1_15s_bed_elev
-37.0,24.0,-5813.06,ETOPO_2022_v1_15s_bed_elev
-36.9,24.0,-5950.34,ETOPO_2022_v1_15s_bed_elev
-36.8,24.0,-5822.12,ETOPO_2022_v1_15s_bed_elev
-36.7,24.0,-5821.33,ETOPO_2022_v1_15s_bed_elev
-36.6,24.0,-6012.89,ETOPO_2022_v1_15s_bed_elev
-36.5,24.0,-5906.05,ETOPO_2022_v1_15s_bed_elev
-36.4,24.0,-6048.41,ETOPO_2022_v1_15s_bed_elev
-36.3,24.0,-6123.5,ETOPO_2022_v1_15s_bed_elev
-36.2,24.0,-6087.58,ETOPO_2022_v1_15s_bed_elev
-36.1,24.0,-6366.96,ETOPO_2022_v1_15s_bed_elev
-36.0,24.0,-5641.3,ETOPO_2022_v1_15s_bed_elev
-35.9,24.0,-5414.12,ETOPO_2022_v1_15s_bed_elev
-35.8,24.0,-5957.77,ETOPO_2022_v1_15s_bed_elev
-35.7,24.0,-6044.27,ETOPO_2022_v1_15s_bed_elev
-35.6,24.0,-5695.46,ETOPO_2022_v1_15s_bed_elev
-35.5,24.0,-5534.0,ETOPO_2022_v1_15s_bed_elev
-35.4,24.0,-5856.85,ETOPO_2022_v1_15s_bed_elev
-35.3,24.0,-5697.39,ETOPO_2022_v1_15s_bed_elev
-35.2,24.0,-5494.93,ETOPO_2022_v1_15s_bed_elev
-35.1,24.0,-5632.71,ETOPO_2022_v1_15s_bed_elev
-35.0,24.0,-5971.58,ETOPO_2022_v1_15s_bed_elev
-51.0,24.1,-5388.06,ETOPO_2022_v1_15s_bed_elev
-50.9,24.1,-5119.02,ETOPO_2022_v1_15s_bed_elev
-50.8,24.1,-5206.82,ETOPO_2022_v1_15s_bed_elev
-50.7,24.1,-5190.34,ETOPO_2022_v1_15s_bed_elev
-50.6,24.1,-5153.99,ETOPO_2022_v1_15s_bed_elev
-50.5,24.1,-5302.24,ETOPO_2022_v1_15s_bed_elev
-50.4,24.1,-5032.64,ETOPO_2022_v1_15s_bed_elev
-50.3,24.1,-4738.18,ETOPO_2022_v1_15s_bed_elev
-50.2,24.1,-4749.91,ETOPO_2022_v1_15s_bed_elev
-50.1,24.1,-4885.01,ETOPO_2022_v1_15s_bed_elev
-50.0,24.1,-4902.71,ETOPO_2022_v1_15s_bed_elev
-49.9,24.1,-4420.52,ETOPO_2022_v1_15s_bed_elev
-49.8,24.1,-4860.85,ETOPO_2022_v1_15s_bed_elev
-49.7,24.1,-5102.09,ETOPO_2022_v1_15s_bed_elev
-49.6,24.1,-5005.14,ETOPO_2022_v1_15s_bed_elev
-49.5,24.1,-5304.17,ETOPO_2022_v1_15s_bed_elev
-49.4,24.1,-5047.41,ETOPO_2022_v1_15s_bed_elev
-49.3,24.1,-4949.89,ETOPO_2022_v1_15s_bed_elev
-49.2,24.1,-4978.94,ETOPO_2022_v1_15s_bed_elev
-49.1,24.1,-4801.86,ETOPO_2022_v1_15s_bed_elev
-49.0,24.1,-4679.65,ETOPO_2022_v1_15s_bed_elev
-48.9,24.1,-4803.24,ETOPO_2022_v1_15s_bed_elev
-48.8,24.1,-4254.99,ETOPO_2022_v1_15s_bed_elev
-48.7,24.1,-3796.95,ETOPO_2022_v1_15s_bed_elev
-48.6,24.1,-4440.39,ETOPO_2022_v1_15s_bed_elev
-48.5,24.1,-4902.7,ETOPO_2022_v1_15s_bed_elev
-48.4,24.1,-4827.69,ETOPO_2022_v1_15s_bed_elev
-48.3,24.1,-5441.76,ETOPO_2022_v1_15s_bed_elev
-48.2,24.1,-5301.08,ETOPO_2022_v1_15s_bed_elev
-48.1,24.1,-5163.93,ETOPO_2022_v1_15s_bed_elev
-48.0,24.1,-4787.42,ETOPO_2022_v1_15s_bed_elev
-47.9,24.1,-4857.28,ETOPO_2022_v1_15s_bed_elev
-47.8,24.1,-4352.5,ETOPO_2022_v1_15s_bed_elev
-47.7,24.1,-4335.17,ETOPO_2022_v1_15s_bed_elev
-47.6,24.1,-4247.26,ETOPO_2022_v1_15s_bed_elev
-47.5,24.1,-3975.47,ETOPO_2022_v1_15s_bed_elev
-47.4,24.1,-3843.65,ETOPO_2022_v1_15s_bed_elev
-47.3,24.1,-3823.83,ETOPO_2022_v1_15s_bed_elev
-47.2,24.1,-3768.27,ETOPO_2022_v1_15s_bed_elev
-47.1,24.1,-3714.2,ETOPO_2022_v1_15s_bed_elev
-47.0,24.1,-3803.6,ETOPO_2022_v1_15s_bed_elev
-46.9,24.1,-3080.5,ETOPO_2022_v1_15s_bed_elev
-46.8,24.1,-3005.56,ETOPO_2022_v1_15s_bed_elev
-46.7,24.1,-2760.51,ETOPO_2022_v1_15s_bed_elev
-46.6,24.1,-2616.41,ETOPO_2022_v1_15s_bed_elev
-46.5,24.1,-2507.87,ETOPO_2022_v1_15s_bed_elev
-46.4,24.1,-2919.21,ETOPO_2022_v1_15s_bed_elev
-46.3,24.1,-3942.25,ETOPO_2022_v1_15s_bed_elev
-46.2,24.1,-3181.94,ETOPO_2022_v1_15s_bed_elev
-46.1,24.1,-3165.41,ETOPO_2022_v1_15s_bed_elev
-46.0,24.1,-3213.05,ETOPO_2022_v1_15s_bed_elev
-45.9,24.1,-2925.71,ETOPO_2022_v1_15s_bed_elev
-45.8,24.1,-3103.08,ETOPO_2022_v1_15s_bed_elev
-45.7,24.1,-3282.94,ETOPO_2022_v1_15s_bed_elev
-45.6,24.1,-3800.3,ETOPO_2022_v1_15s_bed_elev
-45.5,24.1,-4116.4,ETOPO_2022_v1_15s_bed_elev
-45.4,24.1,-3818.44,ETOPO_2022_v1_15s_bed_elev
-45.3,24.1,-3753.78,ETOPO_2022_v1_15s_bed_elev
-45.2,24.1,-3873.53,ETOPO_2022_v1_15s_bed_elev
-45.1,24.1,-3759.09,ETOPO_2022_v1_15s_bed_elev
-45.0,24.1,-3607.12,ETOPO_2022_v1_15s_bed_elev
-44.9,24.1,-3598.16,ETOPO_2022_v1_15s_bed_elev
-44.8,24.1,-3417.22,ETOPO_2022_v1_15s_bed_elev
-44.7,24.1,-3406.39,ETOPO_2022_v1_15s_bed_elev
-44.6,24.1,-3271.17,ETOPO_2022_v1_15s_bed_elev
-44.5,24.1,-3269.74,ETOPO_2022_v1_15s_bed_elev
-44.4,24.1,-3376.39,ETOPO_2022_v1_15s_bed_elev
-44.3,24.1,-3422.48,ETOPO_2022_v1_15s_bed_elev
-44.2,24.1,-3775.73,ETOPO_2022_v1_15s_bed_elev
-44.1,24.1,-3616.21,ETOPO_2022_v1_15s_bed_elev
-44.0,24.1,-3400.81,ETOPO_2022_v1_15s_bed_elev
-43.9,24.1,-3358.92,ETOPO_2022_v1_15s_bed_elev
-43.8,24.1,-3879.03,ETOPO_2022_v1_15s_bed_elev
-43.7,24.1,-3966.66,ETOPO_2022_v1_15s_bed_elev
-43.6,24.1,-3898.24,ETOPO_2022_v1_15s_bed_elev
-43.5,24.1,-4296.88,ETOPO_2022_v1_15s_bed_elev
-43.4,24.1,-4402.43,ETOPO_2022_v1_15s_bed_elev
-43.3,24.1,-4195.6,ETOPO_2022_v1_15s_bed_elev
-43.2,24.1,-4203.43,ETOPO_2022_v1_15s_bed_elev
-43.1,24.1,-4394.71,ETOPO_2022_v1_15s_bed_elev
-43.0,24.1,-4423.66,ETOPO_2022_v1_15s_bed_elev
-42.9,24.1,-3899.31,ETOPO_2022_v1_15s_bed_elev
-42.8,24.1,-4137.88,ETOPO_2022_v1_15s_bed_elev
-42.7,24.1,-3919.43,ETOPO_2022_v1_15s_bed_elev
-42.6,24.1,-4361.59,ETOPO_2022_v1_15s_bed_elev
-42.5,24.1,-4519.96,ETOPO_2022_v1_15s_bed_elev
-42.4,24.1,-4372.63,ETOPO_2022_v1_15s_bed_elev
-42.3,24.1,-4255.73,ETOPO_2022_v1_15s_bed_elev
-42.2,24.1,-4060.25,ETOPO_2022_v1_15s_bed_elev
-42.1,24.1,-4210.32,ETOPO_2022_v1_15s_bed_elev
-42.0,24.1,-4256.2,ETOPO_2022_v1_15s_bed_elev
-41.9,24.1,-4534.01,ETOPO_2022_v1_15s_bed_elev
-41.8,24.1,-4696.23,ETOPO_2022_v1_15s_bed_elev
-41.7,24.1,-4557.13,ETOPO_2022_v1_15s_bed_elev
-41.6,24.1,-4593.98,ETOPO_2022_v1_15s_bed_elev
-41.5,24.1,-4696.8,ETOPO_2022_v1_15s_bed_elev
-41.4,24.1,-4823.29,ETOPO_2022_v1_15s_bed_elev
-41.3,24.1,-4743.21,ETOPO_2022_v1_15s_bed_elev
-41.2,24.1,-4559.95,ETOPO_2022_v1_15s_bed_elev
-41.1,24.1,-4984.63,ETOPO_2022_v1_15s_bed_elev
-41.0,24.1,-4848.58,ETOPO_2022_v1_15s_bed_elev
-40.9,24.1,-4715.67,ETOPO_2022_v1_15s_bed_elev
-40.8,24.1,-4776.81,ETOPO_2022_v1_15s_bed_elev
-40.7,24.1,-4192.3,ETOPO_2022_v1_15s_bed_elev
-40.6,24.1,-4380.73,ETOPO_2022_v1_15s_bed_elev
-40.5,24.1,-4190.15,ETOPO_2022_v1_15s_bed_elev
-40.4,24.1,-4910.69,ETOPO_2022_v1_15s_bed_elev
-40.3,24.1,-4730.41,ETOPO_2022_v1_15s_bed_elev
-40.2,24.1,-4705.09,ETOPO_2022_v1_15s_bed_elev
-40.1,24.1,-4815.65,ETOPO_2022_v1_15s_bed_elev
-40.0,24.1,-4998.28,ETOPO_2022_v1_15s_bed_elev
-39.9,24.1,-4988.61,ETOPO_2022_v1_15s_bed_elev
-39.8,24.1,-5205.35,ETOPO_2022_v1_15s_bed_elev
-39.7,24.1,-5138.16,ETOPO_2022_v1_15s_bed_elev
-39.6,24.1,-5276.33,ETOPO_2022_v1_15s_bed_elev
-39.5,24.1,-5299.11,ETOPO_2022_v1_15s_bed_elev
-39.4,24.1,-4994.0,ETOPO_2022_v1_15s_bed_elev
-39.3,24.1,-4718.4,ETOPO_2022_v1_15s_bed_elev
-39.2,24.1,-4900.36,ETOPO_2022_v1_15s_bed_elev
-39.1,24.1,-5318.37,ETOPO_2022_v1_15s_bed_elev
-39.0,24.1,-5250.22,ETOPO_2022_v1_15s_bed_elev
-38.9,24.1,-4973.66,ETOPO_2022_v1_15s_bed_elev
-38.8,24.1,-4930.37,ETOPO_2022_v1_15s_bed_elev
-38.7,24.1,-5099.41,ETOPO_2022_v1_15s_bed_elev
-38.6,24.1,-5265.14,ETOPO_2022_v1_15s_bed_elev
-38.5,24.1,-5424.55,ETOPO_2022_v1_15s_bed_elev
-38.4,24.1,-5382.24,ETOPO_2022_v1_15s_bed_elev
-38.3,24.1,-5328.09,ETOPO_2022_v1_15s_bed_elev
-38.2,24.1,-5532.44,ETOPO_2022_v1_15s_bed_elev
-38.1,24.1,-5478.79,ETOPO_2022_v1_15s_bed_elev
-38.0,24.1,-5177.35,ETOPO_2022_v1_15s_bed_elev
-37.9,24.1,-5498.34,ETOPO_2022_v1_15s_bed_elev
-37.8,24.1,-5683.83,ETOPO_2022_v1_15s_bed_elev
-37.7,24.1,-5308.9,ETOPO_2022_v1_15s_bed_elev
-37.6,24.1,-5201.77,ETOPO_2022_v1_15s_bed_elev
-37.5,24.1,-5587.41,ETOPO_2022_v1_15s_bed_elev
-37.4,24.1,-5278.18,ETOPO_2022_v1_15s_bed_elev
-37.3,24.1,-5654.11,ETOPO_2022_v1_15s_bed_elev
-37.2,24.1,-5279.21,ETOPO_2022_v1_15s_bed_elev
-37.1,24.1,-5201.41,ETOPO_2022_v1_15s_bed_elev
-37.0,24.1,-5418.9,ETOPO_2022_v1_15s_bed_elev
-36.9,24.1,-5398.12,ETOPO_2022_v1_15s_bed_elev
-36.8,24.1,-5462.44,ETOPO_2022_v1_15s_bed_elev
-36.7,24.1,-5439.75,ETOPO_2022_v1_15s_bed_elev
-36.6,24.1,-5719.23,ETOPO_2022_v1_15s_bed_elev
-36.5,24.1,-5210.45,ETOPO_2022_v1_15s_bed_elev
-36.4,24.1,-5483.35,ETOPO_2022_v1_15s_bed_elev
-36.3,24.1,-5592.28,ETOPO_2022_v1_15s_bed_elev
-36.2,24.1,-5694.58,ETOPO_2022_v1_15s_bed_elev
-36.1,24.1,-6243.8,ETOPO_2022_v1_15s_bed_elev
-36.0,24.1,-6028.6,ETOPO_2022_v1_15s_bed_elev
-35.9,24.1,-6236.13,ETOPO_2022_v1_15s_bed_elev
-35.8,24.1,-6468.47,ETOPO_2022_v1_15s_bed_elev
-35.7,24.1,-6600.44,ETOPO_2022_v1_15s_bed_elev
-35.6,24.1,-6486.43,ETOPO_2022_v1_15s_bed_elev
-35.5,24.1,-6312.35,ETOPO_2022_v1_15s_bed_elev
-35.4,24.1,-6426.87,ETOPO_2022_v1_15s_bed_elev
-35.3,24.1,-5382.29,ETOPO_2022_v1_15s_bed_elev
-35.2,24.1,-6140.5,ETOPO_2022_v1_15s_bed_elev
-35.1,24.1,-6433.52,ETOPO_2022_v1_15s_bed_elev
-35.0,24.1,-6387.23,ETOPO_2022_v1_15s_bed_elev
-51.0,24.2,-5542.53,ETOPO_2022_v1_15s_bed_elev
-50.9,24.2,-5304.57,ETOPO_2022_v1_15s_bed_elev
-50.8,24.2,-4950.4,ETOPO_2022_v1_15s_bed_elev
-50.7,24.2,-4953.26,ETOPO_2022_v1_15s_bed_elev
-50.6,24.2,-5041.77,ETOPO_2022_v1_15s_bed_elev
-50.5,24.2,-4924.92,ETOPO_2022_v1_15s_bed_elev
-50.4,24.2,-4561.34,ETOPO_2022_v1_15s_bed_elev
-50.3,24.2,-4340.1,ETOPO_2022_v1_15s_bed_elev
-50.2,24.2,-4667.89,ETOPO_2022_v1_15s_bed_elev
-50.1,24.2,-4892.08,ETOPO_2022_v1_15s_bed_elev
-50.0,24.2,-5013.05,ETOPO_2022_v1_15s_bed_elev
-49.9,24.2,-5010.97,ETOPO_2022_v1_15s_bed_elev
-49.8,24.2,-4957.58,ETOPO_2022_v1_15s_bed_elev
-49.7,24.2,-5038.08,ETOPO_2022_v1_15s_bed_elev
-49.6,24.2,-5015.98,ETOPO_2022_v1_15s_bed_elev
-49.5,24.2,-5040.8,ETOPO_2022_v1_15s_bed_elev
-49.4,24.2,-4670.76,ETOPO_2022_v1_15s_bed_elev
-49.3,24.2,-4617.03,ETOPO_2022_v1_15s_bed_elev
-49.2,24.2,-4802.1,ETOPO_2022_v1_15s_bed_elev
-49.1,24.2,-4754.38,ETOPO_2022_v1_15s_bed_elev
-49.0,24.2,-4855.46,ETOPO_2022_v1_15s_bed_elev
-48.9,24.2,-4850.8,ETOPO_2022_v1_15s_bed_elev
-48.8,24.2,-4739.0,ETOPO_2022_v1_15s_bed_elev
-48.7,24.2,-5068.32,ETOPO_2022_v1_15s_bed_elev
-48.6,24.2,-5050.15,ETOPO_2022_v1_15s_bed_elev
-48.5,24.2,-5125.93,ETOPO_2022_v1_15s_bed_elev
-48.4,24.2,-5031.69,ETOPO_2022_v1_15s_bed_elev
-48.3,24.2,-4845.38,ETOPO_2022_v1_15s_bed_elev
-48.2,24.2,-4403.9,ETOPO_2022_v1_15s_bed_elev
-48.1,24.2,-4556.38,ETOPO_2022_v1_15s_bed_elev
-48.0,24.2,-4335.35,ETOPO_2022_v1_15s_bed_elev
-47.9,24.2,-4162.82,ETOPO_2022_v1_15s_bed_elev
-47.8,24.2,-3928.24,ETOPO_2022_v1_15s_bed_elev
-47.7,24.2,-3889.74,ETOPO_2022_v1_15s_bed_elev
-47.6,24.2,-3810.51,ETOPO_2022_v1_15s_bed_elev
-47.5,24.2,-3709.84,ETOPO_2022_v1_15s_bed_elev
-47.4,24.2,-3581.22,ETOPO_2022_v1_15s_bed_elev
-47.3,24.2,-3587.12,ETOPO_2022_v1_15s_bed_elev
-47.2,24.2,-3515.02,ETOPO_2022_v1_15s_bed_elev
-47.1,24.2,-3529.43,ETOPO_2022_v1_15s_bed_elev
-47.0,24.2,-3297.61,ETOPO_2022_v1_15s_bed_elev
-46.9,24.2,-2839.64,ETOPO_2022_v1_15s_bed_elev
-46.8,24.2,-2811.46,ETOPO_2022_v1_15s_bed_elev
-46.7,24.2,-3242.12,ETOPO_2022_v1_15s_bed_elev
-46.6,24.2,-2977.35,ETOPO_2022_v1_15s_bed_elev
-46.5,24.2,-3049.84,ETOPO_2022_v1_15s_bed_elev
-46.4,24.2,-2720.94,ETOPO_2022_v1_15s_bed_elev
-46.3,24.2,-3960.18,ETOPO_2022_v1_15s_bed_elev
-46.2,24.2,-3279.89,ETOPO_2022_v1_15s_bed_elev
-46.1,24.2,-2925.52,ETOPO_2022_v1_15s_bed_elev
-46.0,24.2,-2940.37,ETOPO_2022_v1_15s_bed_elev
-45.9,24.2,-3105.37,ETOPO_2022_v1_15s_bed_elev
-45.8,24.2,-3073.41,ETOPO_2022_v1_15s_bed_elev
-45.7,24.2,-2968.03,ETOPO_2022_v1_15s_bed_elev
-45.6,24.2,-2996.18,ETOPO_2022_v1_15s_bed_elev
-45.5,24.2,-3146.21,ETOPO_2022_v1_15s_bed_elev
-45.4,24.2,-3771.06,ETOPO_2022_v1_15s_bed_elev
-45.3,24.2,-4042.67,ETOPO_2022_v1_15s_bed_elev
-45.2,24.2,-3932.86,ETOPO_2022_v1_15s_bed_elev
-45.1,24.2,-3823.03,ETOPO_2022_v1_15s_bed_elev
-45.0,24.2,-3568.11,ETOPO_2022_v1_15s_bed_elev
-44.9,24.2,-3591.53,ETOPO_2022_v1_15s_bed_elev
-44.8,24.2,-3746.42,ETOPO_2022_v1_15s_bed_elev
-44.7,24.2,-3533.24,ETOPO_2022_v1_15s_bed_elev
-44.6,24.2,-3715.01,ETOPO_2022_v1_15s_bed_elev
-44.5,24.2,-3866.03,ETOPO_2022_v1_15s_bed_elev
-44.4,24.2,-3629.16,ETOPO_2022_v1_15s_bed_elev
-44.3,24.2,-3510.03,ETOPO_2022_v1_15s_bed_elev
-44.2,24.2,-3876.54,ETOPO_2022_v1_15s_bed_elev
-44.1,24.2,-3980.69,ETOPO_2022_v1_15s_bed_elev
-44.0,24.2,-3972.5,ETOPO_2022_v1_15s_bed_elev
-43.9,24.2,-4194.09,ETOPO_2022_v1_15s_bed_elev
-43.8,24.2,-4050.35,ETOPO_2022_v1_15s_bed_elev
-43.7,24.2,-4042.14,ETOPO_2022_v1_15s_bed_elev
-43.6,24.2,-4073.51,ETOPO_2022_v1_15s_bed_elev
-43.5,24.2,-4329.63,ETOPO_2022_v1_15s_bed_elev
-43.4,24.2,-4133.72,ETOPO_2022_v1_15s_bed_elev
-43.3,24.2,-3972.21,ETOPO_2022_v1_15s_bed_elev
-43.2,24.2,-3928.94,ETOPO_2022_v1_15s_bed_elev
-43.1,24.2,-4273.48,ETOPO_2022_v1_15s_bed_elev
-43.0,24.2,-4245.01,ETOPO_2022_v1_15s_bed_elev
-42.9,24.2,-3916.54,ETOPO_2022_v1_15s_bed_elev
-42.8,24.2,-3864.11,ETOPO_2022_v1_15s_bed_elev
-42.7,24.2,-3651.75,ETOPO_2022_v1_15s_bed_elev
-42.6,24.2,-4228.62,ETOPO_2022_v1_15s_bed_elev
-42.5,24.2,-4613.73,ETOPO_2022_v1_15s_bed_elev
-42.4,24.2,-4278.61,ETOPO_2022_v1_15s_bed_elev
-42.3,24.2,-4343.74,ETOPO_2022_v1_15s_bed_elev
-42.2,24.2,-4460.16,ETOPO_2022_v1_15s_bed_elev
-42.1,24.2,-4403.64,ETOPO_2022_v1_15s_bed_elev
-42.0,24.2,-4224.82,ETOPO_2022_v1_15s_bed_elev
-41.9,24.2,-4235.09,ETOPO_2022_v1_15s_bed_elev
-41.8,24.2,-4564.22,ETOPO_2022_v1_15s_bed_elev
-41.7,24.2,-4478.4,ETOPO_2022_v1_15s_bed_elev
-41.6,24.2,-4604.08,ETOPO_2022_v1_15s_bed_elev
-41.5,24.2,-4714.74,ETOPO_2022_v1_15s_bed_elev
-41.4,24.2,-4964.18,ETOPO_2022_v1_15s_bed_elev
-41.3,24.2,-4946.9,ETOPO_2022_v1_15s_bed_elev
-41.2,24.2,-4371.56,ETOPO_2022_v1_15s_bed_elev
-41.1,24.2,-4854.1,ETOPO_2022_v1_15s_bed_elev
-41.0,24.2,-4752.3,ETOPO_2022_v1_15s_bed_elev
-40.9,24.2,-4594.4,ETOPO_2022_v1_15s_bed_elev
-40.8,24.2,-4998.46,ETOPO_2022_v1_15s_bed_elev
-40.7,24.2,-4923.05,ETOPO_2022_v1_15s_bed_elev
-40.6,24.2,-4581.76,ETOPO_2022_v1_15s_bed_elev
-40.5,24.2,-4452.67,ETOPO_2022_v1_15s_bed_elev
-40.4,24.2,-4845.93,ETOPO_2022_v1_15s_bed_elev
-40.3,24.2,-5039.73,ETOPO_2022_v1_15s_bed_elev
-40.2,24.2,-5022.64,ETOPO_2022_v1_15s_bed_elev
-40.1,24.2,-5251.95,ETOPO_2022_v1_15s_bed_elev
-40.0,24.2,-5233.26,ETOPO_2022_v1_15s_bed_elev
-39.9,24.2,-5171.74,ETOPO_2022_v1_15s_bed_elev
-39.8,24.2,-5051.6,ETOPO_2022_v1_15s_bed_elev
-39.7,24.2,-5073.34,ETOPO_2022_v1_15s_bed_elev
-39.6,24.2,-5105.69,ETOPO_2022_v1_15s_bed_elev
-39.5,24.2,-5423.22,ETOPO_2022_v1_15s_bed_elev
-39.4,24.2,-5168.41,ETOPO_2022_v1_15s_bed_elev
-39.3,24.2,-4780.07,ETOPO_2022_v1_15s_bed_elev
-39.2,24.2,-4671.29,ETOPO_2022_v1_15s_bed_elev
-39.1,24.2,-5158.75,ETOPO_2022_v1_15s_bed_elev
-39.0,24.2,-5229.45,ETOPO_2022_v1_15s_bed_elev
-38.9,24.2,-5092.35,ETOPO_2022_v1_15s_bed_elev
-38.8,24.2,-4766.74,ETOPO_2022_v1_15s_bed_elev
-38.7,24.2,-4907.19,ETOPO_2022_v1_15s_bed_elev
-38.6,24.2,-5281.46,ETOPO_2022_v1_15s_bed_elev
-38.5,24.2,-5531.84,ETOPO_2022_v1_15s_bed_elev
-38.4,24.2,-5416.15,ETOPO_2022_v1_15s_bed_elev
-38.3,24.2,-5340.28,ETOPO_2022_v1_15s_bed_elev
-38.2,24.2,-5449.29,ETOPO_2022_v1_15s_bed_elev
-38.1,24.2,-5275.99,ETOPO_2022_v1_15s_bed_elev
-38.0,24.2,-5599.97,ETOPO_2022_v1_15s_bed_elev
-37.9,24.2,-5641.38,ETOPO_2022_v1_15s_bed_elev
-37.8,24.2,-5542.49,ETOPO_2022_v1_15s_bed_elev
-37.7,24.2,-5380.67,ETOPO_2022_v1_15s_bed_elev
-37.6,24.2,-5081.12,ETOPO_2022_v1_15s_bed_elev
-37.5,24.2,-5359.85,ETOPO_2022_v1_15s_bed_elev
-37.4,24.2,-5547.92,ETOPO_2022_v1_15s_bed_elev
-37.3,24.2,-5789.76,ETOPO_2022_v1_15s_bed_elev
-37.2,24.2,-5609.18,ETOPO_2022_v1_15s_bed_elev
-37.1,24.2,-5186.76,ETOPO_2022_v1_15s_bed_elev
-37.0,24.2,-5338.87,ETOPO_2022_v1_15s_bed_elev
-36.9,24.2,-5260.06,ETOPO_2022_v1_15s_bed_elev
-36.8,24.2,-5242.3,ETOPO_2022_v1_15s_bed_elev
-36.7,24.2,-5290.56,ETOPO_2022_v1_15s_bed_elev
-36.6,24.2,-5598.8,ETOPO_2022_v1_15s_bed_elev
-36.5,24.2,-5489.82,ETOPO_2022_v1_15s_bed_elev
-36.4,24.2,-5791.83,ETOPO_2022_v1_15s_bed_elev
-36.3,24.2,-5406.92,ETOPO_2022_v1_15s_bed_elev
-36.2,24.2,-5284.48,ETOPO_2022_v1_15s_bed_elev
-36.1,24.2,-5499.73,ETOPO_2022_v1_15s_bed_elev
-36.0,24.2,-5216.44,ETOPO_2022_v1_15s_bed_elev
-35.9,24.2,-5215.32,ETOPO_2022_v1_15s_bed_elev
-35.8,24.2,-5364.79,ETOPO_2022_v1_15s_bed_elev
-35.7,24.2,-5672.34,ETOPO_2022_v1_15s_bed_elev
-35.6,24.2,-5535.6,ETOPO_2022_v1_15s_bed_elev
-35.5,24.2,-5341.85,ETOPO_2022_v1_15s_bed_elev
-35.4,24.2,-5409.12,ETOPO_2022_v1_15s_bed_elev
-35.3,24.2,-5336.27,ETOPO_2022_v1_15s_bed_elev
-35.2,24.2,-5602.69,ETOPO_2022_v1_15s_bed_elev
-35.1,24.2,-5524.29,ETOPO_2022_v1_15s_bed_elev
-35.0,24.2,-5356.14,ETOPO_2022_v1_15s_bed_elev
-51.0,24.3,-5523.6,ETOPO_2022_v1_15s_bed_elev
-50.9,24.3,-4975.17,ETOPO_2022_v1_15s_bed_elev
-50.8,24.3,-5260.15,ETOPO_2022_v1_15s_bed_elev
-50.7,24.3,-5140.02,ETOPO_2022_v1_15s_bed_elev
-50.6,24.3,-4876.9,ETOPO_2022_v1_15s_bed_elev
-50.5,24.3,-4784.58,ETOPO_2022_v1_15s_bed_elev
-50.4,24.3,-4655.97,ETOPO_2022_v1_15s_bed_elev
-50.3,24.3,-4402.43,ETOPO_2022_v1_15s_bed_elev
-50.2,24.3,-5059.41,ETOPO_2022_v1_15s_bed_elev
-50.1,24.3,-4863.9,ETOPO_2022_v1_15s_bed_elev
-50.0,24.3,-4725.98,ETOPO_2022_v1_15s_bed_elev
-49.9,24.3,-4766.1,ETOPO_2022_v1_15s_bed_elev
-49.8,24.3,-4549.65,ETOPO_2022_v1_15s_bed_elev
-49.7,24.3,-4422.44,ETOPO_2022_v1_15s_bed_elev
-49.6,24.3,-4613.13,ETOPO_2022_v1_15s_bed_elev
-49.5,24.3,-4652.36,ETOPO_2022_v1_15s_bed_elev
-49.4,24.3,-4702.92,ETOPO_2022_v1_15s_bed_elev
-49.3,24.3,-4659.38,ETOPO_2022_v1_15s_bed_elev
-49.2,24.3,-4485.48,ETOPO_2022_v1_15s_bed_elev
-49.1,24.3,-4273.91,ETOPO_2022_v1_15s_bed_elev
-49.0,24.3,-5049.78,ETOPO_2022_v1_15s_bed_elev
-48.9,24.3,-5379.35,ETOPO_2022_v1_15s_bed_elev
-48.8,24.3,-5198.37,ETOPO_2022_v1_15s_bed_elev
-48.7,24.3,-4777.32,ETOPO_2022_v1_15s_bed_elev
-48.6,24.3,-4696.23,ETOPO_2022_v1_15s_bed_elev
-48.5,24.3,-4538.99,ETOPO_2022_v1_15s_bed_elev
-48.4,24.3,-4333.25,ETOPO_2022_v1_15s_bed_elev
-48.3,24.3,-4563.13,ETOPO_2022_v1_15s_bed_elev
-48.2,24.3,-4083.34,ETOPO_2022_v1_15s_bed_elev
-48.1,24.3,-4463.37,ETOPO_2022_v1_15s_bed_elev
-48.0,24.3,-4141.91,ETOPO_2022_v1_15s_bed_elev
-47.9,24.3,-4141.52,ETOPO_2022_v1_15s_bed_elev
-47.8,24.3,-3805.43,ETOPO_2022_v1_15s_bed_elev
-47.7,24.3,-3685.15,ETOPO_2022_v1_15s_bed_elev
-47.6,24.3,-3650.81,ETOPO_2022_v1_15s_bed_elev
-47.5,24.3,-3600.96,ETOPO_2022_v1_15s_bed_elev
-47.4,24.3,-3530.03,ETOPO_2022_v1_15s_bed_elev
-47.3,24.3,-3668.65,ETOPO_2022_v1_15s_bed_elev
-47.2,24.3,-3663.63,ETOPO_2022_v1_15s_bed_elev
-47.1,24.3,-3525.21,ETOPO_2022_v1_15s_bed_elev
-47.0,24.3,-3073.73,ETOPO_2022_v1_15s_bed_elev
-46.9,24.3,-2910.75,ETOPO_2022_v1_15s_bed_elev
-46.8,24.3,-2975.21,ETOPO_2022_v1_15s_bed_elev
-46.7,24.3,-3539.85,ETOPO_2022_v1_15s_bed_elev
-46.6,24.3,-2874.44,ETOPO_2022_v1_15s_bed_elev
-46.5,24.3,-2610.02,ETOPO_2022_v1_15s_bed_elev
-46.4,24.3,-2654.64,ETOPO_2022_v1_15s_bed_elev
-46.3,24.3,-3859.72,ETOPO_2022_v1_15s_bed_elev
-46.2,24.3,-3556.71,ETOPO_2022_v1_15s_bed_elev
-46.1,24.3,-2655.78,ETOPO_2022_v1_15s_bed_elev
-46.0,24.3,-2458.84,ETOPO_2022_v1_15s_bed_elev
-45.9,24.3,-2779.48,ETOPO_2022_v1_15s_bed_elev
-45.8,24.3,-2874.69,ETOPO_2022_v1_15s_bed_elev
-45.7,24.3,-2758.48,ETOPO_2022_v1_15s_bed_elev
-45.6,24.3,-3015.66,ETOPO_2022_v1_15s_bed_elev
-45.5,24.3,-3279.3,ETOPO_2022_v1_15s_bed_elev
-45.4,24.3,-3600.52,ETOPO_2022_v1_15s_bed_elev
-45.3,24.3,-3619.3,ETOPO_2022_v1_15s_bed_elev
-45.2,24.3,-3542.76,ETOPO_2022_v1_15s_bed_elev
-45.1,24.3,-3825.35,ETOPO_2022_v1_15s_bed_elev
-45.0,24.3,-3600.24,ETOPO_2022_v1_15s_bed_elev
-44.9,24.3,-3894.17,ETOPO_2022_v1_15s_bed_elev
-44.8,24.3,-3849.0,ETOPO_2022_v1_15s_bed_elev
-44.7,24.3,-3665.5,ETOPO_2022_v1_15s_bed_elev
-44.6,24.3,-3886.0,ETOPO_2022_v1_15s_bed_elev
-44.5,24.3,-3561.47,ETOPO_2022_v1_15s_bed_elev
-44.4,24.3,-3781.65,ETOPO_2022_v1_15s_bed_elev
-44.3,24.3,-3741.82,ETOPO_2022_v1_15s_bed_elev
-44.2,24.3,-3891.29,ETOPO_2022_v1_15s_bed_elev
-44.1,24.3,-4007.3,ETOPO_2022_v1_15s_bed_elev
-44.0,24.3,-4173.91,ETOPO_2022_v1_15s_bed_elev
-43.9,24.3,-4151.26,ETOPO_2022_v1_15s_bed_elev
-43.8,24.3,-3895.22,ETOPO_2022_v1_15s_bed_elev
-43.7,24.3,-3543.84,ETOPO_2022_v1_15s_bed_elev
-43.6,24.3,-3665.6,ETOPO_2022_v1_15s_bed_elev
-43.5,24.3,-4194.73,ETOPO_2022_v1_15s_bed_elev
-43.4,24.3,-4010.44,ETOPO_2022_v1_15s_bed_elev
-43.3,24.3,-4099.04,ETOPO_2022_v1_15s_bed_elev
-43.2,24.3,-3900.34,ETOPO_2022_v1_15s_bed_elev
-43.1,24.3,-4065.78,ETOPO_2022_v1_15s_bed_elev
-43.0,24.3,-4153.1,ETOPO_2022_v1_15s_bed_elev
-42.9,24.3,-4285.31,ETOPO_2022_v1_15s_bed_elev
-42.8,24.3,-4254.98,ETOPO_2022_v1_15s_bed_elev
-42.7,24.3,-4262.27,ETOPO_2022_v1_15s_bed_elev
-42.6,24.3,-4563.95,ETOPO_2022_v1_15s_bed_elev
-42.5,24.3,-4548.52,ETOPO_2022_v1_15s_bed_elev
-42.4,24.3,-4249.1,ETOPO_2022_v1_15s_bed_elev
-42.3,24.3,-4680.26,ETOPO_2022_v1_15s_bed_elev
-42.2,24.3,-4935.15,ETOPO_2022_v1_15s_bed_elev
-42.1,24.3,-4823.28,ETOPO_2022_v1_15s_bed_elev
-42.0,24.3,-4505.12,ETOPO_2022_v1_15s_bed_elev
-41.9,24.3,-4377.95,ETOPO_2022_v1_15s_bed_elev
-41.8,24.3,-4559.9,ETOPO_2022_v1_15s_bed_elev
-41.7,24.3,-4233.99,ETOPO_2022_v1_15s_bed_elev
-41.6,24.3,-4584.51,ETOPO_2022_v1_15s_bed_elev
-41.5,24.3,-4739.13,ETOPO_2022_v1_15s_bed_elev
-41.4,24.3,-4879.64,ETOPO_2022_v1_15s_bed_elev
-41.3,24.3,-5103.17,ETOPO_2022_v1_15s_bed_elev
-41.2,24.3,-4483.46,ETOPO_2022_v1_15s_bed_elev
-41.1,24.3,-4053.85,ETOPO_2022_v1_15s_bed_elev
-41.0,24.3,-4659.32,ETOPO_2022_v1_15s_bed_elev
-40.9,24.3,-4615.46,ETOPO_2022_v1_15s_bed_elev
-40.8,24.3,-4828.12,ETOPO_2022_v1_15s_bed_elev
-40.7,24.3,-5215.77,ETOPO_2022_v1_15s_bed_elev
-40.6,24.3,-5002.53,ETOPO_2022_v1_15s_bed_elev
-40.5,24.3,-5007.22,ETOPO_2022_v1_15s_bed_elev
-40.4,24.3,-5110.94,ETOPO_2022_v1_15s_bed_elev
-40.3,24.3,-5010.43,ETOPO_2022_v1_15s_bed_elev
-40.2,24.3,-4993.84,ETOPO_2022_v1_15s_bed_elev
-40.1,24.3,-4708.97,ETOPO_2022_v1_15s_bed_elev
-40.0,24.3,-4871.16,ETOPO_2022_v1_15s_bed_elev
-39.9,24.3,-5095.86,ETOPO_2022_v1_15s_bed_elev
-39.8,24.3,-4654.45,ETOPO_2022_v1_15s_bed_elev
-39.7,24.3,-4659.55,ETOPO_2022_v1_15s_bed_elev
-39.6,24.3,-5134.34,ETOPO_2022_v1_15s_bed_elev
-39.5,24.3,-5156.09,ETOPO_2022_v1_15s_bed_elev
-39.4,24.3,-5066.67,ETOPO_2022_v1_15s_bed_elev
-39.3,24.3,-4846.44,ETOPO_2022_v1_15s_bed_elev
-39.2,24.3,-5001.0,ETOPO_2022_v1_15s_bed_elev
-39.1,24.3,-5035.32,ETOPO_2022_v1_15s_bed_elev
-39.0,24.3,-5248.92,ETOPO_2022_v1_15s_bed_elev
-38.9,24.3,-5233.11,ETOPO_2022_v1_15s_bed_elev
-38.8,24.3,-4845.19,ETOPO_2022_v1_15s_bed_elev
-38.7,24.3,-4919.9,ETOPO_2022_v1_15s_bed_elev
-38.6,24.3,-5109.38,ETOPO_2022_v1_15s_bed_elev
-38.5,24.3,-5420.49,ETOPO_2022_v1_15s_bed_elev
-38.4,24.3,-5260.33,ETOPO_2022_v1_15s_bed_elev
-38.3,24.3,-5278.64,ETOPO_2022_v1_15s_bed_elev
-38.2,24.3,-5628.86,ETOPO_2022_v1_15s_bed_elev
-38.1,24.3,-5396.32,ETOPO_2022_v1_15s_bed_elev
-38.0,24.3,-5568.44,ETOPO_2022_v1_15s_bed_elev
-37.9,24.3,-5118.53,ETOPO_2022_v1_15s_bed_elev
-37.8,24.3,-5424.77,ETOPO_2022_v1_15s_bed_elev
-37.7,24.3,-5137.27,ETOPO_2022_v1_15s_bed_elev
-37.6,24.3,-5241.85,ETOPO_2022_v1_15s_bed_elev
-37.5,24.3,-5694.52,ETOPO_2022_v1_15s_bed_elev
-37.4,24.3,-5331.61,ETOPO_2022_v1_15s_bed_elev
-37.3,24.3,-5280.5,ETOPO_2022_v1_15s_bed_elev
-37.2,24.3,-5600.05,ETOPO_2022_v1_15s_bed_elev
-37.1,24.3,-4862.65,ETOPO_2022_v1_15s_bed_elev
-37.0,24.3,-5423.88,ETOPO_2022_v1_15s_bed_elev
-36.9,24.3,-5481.95,ETOPO_2022_v1_15s_bed_elev
-36.8,24.3,-5451.09,ETOPO_2022_v1_15s_bed_elev
-36.7,24.3,-5440.07,ETOPO_2022_v1_15s_bed_elev
-36.6,24.3,-5466.75,ETOPO_2022_v1_15s_bed_elev
-36.5,24.3,-5892.77,ETOPO_2022_v1_15s_bed_elev
-36.4,24.3,-6015.03,ETOPO_2022_v1_15s_bed_elev
-36.3,24.3,-5729.27,ETOPO_2022_v1_15s_bed_elev
-36.2,24.3,-5386.04,ETOPO_2022_v1_15s_bed_elev
-36.1,24.3,-5054.49,ETOPO_2022_v1_15s_bed_elev
-36.0,24.3,-5124.03,ETOPO_2022_v1_15s_bed_elev
-35.9,24.3,-4940.24,ETOPO_2022_v1_15s_bed_elev
-35.8,24.3,-5037.52,ETOPO_2022_v1_15s_bed_elev
-35.7,24.3,-5291.24,ETOPO_2022_v1_15s_bed_elev
-35.6,24.3,-5178.69,ETOPO_2022_v1_15s_bed_elev
-35.5,24.3,-5251.31,ETOPO_2022_v1_15s_bed_elev
-35.4,24.3,-5135.63,ETOPO_2022_v1_15s_bed_elev
-35.3,24.3,-5498.7,ETOPO_2022_v1_15s_bed_elev
-35.2,24.3,-5649.06,ETOPO_2022_v1_15s_bed_elev
-35.1,24.3,-5818.18,ETOPO_2022_v1_15s_bed_elev
-35.0,24.3,-5517.01,ETOPO_2022_v1_15s_bed_elev
-51.0,24.4,-5454.56,ETOPO_2022_v1_15s_bed_elev
-50.9,24.4,-4947.63,ETOPO_2022_v1_15s_bed_elev
-50.8,24.4,-5246.55,ETOPO_2022_v1_15s_bed_elev
-50.7,24.4,-5224.11,ETOPO_2022_v1_15s_bed_elev
-50.6,24.4,-4983.09,ETOPO_2022_v1_15s_bed_elev
-50.5,24.4,-4890.75,ETOPO_2022_v1_15s_bed_elev
-50.4,24.4,-4997.58,ETOPO_2022_v1_15s_bed_elev
-50.3,24.4,-4932.75,ETOPO_2022_v1_15s_bed_elev
-50.2,24.4,-5007.79,ETOPO_2022_v1_15s_bed_elev
-50.1,24.4,-4651.77,ETOPO_2022_v1_15s_bed_elev
-50.0,24.4,-4452.67,ETOPO_2022_v1_15s_bed_elev
-49.9,24.4,-4509.21,ETOPO_2022_v1_15s_bed_elev
-49.8,24.4,-4566.87,ETOPO_2022_v1_15s_bed_elev
-49.7,24.4,-4432.96,ETOPO_2022_v1_15s_bed_elev
-49.6,24.4,-4517.21,ETOPO_2022_v1_15s_bed_elev
-49.5,24.4,-4975.23,ETOPO_2022_v1_15s_bed_elev
-49.4,24.4,-5253.27,ETOPO_2022_v1_15s_bed_elev
-49.3,24.4,-5229.55,ETOPO_2022_v1_15s_bed_elev
-49.2,24.4,-5283.32,ETOPO_2022_v1_15s_bed_elev
-49.1,24.4,-5469.62,ETOPO_2022_v1_15s_bed_elev
-49.0,24.4,-5113.5,ETOPO_2022_v1_15s_bed_elev
-48.9,24.4,-4892.57,ETOPO_2022_v1_15s_bed_elev
-48.8,24.4,-4561.32,ETOPO_2022_v1_15s_bed_elev
-48.7,24.4,-4607.12,ETOPO_2022_v1_15s_bed_elev
-48.6,24.4,-4505.61,ETOPO_2022_v1_15s_bed_elev
-48.5,24.4,-4436.04,ETOPO_2022_v1_15s_bed_elev
-48.4,24.4,-4341.14,ETOPO_2022_v1_15s_bed_elev
-48.3,24.4,-4538.42,ETOPO_2022_v1_15s_bed_elev
-48.2,24.4,-4127.46,ETOPO_2022_v1_15s_bed_elev
-48.1,24.4,-4139.19,ETOPO_2022_v1_15s_bed_elev
-48.0,24.4,-3979.59,ETOPO_2022_v1_15s_bed_elev
-47.9,24.4,-3921.72,ETOPO_2022_v1_15s_bed_elev
-47.8,24.4,-3831.02,ETOPO_2022_v1_15s_bed_elev
-47.7,24.4,-3673.02,ETOPO_2022_v1_15s_bed_elev
-47.6,24.4,-3599.86,ETOPO_2022_v1_15s_bed_elev
-47.5,24.4,-3647.16,ETOPO_2022_v1_15s_bed_elev
-47.4,24.4,-3842.94,ETOPO_2022_v1_15s_bed_elev
-47.3,24.4,-3957.5,ETOPO_2022_v1_15s_bed_elev
-47.2,24.4,-3610.69,ETOPO_2022_v1_15s_bed_elev
-47.1,24.4,-3318.81,ETOPO_2022_v1_15s_bed_elev
-47.0,24.4,-3318.98,ETOPO_2022_v1_15s_bed_elev
-46.9,24.4,-3427.73,ETOPO_2022_v1_15s_bed_elev
-46.8,24.4,-3249.43,ETOPO_2022_v1_15s_bed_elev
-46.7,24.4,-2839.48,ETOPO_2022_v1_15s_bed_elev
-46.6,24.4,-2495.9,ETOPO_2022_v1_15s_bed_elev
-46.5,24.4,-2622.86,ETOPO_2022_v1_15s_bed_elev
-46.4,24.4,-2748.07,ETOPO_2022_v1_15s_bed_elev
-46.3,24.4,-3773.81,ETOPO_2022_v1_15s_bed_elev
-46.2,24.4,-4191.18,ETOPO_2022_v1_15s_bed_elev
-46.1,24.4,-2644.99,ETOPO_2022_v1_15s_bed_elev
-46.0,24.4,-2483.11,ETOPO_2022_v1_15s_bed_elev
-45.9,24.4,-2656.33,ETOPO_2022_v1_15s_bed_elev
-45.8,24.4,-2735.21,ETOPO_2022_v1_15s_bed_elev
-45.7,24.4,-3026.68,ETOPO_2022_v1_15s_bed_elev
-45.6,24.4,-2956.19,ETOPO_2022_v1_15s_bed_elev
-45.5,24.4,-2967.76,ETOPO_2022_v1_15s_bed_elev
-45.4,24.4,-3217.9,ETOPO_2022_v1_15s_bed_elev
-45.3,24.4,-3389.68,ETOPO_2022_v1_15s_bed_elev
-45.2,24.4,-3457.69,ETOPO_2022_v1_15s_bed_elev
-45.1,24.4,-3748.65,ETOPO_2022_v1_15s_bed_elev
-45.0,24.4,-3725.64,ETOPO_2022_v1_15s_bed_elev
-44.9,24.4,-3761.24,ETOPO_2022_v1_15s_bed_elev
-44.8,24.4,-3820.27,ETOPO_2022_v1_15s_bed_elev
-44.7,24.4,-3894.5,ETOPO_2022_v1_15s_bed_elev
-44.6,24.4,-3846.66,ETOPO_2022_v1_15s_bed_elev
-44.5,24.4,-3882.55,ETOPO_2022_v1_15s_bed_elev
-44.4,24.4,-3883.28,ETOPO_2022_v1_15s_bed_elev
-44.3,24.4,-3672.76,ETOPO_2022_v1_15s_bed_elev
-44.2,24.4,-3726.36,ETOPO_2022_v1_15s_bed_elev
-44.1,24.4,-4090.14,ETOPO_2022_v1_15s_bed_elev
-44.0,24.4,-4125.88,ETOPO_2022_v1_15s_bed_elev
-43.9,24.4,-4057.56,ETOPO_2022_v1_15s_bed_elev
-43.8,24.4,-4083.57,ETOPO_2022_v1_15s_bed_elev
-43.7,24.4,-4051.2,ETOPO_2022_v1_15s_bed_elev
-43.6,24.4,-4062.66,ETOPO_2022_v1_15s_bed_elev
-43.5,24.4,-4110.12,ETOPO_2022_v1_15s_bed_elev
-43.4,24.4,-3883.38,ETOPO_2022_v1_15s_bed_elev
-43.3,24.4,-3910.73,ETOPO_2022_v1_15s_bed_elev
-43.2,24.4,-3849.78,ETOPO_2022_v1_15s_bed_elev
-43.1,24.4,-3857.91,ETOPO_2022_v1_15s_bed_elev
-43.0,24.4,-4212.44,ETOPO_2022_v1_15s_bed_elev
-42.9,24.4,-4103.56,ETOPO_2022_v1_15s_bed_elev
-42.8,24.4,-4222.02,ETOPO_2022_v1_15s_bed_elev
-42.7,24.4,-4117.75,ETOPO_2022_v1_15s_bed_elev
-42.6,24.4,-4469.47,ETOPO_2022_v1_15s_bed_elev
-42.5,24.4,-4673.53,ETOPO_2022_v1_15s_bed_elev
-42.4,24.4,-4448.23,ETOPO_2022_v1_15s_bed_elev
-42.3,24.4,-4446.34,ETOPO_2022_v1_15s_bed_elev
-42.2,24.4,-4518.2,ETOPO_2022_v1_15s_bed_elev
-42.1,24.4,-4532.47,ETOPO_2022_v1_15s_bed_elev
-42.0,24.4,-4760.4,ETOPO_2022_v1_15s_bed_elev
-41.9,24.4,-4886.48,ETOPO_2022_v1_15s_bed_elev
-41.8,24.4,-4819.97,ETOPO_2022_v1_15s_bed_elev
-41.7,24.4,-4794.16,ETOPO_2022_v1_15s_bed_elev
-41.6,24.4,-4590.5,ETOPO_2022_v1_15s_bed_elev
-41.5,24.4,-4585.58,ETOPO_2022_v1_15s_bed_elev
-41.4,24.4,-4752.78,ETOPO_2022_v1_15s_bed_elev
-41.3,24.4,-4944.83,ETOPO_2022_v1_15s_bed_elev
-41.2,24.4,-4801.79,ETOPO_2022_v1_15s_bed_elev
-41.1,24.4,-4238.35,ETOPO_2022_v1_15s_bed_elev
-41.0,24.4,-4805.9,ETOPO_2022_v1_15s_bed_elev
-40.9,24.4,-4840.49,ETOPO_2022_v1_15s_bed_elev
-40.8,24.4,-4842.83,ETOPO_2022_v1_15s_bed_elev
-40.7,24.4,-4865.22,ETOPO_2022_v1_15s_bed_elev
-40.6,24.4,-4755.04,ETOPO_2022_v1_15s_bed_elev
-40.5,24.4,-5023.39,ETOPO_2022_v1_15s_bed_elev
-40.4,24.4,-5092.32,ETOPO_2022_v1_15s_bed_elev
-40.3,24.4,-4718.35,ETOPO_2022_v1_15s_bed_elev
-40.2,24.4,-4746.67,ETOPO_2022_v1_15s_bed_elev
-40.1,24.4,-4595.26,ETOPO_2022_v1_15s_bed_elev
-40.0,24.4,-4684.27,ETOPO_2022_v1_15s_bed_elev
-39.9,24.4,-4684.89,ETOPO_2022_v1_15s_bed_elev
-39.8,24.4,-4581.69,ETOPO_2022_v1_15s_bed_elev
-39.7,24.4,-4546.07,ETOPO_2022_v1_15s_bed_elev
-39.6,24.4,-4865.88,ETOPO_2022_v1_15s_bed_elev
-39.5,24.4,-4508.12,ETOPO_2022_v1_15s_bed_elev
-39.4,24.4,-4899.83,ETOPO_2022_v1_15s_bed_elev
-39.3,24.4,-4924.49,ETOPO_2022_v1_15s_bed_elev
-39.2,24.4,-5140.79,ETOPO_2022_v1_15s_bed_elev
-39.1,24.4,-4926.87,ETOPO_2022_v1_15s_bed_elev
-39.0,24.4,-4910.42,ETOPO_2022_v1_15s_bed_elev
-38.9,24.4,-5103.44,ETOPO_2022_v1_15s_bed_elev
-38.8,24.4,-4830.39,ETOPO_2022_v1_15s_bed_elev
-38.7,24.4,-4797.55,ETOPO_2022_v1_15s_bed_elev
-38.6,24.4,-4902.4,ETOPO_2022_v1_15s_bed_elev
-38.5,24.4,-5140.14,ETOPO_2022_v1_15s_bed_elev
-38.4,24.4,-4985.35,ETOPO_2022_v1_15s_bed_elev
-38.3,24.4,-5343.04,ETOPO_2022_v1_15s_bed_elev
-38.2,24.4,-5527.75,ETOPO_2022_v1_15s_bed_elev
-38.1,24.4,-5571.71,ETOPO_2022_v1_15s_bed_elev
-38.0,24.4,-5681.87,ETOPO_2022_v1_15s_bed_elev
-37.9,24.4,-5564.18,ETOPO_2022_v1_15s_bed_elev
-37.8,24.4,-5610.97,ETOPO_2022_v1_15s_bed_elev
-37.7,24.4,-5595.0,ETOPO_2022_v1_15s_bed_elev
-37.6,24.4,-5603.11,ETOPO_2022_v1_15s_bed_elev
-37.5,24.4,-5677.95,ETOPO_2022_v1_15s_bed_elev
-37.4,24.4,-5552.43,ETOPO_2022_v1_15s_bed_elev
-37.3,24.4,-5209.17,ETOPO_2022_v1_15s_bed_elev
-37.2,24.4,-5402.53,ETOPO_2022_v1_15s_bed_elev
-37.1,24.4,-5593.1,ETOPO_2022_v1_15s_bed_elev
-37.0,24.4,-5606.93,ETOPO_2022_v1_15s_bed_elev
-36.9,24.4,-5273.05,ETOPO_2022_v1_15s_bed_elev
-36.8,24.4,-5416.19,ETOPO_2022_v1_15s_bed_elev
-36.7,24.4,-5384.92,ETOPO_2022_v1_15s_bed_elev
-36.6,24.4,-5137.75,ETOPO_2022_v1_15s_bed_elev
-36.5,24.4,-5530.32,ETOPO_2022_v1_15s_bed_elev
-36.4,24.4,-5521.32,ETOPO_2022_v1_15s_bed_elev
-36.3,24.4,-5695.37,ETOPO_2022_v1_15s_bed_elev
-36.2,24.4,-5871.65,ETOPO_2022_v1_15s_bed_elev
-36.1,24.4,-5540.82,ETOPO_2022_v1_15s_bed_elev
-36.0,24.4,-5528.47,ETOPO_2022_v1_15s_bed_elev
-35.9,24.4,-5513.18,ETOPO_2022_v1_15s_bed_elev
-35.8,24.4,-5573.61,ETOPO_2022_v1_15s_bed_elev
-35.7,24.4,-5485.67,ETOPO_2022_v1_15s_bed_elev
-35.6,24.4,-5541.45,ETOPO_2022_v1_15s_bed_elev
-35.5,24.4,-5865.21,ETOPO_2022_v1_15s_bed_elev
-35.4,24.4,-5526.03,ETOPO_2022_v1_15s_bed_elev
-35.3,24.4,-5361.46,ETOPO_2022_v1_15s_bed_elev
-35.2,24.4,-5501.77,ETOPO_2022_v1_15s_bed_elev
-35.1,24.4,-5882.94,ETOPO_2022_v1_15s_bed_elev
-35.0,24.4,-5590.19,ETOPO_2022_v1_15s_bed_elev
-51.0,24.5,-5280.31,ETOPO_2022_v1_15s_bed_elev
-50.9,24.5,-5180.44,ETOPO_2022_v1_15s_bed_elev
-50.8,24.5,-5030.1,ETOPO_2022_v1_15s_bed_elev
-50.7,24.5,-4989.54,ETOPO_2022_v1_15s_bed_elev
-50.6,24.5,-5048.02,ETOPO_2022_v1_15s_bed_elev
-50.5,24.5,-4986.11,ETOPO_2022_v1_15s_bed_elev
-50.4,24.5,-4844.94,ETOPO_2022_v1_15s_bed_elev
-50.3,24.5,-4908.53,ETOPO_2022_v1_15s_bed_elev
-50.2,24.5,-4615.49,ETOPO_2022_v1_15s_bed_elev
-50.1,24.5,-4660.67,ETOPO_2022_v1_15s_bed_elev
-50.0,24.5,-4625.11,ETOPO_2022_v1_15s_bed_elev
-49.9,24.5,-4726.91,ETOPO_2022_v1_15s_bed_elev
-49.8,24.5,-4911.92,ETOPO_2022_v1_15s_bed_elev
-49.7,24.5,-5117.8,ETOPO_2022_v1_15s_bed_elev
-49.6,24.5,-4960.42,ETOPO_2022_v1_15s_bed_elev
-49.5,24.5,-5873.42,ETOPO_2022_v1_15s_bed_elev
-49.4,24.5,-5665.87,ETOPO_2022_v1_15s_bed_elev
-49.3,24.5,-5152.66,ETOPO_2022_v1_15s_bed_elev
-49.2,24.5,-4895.13,ETOPO_2022_v1_15s_bed_elev
-49.1,24.5,-4646.37,ETOPO_2022_v1_15s_bed_elev
-49.0,24.5,-4688.17,ETOPO_2022_v1_15s_bed_elev
-48.9,24.5,-4544.01,ETOPO_2022_v1_15s_bed_elev
-48.8,24.5,-4437.89,ETOPO_2022_v1_15s_bed_elev
-48.7,24.5,-4457.02,ETOPO_2022_v1_15s_bed_elev
-48.6,24.5,-4384.18,ETOPO_2022_v1_15s_bed_elev
-48.5,24.5,-4163.26,ETOPO_2022_v1_15s_bed_elev
-48.4,24.5,-4276.59,ETOPO_2022_v1_15s_bed_elev
-48.3,24.5,-4441.9,ETOPO_2022_v1_15s_bed_elev
-48.2,24.5,-3952.42,ETOPO_2022_v1_15s_bed_elev
-48.1,24.5,-4024.87,ETOPO_2022_v1_15s_bed_elev
-48.0,24.5,-3999.91,ETOPO_2022_v1_15s_bed_elev
-47.9,24.5,-3745.43,ETOPO_2022_v1_15s_bed_elev
-47.8,24.5,-3809.17,ETOPO_2022_v1_15s_bed_elev
-47.7,24.5,-3898.14,ETOPO_2022_v1_15s_bed_elev
-47.6,24.5,-3832.24,ETOPO_2022_v1_15s_bed_elev
-47.5,24.5,-3909.85,ETOPO_2022_v1_15s_bed_elev
-47.4,24.5,-3929.44,ETOPO_2022_v1_15s_bed_elev
-47.3,24.5,-4194.31,ETOPO_2022_v1_15s_bed_elev
-47.2,24.5,-3797.17,ETOPO_2022_v1_15s_bed_elev
-47.1,24.5,-3618.56,ETOPO_2022_v1_15s_bed_elev
-47.0,24.5,-3637.88,ETOPO_2022_v1_15s_bed_elev
-46.9,24.5,-3644.29,ETOPO_2022_v1_15s_bed_elev
-46.8,24.5,-3750.49,ETOPO_2022_v1_15s_bed_elev
-46.7,24.5,-2971.2,ETOPO_2022_v1_15s_bed_elev
-46.6,24.5,-3139.66,ETOPO_2022_v1_15s_bed_elev
-46.5,24.5,-3262.7,ETOPO_2022_v1_15s_bed_elev
-46.4,24.5,-3250.02,ETOPO_2022_v1_15s_bed_elev
-46.3,24.5,-3648.8,ETOPO_2022_v1_15s_bed_elev
-46.2,24.5,-4022.96,ETOPO_2022_v1_15s_bed_elev
-46.1,24.5,-3364.67,ETOPO_2022_v1_15s_bed_elev
-46.0,24.5,-2914.79,ETOPO_2022_v1_15s_bed_elev
-45.9,24.5,-3012.6,ETOPO_2022_v1_15s_bed_elev
-45.8,24.5,-2887.34,ETOPO_2022_v1_15s_bed_elev
-45.7,24.5,-3118.88,ETOPO_2022_v1_15s_bed_elev
-45.6,24.5,-3305.09,ETOPO_2022_v1_15s_bed_elev
-45.5,24.5,-3293.56,ETOPO_2022_v1_15s_bed_elev
-45.4,24.5,-3222.19,ETOPO_2022_v1_15s_bed_elev
-45.3,24.5,-3392.78,ETOPO_2022_v1_15s_bed_elev
-45.2,24.5,-3357.95,ETOPO_2022_v1_15s_bed_elev
-45.1,24.5,-3402.11,ETOPO_2022_v1_15s_bed_elev
-45.0,24.5,-3740.86,ETOPO_2022_v1_15s_bed_elev
-44.9,24.5,-3406.53,ETOPO_2022_v1_15s_bed_elev
-44.8,24.5,-3630.95,ETOPO_2022_v1_15s_bed_elev
-44.7,24.5,-3259.1,ETOPO_2022_v1_15s_bed_elev
-44.6,24.5,-3838.95,ETOPO_2022_v1_15s_bed_elev
-44.5,24.5,-4043.83,ETOPO_2022_v1_15s_bed_elev
-44.4,24.5,-3887.59,ETOPO_2022_v1_15s_bed_elev
-44.3,24.5,-3685.54,ETOPO_2022_v1_15s_bed_elev
-44.2,24.5,-3593.7,ETOPO_2022_v1_15s_bed_elev
-44.1,24.5,-4115.0,ETOPO_2022_v1_15s_bed_elev
-44.0,24.5,-3864.51,ETOPO_2022_v1_15s_bed_elev
-43.9,24.5,-3764.67,ETOPO_2022_v1_15s_bed_elev
-43.8,24.5,-3865.85,ETOPO_2022_v1_15s_bed_elev
-43.7,24.5,-3919.22,ETOPO_2022_v1_15s_bed_elev
-43.6,24.5,-4085.48,ETOPO_2022_v1_15s_bed_elev
-43.5,24.5,-3862.81,ETOPO_2022_v1_15s_bed_elev
-43.4,24.5,-3923.57,ETOPO_2022_v1_15s_bed_elev
-43.3,24.5,-3778.59,ETOPO_2022_v1_15s_bed_elev
-43.2,24.5,-3788.19,ETOPO_2022_v1_15s_bed_elev
-43.1,24.5,-3748.84,ETOPO_2022_v1_15s_bed_elev
-43.0,24.5,-3939.0,ETOPO_2022_v1_15s_bed_elev
-42.9,24.5,-3631.35,ETOPO_2022_v1_15s_bed_elev
-42.8,24.5,-3858.27,ETOPO_2022_v1_15s_bed_elev
-42.7,24.5,-4022.91,ETOPO_2022_v1_15s_bed_elev
-42.6,24.5,-4508.2,ETOPO_2022_v1_15s_bed_elev
-42.5,24.5,-4477.23,ETOPO_2022_v1_15s_bed_elev
-42.4,24.5,-4409.07,ETOPO_2022_v1_15s_bed_elev
-42.3,24.5,-4017.61,ETOPO_2022_v1_15s_bed_elev
-42.2,24.5,-3833.52,ETOPO_2022_v1_15s_bed_elev
-42.1,24.5,-3652.08,ETOPO_2022_v1_15s_bed_elev
-42.0,24.5,-4009.86,ETOPO_2022_v1_15s_bed_elev
-41.9,24.5,-4363.92,ETOPO_2022_v1_15s_bed_elev
-41.8,24.5,-4849.47,ETOPO_2022_v1_15s_bed_elev
-41.7,24.5,-4754.65,ETOPO_2022_v1_15s_bed_elev
-41.6,24.5,-4756.83,ETOPO_2022_v1_15s_bed_elev
-41.5,24.5,-4750.91,ETOPO_2022_v1_15s_bed_elev
-41.4,24.5,-4617.7,ETOPO_2022_v1_15s_bed_elev
-41.3,24.5,-4623.51,ETOPO_2022_v1_15s_bed_elev
-41.2,24.5,-4971.99,ETOPO_2022_v1_15s_bed_elev
-41.1,24.5,-4771.43,ETOPO_2022_v1_15s_bed_elev
-41.0,24.5,-4876.41,ETOPO_2022_v1_15s_bed_elev
-40.9,24.5,-4692.57,ETOPO_2022_v1_15s_bed_elev
-40.8,24.5,-4679.99,ETOPO_2022_v1_15s_bed_elev
-40.7,24.5,-4586.28,ETOPO_2022_v1_15s_bed_elev
-40.6,24.5,-4696.73,ETOPO_2022_v1_15s_bed_elev
-40.5,24.5,-5021.15,ETOPO_2022_v1_15s_bed_elev
-40.4,24.5,-4977.85,ETOPO_2022_v1_15s_bed_elev
-40.3,24.5,-4854.48,ETOPO_2022_v1_15s_bed_elev
-40.2,24.5,-4646.43,ETOPO_2022_v1_15s_bed_elev
-40.1,24.5,-5004.39,ETOPO_2022_v1_15s_bed_elev
-40.0,24.5,-4882.11,ETOPO_2022_v1_15s_bed_elev
-39.9,24.5,-4533.64,ETOPO_2022_v1_15s_bed_elev
-39.8,24.5,-4864.04,ETOPO_2022_v1_15s_bed_elev
-39.7,24.5,-4926.75,ETOPO_2022_v1_15s_bed_elev
-39.6,24.5,-5010.49,ETOPO_2022_v1_15s_bed_elev
-39.5,24.5,-4611.82,ETOPO_2022_v1_15s_bed_elev
-39.4,24.5,-4847.39,ETOPO_2022_v1_15s_bed_elev
-39.3,24.5,-4692.42,ETOPO_2022_v1_15s_bed_elev
-39.2,24.5,-5068.79,ETOPO_2022_v1_15s_bed_elev
-39.1,24.5,-5132.33,ETOPO_2022_v1_15s_bed_elev
-39.0,24.5,-4542.87,ETOPO_2022_v1_15s_bed_elev
-38.9,24.5,-5165.45,ETOPO_2022_v1_15s_bed_elev
-38.8,24.5,-5125.77,ETOPO_2022_v1_15s_bed_elev
-38.7,24.5,-4608.9,ETOPO_2022_v1_15s_bed_elev
-38.6,24.5,-4555.41,ETOPO_2022_v1_15s_bed_elev
-38.5,24.5,-4816.06,ETOPO_2022_v1_15s_bed_elev
-38.4,24.5,-4582.58,ETOPO_2022_v1_15s_bed_elev
-38.3,24.5,-4547.2,ETOPO_2022_v1_15s_bed_elev
-38.2,24.5,-5210.66,ETOPO_2022_v1_15s_bed_elev
-38.1,24.5,-4954.17,ETOPO_2022_v1_15s_bed_elev
-38.0,24.5,-5291.44,ETOPO_2022_v1_15s_bed_elev
-37.9,24.5,-5132.03,ETOPO_2022_v1_15s_bed_elev
-37.8,24.5,-5383.85,ETOPO_2022_v1_15s_bed_elev
-37.7,24.5,-5484.64,ETOPO_2022_v1_15s_bed_elev
-37.6,24.5,-5759.72,ETOPO_2022_v1_15s_bed_elev
-37.5,24.5,-5506.99,ETOPO_2022_v1_15s_bed_elev
-37.4,24.5,-5711.2,ETOPO_2022_v1_15s_bed_elev
-37.3,24.5,-5684.22,ETOPO_2022_v1_15s_bed_elev
-37.2,24.5,-5324.2,ETOPO_2022_v1_15s_bed_elev
-37.1,24.5,-5799.54,ETOPO_2022_v1_15s_bed_elev
-37.0,24.5,-5702.49,ETOPO_2022_v1_15s_bed_elev
-36.9,24.5,-5379.67,ETOPO_2022_v1_15s_bed_elev
-36.8,24.5,-5438.85,ETOPO_2022_v1_15s_bed_elev
-36.7,24.5,-5545.45,ETOPO_2022_v1_15s_bed_elev
-36.6,24.5,-4860.69,ETOPO_2022_v1_15s_bed_elev
-36.5,24.5,-5132.78,ETOPO_2022_v1_15s_bed_elev
-36.4,24.5,-5225.01,ETOPO_2022_v1_15s_bed_elev
-36.3,24.5,-5723.01,ETOPO_2022_v1_15s_bed_elev
-36.2,24.5,-5781.7,ETOPO_2022_v1_15s_bed_elev
-36.1,24.5,-5687.96,ETOPO_2022_v1_15s_bed_elev
-36.0,24.5,-5698.64,ETOPO_2022_v1_15s_bed_elev
-35.9,24.5,-5702.77,ETOPO_2022_v1_15s_bed_elev
-35.8,24.5,-5569.42,ETOPO_2022_v1_15s_bed_elev
-35.7,24.5,-5532.29,ETOPO_2022_v1_15s_bed_elev
-35.6,24.5,-5190.48,ETOPO_2022_v1_15s_bed_elev
-35.5,24.5,-5634.87,ETOPO_2022_v1_15s_bed_elev
-35.4,24.5,-5784.93,ETOPO_2022_v1_15s_bed_elev
-35.3,24.5,-5117.07,ETOPO_2022_v1_15s_bed_elev
-35.2,24.5,-5448.77,ETOPO_2022_v1_15s_bed_elev
-35.1,24.5,-5759.72,ETOPO_2022_v1_15s_bed_elev
-35.0,24.5,-5571.9,ETOPO_2022_v1_15s_bed_elev
-51.0,24.6,-4813.94,ETOPO_2022_v1_15s_bed_elev
-50.9,24.6,-5149.25,ETOPO_2022_v1_15s_bed_elev
-50.8,24.6,-4802.08,ETOPO_2022_v1_15s_bed_elev
-50.7,24.6,-4785.71,ETOPO_2022_v1_15s_bed_elev
-50.6,24.6,-4778.0,ETOPO_2022_v1_15s_bed_elev
-50.5,24.6,-4829.61,ETOPO_2022_v1_15s_bed_elev
-50.4,24.6,-4688.83,ETOPO_2022_v1_15s_bed_elev
-50.3,24.6,-4949.03,ETOPO_2022_v1_15s_bed_elev
-50.2,24.6,-4836.6,ETOPO_2022_v1_15s_bed_elev
-50.1,24.6,-5186.69,ETOPO_2022_v1_15s_bed_elev
-50.0,24.6,-5175.96,ETOPO_2022_v1_15s_bed_elev
-49.9,24.6,-5339.9,ETOPO_2022_v1_15s_bed_elev
-49.8,24.6,-5019.68,ETOPO_2022_v1_15s_bed_elev
-49.7,24.6,-5008.0,ETOPO_2022_v1_15s_bed_elev
-49.6,24.6,-5253.69,ETOPO_2022_v1_15s_bed_elev
-49.5,24.6,-4954.24,ETOPO_2022_v1_15s_bed_elev
-49.4,24.6,-4938.84,ETOPO_2022_v1_15s_bed_elev
-49.3,24.6,-4725.49,ETOPO_2022_v1_15s_bed_elev
-49.2,24.6,-4533.33,ETOPO_2022_v1_15s_bed_elev
-49.1,24.6,-4271.91,ETOPO_2022_v1_15s_bed_elev
-49.0,24.6,-4386.8,ETOPO_2022_v1_15s_bed_elev
-48.9,24.6,-4303.41,ETOPO_2022_v1_15s_bed_elev
-48.8,24.6,-4216.92,ETOPO_2022_v1_15s_bed_elev
-48.7,24.6,-4373.71,ETOPO_2022_v1_15s_bed_elev
-48.6,24.6,-4329.26,ETOPO_2022_v1_15s_bed_elev
-48.5,24.6,-4174.58,ETOPO_2022_v1_15s_bed_elev
-48.4,24.6,-4186.65,ETOPO_2022_v1_15s_bed_elev
-48.3,24.6,-4176.46,ETOPO_2022_v1_15s_bed_elev
-48.2,24.6,-3914.81,ETOPO_2022_v1_15s_bed_elev
-48.1,24.6,-3974.74,ETOPO_2022_v1_15s_bed_elev
-48.0,24.6,-4114.15,ETOPO_2022_v1_15s_bed_elev
-47.9,24.6,-3881.03,ETOPO_2022_v1_15s_bed_elev
-47.8,24.6,-4016.88,ETOPO_2022_v1_15s_bed_elev
-47.7,24.6,-4265.07,ETOPO_2022_v1_15s_bed_elev
-47.6,24.6,-4085.33,ETOPO_2022_v1_15s_bed_elev
-47.5,24.6,-4058.49,ETOPO_2022_v1_15s_bed_elev
-47.4,24.6,-3974.6,ETOPO_2022_v1_15s_bed_elev
-47.3,24.6,-3934.45,ETOPO_2022_v1_15s_bed_elev
-47.2,24.6,-3451.55,ETOPO_2022_v1_15s_bed_elev
-47.1,24.6,-3506.1,ETOPO_2022_v1_15s_bed_elev
-47.0,24.6,-3708.87,ETOPO_2022_v1_15s_bed_elev
-46.9,24.6,-3768.58,ETOPO_2022_v1_15s_bed_elev
-46.8,24.6,-3705.2,ETOPO_2022_v1_15s_bed_elev
-46.7,24.6,-3564.19,ETOPO_2022_v1_15s_bed_elev
-46.6,24.6,-3580.86,ETOPO_2022_v1_15s_bed_elev
-46.5,24.6,-3644.83,ETOPO_2022_v1_15s_bed_elev
-46.4,24.6,-3409.91,ETOPO_2022_v1_15s_bed_elev
-46.3,24.6,-3445.41,ETOPO_2022_v1_15s_bed_elev
-46.2,24.6,-3681.75,ETOPO_2022_v1_15s_bed_elev
-46.1,24.6,-4158.24,ETOPO_2022_v1_15s_bed_elev
-46.0,24.6,-3745.02,ETOPO_2022_v1_15s_bed_elev
-45.9,24.6,-3381.05,ETOPO_2022_v1_15s_bed_elev
-45.8,24.6,-3266.64,ETOPO_2022_v1_15s_bed_elev
-45.7,24.6,-3275.23,ETOPO_2022_v1_15s_bed_elev
-45.6,24.6,-3331.79,ETOPO_2022_v1_15s_bed_elev
-45.5,24.6,-3270.87,ETOPO_2022_v1_15s_bed_elev
-45.4,24.6,-3288.21,ETOPO_2022_v1_15s_bed_elev
-45.3,24.6,-3486.83,ETOPO_2022_v1_15s_bed_elev
-45.2,24.6,-3388.64,ETOPO_2022_v1_15s_bed_elev
-45.1,24.6,-3474.65,ETOPO_2022_v1_15s_bed_elev
-45.0,24.6,-3598.57,ETOPO_2022_v1_15s_bed_elev
-44.9,24.6,-3688.8,ETOPO_2022_v1_15s_bed_elev
-44.8,24.6,-3724.23,ETOPO_2022_v1_15s_bed_elev
-44.7,24.6,-3520.45,ETOPO_2022_v1_15s_bed_elev
-44.6,24.6,-3649.82,ETOPO_2022_v1_15s_bed_elev
-44.5,24.6,-3736.25,ETOPO_2022_v1_15s_bed_elev
-44.4,24.6,-3600.29,ETOPO_2022_v1_15s_bed_elev
-44.3,24.6,-3810.78,ETOPO_2022_v1_15s_bed_elev
-44.2,24.6,-3999.34,ETOPO_2022_v1_15s_bed_elev
-44.1,24.6,-3969.65,ETOPO_2022_v1_15s_bed_elev
-44.0,24.6,-3854.4,ETOPO_2022_v1_15s_bed_elev
-43.9,24.6,-3750.03,ETOPO_2022_v1_15s_bed_elev
-43.8,24.6,-3636.5,ETOPO_2022_v1_15s_bed_elev
-43.7,24.6,-3613.39,ETOPO_2022_v1_15s_bed_elev
-43.6,24.6,-3926.99,ETOPO_2022_v1_15s_bed_elev
-43.5,24.6,-3740.45,ETOPO_2022_v1_15s_bed_elev
-43.4,24.6,-3611.14,ETOPO_2022_v1_15s_bed_elev
-43.3,24.6,-3559.33,ETOPO_2022_v1_15s_bed_elev
-43.2,24.6,-3555.81,ETOPO_2022_v1_15s_bed_elev
-43.1,24.6,-3828.57,ETOPO_2022_v1_15s_bed_elev
-43.0,24.6,-3775.24,ETOPO_2022_v1_15s_bed_elev
-42.9,24.6,-4055.74,ETOPO_2022_v1_15s_bed_elev
-42.8,24.6,-4379.63,ETOPO_2022_v1_15s_bed_elev
-42.7,24.6,-4198.38,ETOPO_2022_v1_15s_bed_elev
-42.6,24.6,-4332.06,ETOPO_2022_v1_15s_bed_elev
-42.5,24.6,-4133.18,ETOPO_2022_v1_15s_bed_elev
-42.4,24.6,-3919.07,ETOPO_2022_v1_15s_bed_elev
-42.3,24.6,-4072.38,ETOPO_2022_v1_15s_bed_elev
-42.2,24.6,-3842.46,ETOPO_2022_v1_15s_bed_elev
-42.1,24.6,-3601.01,ETOPO_2022_v1_15s_bed_elev
-42.0,24.6,-4218.19,ETOPO_2022_v1_15s_bed_elev
-41.9,24.6,-4511.11,ETOPO_2022_v1_15s_bed_elev
-41.8,24.6,-4714.99,ETOPO_2022_v1_15s_bed_elev
-41.7,24.6,-4291.11,ETOPO_2022_v1_15s_bed_elev
-41.6,24.6,-4162.47,ETOPO_2022_v1_15s_bed_elev
-41.5,24.6,-4555.4,ETOPO_2022_v1_15s_bed_elev
-41.4,24.6,-4891.31,ETOPO_2022_v1_15s_bed_elev
-41.3,24.6,-4579.04,ETOPO_2022_v1_15s_bed_elev
-41.2,24.6,-4493.9,ETOPO_2022_v1_15s_bed_elev
-41.1,24.6,-4477.88,ETOPO_2022_v1_15s_bed_elev
-41.0,24.6,-4768.84,ETOPO_2022_v1_15s_bed_elev
-40.9,24.6,-4493.08,ETOPO_2022_v1_15s_bed_elev
-40.8,24.6,-4401.0,ETOPO_2022_v1_15s_bed_elev
-40.7,24.6,-4493.83,ETOPO_2022_v1_15s_bed_elev
-40.6,24.6,-4688.56,ETOPO_2022_v1_15s_bed_elev
-40.5,24.6,-4889.17,ETOPO_2022_v1_15s_bed_elev
-40.4,24.6,-4699.0,ETOPO_2022_v1_15s_bed_elev
-40.3,24.6,-4696.53,ETOPO_2022_v1_15s_bed_elev
-40.2,24.6,-4627.35,ETOPO_2022_v1_15s_bed_elev
-40.1,24.6,-4980.36,ETOPO_2022_v1_15s_bed_elev
-40.0,24.6,-4973.95,ETOPO_2022_v1_15s_bed_elev
-39.9,24.6,-4795.39,ETOPO_2022_v1_15s_bed_elev
-39.8,24.6,-4876.24,ETOPO_2022_v1_15s_bed_elev
-39.7,24.6,-4808.04,ETOPO_2022_v1_15s_bed_elev
-39.6,24.6,-4904.0,ETOPO_2022_v1_15s_bed_elev
-39.5,24.6,-4650.77,ETOPO_2022_v1_15s_bed_elev
-39.4,24.6,-4891.67,ETOPO_2022_v1_15s_bed_elev
-39.3,24.6,-4862.62,ETOPO_2022_v1_15s_bed_elev
-39.2,24.6,-4969.51,ETOPO_2022_v1_15s_bed_elev
-39.1,24.6,-5513.08,ETOPO_2022_v1_15s_bed_elev
-39.0,24.6,-4847.37,ETOPO_2022_v1_15s_bed_elev
-38.9,24.6,-4930.04,ETOPO_2022_v1_15s_bed_elev
-38.8,24.6,-5171.81,ETOPO_2022_v1_15s_bed_elev
-38.7,24.6,-5421.06,ETOPO_2022_v1_15s_bed_elev
-38.6,24.6,-5094.53,ETOPO_2022_v1_15s_bed_elev
-38.5,24.6,-5337.29,ETOPO_2022_v1_15s_bed_elev
-38.4,24.6,-5049.23,ETOPO_2022_v1_15s_bed_elev
-38.3,24.6,-4710.92,ETOPO_2022_v1_15s_bed_elev
-38.2,24.6,-5247.8,ETOPO_2022_v1_15s_bed_elev
-38.1,24.6,-5312.23,ETOPO_2022_v1_15s_bed_elev
-38.0,24.6,-5145.23,ETOPO_2022_v1_15s_bed_elev
-37.9,24.6,-5046.85,ETOPO_2022_v1_15s_bed_elev
-37.8,24.6,-4967.5,ETOPO_2022_v1_15s_bed_elev
-37.7,24.6,-5080.58,ETOPO_2022_v1_15s_bed_elev
-37.6,24.6,-5137.74,ETOPO_2022_v1_15s_bed_elev
-37.5,24.6,-5120.71,ETOPO_2022_v1_15s_bed_elev
-37.4,24.6,-5332.12,ETOPO_2022_v1_15s_bed_elev
-37.3,24.6,-5304.9,ETOPO_2022_v1_15s_bed_elev
-37.2,24.6,-5587.05,ETOPO_2022_v1_15s_bed_elev
-37.1,24.6,-5742.57,ETOPO_2022_v1_15s_bed_elev
-37.0,24.6,-5760.6,ETOPO_2022_v1_15s_bed_elev
-36.9,24.6,-5516.37,ETOPO_2022_v1_15s_bed_elev
-36.8,24.6,-5971.61,ETOPO_2022_v1_15s_bed_elev
-36.7,24.6,-6145.36,ETOPO_2022_v1_15s_bed_elev
-36.6,24.6,-5642.63,ETOPO_2022_v1_15s_bed_elev
-36.5,24.6,-5497.59,ETOPO_2022_v1_15s_bed_elev
-36.4,24.6,-5291.2,ETOPO_2022_v1_15s_bed_elev
-36.3,24.6,-5497.15,ETOPO_2022_v1_15s_bed_elev
-36.2,24.6,-5275.76,ETOPO_2022_v1_15s_bed_elev
-36.1,24.6,-5006.43,ETOPO_2022_v1_15s_bed_elev
-36.0,24.6,-5322.5,ETOPO_2022_v1_15s_bed_elev
-35.9,24.6,-5555.63,ETOPO_2022_v1_15s_bed_elev
-35.8,24.6,-5651.6,ETOPO_2022_v1_15s_bed_elev
-35.7,24.6,-5675.2,ETOPO_2022_v1_15s_bed_elev
-35.6,24.6,-5739.61,ETOPO_2022_v1_15s_bed_elev
-35.5,24.6,-5783.12,ETOPO_2022_v1_15s_bed_elev
-35.4,24.6,-6049.86,ETOPO_2022_v1_15s_bed_elev
-35.3,24.6,-5620.16,ETOPO_2022_v1_15s_bed_elev
-35.2,24.6,-5621.44,ETOPO_2022_v1_15s_bed_elev
-35.1,24.6,-5647.9,ETOPO_2022_v1_15s_bed_elev
-35.0,24.6,-5428.44,ETOPO_2022_v1_15s_bed_elev
-51.0,24.7,-4751.73,ETOPO_2022_v1_15s_bed_elev
-50.9,24.7,-4830.96,ETOPO_2022_v1_15s_bed_elev
-50.8,24.7,-4881.71,ETOPO_2022_v1_15s_bed_elev
-50.7,24.7,-4910.29,ETOPO_2022_v1_15s_bed_elev
-50.6,24.7,-5054.26,ETOPO_2022_v1_15s_bed_elev
-50.5,24.7,-5197.17,ETOPO_2022_v1_15s_bed_elev
-50.4,24.7,-5005.34,ETOPO_2022_v1_15s_bed_elev
-50.3,24.7,-5549.98,ETOPO_2022_v1_15s_bed_elev
-50.2,24.7,-5325.83,ETOPO_2022_v1_15s_bed_elev
-50.1,24.7,-5359.26,ETOPO_2022_v1_15s_bed_elev
-50.0,24.7,-5412.54,ETOPO_2022_v1_15s_bed_elev
-49.9,24.7,-5085.41,ETOPO_2022_v1_15s_bed_elev
-49.8,24.7,-4142.12,ETOPO_2022_v1_15s_bed_elev
-49.7,24.7,-4154.39,ETOPO_2022_v1_15s_bed_elev
-49.6,24.7,-4602.11,ETOPO_2022_v1_15s_bed_elev
-49.5,24.7,-4471.57,ETOPO_2022_v1_15s_bed_elev
-49.4,24.7,-4448.96,ETOPO_2022_v1_15s_bed_elev
-49.3,24.7,-4718.84,ETOPO_2022_v1_15s_bed_elev
-49.2,24.7,-4491.66,ETOPO_2022_v1_15s_bed_elev
-49.1,24.7,-4248.99,ETOPO_2022_v1_15s_bed_elev
-49.0,24.7,-4298.09,ETOPO_2022_v1_15s_bed_elev
-48.9,24.7,-4301.51,ETOPO_2022_v1_15s_bed_elev
-48.8,24.7,-4384.55,ETOPO_2022_v1_15s_bed_elev
-48.7,24.7,-4142.06,ETOPO_2022_v1_15s_bed_elev
-48.6,24.7,-4374.64,ETOPO_2022_v1_15s_bed_elev
-48.5,24.7,-4317.8,ETOPO_2022_v1_15s_bed_elev
-48.4,24.7,-4328.21,ETOPO_2022_v1_15s_bed_elev
-48.3,24.7,-4195.69,ETOPO_2022_v1_15s_bed_elev
-48.2,24.7,-4023.29,ETOPO_2022_v1_15s_bed_elev
-48.1,24.7,-4122.22,ETOPO_2022_v1_15s_bed_elev
-48.0,24.7,-4315.74,ETOPO_2022_v1_15s_bed_elev
-47.9,24.7,-4306.47,ETOPO_2022_v1_15s_bed_elev
-47.8,24.7,-4404.16,ETOPO_2022_v1_15s_bed_elev
-47.7,24.7,-4339.13,ETOPO_2022_v1_15s_bed_elev
-47.6,24.7,-4089.25,ETOPO_2022_v1_15s_bed_elev
-47.5,24.7,-4085.13,ETOPO_2022_v1_15s_bed_elev
-47.4,24.7,-3920.2,ETOPO_2022_v1_15s_bed_elev
-47.3,24.7,-3855.96,ETOPO_2022_v1_15s_bed_elev
-47.2,24.7,-3756.73,ETOPO_2022_v1_15s_bed_elev
-47.1,24.7,-4039.9,ETOPO_2022_v1_15s_bed_elev
-47.0,24.7,-3708.04,ETOPO_2022_v1_15s_bed_elev
-46.9,24.7,-3782.98,ETOPO_2022_v1_15s_bed_elev
-46.8,24.7,-3601.04,ETOPO_2022_v1_15s_bed_elev
-46.7,24.7,-3632.57,ETOPO_2022_v1_15s_bed_elev
-46.6,24.7,-3683.39,ETOPO_2022_v1_15s_bed_elev
-46.5,24.7,-3659.06,ETOPO_2022_v1_15s_bed_elev
-46.4,24.7,-3514.46,ETOPO_2022_v1_15s_bed_elev
-46.3,24.7,-3430.65,ETOPO_2022_v1_15s_bed_elev
-46.2,24.7,-3416.15,ETOPO_2022_v1_15s_bed_elev
-46.1,24.7,-3418.17,ETOPO_2022_v1_15s_bed_elev
-46.0,24.7,-3877.4,ETOPO_2022_v1_15s_bed_elev
-45.9,24.7,-3744.06,ETOPO_2022_v1_15s_bed_elev
-45.8,24.7,-3312.4,ETOPO_2022_v1_15s_bed_elev
-45.7,24.7,-3122.43,ETOPO_2022_v1_15s_bed_elev
-45.6,24.7,-3318.78,ETOPO_2022_v1_15s_bed_elev
-45.5,24.7,-3306.41,ETOPO_2022_v1_15s_bed_elev
-45.4,24.7,-3247.52,ETOPO_2022_v1_15s_bed_elev
-45.3,24.7,-3313.13,ETOPO_2022_v1_15s_bed_elev
-45.2,24.7,-3286.43,ETOPO_2022_v1_15s_bed_elev
-45.1,24.7,-3577.82,ETOPO_2022_v1_15s_bed_elev
-45.0,24.7,-3524.0,ETOPO_2022_v1_15s_bed_elev
-44.9,24.7,-3617.43,ETOPO_2022_v1_15s_bed_elev
-44.8,24.7,-3769.55,ETOPO_2022_v1_15s_bed_elev
-44.7,24.7,-3551.2,ETOPO_2022_v1_15s_bed_elev
-44.6,24.7,-3558.12,ETOPO_2022_v1_15s_bed_elev
-44.5,24.7,-3130.14,ETOPO_2022_v1_15s_bed_elev
-44.4,24.7,-3683.05,ETOPO_2022_v1_15s_bed_elev
-44.3,24.7,-3484.18,ETOPO_2022_v1_15s_bed_elev
-44.2,24.7,-3674.3,ETOPO_2022_v1_15s_bed_elev
-44.1,24.7,-3815.43,ETOPO_2022_v1_15s_bed_elev
-44.0,24.7,-3850.09,ETOPO_2022_v1_15s_bed_elev
-43.9,24.7,-3798.69,ETOPO_2022_v1_15s_bed_elev
-43.8,24.7,-3552.55,ETOPO_2022_v1_15s_bed_elev
-43.7,24.7,-3530.47,ETOPO_2022_v1_15s_bed_elev
-43.6,24.7,-3701.96,ETOPO_2022_v1_15s_bed_elev
-43.5,24.7,-3551.5,ETOPO_2022_v1_15s_bed_elev
-43.4,24.7,-3631.23,ETOPO_2022_v1_15s_bed_elev
-43.3,24.7,-3926.6,ETOPO_2022_v1_15s_bed_elev
-43.2,24.7,-4095.7,ETOPO_2022_v1_15s_bed_elev
-43.1,24.7,-4305.22,ETOPO_2022_v1_15s_bed_elev
-43.0,24.7,-4353.85,ETOPO_2022_v1_15s_bed_elev
-42.9,24.7,-4220.39,ETOPO_2022_v1_15s_bed_elev
-42.8,24.7,-4435.45,ETOPO_2022_v1_15s_bed_elev
-42.7,24.7,-4106.94,ETOPO_2022_v1_15s_bed_elev
-42.6,24.7,-3847.18,ETOPO_2022_v1_15s_bed_elev
-42.5,24.7,-3847.65,ETOPO_2022_v1_15s_bed_elev
-42.4,24.7,-3866.28,ETOPO_2022_v1_15s_bed_elev
-42.3,24.7,-3992.28,ETOPO_2022_v1_15s_bed_elev
-42.2,24.7,-4547.07,ETOPO_2022_v1_15s_bed_elev
-42.1,24.7,-4605.07,ETOPO_2022_v1_15s_bed_elev
-42.0,24.7,-4853.09,ETOPO_2022_v1_15s_bed_elev
-41.9,24.7,-4458.27,ETOPO_2022_v1_15s_bed_elev
-41.8,24.7,-4597.56,ETOPO_2022_v1_15s_bed_elev
-41.7,24.7,-4083.44,ETOPO_2022_v1_15s_bed_elev
-41.6,24.7,-3847.85,ETOPO_2022_v1_15s_bed_elev
-41.5,24.7,-4124.46,ETOPO_2022_v1_15s_bed_elev
-41.4,24.7,-4546.92,ETOPO_2022_v1_15s_bed_elev
-41.3,24.7,-4744.38,ETOPO_2022_v1_15s_bed_elev
-41.2,24.7,-4475.96,ETOPO_2022_v1_15s_bed_elev
-41.1,24.7,-4499.16,ETOPO_2022_v1_15s_bed_elev
-41.0,24.7,-4733.64,ETOPO_2022_v1_15s_bed_elev
-40.9,24.7,-4690.91,ETOPO_2022_v1_15s_bed_elev
-40.8,24.7,-4721.12,ETOPO_2022_v1_15s_bed_elev
-40.7,24.7,-4658.94,ETOPO_2022_v1_15s_bed_elev
-40.6,24.7,-4662.35,ETOPO_2022_v1_15s_bed_elev
-40.5,24.7,-4707.38,ETOPO_2022_v1_15s_bed_elev
-40.4,24.7,-4409.83,ETOPO_2022_v1_15s_bed_elev
-40.3,24.7,-4492.34,ETOPO_2022_v1_15s_bed_elev
-40.2,24.7,-4909.17,ETOPO_2022_v1_15s_bed_elev
-40.1,24.7,-4834.56,ETOPO_2022_v1_15s_bed_elev
-40.0,24.7,-4739.62,ETOPO_2022_v1_15s_bed_elev
-39.9,24.7,-4690.18,ETOPO_2022_v1_15s_bed_elev
-39.8,24.7,-4901.69,ETOPO_2022_v1_15s_bed_elev
-39.7,24.7,-4795.9,ETOPO_2022_v1_15s_bed_elev
-39.6,24.7,-4755.45,ETOPO_2022_v1_15s_bed_elev
-39.5,24.7,-4734.97,ETOPO_2022_v1_15s_bed_elev
-39.4,24.7,-4839.44,ETOPO_2022_v1_15s_bed_elev
-39.3,24.7,-4584.69,ETOPO_2022_v1_15s_bed_elev
-39.2,24.7,-4989.22,ETOPO_2022_v1_15s_bed_elev
-39.1,24.7,-5271.81,ETOPO_2022_v1_15s_bed_elev
-39.0,24.7,-5207.57,ETOPO_2022_v1_15s_bed_elev
-38.9,24.7,-4763.16,ETOPO_2022_v1_15s_bed_elev
-38.8,24.7,-4872.97,ETOPO_2022_v1_15s_bed_elev
-38.7,24.7,-5033.2,ETOPO_2022_v1_15s_bed_elev
-38.6,24.7,-5385.56,ETOPO_2022_v1_15s_bed_elev
-38.5,24.7,-5680.22,ETOPO_2022_v1_15s_bed_elev
-38.4,24.7,-5467.08,ETOPO_2022_v1_15s_bed_elev
-38.3,24.7,-5512.21,ETOPO_2022_v1_15s_bed_elev
-38.2,24.7,-5580.73,ETOPO_2022_v1_15s_bed_elev
-38.1,24.7,-5604.48,ETOPO_2022_v1_15s_bed_elev
-38.0,24.7,-5284.79,ETOPO_2022_v1_15s_bed_elev
-37.9,24.7,-5213.08,ETOPO_2022_v1_15s_bed_elev
-37.8,24.7,-4886.1,ETOPO_2022_v1_15s_bed_elev
-37.7,24.7,-5210.28,ETOPO_2022_v1_15s_bed_elev
-37.6,24.7,-5059.52,ETOPO_2022_v1_15s_bed_elev
-37.5,24.7,-5037.11,ETOPO_2022_v1_15s_bed_elev
-37.4,24.7,-5029.8,ETOPO_2022_v1_15s_bed_elev
-37.3,24.7,-5051.21,ETOPO_2022_v1_15s_bed_elev
-37.2,24.7,-5433.11,ETOPO_2022_v1_15s_bed_elev
-37.1,24.7,-5502.78,ETOPO_2022_v1_15s_bed_elev
-37.0,24.7,-5677.7,ETOPO_2022_v1_15s_bed_elev
-36.9,24.7,-5610.78,ETOPO_2022_v1_15s_bed_elev
-36.8,24.7,-5870.71,ETOPO_2022_v1_15s_bed_elev
-36.7,24.7,-5967.96,ETOPO_2022_v1_15s_bed_elev
-36.6,24.7,-5906.03,ETOPO_2022_v1_15s_bed_elev
-36.5,24.7,-6057.9,ETOPO_2022_v1_15s_bed_elev
-36.4,24.7,-6181.88,ETOPO_2022_v1_15s_bed_elev
-36.3,24.7,-5747.54,ETOPO_2022_v1_15s_bed_elev
-36.2,24.7,-5131.87,ETOPO_2022_v1_15s_bed_elev
-36.1,24.7,-5045.74,ETOPO_2022_v1_15s_bed_elev
-36.0,24.7,-5215.03,ETOPO_2022_v1_15s_bed_elev
-35.9,24.7,-5506.99,ETOPO_2022_v1_15s_bed_elev
-35.8,24.7,-5709.17,ETOPO_2022_v1_15s_bed_elev
-35.7,24.7,-5611.42,ETOPO_2022_v1_15s_bed_elev
-35.6,24.7,-5892.32,ETOPO_2022_v1_15s_bed_elev
-35.5,24.7,-5997.84,ETOPO_2022_v1_15s_bed_elev
-35.4,24.7,-5678.55,ETOPO_2022_v1_15s_bed_elev
-35.3,24.7,-5862.56,ETOPO_2022_v1_15s_bed_elev
-35.2,24.7,-5461.67,ETOPO_2022_v1_15s_bed_elev
-35.1,24.7,-6071.13,ETOPO_2022_v1_15s_bed_elev
-35.0,24.7,-5968.63,ETOPO_2022_v1_15s_bed_elev
-51.0,24.8,-5241.86,ETOPO_2022_v1_15s_bed_elev
-50.9,24.8,-5508.34,ETOPO_2022_v1_15s_bed_elev
-50.8,24.8,-5429.75,ETOPO_2022_v1_15s_bed_elev
-50.7,24.8,-5288.56,ETOPO_2022_v1_15s_bed_elev
-50.6,24.8,-5210.94,ETOPO_2022_v1_15s_bed_elev
-50.5,24.8,-5153.58,ETOPO_2022_v1_15s_bed_elev
-50.4,24.8,-4944.14,ETOPO_2022_v1_15s_bed_elev
-50.3,24.8,-5159.34,ETOPO_2022_v1_15s_bed_elev
-50.2,24.8,-4873.41,ETOPO_2022_v1_15s_bed_elev
-50.1,24.8,-4956.24,ETOPO_2022_v1_15s_bed_elev
-50.0,24.8,-5229.59,ETOPO_2022_v1_15s_bed_elev
-49.9,24.8,-4967.64,ETOPO_2022_v1_15s_bed_elev
-49.8,24.8,-5193.74,ETOPO_2022_v1_15s_bed_elev
-49.7,24.8,-4710.06,ETOPO_2022_v1_15s_bed_elev
-49.6,24.8,-4302.39,ETOPO_2022_v1_15s_bed_elev
-49.5,24.8,-4398.96,ETOPO_2022_v1_15s_bed_elev
-49.4,24.8,-4581.39,ETOPO_2022_v1_15s_bed_elev
-49.3,24.8,-4545.49,ETOPO_2022_v1_15s_bed_elev
-49.2,24.8,-4402.48,ETOPO_2022_v1_15s_bed_elev
-49.1,24.8,-4481.4,ETOPO_2022_v1_15s_bed_elev
-49.0,24.8,-4411.3,ETOPO_2022_v1_15s_bed_elev
-48.9,24.8,-4501.11,ETOPO_2022_v1_15s_bed_elev
-48.8,24.8,-4554.18,ETOPO_2022_v1_15s_bed_elev
-48.7,24.8,-4344.8,ETOPO_2022_v1_15s_bed_elev
-48.6,24.8,-4479.38,ETOPO_2022_v1_15s_bed_elev
-48.5,24.8,-4576.27,ETOPO_2022_v1_15s_bed_elev
-48.4,24.8,-4635.02,ETOPO_2022_v1_15s_bed_elev
-48.3,24.8,-4450.88,ETOPO_2022_v1_15s_bed_elev
-48.2,24.8,-4522.06,ETOPO_2022_v1_15s_bed_elev
-48.1,24.8,-4548.93,ETOPO_2022_v1_15s_bed_elev
-48.0,24.8,-4629.08,ETOPO_2022_v1_15s_bed_elev
-47.9,24.8,-4577.67,ETOPO_2022_v1_15s_bed_elev
-47.8,24.8,-4333.99,ETOPO_2022_v1_15s_bed_elev
-47.7,24.8,-4195.68,ETOPO_2022_v1_15s_bed_elev
-47.6,24.8,-3953.08,ETOPO_2022_v1_15s_bed_elev
-47.5,24.8,-3929.35,ETOPO_2022_v1_15s_bed_elev
-47.4,24.8,-4071.51,ETOPO_2022_v1_15s_bed_elev
-47.3,24.8,-4103.9,ETOPO_2022_v1_15s_bed_elev
-47.2,24.8,-3902.24,ETOPO_2022_v1_15s_bed_elev
-47.1,24.8,-4068.48,ETOPO_2022_v1_15s_bed_elev
-47.0,24.8,-3877.5,ETOPO_2022_v1_15s_bed_elev
-46.9,24.8,-3803.9,ETOPO_2022_v1_15s_bed_elev
-46.8,24.8,-3288.94,ETOPO_2022_v1_15s_bed_elev
-46.7,24.8,-3379.65,ETOPO_2022_v1_15s_bed_elev
-46.6,24.8,-3553.19,ETOPO_2022_v1_15s_bed_elev
-46.5,24.8,-3641.22,ETOPO_2022_v1_15s_bed_elev
-46.4,24.8,-3625.18,ETOPO_2022_v1_15s_bed_elev
-46.3,24.8,-3429.34,ETOPO_2022_v1_15s_bed_elev
-46.2,24.8,-3297.04,ETOPO_2022_v1_15s_bed_elev
-46.1,24.8,-3225.01,ETOPO_2022_v1_15s_bed_elev
-46.0,24.8,-3380.25,ETOPO_2022_v1_15s_bed_elev
-45.9,24.8,-3877.45,ETOPO_2022_v1_15s_bed_elev
-45.8,24.8,-4103.82,ETOPO_2022_v1_15s_bed_elev
-45.7,24.8,-3595.36,ETOPO_2022_v1_15s_bed_elev
-45.6,24.8,-3498.31,ETOPO_2022_v1_15s_bed_elev
-45.5,24.8,-3481.35,ETOPO_2022_v1_15s_bed_elev
-45.4,24.8,-3412.49,ETOPO_2022_v1_15s_bed_elev
-45.3,24.8,-3296.89,ETOPO_2022_v1_15s_bed_elev
-45.2,24.8,-3349.5,ETOPO_2022_v1_15s_bed_elev
-45.1,24.8,-3427.85,ETOPO_2022_v1_15s_bed_elev
-45.0,24.8,-3338.1,ETOPO_2022_v1_15s_bed_elev
-44.9,24.8,-3245.87,ETOPO_2022_v1_15s_bed_elev
-44.8,24.8,-3447.08,ETOPO_2022_v1_15s_bed_elev
-44.7,24.8,-3611.92,ETOPO_2022_v1_15s_bed_elev
-44.6,24.8,-3356.72,ETOPO_2022_v1_15s_bed_elev
-44.5,24.8,-3369.2,ETOPO_2022_v1_15s_bed_elev
-44.4,24.8,-3796.94,ETOPO_2022_v1_15s_bed_elev
-44.3,24.8,-3319.86,ETOPO_2022_v1_15s_bed_elev
-44.2,24.8,-3303.38,ETOPO_2022_v1_15s_bed_elev
-44.1,24.8,-3617.66,ETOPO_2022_v1_15s_bed_elev
-44.0,24.8,-3731.54,ETOPO_2022_v1_15s_bed_elev
-43.9,24.8,-3692.52,ETOPO_2022_v1_15s_bed_elev
-43.8,24.8,-3459.2,ETOPO_2022_v1_15s_bed_elev
-43.7,24.8,-3516.07,ETOPO_2022_v1_15s_bed_elev
-43.6,24.8,-3623.86,ETOPO_2022_v1_15s_bed_elev
-43.5,24.8,-3562.67,ETOPO_2022_v1_15s_bed_elev
-43.4,24.8,-4162.64,ETOPO_2022_v1_15s_bed_elev
-43.3,24.8,-4383.09,ETOPO_2022_v1_15s_bed_elev
-43.2,24.8,-4247.82,ETOPO_2022_v1_15s_bed_elev
-43.1,24.8,-4197.25,ETOPO_2022_v1_15s_bed_elev
-43.0,24.8,-4323.4,ETOPO_2022_v1_15s_bed_elev
-42.9,24.8,-4590.99,ETOPO_2022_v1_15s_bed_elev
-42.8,24.8,-4363.83,ETOPO_2022_v1_15s_bed_elev
-42.7,24.8,-4360.19,ETOPO_2022_v1_15s_bed_elev
-42.6,24.8,-4197.17,ETOPO_2022_v1_15s_bed_elev
-42.5,24.8,-4214.9,ETOPO_2022_v1_15s_bed_elev
-42.4,24.8,-4449.25,ETOPO_2022_v1_15s_bed_elev
-42.3,24.8,-4676.51,ETOPO_2022_v1_15s_bed_elev
-42.2,24.8,-4868.12,ETOPO_2022_v1_15s_bed_elev
-42.1,24.8,-4692.45,ETOPO_2022_v1_15s_bed_elev
-42.0,24.8,-4736.96,ETOPO_2022_v1_15s_bed_elev
-41.9,24.8,-4531.75,ETOPO_2022_v1_15s_bed_elev
-41.8,24.8,-4585.89,ETOPO_2022_v1_15s_bed_elev
-41.7,24.8,-4653.72,ETOPO_2022_v1_15s_bed_elev
-41.6,24.8,-4248.43,ETOPO_2022_v1_15s_bed_elev
-41.5,24.8,-4102.14,ETOPO_2022_v1_15s_bed_elev
-41.4,24.8,-4101.58,ETOPO_2022_v1_15s_bed_elev
-41.3,24.8,-4330.19,ETOPO_2022_v1_15s_bed_elev
-41.2,24.8,-4506.34,ETOPO_2022_v1_15s_bed_elev
-41.1,24.8,-4287.61,ETOPO_2022_v1_15s_bed_elev
-41.0,24.8,-4444.87,ETOPO_2022_v1_15s_bed_elev
-40.9,24.8,-4584.58,ETOPO_2022_v1_15s_bed_elev
-40.8,24.8,-4909.81,ETOPO_2022_v1_15s_bed_elev
-40.7,24.8,-4600.91,ETOPO_2022_v1_15s_bed_elev
-40.6,24.8,-4605.96,ETOPO_2022_v1_15s_bed_elev
-40.5,24.8,-4757.38,ETOPO_2022_v1_15s_bed_elev
-40.4,24.8,-4553.97,ETOPO_2022_v1_15s_bed_elev
-40.3,24.8,-4488.48,ETOPO_2022_v1_15s_bed_elev
-40.2,24.8,-4830.15,ETOPO_2022_v1_15s_bed_elev
-40.1,24.8,-4841.49,ETOPO_2022_v1_15s_bed_elev
-40.0,24.8,-4699.43,ETOPO_2022_v1_15s_bed_elev
-39.9,24.8,-4880.07,ETOPO_2022_v1_15s_bed_elev
-39.8,24.8,-4833.2,ETOPO_2022_v1_15s_bed_elev
-39.7,24.8,-4971.29,ETOPO_2022_v1_15s_bed_elev
-39.6,24.8,-4931.0,ETOPO_2022_v1_15s_bed_elev
-39.5,24.8,-4708.12,ETOPO_2022_v1_15s_bed_elev
-39.4,24.8,-4737.71,ETOPO_2022_v1_15s_bed_elev
-39.3,24.8,-4767.05,ETOPO_2022_v1_15s_bed_elev
-39.2,24.8,-4909.83,ETOPO_2022_v1_15s_bed_elev
-39.1,24.8,-5005.69,ETOPO_2022_v1_15s_bed_elev
-39.0,24.8,-5074.7,ETOPO_2022_v1_15s_bed_elev
-38.9,24.8,-5008.91,ETOPO_2022_v1_15s_bed_elev
-38.8,24.8,-4801.3,ETOPO_2022_v1_15s_bed_elev
-38.7,24.8,-4697.06,ETOPO_2022_v1_15s_bed_elev
-38.6,24.8,-4868.56,ETOPO_2022_v1_15s_bed_elev
-38.5,24.8,-5094.24,ETOPO_2022_v1_15s_bed_elev
-38.4,24.8,-5178.19,ETOPO_2022_v1_15s_bed_elev
-38.3,24.8,-5307.49,ETOPO_2022_v1_15s_bed_elev
-38.2,24.8,-5249.53,ETOPO_2022_v1_15s_bed_elev
-38.1,24.8,-5309.48,ETOPO_2022_v1_15s_bed_elev
-38.0,24.8,-5212.85,ETOPO_2022_v1_15s_bed_elev
-37.9,24.8,-5375.21,ETOPO_2022_v1_15s_bed_elev
-37.8,24.8,-4997.92,ETOPO_2022_v1_15s_bed_elev
-37.7,24.8,-5033.41,ETOPO_2022_v1_15s_bed_elev
-37.6,24.8,-5508.45,ETOPO_2022_v1_15s_bed_elev
-37.5,24.8,-5411.61,ETOPO_2022_v1_15s_bed_elev
-37.4,24.8,-5003.58,ETOPO_2022_v1_15s_bed_elev
-37.3,24.8,-5305.69,ETOPO_2022_v1_15s_bed_elev
-37.2,24.8,-5329.38,ETOPO_2022_v1_15s_bed_elev
-37.1,24.8,-5138.35,ETOPO_2022_v1_15s_bed_elev
-37.0,24.8,-5377.41,ETOPO_2022_v1_15s_bed_elev
-36.9,24.8,-5332.34,ETOPO_2022_v1_15s_bed_elev
-36.8,24.8,-5602.62,ETOPO_2022_v1_15s_bed_elev
-36.7,24.8,-5708.04,ETOPO_2022_v1_15s_bed_elev
-36.6,24.8,-5419.42,ETOPO_2022_v1_15s_bed_elev
-36.5,24.8,-5471.98,ETOPO_2022_v1_15s_bed_elev
-36.4,24.8,-5827.03,ETOPO_2022_v1_15s_bed_elev
-36.3,24.8,-5875.51,ETOPO_2022_v1_15s_bed_elev
-36.2,24.8,-5628.47,ETOPO_2022_v1_15s_bed_elev
-36.1,24.8,-5953.45,ETOPO_2022_v1_15s_bed_elev
-36.0,24.8,-5713.08,ETOPO_2022_v1_15s_bed_elev
-35.9,24.8,-5615.91,ETOPO_2022_v1_15s_bed_elev
-35.8,24.8,-5757.21,ETOPO_2022_v1_15s_bed_elev
-35.7,24.8,-5584.0,ETOPO_2022_v1_15s_bed_elev
-35.6,24.8,-5558.65,ETOPO_2022_v1_15s_bed_elev
-35.5,24.8,-5784.41,ETOPO_2022_v1_15s_bed_elev
-35.4,24.8,-5787.61,ETOPO_2022_v1_15s_bed_elev
-35.3,24.8,-6008.87,ETOPO_2022_v1_15s_bed_elev
-35.2,24.8,-5529.78,ETOPO_2022_v1_15s_bed_elev
-35.1,24.8,-5560.04,ETOPO_2022_v1_15s_bed_elev
-35.0,24.8,-5609.18,ETOPO_2022_v1_15s_bed_elev
-51.0,24.9,-5463.33,ETOPO_2022_v1_15s_bed_elev
-50.9,24.9,-5514.11,ETOPO_2022_v1_15s_bed_elev
-50.8,24.9,-5378.22,ETOPO_2022_v1_15s_bed_elev
-50.7,24.9,-4856.95,ETOPO_2022_v1_15s_bed_elev
-50.6,24.9,-4782.06,ETOPO_2022_v1_15s_bed_elev
-50.5,24.9,-4821.29,ETOPO_2022_v1_15s_bed_elev
-50.4,24.9,-4857.05,ETOPO_2022_v1_15s_bed_elev
-50.3,24.9,-4997.5,ETOPO_2022_v1_15s_bed_elev
-50.2,24.9,-4886.67,ETOPO_2022_v1_15s_bed_elev
-50.1,24.9,-4723.9,ETOPO_2022_v1_15s_bed_elev
-50.0,24.9,-5135.43,ETOPO_2022_v1_15s_bed_elev
-49.9,24.9,-5451.38,ETOPO_2022_v1_15s_bed_elev
-49.8,24.9,-4912.64,ETOPO_2022_v1_15s_bed_elev
-49.7,24.9,-5022.86,ETOPO_2022_v1_15s_bed_elev
-49.6,24.9,-4428.15,ETOPO_2022_v1_15s_bed_elev
-49.5,24.9,-4436.73,ETOPO_2022_v1_15s_bed_elev
-49.4,24.9,-4539.28,ETOPO_2022_v1_15s_bed_elev
-49.3,24.9,-4813.04,ETOPO_2022_v1_15s_bed_elev
-49.2,24.9,-4609.82,ETOPO_2022_v1_15s_bed_elev
-49.1,24.9,-4776.23,ETOPO_2022_v1_15s_bed_elev
-49.0,24.9,-4957.8,ETOPO_2022_v1_15s_bed_elev
-48.9,24.9,-4938.68,ETOPO_2022_v1_15s_bed_elev
-48.8,24.9,-4607.2,ETOPO_2022_v1_15s_bed_elev
-48.7,24.9,-4608.99,ETOPO_2022_v1_15s_bed_elev
-48.6,24.9,-4763.51,ETOPO_2022_v1_15s_bed_elev
-48.5,24.9,-5048.03,ETOPO_2022_v1_15s_bed_elev
-48.4,24.9,-4994.66,ETOPO_2022_v1_15s_bed_elev
-48.3,24.9,-4919.82,ETOPO_2022_v1_15s_bed_elev
-48.2,24.9,-4318.93,ETOPO_2022_v1_15s_bed_elev
-48.1,24.9,-3942.83,ETOPO_2022_v1_15s_bed_elev
-48.0,24.9,-3893.74,ETOPO_2022_v1_15s_bed_elev
-47.9,24.9,-4100.56,ETOPO_2022_v1_15s_bed_elev
-47.8,24.9,-4416.13,ETOPO_2022_v1_15s_bed_elev
-47.7,24.9,-4002.9,ETOPO_2022_v1_15s_bed_elev
-47.6,24.9,-4098.82,ETOPO_2022_v1_15s_bed_elev
-47.5,24.9,-4362.29,ETOPO_2022_v1_15s_bed_elev
-47.4,24.9,-4165.61,ETOPO_2022_v1_15s_bed_elev
-47.3,24.9,-3791.34,ETOPO_2022_v1_15s_bed_elev
-47.2,24.9,-3754.9,ETOPO_2022_v1_15s_bed_elev
-47.1,24.9,-3242.53,ETOPO_2022_v1_15s_bed_elev
-47.0,24.9,-3443.72,ETOPO_2022_v1_15s_bed_elev
-46.9,24.9,-3871.89,ETOPO_2022_v1_15s_bed_elev
-46.8,24.9,-3697.21,ETOPO_2022_v1_15s_bed_elev
-46.7,24.9,-3734.53,ETOPO_2022_v1_15s_bed_elev
-46.6,24.9,-3578.93,ETOPO_2022_v1_15s_bed_elev
-46.5,24.9,-3414.31,ETOPO_2022_v1_15s_bed_elev
-46.4,24.9,-3304.43,ETOPO_2022_v1_15s_bed_elev
-46.3,24.9,-3391.68,ETOPO_2022_v1_15s_bed_elev
-46.2,24.9,-3446.8,ETOPO_2022_v1_15s_bed_elev
-46.1,24.9,-2985.62,ETOPO_2022_v1_15s_bed_elev
-46.0,24.9,-3008.88,ETOPO_2022_v1_15s_bed_elev
-45.9,24.9,-3259.85,ETOPO_2022_v1_15s_bed_elev
-45.8,24.9,-3821.44,ETOPO_2022_v1_15s_bed_elev
-45.7,24.9,-4021.93,ETOPO_2022_v1_15s_bed_elev
-45.6,24.9,-4197.92,ETOPO_2022_v1_15s_bed_elev
-45.5,24.9,-3812.2,ETOPO_2022_v1_15s_bed_elev
-45.4,24.9,-3710.48,ETOPO_2022_v1_15s_bed_elev
-45.3,24.9,-3533.24,ETOPO_2022_v1_15s_bed_elev
-45.2,24.9,-3359.37,ETOPO_2022_v1_15s_bed_elev
-45.1,24.9,-3303.75,ETOPO_2022_v1_15s_bed_elev
-45.0,24.9,-3316.12,ETOPO_2022_v1_15s_bed_elev
-44.9,24.9,-3161.06,ETOPO_2022_v1_15s_bed_elev
-44.8,24.9,-2922.7,ETOPO_2022_v1_15s_bed_elev
-44.7,24.9,-3303.8,ETOPO_2022_v1_15s_bed_elev
-44.6,24.9,-3293.74,ETOPO_2022_v1_15s_bed_elev
-44.5,24.9,-3383.28,ETOPO_2022_v1_15s_bed_elev
-44.4,24.9,-3580.67,ETOPO_2022_v1_15s_bed_elev
-44.3,24.9,-3500.89,ETOPO_2022_v1_15s_bed_elev
-44.2,24.9,-3037.73,ETOPO_2022_v1_15s_bed_elev
-44.1,24.9,-3527.27,ETOPO_2022_v1_15s_bed_elev
-44.0,24.9,-3399.23,ETOPO_2022_v1_15s_bed_elev
-43.9,24.9,-3279.17,ETOPO_2022_v1_15s_bed_elev
-43.8,24.9,-3505.87,ETOPO_2022_v1_15s_bed_elev
-43.7,24.9,-3995.06,ETOPO_2022_v1_15s_bed_elev
-43.6,24.9,-4190.58,ETOPO_2022_v1_15s_bed_elev
-43.5,24.9,-4488.14,ETOPO_2022_v1_15s_bed_elev
-43.4,24.9,-4540.54,ETOPO_2022_v1_15s_bed_elev
-43.3,24.9,-4462.91,ETOPO_2022_v1_15s_bed_elev
-43.2,24.9,-4413.69,ETOPO_2022_v1_15s_bed_elev
-43.1,24.9,-4233.05,ETOPO_2022_v1_15s_bed_elev
-43.0,24.9,-4473.17,ETOPO_2022_v1_15s_bed_elev
-42.9,24.9,-4215.01,ETOPO_2022_v1_15s_bed_elev
-42.8,24.9,-4160.56,ETOPO_2022_v1_15s_bed_elev
-42.7,24.9,-4220.07,ETOPO_2022_v1_15s_bed_elev
-42.6,24.9,-4321.12,ETOPO_2022_v1_15s_bed_elev
-42.5,24.9,-4603.86,ETOPO_2022_v1_15s_bed_elev
-42.4,24.9,-4278.56,ETOPO_2022_v1_15s_bed_elev
-42.3,24.9,-4105.05,ETOPO_2022_v1_15s_bed_elev
-42.2,24.9,-4354.9,ETOPO_2022_v1_15s_bed_elev
-42.1,24.9,-4134.29,ETOPO_2022_v1_15s_bed_elev
-42.0,24.9,-4311.58,ETOPO_2022_v1_15s_bed_elev
-41.9,24.9,-4401.06,ETOPO_2022_v1_15s_bed_elev
-41.8,24.9,-4299.28,ETOPO_2022_v1_15s_bed_elev
-41.7,24.9,-4629.89,ETOPO_2022_v1_15s_bed_elev
-41.6,24.9,-4345.22,ETOPO_2022_v1_15s_bed_elev
-41.5,24.9,-4164.36,ETOPO_2022_v1_15s_bed_elev
-41.4,24.9,-3903.29,ETOPO_2022_v1_15s_bed_elev
-41.3,24.9,-3860.73,ETOPO_2022_v1_15s_bed_elev
-41.2,24.9,-4276.01,ETOPO_2022_v1_15s_bed_elev
-41.1,24.9,-4299.16,ETOPO_2022_v1_15s_bed_elev
-41.0,24.9,-4100.04,ETOPO_2022_v1_15s_bed_elev
-40.9,24.9,-4251.33,ETOPO_2022_v1_15s_bed_elev
-40.8,24.9,-4708.88,ETOPO_2022_v1_15s_bed_elev
-40.7,24.9,-4652.7,ETOPO_2022_v1_15s_bed_elev
-40.6,24.9,-4677.68,ETOPO_2022_v1_15s_bed_elev
-40.5,24.9,-5008.87,ETOPO_2022_v1_15s_bed_elev
-40.4,24.9,-4873.79,ETOPO_2022_v1_15s_bed_elev
-40.3,24.9,-4818.86,ETOPO_2022_v1_15s_bed_elev
-40.2,24.9,-4732.17,ETOPO_2022_v1_15s_bed_elev
-40.1,24.9,-4929.92,ETOPO_2022_v1_15s_bed_elev
-40.0,24.9,-4926.64,ETOPO_2022_v1_15s_bed_elev
-39.9,24.9,-5120.44,ETOPO_2022_v1_15s_bed_elev
-39.8,24.9,-4882.35,ETOPO_2022_v1_15s_bed_elev
-39.7,24.9,-4853.17,ETOPO_2022_v1_15s_bed_elev
-39.6,24.9,-5170.45,ETOPO_2022_v1_15s_bed_elev
-39.5,24.9,-4893.88,ETOPO_2022_v1_15s_bed_elev
-39.4,24.9,-4816.57,ETOPO_2022_v1_15s_bed_elev
-39.3,24.9,-5036.45,ETOPO_2022_v1_15s_bed_elev
-39.2,24.9,-4947.77,ETOPO_2022_v1_15s_bed_elev
-39.1,24.9,-4447.83,ETOPO_2022_v1_15s_bed_elev
-39.0,24.9,-4717.35,ETOPO_2022_v1_15s_bed_elev
-38.9,24.9,-5185.91,ETOPO_2022_v1_15s_bed_elev
-38.8,24.9,-4923.29,ETOPO_2022_v1_15s_bed_elev
-38.7,24.9,-4937.62,ETOPO_2022_v1_15s_bed_elev
-38.6,24.9,-4658.06,ETOPO_2022_v1_15s_bed_elev
-38.5,24.9,-4493.55,ETOPO_2022_v1_15s_bed_elev
-38.4,24.9,-4831.3,ETOPO_2022_v1_15s_bed_elev
-38.3,24.9,-4965.7,ETOPO_2022_v1_15s_bed_elev
-38.2,24.9,-5088.1,ETOPO_2022_v1_15s_bed_elev
-38.1,24.9,-5159.52,ETOPO_2022_v1_15s_bed_elev
-38.0,24.9,-4964.93,ETOPO_2022_v1_15s_bed_elev
-37.9,24.9,-5180.79,ETOPO_2022_v1_15s_bed_elev
-37.8,24.9,-5471.82,ETOPO_2022_v1_15s_bed_elev
-37.7,24.9,-5283.79,ETOPO_2022_v1_15s_bed_elev
-37.6,24.9,-5325.82,ETOPO_2022_v1_15s_bed_elev
-37.5,24.9,-5380.22,ETOPO_2022_v1_15s_bed_elev
-37.4,24.9,-5436.05,ETOPO_2022_v1_15s_bed_elev
-37.3,24.9,-5657.29,ETOPO_2022_v1_15s_bed_elev
-37.2,24.9,-5305.52,ETOPO_2022_v1_15s_bed_elev
-37.1,24.9,-4811.53,ETOPO_2022_v1_15s_bed_elev
-37.0,24.9,-4970.29,ETOPO_2022_v1_15s_bed_elev
-36.9,24.9,-5059.23,ETOPO_2022_v1_15s_bed_elev
-36.8,24.9,-5057.42,ETOPO_2022_v1_15s_bed_elev
-36.7,24.9,-5275.7,ETOPO_2022_v1_15s_bed_elev
-36.6,24.9,-5524.05,ETOPO_2022_v1_15s_bed_elev
-36.5,24.9,-5374.13,ETOPO_2022_v1_15s_bed_elev
-36.4,24.9,-4967.46,ETOPO_2022_v1_15s_bed_elev
-36.3,24.9,-5068.51,ETOPO_2022_v1_15s_bed_elev
-36.2,24.9,-5182.62,ETOPO_2022_v1_15s_bed_elev
-36.1,24.9,-5537.59,ETOPO_2022_v1_15s_bed_elev
-36.0,24.9,-5526.16,ETOPO_2022_v1_15s_bed_elev
-35.9,24.9,-5367.25,ETOPO_2022_v1_15s_bed_elev
-35.8,24.9,-5882.43,ETOPO_2022_v1_15s_bed_elev
-35.7,24.9,-5991.55,ETOPO_2022_v1_15s_bed_elev
-35.6,24.9,-5858.61,ETOPO_2022_v1_15s_bed_elev
-35.5,24.9,-5703.33,ETOPO_2022_v1_15s_bed_elev
-35.4,24.9,-5427.53,ETOPO_2022_v1_15s_bed_elev
-35.3,24.9,-5638.48,ETOPO_2022_v1_15s_bed_elev
-35.2,24.9,-5851.65,ETOPO_2022_v1_15s_bed_elev
-35.1,24.9,-5625.29,ETOPO_2022_v1_15s_bed_elev
-35.0,24.9,-5234.37,ETOPO_2022_v1_15s_bed_elev
-51.0,25.0,-5113.75,ETOPO_2022_v1_15s_bed_elev
-50.9,25.0,-4801.71,ETOPO_2022_v1_15s_bed_elev
-50.8,25.0,-4965.55,ETOPO_2022_v1_15s_bed_elev
-50.7,25.0,-4834.8,ETOPO_2022_v1_15s_bed_elev
-50.6,25.0,-4843.03,ETOPO_2022_v1_15s_bed_elev
-50.5,25.0,-4649.17,ETOPO_2022_v1_15s_bed_elev
-50.4,25.0,-4313.76,ETOPO_2022_v1_15s_bed_elev
-50.3,25.0,-4610.57,ETOPO_2022_v1_15s_bed_elev
-50.2,25.0,-4791.25,ETOPO_2022_v1_15s_bed_elev
-50.1,25.0,-4986.93,ETOPO_2022_v1_15s_bed_elev
-50.0,25.0,-4967.85,ETOPO_2022_v1_15s_bed_elev
-49.9,25.0,-4802.09,ETOPO_2022_v1_15s_bed_elev
-49.8,25.0,-4595.92,ETOPO_2022_v1_15s_bed_elev
-49.7,25.0,-4702.15,ETOPO_2022_v1_15s_bed_elev
-49.6,25.0,-4641.93,ETOPO_2022_v1_15s_bed_elev
-49.5,25.0,-4389.15,ETOPO_2022_v1_15s_bed_elev
-49.4,25.0,-4570.03,ETOPO_2022_v1_15s_bed_elev
-49.3,25.0,-4905.69,ETOPO_2022_v1_15s_bed_elev
-49.2,25.0,-4901.63,ETOPO_2022_v1_15s_bed_elev
-49.1,25.0,-4977.93,ETOPO_2022_v1_15s_bed_elev
-49.0,25.0,-4236.91,ETOPO_2022_v1_15s_bed_elev
-48.9,25.0,-4238.94,ETOPO_2022_v1_15s_bed_elev
-48.8,25.0,-4328.69,ETOPO_2022_v1_15s_bed_elev
-48.7,25.0,-4215.48,ETOPO_2022_v1_15s_bed_elev
-48.6,25.0,-4397.88,ETOPO_2022_v1_15s_bed_elev
-48.5,25.0,-4613.9,ETOPO_2022_v1_15s_bed_elev
-48.4,25.0,-4057.29,ETOPO_2022_v1_15s_bed_elev
-48.3,25.0,-3797.99,ETOPO_2022_v1_15s_bed_elev
-48.2,25.0,-3679.75,ETOPO_2022_v1_15s_bed_elev
-48.1,25.0,-3955.45,ETOPO_2022_v1_15s_bed_elev
-48.0,25.0,-4076.78,ETOPO_2022_v1_15s_bed_elev
-47.9,25.0,-4257.6,ETOPO_2022_v1_15s_bed_elev
-47.8,25.0,-4144.57,ETOPO_2022_v1_15s_bed_elev
-47.7,25.0,-4060.95,ETOPO_2022_v1_15s_bed_elev
-47.6,25.0,-3900.19,ETOPO_2022_v1_15s_bed_elev
-47.5,25.0,-3679.06,ETOPO_2022_v1_15s_bed_elev
-47.4,25.0,-3837.74,ETOPO_2022_v1_15s_bed_elev
-47.3,25.0,-4101.08,ETOPO_2022_v1_15s_bed_elev
-47.2,25.0,-4173.01,ETOPO_2022_v1_15s_bed_elev
-47.1,25.0,-4166.03,ETOPO_2022_v1_15s_bed_elev
-47.0,25.0,-3608.73,ETOPO_2022_v1_15s_bed_elev
-46.9,25.0,-3293.46,ETOPO_2022_v1_15s_bed_elev
-46.8,25.0,-3243.98,ETOPO_2022_v1_15s_bed_elev
-46.7,25.0,-3393.18,ETOPO_2022_v1_15s_bed_elev
-46.6,25.0,-3061.09,ETOPO_2022_v1_15s_bed_elev
-46.5,25.0,-3126.81,ETOPO_2022_v1_15s_bed_elev
-46.4,25.0,-2902.64,ETOPO_2022_v1_15s_bed_elev
-46.3,25.0,-2674.11,ETOPO_2022_v1_15s_bed_elev
-46.2,25.0,-2953.81,ETOPO_2022_v1_15s_bed_elev
-46.1,25.0,-3267.15,ETOPO_2022_v1_15s_bed_elev
-46.0,25.0,-2981.67,ETOPO_2022_v1_15s_bed_elev
-45.9,25.0,-2776.11,ETOPO_2022_v1_15s_bed_elev
-45.8,25.0,-2737.38,ETOPO_2022_v1_15s_bed_elev
-45.7,25.0,-2723.3,ETOPO_2022_v1_15s_bed_elev
-45.6,25.0,-3202.81,ETOPO_2022_v1_15s_bed_elev
-45.5,25.0,-3592.32,ETOPO_2022_v1_15s_bed_elev
-45.4,25.0,-3334.35,ETOPO_2022_v1_15s_bed_elev
-45.3,25.0,-3036.69,ETOPO_2022_v1_15s_bed_elev
-45.2,25.0,-2975.5,ETOPO_2022_v1_15s_bed_elev
-45.1,25.0,-3023.47,ETOPO_2022_v1_15s_bed_elev
-45.0,25.0,-3112.73,ETOPO_2022_v1_15s_bed_elev
-44.9,25.0,-3325.31,ETOPO_2022_v1_15s_bed_elev
-44.8,25.0,-2657.02,ETOPO_2022_v1_15s_bed_elev
-44.7,25.0,-3059.54,ETOPO_2022_v1_15s_bed_elev
-44.6,25.0,-3214.88,ETOPO_2022_v1_15s_bed_elev
-44.5,25.0,-3267.05,ETOPO_2022_v1_15s_bed_elev
-44.4,25.0,-3209.55,ETOPO_2022_v1_15s_bed_elev
-44.3,25.0,-3167.18,ETOPO_2022_v1_15s_bed_elev
-44.2,25.0,-3596.81,ETOPO_2022_v1_15s_bed_elev
-44.1,25.0,-3650.82,ETOPO_2022_v1_15s_bed_elev
-44.0,25.0,-3460.85,ETOPO_2022_v1_15s_bed_elev
-43.9,25.0,-3699.6,ETOPO_2022_v1_15s_bed_elev
-43.8,25.0,-4287.43,ETOPO_2022_v1_15s_bed_elev
-43.7,25.0,-4428.62,ETOPO_2022_v1_15s_bed_elev
-43.6,25.0,-4295.66,ETOPO_2022_v1_15s_bed_elev
-43.5,25.0,-4388.91,ETOPO_2022_v1_15s_bed_elev
-43.4,25.0,-4253.92,ETOPO_2022_v1_15s_bed_elev
-43.3,25.0,-3755.78,ETOPO_2022_v1_15s_bed_elev
-43.2,25.0,-3875.54,ETOPO_2022_v1_15s_bed_elev
-43.1,25.0,-4152.21,ETOPO_2022_v1_15s_bed_elev
-43.0,25.0,-4127.23,ETOPO_2022_v1_15s_bed_elev
-42.9,25.0,-4270.95,ETOPO_2022_v1_15s_bed_elev
-42.8,25.0,-3873.83,ETOPO_2022_v1_15s_bed_elev
-42.7,25.0,-3713.75,ETOPO_2022_v1_15s_bed_elev
-42.6,25.0,-4065.1,ETOPO_2022_v1_15s_bed_elev
-42.5,25.0,-4306.61,ETOPO_2022_v1_15s_bed_elev
-42.4,25.0,-4334.54,ETOPO_2022_v1_15s_bed_elev
-42.3,25.0,-3827.57,ETOPO_2022_v1_15s_bed_elev
-42.2,25.0,-3774.85,ETOPO_2022_v1_15s_bed_elev
-42.1,25.0,-3799.36,ETOPO_2022_v1_15s_bed_elev
-42.0,25.0,-3859.09,ETOPO_2022_v1_15s_bed_elev
-41.9,25.0,-4268.16,ETOPO_2022_v1_15s_bed_elev
-41.8,25.0,-4075.25,ETOPO_2022_v1_15s_bed_elev
-41.7,25.0,-4448.89,ETOPO_2022_v1_15s_bed_elev
-41.6,25.0,-4510.16,ETOPO_2022_v1_15s_bed_elev
-41.5,25.0,-4481.2,ETOPO_2022_v1_15s_bed_elev
-41.4,25.0,-4502.28,ETOPO_2022_v1_15s_bed_elev
-41.3,25.0,-4564.16,ETOPO_2022_v1_15s_bed_elev
-41.2,25.0,-4361.36,ETOPO_2022_v1_15s_bed_elev
-41.1,25.0,-4735.6,ETOPO_2022_v1_15s_bed_elev
-41.0,25.0,-4292.09,ETOPO_2022_v1_15s_bed_elev
-40.9,25.0,-4243.24,ETOPO_2022_v1_15s_bed_elev
-40.8,25.0,-4373.8,ETOPO_2022_v1_15s_bed_elev
-40.7,25.0,-4505.11,ETOPO_2022_v1_15s_bed_elev
-40.6,25.0,-4676.85,ETOPO_2022_v1_15s_bed_elev
-40.5,25.0,-4891.77,ETOPO_2022_v1_15s_bed_elev
-40.4,25.0,-4716.12,ETOPO_2022_v1_15s_bed_elev
-40.3,25.0,-4826.0,ETOPO_2022_v1_15s_bed_elev
-40.2,25.0,-4873.39,ETOPO_2022_v1_15s_bed_elev
-40.1,25.0,-4815.38,ETOPO_2022_v1_15s_bed_elev
-40.0,25.0,-4805.25,ETOPO_2022_v1_15s_bed_elev
-39.9,25.0,-4807.97,ETOPO_2022_v1_15s_bed_elev
-39.8,25.0,-4916.48,ETOPO_2022_v1_15s_bed_elev
-39.7,25.0,-4876.82,ETOPO_2022_v1_15s_bed_elev
-39.6,25.0,-4983.0,ETOPO_2022_v1_15s_bed_elev
-39.5,25.0,-5191.8,ETOPO_2022_v1_15s_bed_elev
-39.4,25.0,-4807.72,ETOPO_2022_v1_15s_bed_elev
-39.3,25.0,-4679.36,ETOPO_2022_v1_15s_bed_elev
-39.2,25.0,-4758.49,ETOPO_2022_v1_15s_bed_elev
-39.1,25.0,-4742.53,ETOPO_2022_v1_15s_bed_elev
-39.0,25.0,-4586.78,ETOPO_2022_v1_15s_bed_elev
-38.9,25.0,-4858.68,ETOPO_2022_v1_15s_bed_elev
-38.8,25.0,-5090.31,ETOPO_2022_v1_15s_bed_elev
-38.7,25.0,-5080.41,ETOPO_2022_v1_15s_bed_elev
-38.6,25.0,-4776.1,ETOPO_2022_v1_15s_bed_elev
-38.5,25.0,-4584.98,ETOPO_2022_v1_15s_bed_elev
-38.4,25.0,-4914.99,ETOPO_2022_v1_15s_bed_elev
-38.3,25.0,-5076.23,ETOPO_2022_v1_15s_bed_elev
-38.2,25.0,-5068.06,ETOPO_2022_v1_15s_bed_elev
-38.1,25.0,-4915.82,ETOPO_2022_v1_15s_bed_elev
-38.0,25.0,-5062.93,ETOPO_2022_v1_15s_bed_elev
-37.9,25.0,-5034.19,ETOPO_2022_v1_15s_bed_elev
-37.8,25.0,-5233.82,ETOPO_2022_v1_15s_bed_elev
-37.7,25.0,-5531.46,ETOPO_2022_v1_15s_bed_elev
-37.6,25.0,-5641.61,ETOPO_2022_v1_15s_bed_elev
-37.5,25.0,-5341.38,ETOPO_2022_v1_15s_bed_elev
-37.4,25.0,-5403.33,ETOPO_2022_v1_15s_bed_elev
-37.3,25.0,-5568.05,ETOPO_2022_v1_15s_bed_elev
-37.2,25.0,-5535.71,ETOPO_2022_v1_15s_bed_elev
-37.1,25.0,-5355.41,ETOPO_2022_v1_15s_bed_elev
-37.0,25.0,-5294.48,ETOPO_2022_v1_15s_bed_elev
-36.9,25.0,-4980.48,ETOPO_2022_v1_15s_bed_elev
-36.8,25.0,-5166.38,ETOPO_2022_v1_15s_bed_elev
-36.7,25.0,-5022.08,ETOPO_2022_v1_15s_bed_elev
-36.6,25.0,-5285.0,ETOPO_2022_v1_15s_bed_elev
-36.5,25.0,-5298.41,ETOPO_2022_v1_15s_bed_elev
-36.4,25.0,-5287.66,ETOPO_2022_v1_15s_bed_elev
-36.3,25.0,-5279.94,ETOPO_2022_v1_15s_bed_elev
-36.2,25.0,-5198.83,ETOPO_2022_v1_15s_bed_elev
-36.1,25.0,-5597.11,ETOPO_2022_v1_15s_bed_elev
-36.0,25.0,-5663.92,ETOPO_2022_v1_15s_bed_elev
-35.9,25.0,-5492.09,ETOPO_2022_v1_15s_bed_elev
-35.8,25.0,-5926.26,ETOPO_2022_v1_15s_bed_elev
-35.7,25.0,-5799.69,ETOPO_2022_v1_15s_bed_elev
-35.6,25.0,-5919.44,ETOPO_2022_v1_15s_bed_elev
-35.5,25.0,-5718.39,ETOPO_2022_v1_15s_bed_elev
-35.4,25.0,-5712.98,ETOPO_2022_v1_15s_bed_elev
-35.3,25.0,-5757.94,ETOPO_2022_v1_15s_bed_elev
-35.2,25.0,-5677.97,ETOPO_2022_v1_15s_bed_elev
-35.1,25.0,-5681.8,ETOPO_2022_v1_15s_bed_elev
-35.0,25.0,-5539.98,ETOPO_2022_v1_15s_bed_elev
-51.0,25.1,-5103.31,ETOPO_2022_v1_15s_bed_elev
-50.9,25.1,-4611.03,ETOPO_2022_v1_15s_bed_elev
-50.8,25.1,-4516.49,ETOPO_2022_v1_15s_bed_elev
-50.7,25.1,-4759.94,ETOPO_2022_v1_15s_bed_elev
-50.6,25.1,-4466.03,ETOPO_2022_v1_15s_bed_elev
-50.5,25.1,-4496.3,ETOPO_2022_v1_15s_bed_elev
-50.4,25.1,-4422.97,ETOPO_2022_v1_15s_bed_elev
-50.3,25.1,-4692.86,ETOPO_2022_v1_15s_bed_elev
-50.2,25.1,-5056.24,ETOPO_2022_v1_15s_bed_elev
-50.1,25.1,-5298.24,ETOPO_2022_v1_15s_bed_elev
-50.0,25.1,-5059.56,ETOPO_2022_v1_15s_bed_elev
-49.9,25.1,-4829.13,ETOPO_2022_v1_15s_bed_elev
-49.8,25.1,-4412.56,ETOPO_2022_v1_15s_bed_elev
-49.7,25.1,-4234.35,ETOPO_2022_v1_15s_bed_elev
-49.6,25.1,-4683.97,ETOPO_2022_v1_15s_bed_elev
-49.5,25.1,-4661.05,ETOPO_2022_v1_15s_bed_elev
-49.4,25.1,-4709.35,ETOPO_2022_v1_15s_bed_elev
-49.3,25.1,-4783.63,ETOPO_2022_v1_15s_bed_elev
-49.2,25.1,-4589.47,ETOPO_2022_v1_15s_bed_elev
-49.1,25.1,-4592.11,ETOPO_2022_v1_15s_bed_elev
-49.0,25.1,-4182.69,ETOPO_2022_v1_15s_bed_elev
-48.9,25.1,-4046.47,ETOPO_2022_v1_15s_bed_elev
-48.8,25.1,-4047.85,ETOPO_2022_v1_15s_bed_elev
-48.7,25.1,-3962.82,ETOPO_2022_v1_15s_bed_elev
-48.6,25.1,-4211.44,ETOPO_2022_v1_15s_bed_elev
-48.5,25.1,-4309.51,ETOPO_2022_v1_15s_bed_elev
-48.4,25.1,-3746.3,ETOPO_2022_v1_15s_bed_elev
-48.3,25.1,-3776.32,ETOPO_2022_v1_15s_bed_elev
-48.2,25.1,-3932.28,ETOPO_2022_v1_15s_bed_elev
-48.1,25.1,-4073.15,ETOPO_2022_v1_15s_bed_elev
-48.0,25.1,-4256.44,ETOPO_2022_v1_15s_bed_elev
-47.9,25.1,-4463.83,ETOPO_2022_v1_15s_bed_elev
-47.8,25.1,-3905.1,ETOPO_2022_v1_15s_bed_elev
-47.7,25.1,-3901.15,ETOPO_2022_v1_15s_bed_elev
-47.6,25.1,-3906.4,ETOPO_2022_v1_15s_bed_elev
-47.5,25.1,-3742.89,ETOPO_2022_v1_15s_bed_elev
-47.4,25.1,-3744.65,ETOPO_2022_v1_15s_bed_elev
-47.3,25.1,-3704.11,ETOPO_2022_v1_15s_bed_elev
-47.2,25.1,-3681.79,ETOPO_2022_v1_15s_bed_elev
-47.1,25.1,-3956.31,ETOPO_2022_v1_15s_bed_elev
-47.0,25.1,-3741.93,ETOPO_2022_v1_15s_bed_elev
-46.9,25.1,-3449.38,ETOPO_2022_v1_15s_bed_elev
-46.8,25.1,-3492.0,ETOPO_2022_v1_15s_bed_elev
-46.7,25.1,-3183.16,ETOPO_2022_v1_15s_bed_elev
-46.6,25.1,-3147.49,ETOPO_2022_v1_15s_bed_elev
-46.5,25.1,-3035.48,ETOPO_2022_v1_15s_bed_elev
-46.4,25.1,-3363.96,ETOPO_2022_v1_15s_bed_elev
-46.3,25.1,-2724.76,ETOPO_2022_v1_15s_bed_elev
-46.2,25.1,-3139.36,ETOPO_2022_v1_15s_bed_elev
-46.1,25.1,-3404.92,ETOPO_2022_v1_15s_bed_elev
-46.0,25.1,-3030.41,ETOPO_2022_v1_15s_bed_elev
-45.9,25.1,-2553.55,ETOPO_2022_v1_15s_bed_elev
-45.8,25.1,-2072.55,ETOPO_2022_v1_15s_bed_elev
-45.7,25.1,-1699.54,ETOPO_2022_v1_15s_bed_elev
-45.6,25.1,-2556.02,ETOPO_2022_v1_15s_bed_elev
-45.5,25.1,-3129.51,ETOPO_2022_v1_15s_bed_elev
-45.4,25.1,-3048.69,ETOPO_2022_v1_15s_bed_elev
-45.3,25.1,-2700.71,ETOPO_2022_v1_15s_bed_elev
-45.2,25.1,-2594.18,ETOPO_2022_v1_15s_bed_elev
-45.1,25.1,-2617.02,ETOPO_2022_v1_15s_bed_elev
-45.0,25.1,-2875.6,ETOPO_2022_v1_15s_bed_elev
-44.9,25.1,-3207.37,ETOPO_2022_v1_15s_bed_elev
-44.8,25.1,-3007.67,ETOPO_2022_v1_15s_bed_elev
-44.7,25.1,-2846.92,ETOPO_2022_v1_15s_bed_elev
-44.6,25.1,-3247.91,ETOPO_2022_v1_15s_bed_elev
-44.5,25.1,-3058.0,ETOPO_2022_v1_15s_bed_elev
-44.4,25.1,-3136.1,ETOPO_2022_v1_15s_bed_elev
-44.3,25.1,-3563.28,ETOPO_2022_v1_15s_bed_elev
-44.2,25.1,-3727.57,ETOPO_2022_v1_15s_bed_elev
-44.1,25.1,-4341.59,ETOPO_2022_v1_15s_bed_elev
-44.0,25.1,-4469.54,ETOPO_2022_v1_15s_bed_elev
-43.9,25.1,-4697.27,ETOPO_2022_v1_15s_bed_elev
-43.8,25.1,-4622.57,ETOPO_2022_v1_15s_bed_elev
-43.7,25.1,-4367.88,ETOPO_2022_v1_15s_bed_elev
-43.6,25.1,-4221.02,ETOPO_2022_v1_15s_bed_elev
-43.5,25.1,-4090.95,ETOPO_2022_v1_15s_bed_elev
-43.4,25.1,-4016.93,ETOPO_2022_v1_15s_bed_elev
-43.3,25.1,-3356.31,ETOPO_2022_v1_15s_bed_elev
-43.2,25.1,-3437.19,ETOPO_2022_v1_15s_bed_elev
-43.1,25.1,-3741.89,ETOPO_2022_v1_15s_bed_elev
-43.0,25.1,-3843.64,ETOPO_2022_v1_15s_bed_elev
-42.9,25.1,-4081.36,ETOPO_2022_v1_15s_bed_elev
-42.8,25.1,-3938.72,ETOPO_2022_v1_15s_bed_elev
-42.7,25.1,-3457.12,ETOPO_2022_v1_15s_bed_elev
-42.6,25.1,-3946.12,ETOPO_2022_v1_15s_bed_elev
-42.5,25.1,-3797.34,ETOPO_2022_v1_15s_bed_elev
-42.4,25.1,-4199.89,ETOPO_2022_v1_15s_bed_elev
-42.3,25.1,-4296.37,ETOPO_2022_v1_15s_bed_elev
-42.2,25.1,-4118.56,ETOPO_2022_v1_15s_bed_elev
-42.1,25.1,-4108.51,ETOPO_2022_v1_15s_bed_elev
-42.0,25.1,-4017.56,ETOPO_2022_v1_15s_bed_elev
-41.9,25.1,-4196.67,ETOPO_2022_v1_15s_bed_elev
-41.8,25.1,-4533.69,ETOPO_2022_v1_15s_bed_elev
-41.7,25.1,-4405.55,ETOPO_2022_v1_15s_bed_elev
-41.6,25.1,-4707.16,ETOPO_2022_v1_15s_bed_elev
-41.5,25.1,-4263.0,ETOPO_2022_v1_15s_bed_elev
-41.4,25.1,-4602.88,ETOPO_2022_v1_15s_bed_elev
-41.3,25.1,-5012.13,ETOPO_2022_v1_15s_bed_elev
-41.2,25.1,-4714.24,ETOPO_2022_v1_15s_bed_elev
-41.1,25.1,-4835.81,ETOPO_2022_v1_15s_bed_elev
-41.0,25.1,-4572.42,ETOPO_2022_v1_15s_bed_elev
-40.9,25.1,-4861.46,ETOPO_2022_v1_15s_bed_elev
-40.8,25.1,-4672.27,ETOPO_2022_v1_15s_bed_elev
-40.7,25.1,-4465.96,ETOPO_2022_v1_15s_bed_elev
-40.6,25.1,-4579.78,ETOPO_2022_v1_15s_bed_elev
-40.5,25.1,-4868.85,ETOPO_2022_v1_15s_bed_elev
-40.4,25.1,-4652.67,ETOPO_2022_v1_15s_bed_elev
-40.3,25.1,-4635.67,ETOPO_2022_v1_15s_bed_elev
-40.2,25.1,-4854.85,ETOPO_2022_v1_15s_bed_elev
-40.1,25.1,-4987.34,ETOPO_2022_v1_15s_bed_elev
-40.0,25.1,-4792.72,ETOPO_2022_v1_15s_bed_elev
-39.9,25.1,-4425.62,ETOPO_2022_v1_15s_bed_elev
-39.8,25.1,-4575.57,ETOPO_2022_v1_15s_bed_elev
-39.7,25.1,-4617.54,ETOPO_2022_v1_15s_bed_elev
-39.6,25.1,-4622.65,ETOPO_2022_v1_15s_bed_elev
-39.5,25.1,-4903.61,ETOPO_2022_v1_15s_bed_elev
-39.4,25.1,-4755.18,ETOPO_2022_v1_15s_bed_elev
-39.3,25.1,-4925.3,ETOPO_2022_v1_15s_bed_elev
-39.2,25.1,-4882.06,ETOPO_2022_v1_15s_bed_elev
-39.1,25.1,-5129.69,ETOPO_2022_v1_15s_bed_elev
-39.0,25.1,-4713.92,ETOPO_2022_v1_15s_bed_elev
-38.9,25.1,-4696.33,ETOPO_2022_v1_15s_bed_elev
-38.8,25.1,-5038.67,ETOPO_2022_v1_15s_bed_elev
-38.7,25.1,-5172.08,ETOPO_2022_v1_15s_bed_elev
-38.6,25.1,-4919.77,ETOPO_2022_v1_15s_bed_elev
-38.5,25.1,-4995.69,ETOPO_2022_v1_15s_bed_elev
-38.4,25.1,-4970.38,ETOPO_2022_v1_15s_bed_elev
-38.3,25.1,-5283.54,ETOPO_2022_v1_15s_bed_elev
-38.2,25.1,-5052.11,ETOPO_2022_v1_15s_bed_elev
-38.1,25.1,-4661.02,ETOPO_2022_v1_15s_bed_elev
-38.0,25.1,-5123.37,ETOPO_2022_v1_15s_bed_elev
-37.9,25.1,-5101.11,ETOPO_2022_v1_15s_bed_elev
-37.8,25.1,-4970.04,ETOPO_2022_v1_15s_bed_elev
-37.7,25.1,-5365.21,ETOPO_2022_v1_15s_bed_elev
-37.6,25.1,-5225.65,ETOPO_2022_v1_15s_bed_elev
-37.5,25.1,-5342.5,ETOPO_2022_v1_15s_bed_elev
-37.4,25.1,-5409.12,ETOPO_2022_v1_15s_bed_elev
-37.3,25.1,-5405.95,ETOPO_2022_v1_15s_bed_elev
-37.2,25.1,-5370.42,ETOPO_2022_v1_15s_bed_elev
-37.1,25.1,-5504.5,ETOPO_2022_v1_15s_bed_elev
-37.0,25.1,-5621.96,ETOPO_2022_v1_15s_bed_elev
-36.9,25.1,-5648.67,ETOPO_2022_v1_15s_bed_elev
-36.8,25.1,-5698.91,ETOPO_2022_v1_15s_bed_elev
-36.7,25.1,-5011.26,ETOPO_2022_v1_15s_bed_elev
-36.6,25.1,-5567.91,ETOPO_2022_v1_15s_bed_elev
-36.5,25.1,-5466.24,ETOPO_2022_v1_15s_bed_elev
-36.4,25.1,-5469.04,ETOPO_2022_v1_15s_bed_elev
-36.3,25.1,-5740.26,ETOPO_2022_v1_15s_bed_elev
-36.2,25.1,-5444.97,ETOPO_2022_v1_15s_bed_elev
-36.1,25.1,-5495.72,ETOPO_2022_v1_15s_bed_elev
-36.0,25.1,-5524.22,ETOPO_2022_v1_15s_bed_elev
-35.9,25.1,-5596.34,ETOPO_2022_v1_15s_bed_elev
-35.8,25.1,-5427.89,ETOPO_2022_v1_15s_bed_elev
-35.7,25.1,-5197.26,ETOPO_2022_v1_15s_bed_elev
-35.6,25.1,-5538.34,ETOPO_2022_v1_15s_bed_elev
-35.5,25.1,-5947.01,ETOPO_2022_v1_15s_bed_elev
-35.4,25.1,-6148.69,ETOPO_2022_v1_15s_bed_elev
-35.3,25.1,-6055.35,ETOPO_2022_v1_15s_bed_elev
-35.2,25.1,-5630.0,ETOPO_2022_v1_15s_bed_elev
-35.1,25.1,-5629.32,ETOPO_2022_v1_15s_bed_elev
-35.0,25.1,-5808.4,ETOPO_2022_v1_15s_bed_elev
-51.0,25.2,-5065.78,ETOPO_2022_v1_15s_bed_elev
-50.9,25.2,-4498.46,ETOPO_2022_v1_15s_bed_elev
-50.8,25.2,-4500.96,ETOPO_2022_v1_15s_bed_elev
-50.7,25.2,-4721.41,ETOPO_2022_v1_15s_bed_elev
-50.6,25.2,-4579.34,ETOPO_2022_v1_15s_bed_elev
-50.5,25.2,-4471.04,ETOPO_2022_v1_15s_bed_elev
-50.4,25.2,-4459.0,ETOPO_2022_v1_15s_bed_elev
-50.3,25.2,-4927.81,ETOPO_2022_v1_15s_bed_elev
-50.2,25.2,-5065.66,ETOPO_2022_v1_15s_bed_elev
-50.1,25.2,-4809.95,ETOPO_2022_v1_15s_bed_elev
-50.0,25.2,-4950.34,ETOPO_2022_v1_15s_bed_elev
-49.9,25.2,-4918.51,ETOPO_2022_v1_15s_bed_elev
-49.8,25.2,-4784.6,ETOPO_2022_v1_15s_bed_elev
-49.7,25.2,-4580.04,ETOPO_2022_v1_15s_bed_elev
-49.6,25.2,-4612.75,ETOPO_2022_v1_15s_bed_elev
-49.5,25.2,-4720.92,ETOPO_2022_v1_15s_bed_elev
-49.4,25.2,-4761.86,ETOPO_2022_v1_15s_bed_elev
-49.3,25.2,-4720.19,ETOPO_2022_v1_15s_bed_elev
-49.2,25.2,-4342.81,ETOPO_2022_v1_15s_bed_elev
-49.1,25.2,-4279.76,ETOPO_2022_v1_15s_bed_elev
-49.0,25.2,-4323.55,ETOPO_2022_v1_15s_bed_elev
-48.9,25.2,-4586.69,ETOPO_2022_v1_15s_bed_elev
-48.8,25.2,-4576.55,ETOPO_2022_v1_15s_bed_elev
-48.7,25.2,-4342.79,ETOPO_2022_v1_15s_bed_elev
-48.6,25.2,-4499.09,ETOPO_2022_v1_15s_bed_elev
-48.5,25.2,-4231.8,ETOPO_2022_v1_15s_bed_elev
-48.4,25.2,-4060.02,ETOPO_2022_v1_15s_bed_elev
-48.3,25.2,-3913.39,ETOPO_2022_v1_15s_bed_elev
-48.2,25.2,-4205.13,ETOPO_2022_v1_15s_bed_elev
-48.1,25.2,-4058.84,ETOPO_2022_v1_15s_bed_elev
-48.0,25.2,-3948.47,ETOPO_2022_v1_15s_bed_elev
-47.9,25.2,-3856.64,ETOPO_2022_v1_15s_bed_elev
-47.8,25.2,-3904.1,ETOPO_2022_v1_15s_bed_elev
-47.7,25.2,-4004.74,ETOPO_2022_v1_15s_bed_elev
-47.6,25.2,-4017.51,ETOPO_2022_v1_15s_bed_elev
-47.5,25.2,-3846.21,ETOPO_2022_v1_15s_bed_elev
-47.4,25.2,-3920.3,ETOPO_2022_v1_15s_bed_elev
-47.3,25.2,-3940.11,ETOPO_2022_v1_15s_bed_elev
-47.2,25.2,-3714.56,ETOPO_2022_v1_15s_bed_elev
-47.1,25.2,-3873.54,ETOPO_2022_v1_15s_bed_elev
-47.0,25.2,-3657.41,ETOPO_2022_v1_15s_bed_elev
-46.9,25.2,-3840.61,ETOPO_2022_v1_15s_bed_elev
-46.8,25.2,-3666.74,ETOPO_2022_v1_15s_bed_elev
-46.7,25.2,-3642.85,ETOPO_2022_v1_15s_bed_elev
-46.6,25.2,-3664.51,ETOPO_2022_v1_15s_bed_elev
-46.5,25.2,-3316.05,ETOPO_2022_v1_15s_bed_elev
-46.4,25.2,-3583.15,ETOPO_2022_v1_15s_bed_elev
-46.3,25.2,-3325.8,ETOPO_2022_v1_15s_bed_elev
-46.2,25.2,-3285.01,ETOPO_2022_v1_15s_bed_elev
-46.1,25.2,-3614.57,ETOPO_2022_v1_15s_bed_elev
-46.0,25.2,-2997.23,ETOPO_2022_v1_15s_bed_elev
-45.9,25.2,-2855.36,ETOPO_2022_v1_15s_bed_elev
-45.8,25.2,-2323.67,ETOPO_2022_v1_15s_bed_elev
-45.7,25.2,-1874.95,ETOPO_2022_v1_15s_bed_elev
-45.6,25.2,-2484.87,ETOPO_2022_v1_15s_bed_elev
-45.5,25.2,-3116.56,ETOPO_2022_v1_15s_bed_elev
-45.4,25.2,-3212.65,ETOPO_2022_v1_15s_bed_elev
-45.3,25.2,-2566.58,ETOPO_2022_v1_15s_bed_elev
-45.2,25.2,-2524.86,ETOPO_2022_v1_15s_bed_elev
-45.1,25.2,-2438.75,ETOPO_2022_v1_15s_bed_elev
-45.0,25.2,-2661.98,ETOPO_2022_v1_15s_bed_elev
-44.9,25.2,-2575.25,ETOPO_2022_v1_15s_bed_elev
-44.8,25.2,-3230.94,ETOPO_2022_v1_15s_bed_elev
-44.7,25.2,-2956.28,ETOPO_2022_v1_15s_bed_elev
-44.6,25.2,-3480.05,ETOPO_2022_v1_15s_bed_elev
-44.5,25.2,-3570.77,ETOPO_2022_v1_15s_bed_elev
-44.4,25.2,-3756.87,ETOPO_2022_v1_15s_bed_elev
-44.3,25.2,-3886.24,ETOPO_2022_v1_15s_bed_elev
-44.2,25.2,-4245.52,ETOPO_2022_v1_15s_bed_elev
-44.1,25.2,-4327.94,ETOPO_2022_v1_15s_bed_elev
-44.0,25.2,-4393.37,ETOPO_2022_v1_15s_bed_elev
-43.9,25.2,-4257.33,ETOPO_2022_v1_15s_bed_elev
-43.8,25.2,-4213.35,ETOPO_2022_v1_15s_bed_elev
-43.7,25.2,-4083.87,ETOPO_2022_v1_15s_bed_elev
-43.6,25.2,-3715.71,ETOPO_2022_v1_15s_bed_elev
-43.5,25.2,-3822.62,ETOPO_2022_v1_15s_bed_elev
-43.4,25.2,-3874.74,ETOPO_2022_v1_15s_bed_elev
-43.3,25.2,-3833.98,ETOPO_2022_v1_15s_bed_elev
-43.2,25.2,-3527.43,ETOPO_2022_v1_15s_bed_elev
-43.1,25.2,-3610.76,ETOPO_2022_v1_15s_bed_elev
-43.0,25.2,-3593.32,ETOPO_2022_v1_15s_bed_elev
-42.9,25.2,-3988.4,ETOPO_2022_v1_15s_bed_elev
-42.8,25.2,-3967.24,ETOPO_2022_v1_15s_bed_elev
-42.7,25.2,-3688.72,ETOPO_2022_v1_15s_bed_elev
-42.6,25.2,-3866.75,ETOPO_2022_v1_15s_bed_elev
-42.5,25.2,-3749.75,ETOPO_2022_v1_15s_bed_elev
-42.4,25.2,-3974.95,ETOPO_2022_v1_15s_bed_elev
-42.3,25.2,-3988.27,ETOPO_2022_v1_15s_bed_elev
-42.2,25.2,-4324.51,ETOPO_2022_v1_15s_bed_elev
-42.1,25.2,-4290.05,ETOPO_2022_v1_15s_bed_elev
-42.0,25.2,-4136.46,ETOPO_2022_v1_15s_bed_elev
-41.9,25.2,-4307.68,ETOPO_2022_v1_15s_bed_elev
-41.8,25.2,-4357.16,ETOPO_2022_v1_15s_bed_elev
-41.7,25.2,-4265.7,ETOPO_2022_v1_15s_bed_elev
-41.6,25.2,-4526.81,ETOPO_2022_v1_15s_bed_elev
-41.5,25.2,-4580.62,ETOPO_2022_v1_15s_bed_elev
-41.4,25.2,-4224.3,ETOPO_2022_v1_15s_bed_elev
-41.3,25.2,-4564.02,ETOPO_2022_v1_15s_bed_elev
-41.2,25.2,-4470.36,ETOPO_2022_v1_15s_bed_elev
-41.1,25.2,-4597.65,ETOPO_2022_v1_15s_bed_elev
-41.0,25.2,-4823.04,ETOPO_2022_v1_15s_bed_elev
-40.9,25.2,-4845.25,ETOPO_2022_v1_15s_bed_elev
-40.8,25.2,-4843.71,ETOPO_2022_v1_15s_bed_elev
-40.7,25.2,-4603.49,ETOPO_2022_v1_15s_bed_elev
-40.6,25.2,-4520.75,ETOPO_2022_v1_15s_bed_elev
-40.5,25.2,-4492.45,ETOPO_2022_v1_15s_bed_elev
-40.4,25.2,-4596.52,ETOPO_2022_v1_15s_bed_elev
-40.3,25.2,-4735.61,ETOPO_2022_v1_15s_bed_elev
-40.2,25.2,-4726.35,ETOPO_2022_v1_15s_bed_elev
-40.1,25.2,-4927.33,ETOPO_2022_v1_15s_bed_elev
-40.0,25.2,-4757.1,ETOPO_2022_v1_15s_bed_elev
-39.9,25.2,-4342.96,ETOPO_2022_v1_15s_bed_elev
-39.8,25.2,-4427.36,ETOPO_2022_v1_15s_bed_elev
-39.7,25.2,-4693.67,ETOPO_2022_v1_15s_bed_elev
-39.6,25.2,-4731.56,ETOPO_2022_v1_15s_bed_elev
-39.5,25.2,-4842.77,ETOPO_2022_v1_15s_bed_elev
-39.4,25.2,-4706.65,ETOPO_2022_v1_15s_bed_elev
-39.3,25.2,-4983.67,ETOPO_2022_v1_15s_bed_elev
-39.2,25.2,-5034.19,ETOPO_2022_v1_15s_bed_elev
-39.1,25.2,-5210.64,ETOPO_2022_v1_15s_bed_elev
-39.0,25.2,-4927.44,ETOPO_2022_v1_15s_bed_elev
-38.9,25.2,-4587.08,ETOPO_2022_v1_15s_bed_elev
-38.8,25.2,-4942.38,ETOPO_2022_v1_15s_bed_elev
-38.7,25.2,-5110.06,ETOPO_2022_v1_15s_bed_elev
-38.6,25.2,-5048.02,ETOPO_2022_v1_15s_bed_elev
-38.5,25.2,-5101.18,ETOPO_2022_v1_15s_bed_elev
-38.4,25.2,-4959.92,ETOPO_2022_v1_15s_bed_elev
-38.3,25.2,-5294.97,ETOPO_2022_v1_15s_bed_elev
-38.2,25.2,-5041.26,ETOPO_2022_v1_15s_bed_elev
-38.1,25.2,-4993.46,ETOPO_2022_v1_15s_bed_elev
-38.0,25.2,-5201.35,ETOPO_2022_v1_15s_bed_elev
-37.9,25.2,-5333.7,ETOPO_2022_v1_15s_bed_elev
-37.8,25.2,-5016.78,ETOPO_2022_v1_15s_bed_elev
-37.7,25.2,-5267.86,ETOPO_2022_v1_15s_bed_elev
-37.6,25.2,-4917.0,ETOPO_2022_v1_15s_bed_elev
-37.5,25.2,-4916.55,ETOPO_2022_v1_15s_bed_elev
-37.4,25.2,-5290.61,ETOPO_2022_v1_15s_bed_elev
-37.3,25.2,-5253.95,ETOPO_2022_v1_15s_bed_elev
-37.2,25.2,-5343.71,ETOPO_2022_v1_15s_bed_elev
-37.1,25.2,-5407.02,ETOPO_2022_v1_15s_bed_elev
-37.0,25.2,-5507.77,ETOPO_2022_v1_15s_bed_elev
-36.9,25.2,-5059.35,ETOPO_2022_v1_15s_bed_elev
-36.8,25.2,-5578.96,ETOPO_2022_v1_15s_bed_elev
-36.7,25.2,-5220.56,ETOPO_2022_v1_15s_bed_elev
-36.6,25.2,-5664.94,ETOPO_2022_v1_15s_bed_elev
-36.5,25.2,-5981.42,ETOPO_2022_v1_15s_bed_elev
-36.4,25.2,-5862.29,ETOPO_2022_v1_15s_bed_elev
-36.3,25.2,-5992.81,ETOPO_2022_v1_15s_bed_elev
-36.2,25.2,-5458.0,ETOPO_2022_v1_15s_bed_elev
-36.1,25.2,-5619.76,ETOPO_2022_v1_15s_bed_elev
-36.0,25.2,-5351.98,ETOPO_2022_v1_15s_bed_elev
-35.9,25.2,-5275.7,ETOPO_2022_v1_15s_bed_elev
-35.8,25.2,-5268.52,ETOPO_2022_v1_15s_bed_elev
-35.7,25.2,-5265.28,ETOPO_2022_v1_15s_bed_elev
-35.6,25.2,-5436.96,ETOPO_2022_v1_15s_bed_elev
-35.5,25.2,-5337.38,ETOPO_2022_v1_15s_bed_elev
-35.4,25.2,-5704.74,ETOPO_2022_v1_15s_bed_elev
-35.3,25.2,-6009.99,ETOPO_2022_v1_15s_bed_elev
-35.2,25.2,-5981.52,ETOPO_2022_v1_15s_bed_elev
-35.1,25.2,-5701.7,ETOPO_2022_v1_15s_bed_elev
-35.0,25.2,-5881.95,ETOPO_2022_v1_15s_bed_elev
-51.0,25.3,-5234.51,ETOPO_2022_v1_15s_bed_elev
-50.9,25.3,-5120.96,ETOPO_2022_v1_15s_bed_elev
-50.8,25.3,-5025.41,ETOPO_2022_v1_15s_bed_elev
-50.7,25.3,-5018.5,ETOPO_2022_v1_15s_bed_elev
-50.6,25.3,-5008.93,ETOPO_2022_v1_15s_bed_elev
-50.5,25.3,-4714.74,ETOPO_2022_v1_15s_bed_elev
-50.4,25.3,-4908.85,ETOPO_2022_v1_15s_bed_elev
-50.3,25.3,-5190.97,ETOPO_2022_v1_15s_bed_elev
-50.2,25.3,-5074.62,ETOPO_2022_v1_15s_bed_elev
-50.1,25.3,-4598.37,ETOPO_2022_v1_15s_bed_elev
-50.0,25.3,-4869.15,ETOPO_2022_v1_15s_bed_elev
-49.9,25.3,-4714.97,ETOPO_2022_v1_15s_bed_elev
-49.8,25.3,-4800.91,ETOPO_2022_v1_15s_bed_elev
-49.7,25.3,-5106.35,ETOPO_2022_v1_15s_bed_elev
-49.6,25.3,-4901.97,ETOPO_2022_v1_15s_bed_elev
-49.5,25.3,-4589.45,ETOPO_2022_v1_15s_bed_elev
-49.4,25.3,-4718.79,ETOPO_2022_v1_15s_bed_elev
-49.3,25.3,-4733.84,ETOPO_2022_v1_15s_bed_elev
-49.2,25.3,-4179.83,ETOPO_2022_v1_15s_bed_elev
-49.1,25.3,-4155.78,ETOPO_2022_v1_15s_bed_elev
-49.0,25.3,-4678.32,ETOPO_2022_v1_15s_bed_elev
-48.9,25.3,-4710.63,ETOPO_2022_v1_15s_bed_elev
-48.8,25.3,-4628.63,ETOPO_2022_v1_15s_bed_elev
-48.7,25.3,-4496.69,ETOPO_2022_v1_15s_bed_elev
-48.6,25.3,-4249.73,ETOPO_2022_v1_15s_bed_elev
-48.5,25.3,-4229.91,ETOPO_2022_v1_15s_bed_elev
-48.4,25.3,-4273.08,ETOPO_2022_v1_15s_bed_elev
-48.3,25.3,-4078.86,ETOPO_2022_v1_15s_bed_elev
-48.2,25.3,-4259.44,ETOPO_2022_v1_15s_bed_elev
-48.1,25.3,-4006.11,ETOPO_2022_v1_15s_bed_elev
-48.0,25.3,-4000.6,ETOPO_2022_v1_15s_bed_elev
-47.9,25.3,-3953.0,ETOPO_2022_v1_15s_bed_elev
-47.8,25.3,-4046.75,ETOPO_2022_v1_15s_bed_elev
-47.7,25.3,-4043.16,ETOPO_2022_v1_15s_bed_elev
-47.6,25.3,-3902.0,ETOPO_2022_v1_15s_bed_elev
-47.5,25.3,-3842.84,ETOPO_2022_v1_15s_bed_elev
-47.4,25.3,-3939.8,ETOPO_2022_v1_15s_bed_elev
-47.3,25.3,-4080.25,ETOPO_2022_v1_15s_bed_elev
-47.2,25.3,-3763.54,ETOPO_2022_v1_15s_bed_elev
-47.1,25.3,-3783.98,ETOPO_2022_v1_15s_bed_elev
-47.0,25.3,-3611.39,ETOPO_2022_v1_15s_bed_elev
-46.9,25.3,-3875.47,ETOPO_2022_v1_15s_bed_elev
-46.8,25.3,-3595.27,ETOPO_2022_v1_15s_bed_elev
-46.7,25.3,-3435.77,ETOPO_2022_v1_15s_bed_elev
-46.6,25.3,-3677.01,ETOPO_2022_v1_15s_bed_elev
-46.5,25.3,-3366.35,ETOPO_2022_v1_15s_bed_elev
-46.4,25.3,-3311.41,ETOPO_2022_v1_15s_bed_elev
-46.3,25.3,-3442.63,ETOPO_2022_v1_15s_bed_elev
-46.2,25.3,-3218.13,ETOPO_2022_v1_15s_bed_elev
-46.1,25.3,-3690.3,ETOPO_2022_v1_15s_bed_elev
-46.0,25.3,-3166.3,ETOPO_2022_v1_15s_bed_elev
-45.9,25.3,-3023.79,ETOPO_2022_v1_15s_bed_elev
-45.8,25.3,-2531.1,ETOPO_2022_v1_15s_bed_elev
-45.7,25.3,-2310.5,ETOPO_2022_v1_15s_bed_elev
-45.6,25.3,-2660.02,ETOPO_2022_v1_15s_bed_elev
-45.5,25.3,-3212.94,ETOPO_2022_v1_15s_bed_elev
-45.4,25.3,-3845.54,ETOPO_2022_v1_15s_bed_elev
-45.3,25.3,-3120.9,ETOPO_2022_v1_15s_bed_elev
-45.2,25.3,-2654.85,ETOPO_2022_v1_15s_bed_elev
-45.1,25.3,-2484.71,ETOPO_2022_v1_15s_bed_elev
-45.0,25.3,-2332.42,ETOPO_2022_v1_15s_bed_elev
-44.9,25.3,-2450.43,ETOPO_2022_v1_15s_bed_elev
-44.8,25.3,-3128.6,ETOPO_2022_v1_15s_bed_elev
-44.7,25.3,-3771.02,ETOPO_2022_v1_15s_bed_elev
-44.6,25.3,-3943.37,ETOPO_2022_v1_15s_bed_elev
-44.5,25.3,-4255.5,ETOPO_2022_v1_15s_bed_elev
-44.4,25.3,-4156.33,ETOPO_2022_v1_15s_bed_elev
-44.3,25.3,-4066.78,ETOPO_2022_v1_15s_bed_elev
-44.2,25.3,-4198.17,ETOPO_2022_v1_15s_bed_elev
-44.1,25.3,-4100.63,ETOPO_2022_v1_15s_bed_elev
-44.0,25.3,-4063.85,ETOPO_2022_v1_15s_bed_elev
-43.9,25.3,-3890.66,ETOPO_2022_v1_15s_bed_elev
-43.8,25.3,-3865.26,ETOPO_2022_v1_15s_bed_elev
-43.7,25.3,-4051.9,ETOPO_2022_v1_15s_bed_elev
-43.6,25.3,-3437.56,ETOPO_2022_v1_15s_bed_elev
-43.5,25.3,-3473.41,ETOPO_2022_v1_15s_bed_elev
-43.4,25.3,-3673.83,ETOPO_2022_v1_15s_bed_elev
-43.3,25.3,-4021.08,ETOPO_2022_v1_15s_bed_elev
-43.2,25.3,-3924.81,ETOPO_2022_v1_15s_bed_elev
-43.1,25.3,-3695.38,ETOPO_2022_v1_15s_bed_elev
-43.0,25.3,-3734.43,ETOPO_2022_v1_15s_bed_elev
-42.9,25.3,-3936.64,ETOPO_2022_v1_15s_bed_elev
-42.8,25.3,-3804.56,ETOPO_2022_v1_15s_bed_elev
-42.7,25.3,-3940.08,ETOPO_2022_v1_15s_bed_elev
-42.6,25.3,-3933.75,ETOPO_2022_v1_15s_bed_elev
-42.5,25.3,-3952.61,ETOPO_2022_v1_15s_bed_elev
-42.4,25.3,-3884.51,ETOPO_2022_v1_15s_bed_elev
-42.3,25.3,-3639.65,ETOPO_2022_v1_15s_bed_elev
-42.2,25.3,-3988.57,ETOPO_2022_v1_15s_bed_elev
-42.1,25.3,-3944.22,ETOPO_2022_v1_15s_bed_elev
-42.0,25.3,-3960.78,ETOPO_2022_v1_15s_bed_elev
-41.9,25.3,-3944.62,ETOPO_2022_v1_15s_bed_elev
-41.8,25.3,-4088.12,ETOPO_2022_v1_15s_bed_elev
-41.7,25.3,-3858.13,ETOPO_2022_v1_15s_bed_elev
-41.6,25.3,-4065.54,ETOPO_2022_v1_15s_bed_elev
-41.5,25.3,-4234.77,ETOPO_2022_v1_15s_bed_elev
-41.4,25.3,-4269.34,ETOPO_2022_v1_15s_bed_elev
-41.3,25.3,-4481.28,ETOPO_2022_v1_15s_bed_elev
-41.2,25.3,-4209.68,ETOPO_2022_v1_15s_bed_elev
-41.1,25.3,-4339.14,ETOPO_2022_v1_15s_bed_elev
-41.0,25.3,-4550.75,ETOPO_2022_v1_15s_bed_elev
-40.9,25.3,-4262.84,ETOPO_2022_v1_15s_bed_elev
-40.8,25.3,-4349.52,ETOPO_2022_v1_15s_bed_elev
-40.7,25.3,-4598.67,ETOPO_2022_v1_15s_bed_elev
-40.6,25.3,-4799.99,ETOPO_2022_v1_15s_bed_elev
-40.5,25.3,-4503.25,ETOPO_2022_v1_15s_bed_elev
-40.4,25.3,-4388.97,ETOPO_2022_v1_15s_bed_elev
-40.3,25.3,-4549.69,ETOPO_2022_v1_15s_bed_elev
-40.2,25.3,-4719.85,ETOPO_2022_v1_15s_bed_elev
-40.1,25.3,-4875.17,ETOPO_2022_v1_15s_bed_elev
-40.0,25.3,-4943.33,ETOPO_2022_v1_15s_bed_elev
-39.9,25.3,-4680.17,ETOPO_2022_v1_15s_bed_elev
-39.8,25.3,-4612.87,ETOPO_2022_v1_15s_bed_elev
-39.7,25.3,-4875.03,ETOPO_2022_v1_15s_bed_elev
-39.6,25.3,-5022.35,ETOPO_2022_v1_15s_bed_elev
-39.5,25.3,-5022.47,ETOPO_2022_v1_15s_bed_elev
-39.4,25.3,-4856.19,ETOPO_2022_v1_15s_bed_elev
-39.3,25.3,-4764.74,ETOPO_2022_v1_15s_bed_elev
-39.2,25.3,-4962.01,ETOPO_2022_v1_15s_bed_elev
-39.1,25.3,-5241.96,ETOPO_2022_v1_15s_bed_elev
-39.0,25.3,-4905.71,ETOPO_2022_v1_15s_bed_elev
-38.9,25.3,-4718.24,ETOPO_2022_v1_15s_bed_elev
-38.8,25.3,-4602.81,ETOPO_2022_v1_15s_bed_elev
-38.7,25.3,-4737.88,ETOPO_2022_v1_15s_bed_elev
-38.6,25.3,-5030.43,ETOPO_2022_v1_15s_bed_elev
-38.5,25.3,-5166.78,ETOPO_2022_v1_15s_bed_elev
-38.4,25.3,-4980.49,ETOPO_2022_v1_15s_bed_elev
-38.3,25.3,-4929.28,ETOPO_2022_v1_15s_bed_elev
-38.2,25.3,-4874.79,ETOPO_2022_v1_15s_bed_elev
-38.1,25.3,-5010.0,ETOPO_2022_v1_15s_bed_elev
-38.0,25.3,-4885.93,ETOPO_2022_v1_15s_bed_elev
-37.9,25.3,-5136.72,ETOPO_2022_v1_15s_bed_elev
-37.8,25.3,-4870.26,ETOPO_2022_v1_15s_bed_elev
-37.7,25.3,-5128.71,ETOPO_2022_v1_15s_bed_elev
-37.6,25.3,-5124.6,ETOPO_2022_v1_15s_bed_elev
-37.5,25.3,-4953.65,ETOPO_2022_v1_15s_bed_elev
-37.4,25.3,-5077.56,ETOPO_2022_v1_15s_bed_elev
-37.3,25.3,-5174.17,ETOPO_2022_v1_15s_bed_elev
-37.2,25.3,-5350.71,ETOPO_2022_v1_15s_bed_elev
-37.1,25.3,-5466.26,ETOPO_2022_v1_15s_bed_elev
-37.0,25.3,-5355.25,ETOPO_2022_v1_15s_bed_elev
-36.9,25.3,-5353.83,ETOPO_2022_v1_15s_bed_elev
-36.8,25.3,-5631.49,ETOPO_2022_v1_15s_bed_elev
-36.7,25.3,-5426.4,ETOPO_2022_v1_15s_bed_elev
-36.6,25.3,-5828.6,ETOPO_2022_v1_15s_bed_elev
-36.5,25.3,-5453.07,ETOPO_2022_v1_15s_bed_elev
-36.4,25.3,-5431.17,ETOPO_2022_v1_15s_bed_elev
-36.3,25.3,-5750.17,ETOPO_2022_v1_15s_bed_elev
-36.2,25.3,-5392.85,ETOPO_2022_v1_15s_bed_elev
-36.1,25.3,-5981.84,ETOPO_2022_v1_15s_bed_elev
-36.0,25.3,-5729.73,ETOPO_2022_v1_15s_bed_elev
-35.9,25.3,-5422.72,ETOPO_2022_v1_15s_bed_elev
-35.8,25.3,-5636.16,ETOPO_2022_v1_15s_bed_elev
-35.7,25.3,-5498.63,ETOPO_2022_v1_15s_bed_elev
-35.6,25.3,-5375.82,ETOPO_2022_v1_15s_bed_elev
-35.5,25.3,-5403.24,ETOPO_2022_v1_15s_bed_elev
-35.4,25.3,-5474.4,ETOPO_2022_v1_15s_bed_elev
-35.3,25.3,-5878.0,ETOPO_2022_v1_15s_bed_elev
-35.2,25.3,-5866.42,ETOPO_2022_v1_15s_bed_elev
-35.1,25.3,-5816.84,ETOPO_2022_v1_15s_bed_elev
-35.0,25.3,-5950.32,ETOPO_2022_v1_15s_bed_elev
-51.0,25.4,-5201.56,ETOPO_2022_v1_15s_bed_elev
-50.9,25.4,-5290.76,ETOPO_2022_v1_15s_bed_elev
-50.8,25.4,-5013.34,ETOPO_2022_v1_15s_bed_elev
-50.7,25.4,-5042.96,ETOPO_2022_v1_15s_bed_elev
-50.6,25.4,-4919.25,ETOPO_2022_v1_15s_bed_elev
-50.5,25.4,-4634.42,ETOPO_2022_v1_15s_bed_elev
-50.4,25.4,-5007.43,ETOPO_2022_v1_15s_bed_elev
-50.3,25.4,-5314.48,ETOPO_2022_v1_15s_bed_elev
-50.2,25.4,-4955.61,ETOPO_2022_v1_15s_bed_elev
-50.1,25.4,-4658.57,ETOPO_2022_v1_15s_bed_elev
-50.0,25.4,-4839.93,ETOPO_2022_v1_15s_bed_elev
-49.9,25.4,-4820.07,ETOPO_2022_v1_15s_bed_elev
-49.8,25.4,-4858.34,ETOPO_2022_v1_15s_bed_elev
-49.7,25.4,-4862.02,ETOPO_2022_v1_15s_bed_elev
-49.6,25.4,-4854.23,ETOPO_2022_v1_15s_bed_elev
-49.5,25.4,-4570.68,ETOPO_2022_v1_15s_bed_elev
-49.4,25.4,-4652.39,ETOPO_2022_v1_15s_bed_elev
-49.3,25.4,-4550.06,ETOPO_2022_v1_15s_bed_elev
-49.2,25.4,-4248.54,ETOPO_2022_v1_15s_bed_elev
-49.1,25.4,-4340.18,ETOPO_2022_v1_15s_bed_elev
-49.0,25.4,-4866.66,ETOPO_2022_v1_15s_bed_elev
-48.9,25.4,-4783.16,ETOPO_2022_v1_15s_bed_elev
-48.8,25.4,-4668.05,ETOPO_2022_v1_15s_bed_elev
-48.7,25.4,-4700.23,ETOPO_2022_v1_15s_bed_elev
-48.6,25.4,-4434.29,ETOPO_2022_v1_15s_bed_elev
-48.5,25.4,-4272.83,ETOPO_2022_v1_15s_bed_elev
-48.4,25.4,-4480.48,ETOPO_2022_v1_15s_bed_elev
-48.3,25.4,-4258.55,ETOPO_2022_v1_15s_bed_elev
-48.2,25.4,-4332.76,ETOPO_2022_v1_15s_bed_elev
-48.1,25.4,-4247.37,ETOPO_2022_v1_15s_bed_elev
-48.0,25.4,-4348.83,ETOPO_2022_v1_15s_bed_elev
-47.9,25.4,-4163.24,ETOPO_2022_v1_15s_bed_elev
-47.8,25.4,-4137.79,ETOPO_2022_v1_15s_bed_elev
-47.7,25.4,-4140.01,ETOPO_2022_v1_15s_bed_elev
-47.6,25.4,-4040.44,ETOPO_2022_v1_15s_bed_elev
-47.5,25.4,-4109.49,ETOPO_2022_v1_15s_bed_elev
-47.4,25.4,-4057.7,ETOPO_2022_v1_15s_bed_elev
-47.3,25.4,-4124.56,ETOPO_2022_v1_15s_bed_elev
-47.2,25.4,-3974.42,ETOPO_2022_v1_15s_bed_elev
-47.1,25.4,-3834.17,ETOPO_2022_v1_15s_bed_elev
-47.0,25.4,-3747.59,ETOPO_2022_v1_15s_bed_elev
-46.9,25.4,-3905.85,ETOPO_2022_v1_15s_bed_elev
-46.8,25.4,-3935.97,ETOPO_2022_v1_15s_bed_elev
-46.7,25.4,-3603.26,ETOPO_2022_v1_15s_bed_elev
-46.6,25.4,-3688.22,ETOPO_2022_v1_15s_bed_elev
-46.5,25.4,-3597.73,ETOPO_2022_v1_15s_bed_elev
-46.4,25.4,-3515.46,ETOPO_2022_v1_15s_bed_elev
-46.3,25.4,-3397.82,ETOPO_2022_v1_15s_bed_elev
-46.2,25.4,-3639.97,ETOPO_2022_v1_15s_bed_elev
-46.1,25.4,-3831.89,ETOPO_2022_v1_15s_bed_elev
-46.0,25.4,-3196.41,ETOPO_2022_v1_15s_bed_elev
-45.9,25.4,-3247.82,ETOPO_2022_v1_15s_bed_elev
-45.8,25.4,-2869.93,ETOPO_2022_v1_15s_bed_elev
-45.7,25.4,-2913.3,ETOPO_2022_v1_15s_bed_elev
-45.6,25.4,-2929.59,ETOPO_2022_v1_15s_bed_elev
-45.5,25.4,-3110.49,ETOPO_2022_v1_15s_bed_elev
-45.4,25.4,-3857.61,ETOPO_2022_v1_15s_bed_elev
-45.3,25.4,-3715.17,ETOPO_2022_v1_15s_bed_elev
-45.2,25.4,-2842.96,ETOPO_2022_v1_15s_bed_elev
-45.1,25.4,-2672.65,ETOPO_2022_v1_15s_bed_elev
-45.0,25.4,-2938.2,ETOPO_2022_v1_15s_bed_elev
-44.9,25.4,-3241.27,ETOPO_2022_v1_15s_bed_elev
-44.8,25.4,-3624.32,ETOPO_2022_v1_15s_bed_elev
-44.7,25.4,-3866.3,ETOPO_2022_v1_15s_bed_elev
-44.6,25.4,-4071.97,ETOPO_2022_v1_15s_bed_elev
-44.5,25.4,-3973.25,ETOPO_2022_v1_15s_bed_elev
-44.4,25.4,-3908.09,ETOPO_2022_v1_15s_bed_elev
-44.3,25.4,-3804.0,ETOPO_2022_v1_15s_bed_elev
-44.2,25.4,-3816.53,ETOPO_2022_v1_15s_bed_elev
-44.1,25.4,-3953.5,ETOPO_2022_v1_15s_bed_elev
-44.0,25.4,-3549.73,ETOPO_2022_v1_15s_bed_elev
-43.9,25.4,-3367.21,ETOPO_2022_v1_15s_bed_elev
-43.8,25.4,-3706.1,ETOPO_2022_v1_15s_bed_elev
-43.7,25.4,-4167.51,ETOPO_2022_v1_15s_bed_elev
-43.6,25.4,-3861.8,ETOPO_2022_v1_15s_bed_elev
-43.5,25.4,-3536.5,ETOPO_2022_v1_15s_bed_elev
-43.4,25.4,-3582.2,ETOPO_2022_v1_15s_bed_elev
-43.3,25.4,-3664.07,ETOPO_2022_v1_15s_bed_elev
-43.2,25.4,-3919.96,ETOPO_2022_v1_15s_bed_elev
-43.1,25.4,-3695.86,ETOPO_2022_v1_15s_bed_elev
-43.0,25.4,-3700.34,ETOPO_2022_v1_15s_bed_elev
-42.9,25.4,-3898.09,ETOPO_2022_v1_15s_bed_elev
-42.8,25.4,-3805.53,ETOPO_2022_v1_15s_bed_elev
-42.7,25.4,-3960.8,ETOPO_2022_v1_15s_bed_elev
-42.6,25.4,-3888.64,ETOPO_2022_v1_15s_bed_elev
-42.5,25.4,-3992.52,ETOPO_2022_v1_15s_bed_elev
-42.4,25.4,-3935.63,ETOPO_2022_v1_15s_bed_elev
-42.3,25.4,-3789.04,ETOPO_2022_v1_15s_bed_elev
-42.2,25.4,-3777.37,ETOPO_2022_v1_15s_bed_elev
-42.1,25.4,-3541.07,ETOPO_2022_v1_15s_bed_elev
-42.0,25.4,-3597.51,ETOPO_2022_v1_15s_bed_elev
-41.9,25.4,-4020.61,ETOPO_2022_v1_15s_bed_elev
-41.8,25.4,-4276.01,ETOPO_2022_v1_15s_bed_elev
-41.7,25.4,-4313.1,ETOPO_2022_v1_15s_bed_elev
-41.6,25.4,-4086.83,ETOPO_2022_v1_15s_bed_elev
-41.5,25.4,-4077.14,ETOPO_2022_v1_15s_bed_elev
-41.4,25.4,-4217.32,ETOPO_2022_v1_15s_bed_elev
-41.3,25.4,-4286.82,ETOPO_2022_v1_15s_bed_elev
-41.2,25.4,-4478.3,ETOPO_2022_v1_15s_bed_elev
-41.1,25.4,-4530.31,ETOPO_2022_v1_15s_bed_elev
-41.0,25.4,-4621.02,ETOPO_2022_v1_15s_bed_elev
-40.9,25.4,-4051.64,ETOPO_2022_v1_15s_bed_elev
-40.8,25.4,-4259.48,ETOPO_2022_v1_15s_bed_elev
-40.7,25.4,-4576.97,ETOPO_2022_v1_15s_bed_elev
-40.6,25.4,-4628.64,ETOPO_2022_v1_15s_bed_elev
-40.5,25.4,-4652.21,ETOPO_2022_v1_15s_bed_elev
-40.4,25.4,-4747.43,ETOPO_2022_v1_15s_bed_elev
-40.3,25.4,-4696.18,ETOPO_2022_v1_15s_bed_elev
-40.2,25.4,-4812.43,ETOPO_2022_v1_15s_bed_elev
-40.1,25.4,-4731.94,ETOPO_2022_v1_15s_bed_elev
-40.0,25.4,-4905.69,ETOPO_2022_v1_15s_bed_elev
-39.9,25.4,-4732.33,ETOPO_2022_v1_15s_bed_elev
-39.8,25.4,-4687.15,ETOPO_2022_v1_15s_bed_elev
-39.7,25.4,-4743.54,ETOPO_2022_v1_15s_bed_elev
-39.6,25.4,-4896.08,ETOPO_2022_v1_15s_bed_elev
-39.5,25.4,-4777.68,ETOPO_2022_v1_15s_bed_elev
-39.4,25.4,-5012.23,ETOPO_2022_v1_15s_bed_elev
-39.3,25.4,-4896.16,ETOPO_2022_v1_15s_bed_elev
-39.2,25.4,-4877.74,ETOPO_2022_v1_15s_bed_elev
-39.1,25.4,-5031.25,ETOPO_2022_v1_15s_bed_elev
-39.0,25.4,-4842.48,ETOPO_2022_v1_15s_bed_elev
-38.9,25.4,-4888.38,ETOPO_2022_v1_15s_bed_elev
-38.8,25.4,-4856.38,ETOPO_2022_v1_15s_bed_elev
-38.7,25.4,-4743.59,ETOPO_2022_v1_15s_bed_elev
-38.6,25.4,-4845.06,ETOPO_2022_v1_15s_bed_elev
-38.5,25.4,-5356.77,ETOPO_2022_v1_15s_bed_elev
-38.4,25.4,-5408.35,ETOPO_2022_v1_15s_bed_elev
-38.3,25.4,-5256.03,ETOPO_2022_v1_15s_bed_elev
-38.2,25.4,-5254.96,ETOPO_2022_v1_15s_bed_elev
-38.1,25.4,-5161.51,ETOPO_2022_v1_15s_bed_elev
-38.0,25.4,-4710.45,ETOPO_2022_v1_15s_bed_elev
-37.9,25.4,-5079.08,ETOPO_2022_v1_15s_bed_elev
-37.8,25.4,-5068.91,ETOPO_2022_v1_15s_bed_elev
-37.7,25.4,-4783.02,ETOPO_2022_v1_15s_bed_elev
-37.6,25.4,-5224.73,ETOPO_2022_v1_15s_bed_elev
-37.5,25.4,-4977.06,ETOPO_2022_v1_15s_bed_elev
-37.4,25.4,-4901.72,ETOPO_2022_v1_15s_bed_elev
-37.3,25.4,-4786.49,ETOPO_2022_v1_15s_bed_elev
-37.2,25.4,-5289.18,ETOPO_2022_v1_15s_bed_elev
-37.1,25.4,-5245.94,ETOPO_2022_v1_15s_bed_elev
-37.0,25.4,-5268.58,ETOPO_2022_v1_15s_bed_elev
-36.9,25.4,-5390.76,ETOPO_2022_v1_15s_bed_elev
-36.8,25.4,-5411.6,ETOPO_2022_v1_15s_bed_elev
-36.7,25.4,-5189.38,ETOPO_2022_v1_15s_bed_elev
-36.6,25.4,-5379.81,ETOPO_2022_v1_15s_bed_elev
-36.5,25.4,-5058.25,ETOPO_2022_v1_15s_bed_elev
-36.4,25.4,-5275.23,ETOPO_2022_v1_15s_bed_elev
-36.3,25.4,-5248.76,ETOPO_2022_v1_15s_bed_elev
-36.2,25.4,-5249.06,ETOPO_2022_v1_15s_bed_elev
-36.1,25.4,-5715.12,ETOPO_2022_v1_15s_bed_elev
-36.0,25.4,-5804.28,ETOPO_2022_v1_15s_bed_elev
-35.9,25.4,-5508.78,ETOPO_2022_v1_15s_bed_elev
-35.8,25.4,-5445.17,ETOPO_2022_v1_15s_bed_elev
-35.7,25.4,-5161.29,ETOPO_2022_v1_15s_bed_elev
-35.6,25.4,-5463.76,ETOPO_2022_v1_15s_bed_elev
-35.5,25.4,-5705.44,ETOPO_2022_v1_15s_bed_elev
-35.4,25.4,-5699.83,ETOPO_2022_v1_15s_bed_elev
-35.3,25.4,-5639.12,ETOPO_2022_v1_15s_bed_elev
-35.2,25.4,-5655.43,ETOPO_2022_v1_15s_bed_elev
-35.1,25.4,-5258.57,ETOPO_2022_v1_15s_bed_elev
-35.0,25.4,-5706.02,ETOPO_2022_v1_15s_bed_elev
-51.0,25.5,-4581.63,ETOPO_2022_v1_15s_bed_elev
-50.9,25.5,-4282.07,ETOPO_2022_v1_15s_bed_elev
-50.8,25.5,-4567.28,ETOPO_2022_v1_15s_bed_elev
-50.7,25.5,-4549.88,ETOPO_2022_v1_15s_bed_elev
-50.6,25.5,-4500.15,ETOPO_2022_v1_15s_bed_elev
-50.5,25.5,-4806.67,ETOPO_2022_v1_15s_bed_elev
-50.4,25.5,-4430.36,ETOPO_2022_v1_15s_bed_elev
-50.3,25.5,-4538.45,ETOPO_2022_v1_15s_bed_elev
-50.2,25.5,-4673.52,ETOPO_2022_v1_15s_bed_elev
-50.1,25.5,-4485.66,ETOPO_2022_v1_15s_bed_elev
-50.0,25.5,-4554.77,ETOPO_2022_v1_15s_bed_elev
-49.9,25.5,-5026.14,ETOPO_2022_v1_15s_bed_elev
-49.8,25.5,-4956.07,ETOPO_2022_v1_15s_bed_elev
-49.7,25.5,-4837.97,ETOPO_2022_v1_15s_bed_elev
-49.6,25.5,-4990.87,ETOPO_2022_v1_15s_bed_elev
-49.5,25.5,-4702.56,ETOPO_2022_v1_15s_bed_elev
-49.4,25.5,-4574.58,ETOPO_2022_v1_15s_bed_elev
-49.3,25.5,-4347.96,ETOPO_2022_v1_15s_bed_elev
-49.2,25.5,-4422.75,ETOPO_2022_v1_15s_bed_elev
-49.1,25.5,-4892.64,ETOPO_2022_v1_15s_bed_elev
-49.0,25.5,-4771.24,ETOPO_2022_v1_15s_bed_elev
-48.9,25.5,-4738.25,ETOPO_2022_v1_15s_bed_elev
-48.8,25.5,-4648.52,ETOPO_2022_v1_15s_bed_elev
-48.7,25.5,-4686.01,ETOPO_2022_v1_15s_bed_elev
-48.6,25.5,-4436.22,ETOPO_2022_v1_15s_bed_elev
-48.5,25.5,-4789.67,ETOPO_2022_v1_15s_bed_elev
-48.4,25.5,-4628.48,ETOPO_2022_v1_15s_bed_elev
-48.3,25.5,-4522.62,ETOPO_2022_v1_15s_bed_elev
-48.2,25.5,-4385.23,ETOPO_2022_v1_15s_bed_elev
-48.1,25.5,-4541.17,ETOPO_2022_v1_15s_bed_elev
-48.0,25.5,-4582.3,ETOPO_2022_v1_15s_bed_elev
-47.9,25.5,-4540.88,ETOPO_2022_v1_15s_bed_elev
-47.8,25.5,-4482.82,ETOPO_2022_v1_15s_bed_elev
-47.7,25.5,-4438.16,ETOPO_2022_v1_15s_bed_elev
-47.6,25.5,-4390.0,ETOPO_2022_v1_15s_bed_elev
-47.5,25.5,-4581.65,ETOPO_2022_v1_15s_bed_elev
-47.4,25.5,-4628.05,ETOPO_2022_v1_15s_bed_elev
-47.3,25.5,-4449.42,ETOPO_2022_v1_15s_bed_elev
-47.2,25.5,-4359.46,ETOPO_2022_v1_15s_bed_elev
-47.1,25.5,-4016.89,ETOPO_2022_v1_15s_bed_elev
-47.0,25.5,-4078.77,ETOPO_2022_v1_15s_bed_elev
-46.9,25.5,-4296.96,ETOPO_2022_v1_15s_bed_elev
-46.8,25.5,-4323.43,ETOPO_2022_v1_15s_bed_elev
-46.7,25.5,-4178.17,ETOPO_2022_v1_15s_bed_elev
-46.6,25.5,-4113.34,ETOPO_2022_v1_15s_bed_elev
-46.5,25.5,-4269.64,ETOPO_2022_v1_15s_bed_elev
-46.4,25.5,-3990.1,ETOPO_2022_v1_15s_bed_elev
-46.3,25.5,-3882.37,ETOPO_2022_v1_15s_bed_elev
-46.2,25.5,-4144.09,ETOPO_2022_v1_15s_bed_elev
-46.1,25.5,-4112.3,ETOPO_2022_v1_15s_bed_elev
-46.0,25.5,-3738.84,ETOPO_2022_v1_15s_bed_elev
-45.9,25.5,-3591.79,ETOPO_2022_v1_15s_bed_elev
-45.8,25.5,-3415.5,ETOPO_2022_v1_15s_bed_elev
-45.7,25.5,-3555.48,ETOPO_2022_v1_15s_bed_elev
-45.6,25.5,-3156.83,ETOPO_2022_v1_15s_bed_elev
-45.5,25.5,-3099.18,ETOPO_2022_v1_15s_bed_elev
-45.4,25.5,-3604.21,ETOPO_2022_v1_15s_bed_elev
-45.3,25.5,-3972.1,ETOPO_2022_v1_15s_bed_elev
-45.2,25.5,-2972.8,ETOPO_2022_v1_15s_bed_elev
-45.1,25.5,-2680.8,ETOPO_2022_v1_15s_bed_elev
-45.0,25.5,-3256.22,ETOPO_2022_v1_15s_bed_elev
-44.9,25.5,-3676.83,ETOPO_2022_v1_15s_bed_elev
-44.8,25.5,-3856.42,ETOPO_2022_v1_15s_bed_elev
-44.7,25.5,-3618.52,ETOPO_2022_v1_15s_bed_elev
-44.6,25.5,-3799.94,ETOPO_2022_v1_15s_bed_elev
-44.5,25.5,-3548.92,ETOPO_2022_v1_15s_bed_elev
-44.4,25.5,-3330.47,ETOPO_2022_v1_15s_bed_elev
-44.3,25.5,-3217.19,ETOPO_2022_v1_15s_bed_elev
-44.2,25.5,-3203.36,ETOPO_2022_v1_15s_bed_elev
-44.1,25.5,-3398.07,ETOPO_2022_v1_15s_bed_elev
-44.0,25.5,-3216.83,ETOPO_2022_v1_15s_bed_elev
-43.9,25.5,-3076.12,ETOPO_2022_v1_15s_bed_elev
-43.8,25.5,-3493.29,ETOPO_2022_v1_15s_bed_elev
-43.7,25.5,-3797.23,ETOPO_2022_v1_15s_bed_elev
-43.6,25.5,-3899.45,ETOPO_2022_v1_15s_bed_elev
-43.5,25.5,-3753.69,ETOPO_2022_v1_15s_bed_elev
-43.4,25.5,-3602.35,ETOPO_2022_v1_15s_bed_elev
-43.3,25.5,-3436.95,ETOPO_2022_v1_15s_bed_elev
-43.2,25.5,-3587.82,ETOPO_2022_v1_15s_bed_elev
-43.1,25.5,-3927.84,ETOPO_2022_v1_15s_bed_elev
-43.0,25.5,-3585.82,ETOPO_2022_v1_15s_bed_elev
-42.9,25.5,-3943.6,ETOPO_2022_v1_15s_bed_elev
-42.8,25.5,-3805.25,ETOPO_2022_v1_15s_bed_elev
-42.7,25.5,-3761.93,ETOPO_2022_v1_15s_bed_elev
-42.6,25.5,-3741.94,ETOPO_2022_v1_15s_bed_elev
-42.5,25.5,-3698.7,ETOPO_2022_v1_15s_bed_elev
-42.4,25.5,-3654.43,ETOPO_2022_v1_15s_bed_elev
-42.3,25.5,-3832.46,ETOPO_2022_v1_15s_bed_elev
-42.2,25.5,-3844.69,ETOPO_2022_v1_15s_bed_elev
-42.1,25.5,-3800.74,ETOPO_2022_v1_15s_bed_elev
-42.0,25.5,-3586.26,ETOPO_2022_v1_15s_bed_elev
-41.9,25.5,-3613.79,ETOPO_2022_v1_15s_bed_elev
-41.8,25.5,-4340.91,ETOPO_2022_v1_15s_bed_elev
-41.7,25.5,-4524.97,ETOPO_2022_v1_15s_bed_elev
-41.6,25.5,-4379.9,ETOPO_2022_v1_15s_bed_elev
-41.5,25.5,-4235.93,ETOPO_2022_v1_15s_bed_elev
-41.4,25.5,-4429.53,ETOPO_2022_v1_15s_bed_elev
-41.3,25.5,-4406.66,ETOPO_2022_v1_15s_bed_elev
-41.2,25.5,-4449.49,ETOPO_2022_v1_15s_bed_elev
-41.1,25.5,-4379.32,ETOPO_2022_v1_15s_bed_elev
-41.0,25.5,-4437.71,ETOPO_2022_v1_15s_bed_elev
-40.9,25.5,-4540.44,ETOPO_2022_v1_15s_bed_elev
-40.8,25.5,-4416.15,ETOPO_2022_v1_15s_bed_elev
-40.7,25.5,-4559.86,ETOPO_2022_v1_15s_bed_elev
-40.6,25.5,-4167.41,ETOPO_2022_v1_15s_bed_elev
-40.5,25.5,-4517.22,ETOPO_2022_v1_15s_bed_elev
-40.4,25.5,-4861.17,ETOPO_2022_v1_15s_bed_elev
-40.3,25.5,-4787.43,ETOPO_2022_v1_15s_bed_elev
-40.2,25.5,-4700.82,ETOPO_2022_v1_15s_bed_elev
-40.1,25.5,-4412.8,ETOPO_2022_v1_15s_bed_elev
-40.0,25.5,-4654.31,ETOPO_2022_v1_15s_bed_elev
-39.9,25.5,-4528.13,ETOPO_2022_v1_15s_bed_elev
-39.8,25.5,-4663.29,ETOPO_2022_v1_15s_bed_elev
-39.7,25.5,-4657.01,ETOPO_2022_v1_15s_bed_elev
-39.6,25.5,-4658.07,ETOPO_2022_v1_15s_bed_elev
-39.5,25.5,-4638.45,ETOPO_2022_v1_15s_bed_elev
-39.4,25.5,-4646.66,ETOPO_2022_v1_15s_bed_elev
-39.3,25.5,-5137.96,ETOPO_2022_v1_15s_bed_elev
-39.2,25.5,-4782.84,ETOPO_2022_v1_15s_bed_elev
-39.1,25.5,-4859.92,ETOPO_2022_v1_15s_bed_elev
-39.0,25.5,-5071.26,ETOPO_2022_v1_15s_bed_elev
-38.9,25.5,-5065.32,ETOPO_2022_v1_15s_bed_elev
-38.8,25.5,-5004.91,ETOPO_2022_v1_15s_bed_elev
-38.7,25.5,-4985.12,ETOPO_2022_v1_15s_bed_elev
-38.6,25.5,-4780.09,ETOPO_2022_v1_15s_bed_elev
-38.5,25.5,-5123.96,ETOPO_2022_v1_15s_bed_elev
-38.4,25.5,-4811.63,ETOPO_2022_v1_15s_bed_elev
-38.3,25.5,-5396.01,ETOPO_2022_v1_15s_bed_elev
-38.2,25.5,-5133.69,ETOPO_2022_v1_15s_bed_elev
-38.1,25.5,-5303.7,ETOPO_2022_v1_15s_bed_elev
-38.0,25.5,-5195.37,ETOPO_2022_v1_15s_bed_elev
-37.9,25.5,-5443.37,ETOPO_2022_v1_15s_bed_elev
-37.8,25.5,-5627.37,ETOPO_2022_v1_15s_bed_elev
-37.7,25.5,-5326.31,ETOPO_2022_v1_15s_bed_elev
-37.6,25.5,-5293.06,ETOPO_2022_v1_15s_bed_elev
-37.5,25.5,-4838.87,ETOPO_2022_v1_15s_bed_elev
-37.4,25.5,-4941.85,ETOPO_2022_v1_15s_bed_elev
-37.3,25.5,-4769.96,ETOPO_2022_v1_15s_bed_elev
-37.2,25.5,-5544.92,ETOPO_2022_v1_15s_bed_elev
-37.1,25.5,-5388.56,ETOPO_2022_v1_15s_bed_elev
-37.0,25.5,-5009.54,ETOPO_2022_v1_15s_bed_elev
-36.9,25.5,-5029.24,ETOPO_2022_v1_15s_bed_elev
-36.8,25.5,-5301.33,ETOPO_2022_v1_15s_bed_elev
-36.7,25.5,-5003.41,ETOPO_2022_v1_15s_bed_elev
-36.6,25.5,-5323.91,ETOPO_2022_v1_15s_bed_elev
-36.5,25.5,-5207.02,ETOPO_2022_v1_15s_bed_elev
-36.4,25.5,-5148.93,ETOPO_2022_v1_15s_bed_elev
-36.3,25.5,-5370.24,ETOPO_2022_v1_15s_bed_elev
-36.2,25.5,-5485.92,ETOPO_2022_v1_15s_bed_elev
-36.1,25.5,-5609.48,ETOPO_2022_v1_15s_bed_elev
-36.0,25.5,-5683.58,ETOPO_2022_v1_15s_bed_elev
-35.9,25.5,-5608.5,ETOPO_2022_v1_15s_bed_elev
-35.8,25.5,-5291.67,ETOPO_2022_v1_15s_bed_elev
-35.7,25.5,-5043.6,ETOPO_2022_v1_15s_bed_elev
-35.6,25.5,-5167.33,ETOPO_2022_v1_15s_bed_elev
-35.5,25.5,-5426.47,ETOPO_2022_v1_15s_bed_elev
-35.4,25.5,-5674.58,ETOPO_2022_v1_15s_bed_elev
-35.3,25.5,-5405.34,ETOPO_2022_v1_15s_bed_elev
-35.2,25.5,-5722.7,ETOPO_2022_v1_15s_bed_elev
-35.1,25.5,-5371.13,ETOPO_2022_v1_15s_bed_elev
-35.0,25.5,-5641.15,ETOPO_2022_v1_15s_bed_elev
-51.0,25.6,-4805.93,ETOPO_2022_v1_15s_bed_elev
-50.9,25.6,-4488.43,ETOPO_2022_v1_15s_bed_elev
-50.8,25.6,-4713.06,ETOPO_2022_v1_15s_bed_elev
-50.7,25.6,-4902.01,ETOPO_2022_v1_15s_bed_elev
-50.6,25.6,-4932.95,ETOPO_2022_v1_15s_bed_elev
-50.5,25.6,-5095.04,ETOPO_2022_v1_15s_bed_elev
-50.4,25.6,-4805.87,ETOPO_2022_v1_15s_bed_elev
-50.3,25.6,-4788.3,ETOPO_2022_v1_15s_bed_elev
-50.2,25.6,-4878.52,ETOPO_2022_v1_15s_bed_elev
-50.1,25.6,-5007.97,ETOPO_2022_v1_15s_bed_elev
-50.0,25.6,-4874.54,ETOPO_2022_v1_15s_bed_elev
-49.9,25.6,-4606.13,ETOPO_2022_v1_15s_bed_elev
-49.8,25.6,-4996.54,ETOPO_2022_v1_15s_bed_elev
-49.7,25.6,-4921.12,ETOPO_2022_v1_15s_bed_elev
-49.6,25.6,-4686.0,ETOPO_2022_v1_15s_bed_elev
-49.5,25.6,-4412.61,ETOPO_2022_v1_15s_bed_elev
-49.4,25.6,-4467.69,ETOPO_2022_v1_15s_bed_elev
-49.3,25.6,-4146.96,ETOPO_2022_v1_15s_bed_elev
-49.2,25.6,-4580.59,ETOPO_2022_v1_15s_bed_elev
-49.1,25.6,-4937.29,ETOPO_2022_v1_15s_bed_elev
-49.0,25.6,-4680.67,ETOPO_2022_v1_15s_bed_elev
-48.9,25.6,-4235.63,ETOPO_2022_v1_15s_bed_elev
-48.8,25.6,-4740.11,ETOPO_2022_v1_15s_bed_elev
-48.7,25.6,-4544.79,ETOPO_2022_v1_15s_bed_elev
-48.6,25.6,-4329.48,ETOPO_2022_v1_15s_bed_elev
-48.5,25.6,-4024.37,ETOPO_2022_v1_15s_bed_elev
-48.4,25.6,-4133.88,ETOPO_2022_v1_15s_bed_elev
-48.3,25.6,-4236.72,ETOPO_2022_v1_15s_bed_elev
-48.2,25.6,-4372.07,ETOPO_2022_v1_15s_bed_elev
-48.1,25.6,-4549.5,ETOPO_2022_v1_15s_bed_elev
-48.0,25.6,-4184.58,ETOPO_2022_v1_15s_bed_elev
-47.9,25.6,-4229.7,ETOPO_2022_v1_15s_bed_elev
-47.8,25.6,-4476.1,ETOPO_2022_v1_15s_bed_elev
-47.7,25.6,-4570.02,ETOPO_2022_v1_15s_bed_elev
-47.6,25.6,-4403.75,ETOPO_2022_v1_15s_bed_elev
-47.5,25.6,-4426.7,ETOPO_2022_v1_15s_bed_elev
-47.4,25.6,-4457.79,ETOPO_2022_v1_15s_bed_elev
-47.3,25.6,-4180.23,ETOPO_2022_v1_15s_bed_elev
-47.2,25.6,-4023.85,ETOPO_2022_v1_15s_bed_elev
-47.1,25.6,-4097.86,ETOPO_2022_v1_15s_bed_elev
-47.0,25.6,-4088.62,ETOPO_2022_v1_15s_bed_elev
-46.9,25.6,-4281.7,ETOPO_2022_v1_15s_bed_elev
-46.8,25.6,-4313.93,ETOPO_2022_v1_15s_bed_elev
-46.7,25.6,-3982.54,ETOPO_2022_v1_15s_bed_elev
-46.6,25.6,-4005.99,ETOPO_2022_v1_15s_bed_elev
-46.5,25.6,-4238.38,ETOPO_2022_v1_15s_bed_elev
-46.4,25.6,-4167.46,ETOPO_2022_v1_15s_bed_elev
-46.3,25.6,-4182.58,ETOPO_2022_v1_15s_bed_elev
-46.2,25.6,-4160.58,ETOPO_2022_v1_15s_bed_elev
-46.1,25.6,-3928.6,ETOPO_2022_v1_15s_bed_elev
-46.0,25.6,-3922.95,ETOPO_2022_v1_15s_bed_elev
-45.9,25.6,-3672.19,ETOPO_2022_v1_15s_bed_elev
-45.8,25.6,-3795.96,ETOPO_2022_v1_15s_bed_elev
-45.7,25.6,-3794.66,ETOPO_2022_v1_15s_bed_elev
-45.6,25.6,-3517.68,ETOPO_2022_v1_15s_bed_elev
-45.5,25.6,-3431.72,ETOPO_2022_v1_15s_bed_elev
-45.4,25.6,-3421.42,ETOPO_2022_v1_15s_bed_elev
-45.3,25.6,-3887.54,ETOPO_2022_v1_15s_bed_elev
-45.2,25.6,-3779.95,ETOPO_2022_v1_15s_bed_elev
-45.1,25.6,-3470.07,ETOPO_2022_v1_15s_bed_elev
-45.0,25.6,-3439.66,ETOPO_2022_v1_15s_bed_elev
-44.9,25.6,-3321.81,ETOPO_2022_v1_15s_bed_elev
-44.8,25.6,-3230.51,ETOPO_2022_v1_15s_bed_elev
-44.7,25.6,-3069.64,ETOPO_2022_v1_15s_bed_elev
-44.6,25.6,-3151.84,ETOPO_2022_v1_15s_bed_elev
-44.5,25.6,-3071.01,ETOPO_2022_v1_15s_bed_elev
-44.4,25.6,-3114.88,ETOPO_2022_v1_15s_bed_elev
-44.3,25.6,-3138.9,ETOPO_2022_v1_15s_bed_elev
-44.2,25.6,-3024.16,ETOPO_2022_v1_15s_bed_elev
-44.1,25.6,-3157.14,ETOPO_2022_v1_15s_bed_elev
-44.0,25.6,-3446.03,ETOPO_2022_v1_15s_bed_elev
-43.9,25.6,-3254.71,ETOPO_2022_v1_15s_bed_elev
-43.8,25.6,-3547.28,ETOPO_2022_v1_15s_bed_elev
-43.7,25.6,-3475.5,ETOPO_2022_v1_15s_bed_elev
-43.6,25.6,-3521.51,ETOPO_2022_v1_15s_bed_elev
-43.5,25.6,-3983.06,ETOPO_2022_v1_15s_bed_elev
-43.4,25.6,-3881.17,ETOPO_2022_v1_15s_bed_elev
-43.3,25.6,-3895.32,ETOPO_2022_v1_15s_bed_elev
-43.2,25.6,-3682.02,ETOPO_2022_v1_15s_bed_elev
-43.1,25.6,-4095.17,ETOPO_2022_v1_15s_bed_elev
-43.0,25.6,-3895.26,ETOPO_2022_v1_15s_bed_elev
-42.9,25.6,-4085.98,ETOPO_2022_v1_15s_bed_elev
-42.8,25.6,-3973.75,ETOPO_2022_v1_15s_bed_elev
-42.7,25.6,-3668.56,ETOPO_2022_v1_15s_bed_elev
-42.6,25.6,-3656.47,ETOPO_2022_v1_15s_bed_elev
-42.5,25.6,-3680.11,ETOPO_2022_v1_15s_bed_elev
-42.4,25.6,-4025.55,ETOPO_2022_v1_15s_bed_elev
-42.3,25.6,-4254.65,ETOPO_2022_v1_15s_bed_elev
-42.2,25.6,-4265.45,ETOPO_2022_v1_15s_bed_elev
-42.1,25.6,-4185.29,ETOPO_2022_v1_15s_bed_elev
-42.0,25.6,-4214.96,ETOPO_2022_v1_15s_bed_elev
-41.9,25.6,-3811.93,ETOPO_2022_v1_15s_bed_elev
-41.8,25.6,-4296.99,ETOPO_2022_v1_15s_bed_elev
-41.7,25.6,-4045.85,ETOPO_2022_v1_15s_bed_elev
-41.6,25.6,-4019.44,ETOPO_2022_v1_15s_bed_elev
-41.5,25.6,-4295.71,ETOPO_2022_v1_15s_bed_elev
-41.4,25.6,-4527.54,ETOPO_2022_v1_15s_bed_elev
-41.3,25.6,-4740.7,ETOPO_2022_v1_15s_bed_elev
-41.2,25.6,-4178.83,ETOPO_2022_v1_15s_bed_elev
-41.1,25.6,-4342.49,ETOPO_2022_v1_15s_bed_elev
-41.0,25.6,-4200.92,ETOPO_2022_v1_15s_bed_elev
-40.9,25.6,-4125.9,ETOPO_2022_v1_15s_bed_elev
-40.8,25.6,-4249.62,ETOPO_2022_v1_15s_bed_elev
-40.7,25.6,-4718.74,ETOPO_2022_v1_15s_bed_elev
-40.6,25.6,-4769.83,ETOPO_2022_v1_15s_bed_elev
-40.5,25.6,-4679.02,ETOPO_2022_v1_15s_bed_elev
-40.4,25.6,-4626.29,ETOPO_2022_v1_15s_bed_elev
-40.3,25.6,-4940.48,ETOPO_2022_v1_15s_bed_elev
-40.2,25.6,-4816.69,ETOPO_2022_v1_15s_bed_elev
-40.1,25.6,-4478.29,ETOPO_2022_v1_15s_bed_elev
-40.0,25.6,-4374.89,ETOPO_2022_v1_15s_bed_elev
-39.9,25.6,-4563.44,ETOPO_2022_v1_15s_bed_elev
-39.8,25.6,-4788.32,ETOPO_2022_v1_15s_bed_elev
-39.7,25.6,-4732.17,ETOPO_2022_v1_15s_bed_elev
-39.6,25.6,-4520.71,ETOPO_2022_v1_15s_bed_elev
-39.5,25.6,-4358.96,ETOPO_2022_v1_15s_bed_elev
-39.4,25.6,-4550.44,ETOPO_2022_v1_15s_bed_elev
-39.3,25.6,-4539.69,ETOPO_2022_v1_15s_bed_elev
-39.2,25.6,-4846.02,ETOPO_2022_v1_15s_bed_elev
-39.1,25.6,-4714.56,ETOPO_2022_v1_15s_bed_elev
-39.0,25.6,-4869.22,ETOPO_2022_v1_15s_bed_elev
-38.9,25.6,-5037.27,ETOPO_2022_v1_15s_bed_elev
-38.8,25.6,-5043.18,ETOPO_2022_v1_15s_bed_elev
-38.7,25.6,-5164.1,ETOPO_2022_v1_15s_bed_elev
-38.6,25.6,-5082.35,ETOPO_2022_v1_15s_bed_elev
-38.5,25.6,-5070.72,ETOPO_2022_v1_15s_bed_elev
-38.4,25.6,-5084.98,ETOPO_2022_v1_15s_bed_elev
-38.3,25.6,-5306.59,ETOPO_2022_v1_15s_bed_elev
-38.2,25.6,-4744.07,ETOPO_2022_v1_15s_bed_elev
-38.1,25.6,-4967.83,ETOPO_2022_v1_15s_bed_elev
-38.0,25.6,-5312.21,ETOPO_2022_v1_15s_bed_elev
-37.9,25.6,-5331.33,ETOPO_2022_v1_15s_bed_elev
-37.8,25.6,-5382.74,ETOPO_2022_v1_15s_bed_elev
-37.7,25.6,-5263.32,ETOPO_2022_v1_15s_bed_elev
-37.6,25.6,-5319.54,ETOPO_2022_v1_15s_bed_elev
-37.5,25.6,-5280.9,ETOPO_2022_v1_15s_bed_elev
-37.4,25.6,-5314.31,ETOPO_2022_v1_15s_bed_elev
-37.3,25.6,-5510.68,ETOPO_2022_v1_15s_bed_elev
-37.2,25.6,-5478.0,ETOPO_2022_v1_15s_bed_elev
-37.1,25.6,-5564.65,ETOPO_2022_v1_15s_bed_elev
-37.0,25.6,-5083.02,ETOPO_2022_v1_15s_bed_elev
-36.9,25.6,-5069.44,ETOPO_2022_v1_15s_bed_elev
-36.8,25.6,-5292.34,ETOPO_2022_v1_15s_bed_elev
-36.7,25.6,-4952.45,ETOPO_2022_v1_15s_bed_elev
-36.6,25.6,-5112.22,ETOPO_2022_v1_15s_bed_elev
-36.5,25.6,-5370.96,ETOPO_2022_v1_15s_bed_elev
-36.4,25.6,-5199.22,ETOPO_2022_v1_15s_bed_elev
-36.3,25.6,-5275.09,ETOPO_2022_v1_15s_bed_elev
-36.2,25.6,-5396.58,ETOPO_2022_v1_15s_bed_elev
-36.1,25.6,-5370.33,ETOPO_2022_v1_15s_bed_elev
-36.0,25.6,-5259.68,ETOPO_2022_v1_15s_bed_elev
-35.9,25.6,-5430.34,ETOPO_2022_v1_15s_bed_elev
-35.8,25.6,-5404.18,ETOPO_2022_v1_15s_bed_elev
-35.7,25.6,-5311.16,ETOPO_2022_v1_15s_bed_elev
-35.6,25.6,-5139.2,ETOPO_2022_v1_15s_bed_elev
-35.5,25.6,-5287.74,ETOPO_2022_v1_15s_bed_elev
-35.4,25.6,-5399.1,ETOPO_2022_v1_15s_bed_elev
-35.3,25.6,-5520.4,ETOPO_2022_v1_15s_bed_elev
-35.2,25.6,-5366.14,ETOPO_2022_v1_15s_bed_elev
-35.1,25.6,-5030.63,ETOPO_2022_v1_15s_bed_elev
-35.0,25.6,-5478.6,ETOPO_2022_v1_15s_bed_elev
-51.0,25.7,-4936.9,ETOPO_2022_v1_15s_bed_elev
-50.9,25.7,-4881.73,ETOPO_2022_v1_15s_bed_elev
-50.8,25.7,-4955.85,ETOPO_2022_v1_15s_bed_elev
-50.7,25.7,-5132.88,ETOPO_2022_v1_15s_bed_elev
-50.6,25.7,-5166.15,ETOPO_2022_v1_15s_bed_elev
-50.5,25.7,-5217.24,ETOPO_2022_v1_15s_bed_elev
-50.4,25.7,-5065.03,ETOPO_2022_v1_15s_bed_elev
-50.3,25.7,-4918.99,ETOPO_2022_v1_15s_bed_elev
-50.2,25.7,-4743.65,ETOPO_2022_v1_15s_bed_elev
-50.1,25.7,-4436.59,ETOPO_2022_v1_15s_bed_elev
-50.0,25.7,-4796.58,ETOPO_2022_v1_15s_bed_elev
-49.9,25.7,-4563.64,ETOPO_2022_v1_15s_bed_elev
-49.8,25.7,-4854.54,ETOPO_2022_v1_15s_bed_elev
-49.7,25.7,-4944.59,ETOPO_2022_v1_15s_bed_elev
-49.6,25.7,-4472.65,ETOPO_2022_v1_15s_bed_elev
-49.5,25.7,-4058.02,ETOPO_2022_v1_15s_bed_elev
-49.4,25.7,-4527.66,ETOPO_2022_v1_15s_bed_elev
-49.3,25.7,-4434.79,ETOPO_2022_v1_15s_bed_elev
-49.2,25.7,-4734.88,ETOPO_2022_v1_15s_bed_elev
-49.1,25.7,-4958.6,ETOPO_2022_v1_15s_bed_elev
-49.0,25.7,-4471.89,ETOPO_2022_v1_15s_bed_elev
-48.9,25.7,-4485.49,ETOPO_2022_v1_15s_bed_elev
-48.8,25.7,-4524.64,ETOPO_2022_v1_15s_bed_elev
-48.7,25.7,-4121.02,ETOPO_2022_v1_15s_bed_elev
-48.6,25.7,-4203.49,ETOPO_2022_v1_15s_bed_elev
-48.5,25.7,-4258.22,ETOPO_2022_v1_15s_bed_elev
-48.4,25.7,-4118.22,ETOPO_2022_v1_15s_bed_elev
-48.3,25.7,-4254.55,ETOPO_2022_v1_15s_bed_elev
-48.2,25.7,-4157.33,ETOPO_2022_v1_15s_bed_elev
-48.1,25.7,-4201.85,ETOPO_2022_v1_15s_bed_elev
-48.0,25.7,-3843.58,ETOPO_2022_v1_15s_bed_elev
-47.9,25.7,-3669.27,ETOPO_2022_v1_15s_bed_elev
-47.8,25.7,-3858.7,ETOPO_2022_v1_15s_bed_elev
-47.7,25.7,-3315.9,ETOPO_2022_v1_15s_bed_elev
-47.6,25.7,-3477.8,ETOPO_2022_v1_15s_bed_elev
-47.5,25.7,-3547.07,ETOPO_2022_v1_15s_bed_elev
-47.4,25.7,-3656.48,ETOPO_2022_v1_15s_bed_elev
-47.3,25.7,-3682.37,ETOPO_2022_v1_15s_bed_elev
-47.2,25.7,-3745.74,ETOPO_2022_v1_15s_bed_elev
-47.1,25.7,-3750.5,ETOPO_2022_v1_15s_bed_elev
-47.0,25.7,-3588.11,ETOPO_2022_v1_15s_bed_elev
-46.9,25.7,-3783.42,ETOPO_2022_v1_15s_bed_elev
-46.8,25.7,-3556.03,ETOPO_2022_v1_15s_bed_elev
-46.7,25.7,-3349.57,ETOPO_2022_v1_15s_bed_elev
-46.6,25.7,-3501.36,ETOPO_2022_v1_15s_bed_elev
-46.5,25.7,-3024.46,ETOPO_2022_v1_15s_bed_elev
-46.4,25.7,-3328.88,ETOPO_2022_v1_15s_bed_elev
-46.3,25.7,-2908.54,ETOPO_2022_v1_15s_bed_elev
-46.2,25.7,-3655.84,ETOPO_2022_v1_15s_bed_elev
-46.1,25.7,-3473.46,ETOPO_2022_v1_15s_bed_elev
-46.0,25.7,-3260.92,ETOPO_2022_v1_15s_bed_elev
-45.9,25.7,-2714.1,ETOPO_2022_v1_15s_bed_elev
-45.8,25.7,-2550.89,ETOPO_2022_v1_15s_bed_elev
-45.7,25.7,-2422.09,ETOPO_2022_v1_15s_bed_elev
-45.6,25.7,-2481.49,ETOPO_2022_v1_15s_bed_elev
-45.5,25.7,-2365.33,ETOPO_2022_v1_15s_bed_elev
-45.4,25.7,-2757.19,ETOPO_2022_v1_15s_bed_elev
-45.3,25.7,-3320.79,ETOPO_2022_v1_15s_bed_elev
-45.2,25.7,-3911.35,ETOPO_2022_v1_15s_bed_elev
-45.1,25.7,-4141.77,ETOPO_2022_v1_15s_bed_elev
-45.0,25.7,-3449.87,ETOPO_2022_v1_15s_bed_elev
-44.9,25.7,-2727.12,ETOPO_2022_v1_15s_bed_elev
-44.8,25.7,-2241.04,ETOPO_2022_v1_15s_bed_elev
-44.7,25.7,-2509.19,ETOPO_2022_v1_15s_bed_elev
-44.6,25.7,-2888.33,ETOPO_2022_v1_15s_bed_elev
-44.5,25.7,-2938.54,ETOPO_2022_v1_15s_bed_elev
-44.4,25.7,-3262.88,ETOPO_2022_v1_15s_bed_elev
-44.3,25.7,-4091.41,ETOPO_2022_v1_15s_bed_elev
-44.2,25.7,-3720.06,ETOPO_2022_v1_15s_bed_elev
-44.1,25.7,-3497.64,ETOPO_2022_v1_15s_bed_elev
-44.0,25.7,-4066.67,ETOPO_2022_v1_15s_bed_elev
-43.9,25.7,-4032.72,ETOPO_2022_v1_15s_bed_elev
-43.8,25.7,-3849.63,ETOPO_2022_v1_15s_bed_elev
-43.7,25.7,-3821.51,ETOPO_2022_v1_15s_bed_elev
-43.6,25.7,-4003.56,ETOPO_2022_v1_15s_bed_elev
-43.5,25.7,-4187.88,ETOPO_2022_v1_15s_bed_elev
-43.4,25.7,-4160.08,ETOPO_2022_v1_15s_bed_elev
-43.3,25.7,-4397.69,ETOPO_2022_v1_15s_bed_elev
-43.2,25.7,-4294.23,ETOPO_2022_v1_15s_bed_elev
-43.1,25.7,-4037.61,ETOPO_2022_v1_15s_bed_elev
-43.0,25.7,-4009.38,ETOPO_2022_v1_15s_bed_elev
-42.9,25.7,-4059.09,ETOPO_2022_v1_15s_bed_elev
-42.8,25.7,-4149.42,ETOPO_2022_v1_15s_bed_elev
-42.7,25.7,-4065.46,ETOPO_2022_v1_15s_bed_elev
-42.6,25.7,-4327.61,ETOPO_2022_v1_15s_bed_elev
-42.5,25.7,-4366.72,ETOPO_2022_v1_15s_bed_elev
-42.4,25.7,-4437.34,ETOPO_2022_v1_15s_bed_elev
-42.3,25.7,-4182.65,ETOPO_2022_v1_15s_bed_elev
-42.2,25.7,-4348.79,ETOPO_2022_v1_15s_bed_elev
-42.1,25.7,-4354.58,ETOPO_2022_v1_15s_bed_elev
-42.0,25.7,-4196.91,ETOPO_2022_v1_15s_bed_elev
-41.9,25.7,-4225.77,ETOPO_2022_v1_15s_bed_elev
-41.8,25.7,-4164.69,ETOPO_2022_v1_15s_bed_elev
-41.7,25.7,-4185.21,ETOPO_2022_v1_15s_bed_elev
-41.6,25.7,-4112.15,ETOPO_2022_v1_15s_bed_elev
-41.5,25.7,-3888.18,ETOPO_2022_v1_15s_bed_elev
-41.4,25.7,-4299.03,ETOPO_2022_v1_15s_bed_elev
-41.3,25.7,-4310.45,ETOPO_2022_v1_15s_bed_elev
-41.2,25.7,-4503.03,ETOPO_2022_v1_15s_bed_elev
-41.1,25.7,-4748.71,ETOPO_2022_v1_15s_bed_elev
-41.0,25.7,-3993.64,ETOPO_2022_v1_15s_bed_elev
-40.9,25.7,-3964.27,ETOPO_2022_v1_15s_bed_elev
-40.8,25.7,-4189.82,ETOPO_2022_v1_15s_bed_elev
-40.7,25.7,-4740.15,ETOPO_2022_v1_15s_bed_elev
-40.6,25.7,-4646.93,ETOPO_2022_v1_15s_bed_elev
-40.5,25.7,-4803.59,ETOPO_2022_v1_15s_bed_elev
-40.4,25.7,-4727.63,ETOPO_2022_v1_15s_bed_elev
-40.3,25.7,-4405.39,ETOPO_2022_v1_15s_bed_elev
-40.2,25.7,-4673.95,ETOPO_2022_v1_15s_bed_elev
-40.1,25.7,-4783.6,ETOPO_2022_v1_15s_bed_elev
-40.0,25.7,-4682.9,ETOPO_2022_v1_15s_bed_elev
-39.9,25.7,-4665.89,ETOPO_2022_v1_15s_bed_elev
-39.8,25.7,-4786.54,ETOPO_2022_v1_15s_bed_elev
-39.7,25.7,-5207.67,ETOPO_2022_v1_15s_bed_elev
-39.6,25.7,-4690.12,ETOPO_2022_v1_15s_bed_elev
-39.5,25.7,-4500.2,ETOPO_2022_v1_15s_bed_elev
-39.4,25.7,-4393.96,ETOPO_2022_v1_15s_bed_elev
-39.3,25.7,-4234.85,ETOPO_2022_v1_15s_bed_elev
-39.2,25.7,-4575.57,ETOPO_2022_v1_15s_bed_elev
-39.1,25.7,-4823.42,ETOPO_2022_v1_15s_bed_elev
-39.0,25.7,-4915.3,ETOPO_2022_v1_15s_bed_elev
-38.9,25.7,-4898.29,ETOPO_2022_v1_15s_bed_elev
-38.8,25.7,-4860.62,ETOPO_2022_v1_15s_bed_elev
-38.7,25.7,-5135.92,ETOPO_2022_v1_15s_bed_elev
-38.6,25.7,-4942.5,ETOPO_2022_v1_15s_bed_elev
-38.5,25.7,-5477.0,ETOPO_2022_v1_15s_bed_elev
-38.4,25.7,-5286.85,ETOPO_2022_v1_15s_bed_elev
-38.3,25.7,-5501.95,ETOPO_2022_v1_15s_bed_elev
-38.2,25.7,-5279.89,ETOPO_2022_v1_15s_bed_elev
-38.1,25.7,-5473.73,ETOPO_2022_v1_15s_bed_elev
-38.0,25.7,-5329.19,ETOPO_2022_v1_15s_bed_elev
-37.9,25.7,-4815.62,ETOPO_2022_v1_15s_bed_elev
-37.8,25.7,-5038.16,ETOPO_2022_v1_15s_bed_elev
-37.7,25.7,-4547.97,ETOPO_2022_v1_15s_bed_elev
-37.6,25.7,-4970.54,ETOPO_2022_v1_15s_bed_elev
-37.5,25.7,-5139.0,ETOPO_2022_v1_15s_bed_elev
-37.4,25.7,-5122.44,ETOPO_2022_v1_15s_bed_elev
-37.3,25.7,-5319.35,ETOPO_2022_v1_15s_bed_elev
-37.2,25.7,-5331.69,ETOPO_2022_v1_15s_bed_elev
-37.1,25.7,-5502.32,ETOPO_2022_v1_15s_bed_elev
-37.0,25.7,-4935.13,ETOPO_2022_v1_15s_bed_elev
-36.9,25.7,-5014.52,ETOPO_2022_v1_15s_bed_elev
-36.8,25.7,-4992.53,ETOPO_2022_v1_15s_bed_elev
-36.7,25.7,-4954.98,ETOPO_2022_v1_15s_bed_elev
-36.6,25.7,-5191.4,ETOPO_2022_v1_15s_bed_elev
-36.5,25.7,-5487.56,ETOPO_2022_v1_15s_bed_elev
-36.4,25.7,-5372.65,ETOPO_2022_v1_15s_bed_elev
-36.3,25.7,-5041.27,ETOPO_2022_v1_15s_bed_elev
-36.2,25.7,-5115.68,ETOPO_2022_v1_15s_bed_elev
-36.1,25.7,-5037.62,ETOPO_2022_v1_15s_bed_elev
-36.0,25.7,-4939.98,ETOPO_2022_v1_15s_bed_elev
-35.9,25.7,-5210.07,ETOPO_2022_v1_15s_bed_elev
-35.8,25.7,-5300.05,ETOPO_2022_v1_15s_bed_elev
-35.7,25.7,-5533.4,ETOPO_2022_v1_15s_bed_elev
-35.6,25.7,-5255.01,ETOPO_2022_v1_15s_bed_elev
-35.5,25.7,-5216.27,ETOPO_2022_v1_15s_bed_elev
-35.4,25.7,-5119.94,ETOPO_2022_v1_15s_bed_elev
-35.3,25.7,-5455.67,ETOPO_2022_v1_15s_bed_elev
-35.2,25.7,-5299.31,ETOPO_2022_v1_15s_bed_elev
-35.1,25.7,-5136.15,ETOPO_2022_v1_15s_bed_elev
-35.0,25.7,-5784.1,ETOPO_2022_v1_15s_bed_elev
-51.0,25.8,-5125.67,ETOPO_2022_v1_15s_bed_elev
-50.9,25.8,-5200.76,ETOPO_2022_v1_15s_bed_elev
-50.8,25.8,-5197.44,ETOPO_2022_v1_15s_bed_elev
-50.7,25.8,-5254.6,ETOPO_2022_v1_15s_bed_elev
-50.6,25.8,-5261.04,ETOPO_2022_v1_15s_bed_elev
-50.5,25.8,-5511.31,ETOPO_2022_v1_15s_bed_elev
-50.4,25.8,-5363.26,ETOPO_2022_v1_15s_bed_elev
-50.3,25.8,-5339.03,ETOPO_2022_v1_15s_bed_elev
-50.2,25.8,-5055.88,ETOPO_2022_v1_15s_bed_elev
-50.1,25.8,-4661.36,ETOPO_2022_v1_15s_bed_elev
-50.0,25.8,-4954.53,ETOPO_2022_v1_15s_bed_elev
-49.9,25.8,-4937.81,ETOPO_2022_v1_15s_bed_elev
-49.8,25.8,-5012.34,ETOPO_2022_v1_15s_bed_elev
-49.7,25.8,-5001.76,ETOPO_2022_v1_15s_bed_elev
-49.6,25.8,-4588.58,ETOPO_2022_v1_15s_bed_elev
-49.5,25.8,-4630.88,ETOPO_2022_v1_15s_bed_elev
-49.4,25.8,-4926.72,ETOPO_2022_v1_15s_bed_elev
-49.3,25.8,-4821.77,ETOPO_2022_v1_15s_bed_elev
-49.2,25.8,-4893.55,ETOPO_2022_v1_15s_bed_elev
-49.1,25.8,-4864.54,ETOPO_2022_v1_15s_bed_elev
-49.0,25.8,-4566.23,ETOPO_2022_v1_15s_bed_elev
-48.9,25.8,-4633.43,ETOPO_2022_v1_15s_bed_elev
-48.8,25.8,-4428.23,ETOPO_2022_v1_15s_bed_elev
-48.7,25.8,-4173.4,ETOPO_2022_v1_15s_bed_elev
-48.6,25.8,-4526.99,ETOPO_2022_v1_15s_bed_elev
-48.5,25.8,-4427.86,ETOPO_2022_v1_15s_bed_elev
-48.4,25.8,-4619.38,ETOPO_2022_v1_15s_bed_elev
-48.3,25.8,-4742.12,ETOPO_2022_v1_15s_bed_elev
-48.2,25.8,-4636.25,ETOPO_2022_v1_15s_bed_elev
-48.1,25.8,-4237.76,ETOPO_2022_v1_15s_bed_elev
-48.0,25.8,-4389.02,ETOPO_2022_v1_15s_bed_elev
-47.9,25.8,-4668.79,ETOPO_2022_v1_15s_bed_elev
-47.8,25.8,-4131.74,ETOPO_2022_v1_15s_bed_elev
-47.7,25.8,-3652.3,ETOPO_2022_v1_15s_bed_elev
-47.6,25.8,-3944.0,ETOPO_2022_v1_15s_bed_elev
-47.5,25.8,-3682.85,ETOPO_2022_v1_15s_bed_elev
-47.4,25.8,-3954.53,ETOPO_2022_v1_15s_bed_elev
-47.3,25.8,-3977.45,ETOPO_2022_v1_15s_bed_elev
-47.2,25.8,-3814.95,ETOPO_2022_v1_15s_bed_elev
-47.1,25.8,-3792.16,ETOPO_2022_v1_15s_bed_elev
-47.0,25.8,-3930.74,ETOPO_2022_v1_15s_bed_elev
-46.9,25.8,-3948.66,ETOPO_2022_v1_15s_bed_elev
-46.8,25.8,-3677.37,ETOPO_2022_v1_15s_bed_elev
-46.7,25.8,-3613.12,ETOPO_2022_v1_15s_bed_elev
-46.6,25.8,-3469.0,ETOPO_2022_v1_15s_bed_elev
-46.5,25.8,-3190.0,ETOPO_2022_v1_15s_bed_elev
-46.4,25.8,-3692.92,ETOPO_2022_v1_15s_bed_elev
-46.3,25.8,-3182.63,ETOPO_2022_v1_15s_bed_elev
-46.2,25.8,-2963.7,ETOPO_2022_v1_15s_bed_elev
-46.1,25.8,-3048.33,ETOPO_2022_v1_15s_bed_elev
-46.0,25.8,-3101.85,ETOPO_2022_v1_15s_bed_elev
-45.9,25.8,-2854.66,ETOPO_2022_v1_15s_bed_elev
-45.8,25.8,-2891.45,ETOPO_2022_v1_15s_bed_elev
-45.7,25.8,-2936.18,ETOPO_2022_v1_15s_bed_elev
-45.6,25.8,-2670.68,ETOPO_2022_v1_15s_bed_elev
-45.5,25.8,-2685.05,ETOPO_2022_v1_15s_bed_elev
-45.4,25.8,-2362.8,ETOPO_2022_v1_15s_bed_elev
-45.3,25.8,-2583.93,ETOPO_2022_v1_15s_bed_elev
-45.2,25.8,-3254.71,ETOPO_2022_v1_15s_bed_elev
-45.1,25.8,-3835.85,ETOPO_2022_v1_15s_bed_elev
-45.0,25.8,-3013.58,ETOPO_2022_v1_15s_bed_elev
-44.9,25.8,-2191.54,ETOPO_2022_v1_15s_bed_elev
-44.8,25.8,-2516.24,ETOPO_2022_v1_15s_bed_elev
-44.7,25.8,-2856.41,ETOPO_2022_v1_15s_bed_elev
-44.6,25.8,-2947.16,ETOPO_2022_v1_15s_bed_elev
-44.5,25.8,-3418.34,ETOPO_2022_v1_15s_bed_elev
-44.4,25.8,-3647.77,ETOPO_2022_v1_15s_bed_elev
-44.3,25.8,-3966.27,ETOPO_2022_v1_15s_bed_elev
-44.2,25.8,-3696.48,ETOPO_2022_v1_15s_bed_elev
-44.1,25.8,-4030.77,ETOPO_2022_v1_15s_bed_elev
-44.0,25.8,-3862.88,ETOPO_2022_v1_15s_bed_elev
-43.9,25.8,-3901.65,ETOPO_2022_v1_15s_bed_elev
-43.8,25.8,-4057.84,ETOPO_2022_v1_15s_bed_elev
-43.7,25.8,-4065.83,ETOPO_2022_v1_15s_bed_elev
-43.6,25.8,-4024.54,ETOPO_2022_v1_15s_bed_elev
-43.5,25.8,-3934.93,ETOPO_2022_v1_15s_bed_elev
-43.4,25.8,-4212.26,ETOPO_2022_v1_15s_bed_elev
-43.3,25.8,-4154.78,ETOPO_2022_v1_15s_bed_elev
-43.2,25.8,-3983.41,ETOPO_2022_v1_15s_bed_elev
-43.1,25.8,-4064.48,ETOPO_2022_v1_15s_bed_elev
-43.0,25.8,-3843.31,ETOPO_2022_v1_15s_bed_elev
-42.9,25.8,-3943.86,ETOPO_2022_v1_15s_bed_elev
-42.8,25.8,-4002.11,ETOPO_2022_v1_15s_bed_elev
-42.7,25.8,-3621.72,ETOPO_2022_v1_15s_bed_elev
-42.6,25.8,-3887.75,ETOPO_2022_v1_15s_bed_elev
-42.5,25.8,-4135.49,ETOPO_2022_v1_15s_bed_elev
-42.4,25.8,-4194.46,ETOPO_2022_v1_15s_bed_elev
-42.3,25.8,-4088.1,ETOPO_2022_v1_15s_bed_elev
-42.2,25.8,-3907.06,ETOPO_2022_v1_15s_bed_elev
-42.1,25.8,-4428.3,ETOPO_2022_v1_15s_bed_elev
-42.0,25.8,-3936.08,ETOPO_2022_v1_15s_bed_elev
-41.9,25.8,-4053.25,ETOPO_2022_v1_15s_bed_elev
-41.8,25.8,-3875.71,ETOPO_2022_v1_15s_bed_elev
-41.7,25.8,-4181.17,ETOPO_2022_v1_15s_bed_elev
-41.6,25.8,-4338.03,ETOPO_2022_v1_15s_bed_elev
-41.5,25.8,-4234.81,ETOPO_2022_v1_15s_bed_elev
-41.4,25.8,-4481.67,ETOPO_2022_v1_15s_bed_elev
-41.3,25.8,-4137.04,ETOPO_2022_v1_15s_bed_elev
-41.2,25.8,-4219.93,ETOPO_2022_v1_15s_bed_elev
-41.1,25.8,-4737.37,ETOPO_2022_v1_15s_bed_elev
-41.0,25.8,-4312.0,ETOPO_2022_v1_15s_bed_elev
-40.9,25.8,-4258.61,ETOPO_2022_v1_15s_bed_elev
-40.8,25.8,-4556.05,ETOPO_2022_v1_15s_bed_elev
-40.7,25.8,-4527.18,ETOPO_2022_v1_15s_bed_elev
-40.6,25.8,-4640.22,ETOPO_2022_v1_15s_bed_elev
-40.5,25.8,-4432.71,ETOPO_2022_v1_15s_bed_elev
-40.4,25.8,-4901.71,ETOPO_2022_v1_15s_bed_elev
-40.3,25.8,-4712.6,ETOPO_2022_v1_15s_bed_elev
-40.2,25.8,-4870.29,ETOPO_2022_v1_15s_bed_elev
-40.1,25.8,-4970.23,ETOPO_2022_v1_15s_bed_elev
-40.0,25.8,-4994.19,ETOPO_2022_v1_15s_bed_elev
-39.9,25.8,-4721.36,ETOPO_2022_v1_15s_bed_elev
-39.8,25.8,-4798.27,ETOPO_2022_v1_15s_bed_elev
-39.7,25.8,-5141.69,ETOPO_2022_v1_15s_bed_elev
-39.6,25.8,-5001.66,ETOPO_2022_v1_15s_bed_elev
-39.5,25.8,-4890.84,ETOPO_2022_v1_15s_bed_elev
-39.4,25.8,-4824.02,ETOPO_2022_v1_15s_bed_elev
-39.3,25.8,-4495.72,ETOPO_2022_v1_15s_bed_elev
-39.2,25.8,-4477.13,ETOPO_2022_v1_15s_bed_elev
-39.1,25.8,-4752.14,ETOPO_2022_v1_15s_bed_elev
-39.0,25.8,-4847.65,ETOPO_2022_v1_15s_bed_elev
-38.9,25.8,-4950.47,ETOPO_2022_v1_15s_bed_elev
-38.8,25.8,-4895.48,ETOPO_2022_v1_15s_bed_elev
-38.7,25.8,-5108.84,ETOPO_2022_v1_15s_bed_elev
-38.6,25.8,-5236.07,ETOPO_2022_v1_15s_bed_elev
-38.5,25.8,-5085.03,ETOPO_2022_v1_15s_bed_elev
-38.4,25.8,-4597.66,ETOPO_2022_v1_15s_bed_elev
-38.3,25.8,-5139.17,ETOPO_2022_v1_15s_bed_elev
-38.2,25.8,-4792.06,ETOPO_2022_v1_15s_bed_elev
-38.1,25.8,-5203.75,ETOPO_2022_v1_15s_bed_elev
-38.0,25.8,-5057.68,ETOPO_2022_v1_15s_bed_elev
-37.9,25.8,-4980.94,ETOPO_2022_v1_15s_bed_elev
-37.8,25.8,-5179.89,ETOPO_2022_v1_15s_bed_elev
-37.7,25.8,-4773.2,ETOPO_2022_v1_15s_bed_elev
-37.6,25.8,-4988.34,ETOPO_2022_v1_15s_bed_elev
-37.5,25.8,-4845.21,ETOPO_2022_v1_15s_bed_elev
-37.4,25.8,-4866.5,ETOPO_2022_v1_15s_bed_elev
-37.3,25.8,-5135.29,ETOPO_2022_v1_15s_bed_elev
-37.2,25.8,-5475.07,ETOPO_2022_v1_15s_bed_elev
-37.1,25.8,-5518.8,ETOPO_2022_v1_15s_bed_elev
-37.0,25.8,-4934.93,ETOPO_2022_v1_15s_bed_elev
-36.9,25.8,-5050.68,ETOPO_2022_v1_15s_bed_elev
-36.8,25.8,-5285.25,ETOPO_2022_v1_15s_bed_elev
-36.7,25.8,-5200.1,ETOPO_2022_v1_15s_bed_elev
-36.6,25.8,-5196.32,ETOPO_2022_v1_15s_bed_elev
-36.5,25.8,-5346.35,ETOPO_2022_v1_15s_bed_elev
-36.4,25.8,-5336.06,ETOPO_2022_v1_15s_bed_elev
-36.3,25.8,-4948.43,ETOPO_2022_v1_15s_bed_elev
-36.2,25.8,-4991.69,ETOPO_2022_v1_15s_bed_elev
-36.1,25.8,-4865.52,ETOPO_2022_v1_15s_bed_elev
-36.0,25.8,-4816.95,ETOPO_2022_v1_15s_bed_elev
-35.9,25.8,-5247.71,ETOPO_2022_v1_15s_bed_elev
-35.8,25.8,-4959.38,ETOPO_2022_v1_15s_bed_elev
-35.7,25.8,-5091.87,ETOPO_2022_v1_15s_bed_elev
-35.6,25.8,-5178.01,ETOPO_2022_v1_15s_bed_elev
-35.5,25.8,-5282.49,ETOPO_2022_v1_15s_bed_elev
-35.4,25.8,-5316.88,ETOPO_2022_v1_15s_bed_elev
-35.3,25.8,-5333.18,ETOPO_2022_v1_15s_bed_elev
-35.2,25.8,-5567.81,ETOPO_2022_v1_15s_bed_elev
-35.1,25.8,-5428.63,ETOPO_2022_v1_15s_bed_elev
-35.0,25.8,-5537.51,ETOPO_2022_v1_15s_bed_elev
-51.0,25.9,-5319.35,ETOPO_2022_v1_15s_bed_elev
-50.9,25.9,-5498.08,ETOPO_2022_v1_15s_bed_elev
-50.8,25.9,-5341.59,ETOPO_2022_v1_15s_bed_elev
-50.7,25.9,-5295.68,ETOPO_2022_v1_15s_bed_elev
-50.6,25.9,-5289.44,ETOPO_2022_v1_15s_bed_elev
-50.5,25.9,-4709.07,ETOPO_2022_v1_15s_bed_elev
-50.4,25.9,-4605.98,ETOPO_2022_v1_15s_bed_elev
-50.3,25.9,-5106.47,ETOPO_2022_v1_15s_bed_elev
-50.2,25.9,-5077.71,ETOPO_2022_v1_15s_bed_elev
-50.1,25.9,-4530.74,ETOPO_2022_v1_15s_bed_elev
-50.0,25.9,-5028.89,ETOPO_2022_v1_15s_bed_elev
-49.9,25.9,-5077.61,ETOPO_2022_v1_15s_bed_elev
-49.8,25.9,-4758.6,ETOPO_2022_v1_15s_bed_elev
-49.7,25.9,-5044.71,ETOPO_2022_v1_15s_bed_elev
-49.6,25.9,-4774.85,ETOPO_2022_v1_15s_bed_elev
-49.5,25.9,-5028.14,ETOPO_2022_v1_15s_bed_elev
-49.4,25.9,-5010.95,ETOPO_2022_v1_15s_bed_elev
-49.3,25.9,-4724.47,ETOPO_2022_v1_15s_bed_elev
-49.2,25.9,-4996.28,ETOPO_2022_v1_15s_bed_elev
-49.1,25.9,-4845.85,ETOPO_2022_v1_15s_bed_elev
-49.0,25.9,-4800.05,ETOPO_2022_v1_15s_bed_elev
-48.9,25.9,-4878.73,ETOPO_2022_v1_15s_bed_elev
-48.8,25.9,-4677.05,ETOPO_2022_v1_15s_bed_elev
-48.7,25.9,-4708.57,ETOPO_2022_v1_15s_bed_elev
-48.6,25.9,-5050.67,ETOPO_2022_v1_15s_bed_elev
-48.5,25.9,-4794.33,ETOPO_2022_v1_15s_bed_elev
-48.4,25.9,-4774.65,ETOPO_2022_v1_15s_bed_elev
-48.3,25.9,-4602.86,ETOPO_2022_v1_15s_bed_elev
-48.2,25.9,-4434.05,ETOPO_2022_v1_15s_bed_elev
-48.1,25.9,-3825.04,ETOPO_2022_v1_15s_bed_elev
-48.0,25.9,-4197.79,ETOPO_2022_v1_15s_bed_elev
-47.9,25.9,-4224.34,ETOPO_2022_v1_15s_bed_elev
-47.8,25.9,-4196.89,ETOPO_2022_v1_15s_bed_elev
-47.7,25.9,-4156.42,ETOPO_2022_v1_15s_bed_elev
-47.6,25.9,-4110.61,ETOPO_2022_v1_15s_bed_elev
-47.5,25.9,-3751.54,ETOPO_2022_v1_15s_bed_elev
-47.4,25.9,-4012.46,ETOPO_2022_v1_15s_bed_elev
-47.3,25.9,-4082.59,ETOPO_2022_v1_15s_bed_elev
-47.2,25.9,-3864.58,ETOPO_2022_v1_15s_bed_elev
-47.1,25.9,-3848.25,ETOPO_2022_v1_15s_bed_elev
-47.0,25.9,-4084.12,ETOPO_2022_v1_15s_bed_elev
-46.9,25.9,-3808.34,ETOPO_2022_v1_15s_bed_elev
-46.8,25.9,-3651.17,ETOPO_2022_v1_15s_bed_elev
-46.7,25.9,-3772.23,ETOPO_2022_v1_15s_bed_elev
-46.6,25.9,-3631.69,ETOPO_2022_v1_15s_bed_elev
-46.5,25.9,-3612.5,ETOPO_2022_v1_15s_bed_elev
-46.4,25.9,-3971.7,ETOPO_2022_v1_15s_bed_elev
-46.3,25.9,-3456.14,ETOPO_2022_v1_15s_bed_elev
-46.2,25.9,-3226.89,ETOPO_2022_v1_15s_bed_elev
-46.1,25.9,-3276.65,ETOPO_2022_v1_15s_bed_elev
-46.0,25.9,-3619.44,ETOPO_2022_v1_15s_bed_elev
-45.9,25.9,-3403.58,ETOPO_2022_v1_15s_bed_elev
-45.8,25.9,-3417.02,ETOPO_2022_v1_15s_bed_elev
-45.7,25.9,-3652.58,ETOPO_2022_v1_15s_bed_elev
-45.6,25.9,-3340.85,ETOPO_2022_v1_15s_bed_elev
-45.5,25.9,-3447.14,ETOPO_2022_v1_15s_bed_elev
-45.4,25.9,-3125.79,ETOPO_2022_v1_15s_bed_elev
-45.3,25.9,-3028.97,ETOPO_2022_v1_15s_bed_elev
-45.2,25.9,-3296.4,ETOPO_2022_v1_15s_bed_elev
-45.1,25.9,-3663.19,ETOPO_2022_v1_15s_bed_elev
-45.0,25.9,-3733.03,ETOPO_2022_v1_15s_bed_elev
-44.9,25.9,-3455.73,ETOPO_2022_v1_15s_bed_elev
-44.8,25.9,-3223.85,ETOPO_2022_v1_15s_bed_elev
-44.7,25.9,-3104.45,ETOPO_2022_v1_15s_bed_elev
-44.6,25.9,-3336.89,ETOPO_2022_v1_15s_bed_elev
-44.5,25.9,-3476.9,ETOPO_2022_v1_15s_bed_elev
-44.4,25.9,-3569.57,ETOPO_2022_v1_15s_bed_elev
-44.3,25.9,-3518.31,ETOPO_2022_v1_15s_bed_elev
-44.2,25.9,-3216.76,ETOPO_2022_v1_15s_bed_elev
-44.1,25.9,-3245.41,ETOPO_2022_v1_15s_bed_elev
-44.0,25.9,-3676.91,ETOPO_2022_v1_15s_bed_elev
-43.9,25.9,-3521.02,ETOPO_2022_v1_15s_bed_elev
-43.8,25.9,-3498.14,ETOPO_2022_v1_15s_bed_elev
-43.7,25.9,-3400.46,ETOPO_2022_v1_15s_bed_elev
-43.6,25.9,-3482.08,ETOPO_2022_v1_15s_bed_elev
-43.5,25.9,-3640.52,ETOPO_2022_v1_15s_bed_elev
-43.4,25.9,-3801.9,ETOPO_2022_v1_15s_bed_elev
-43.3,25.9,-3529.71,ETOPO_2022_v1_15s_bed_elev
-43.2,25.9,-3840.05,ETOPO_2022_v1_15s_bed_elev
-43.1,25.9,-4041.63,ETOPO_2022_v1_15s_bed_elev
-43.0,25.9,-3784.76,ETOPO_2022_v1_15s_bed_elev
-42.9,25.9,-3501.6,ETOPO_2022_v1_15s_bed_elev
-42.8,25.9,-3667.07,ETOPO_2022_v1_15s_bed_elev
-42.7,25.9,-3431.78,ETOPO_2022_v1_15s_bed_elev
-42.6,25.9,-3669.58,ETOPO_2022_v1_15s_bed_elev
-42.5,25.9,-3871.55,ETOPO_2022_v1_15s_bed_elev
-42.4,25.9,-3621.67,ETOPO_2022_v1_15s_bed_elev
-42.3,25.9,-3781.86,ETOPO_2022_v1_15s_bed_elev
-42.2,25.9,-3578.2,ETOPO_2022_v1_15s_bed_elev
-42.1,25.9,-4384.7,ETOPO_2022_v1_15s_bed_elev
-42.0,25.9,-3872.04,ETOPO_2022_v1_15s_bed_elev
-41.9,25.9,-3950.85,ETOPO_2022_v1_15s_bed_elev
-41.8,25.9,-3871.3,ETOPO_2022_v1_15s_bed_elev
-41.7,25.9,-4080.37,ETOPO_2022_v1_15s_bed_elev
-41.6,25.9,-3908.17,ETOPO_2022_v1_15s_bed_elev
-41.5,25.9,-4011.93,ETOPO_2022_v1_15s_bed_elev
-41.4,25.9,-4281.73,ETOPO_2022_v1_15s_bed_elev
-41.3,25.9,-4006.03,ETOPO_2022_v1_15s_bed_elev
-41.2,25.9,-4185.71,ETOPO_2022_v1_15s_bed_elev
-41.1,25.9,-4660.85,ETOPO_2022_v1_15s_bed_elev
-41.0,25.9,-4496.59,ETOPO_2022_v1_15s_bed_elev
-40.9,25.9,-4509.7,ETOPO_2022_v1_15s_bed_elev
-40.8,25.9,-4813.29,ETOPO_2022_v1_15s_bed_elev
-40.7,25.9,-4255.83,ETOPO_2022_v1_15s_bed_elev
-40.6,25.9,-4250.82,ETOPO_2022_v1_15s_bed_elev
-40.5,25.9,-4314.07,ETOPO_2022_v1_15s_bed_elev
-40.4,25.9,-4675.35,ETOPO_2022_v1_15s_bed_elev
-40.3,25.9,-4726.92,ETOPO_2022_v1_15s_bed_elev
-40.2,25.9,-4689.7,ETOPO_2022_v1_15s_bed_elev
-40.1,25.9,-4556.78,ETOPO_2022_v1_15s_bed_elev
-40.0,25.9,-5065.82,ETOPO_2022_v1_15s_bed_elev
-39.9,25.9,-4781.05,ETOPO_2022_v1_15s_bed_elev
-39.8,25.9,-5080.18,ETOPO_2022_v1_15s_bed_elev
-39.7,25.9,-5098.87,ETOPO_2022_v1_15s_bed_elev
-39.6,25.9,-4941.92,ETOPO_2022_v1_15s_bed_elev
-39.5,25.9,-4930.86,ETOPO_2022_v1_15s_bed_elev
-39.4,25.9,-5130.1,ETOPO_2022_v1_15s_bed_elev
-39.3,25.9,-4980.74,ETOPO_2022_v1_15s_bed_elev
-39.2,25.9,-4736.38,ETOPO_2022_v1_15s_bed_elev
-39.1,25.9,-4955.63,ETOPO_2022_v1_15s_bed_elev
-39.0,25.9,-4781.52,ETOPO_2022_v1_15s_bed_elev
-38.9,25.9,-4978.39,ETOPO_2022_v1_15s_bed_elev
-38.8,25.9,-4759.03,ETOPO_2022_v1_15s_bed_elev
-38.7,25.9,-5091.27,ETOPO_2022_v1_15s_bed_elev
-38.6,25.9,-5237.23,ETOPO_2022_v1_15s_bed_elev
-38.5,25.9,-5000.14,ETOPO_2022_v1_15s_bed_elev
-38.4,25.9,-4552.35,ETOPO_2022_v1_15s_bed_elev
-38.3,25.9,-5055.57,ETOPO_2022_v1_15s_bed_elev
-38.2,25.9,-4701.43,ETOPO_2022_v1_15s_bed_elev
-38.1,25.9,-4898.73,ETOPO_2022_v1_15s_bed_elev
-38.0,25.9,-4906.6,ETOPO_2022_v1_15s_bed_elev
-37.9,25.9,-4987.78,ETOPO_2022_v1_15s_bed_elev
-37.8,25.9,-4857.44,ETOPO_2022_v1_15s_bed_elev
-37.7,25.9,-4695.97,ETOPO_2022_v1_15s_bed_elev
-37.6,25.9,-5014.39,ETOPO_2022_v1_15s_bed_elev
-37.5,25.9,-4818.49,ETOPO_2022_v1_15s_bed_elev
-37.4,25.9,-4654.22,ETOPO_2022_v1_15s_bed_elev
-37.3,25.9,-4716.79,ETOPO_2022_v1_15s_bed_elev
-37.2,25.9,-5183.25,ETOPO_2022_v1_15s_bed_elev
-37.1,25.9,-5445.01,ETOPO_2022_v1_15s_bed_elev
-37.0,25.9,-5464.12,ETOPO_2022_v1_15s_bed_elev
-36.9,25.9,-5424.46,ETOPO_2022_v1_15s_bed_elev
-36.8,25.9,-5296.77,ETOPO_2022_v1_15s_bed_elev
-36.7,25.9,-5231.97,ETOPO_2022_v1_15s_bed_elev
-36.6,25.9,-5166.29,ETOPO_2022_v1_15s_bed_elev
-36.5,25.9,-5504.56,ETOPO_2022_v1_15s_bed_elev
-36.4,25.9,-5475.25,ETOPO_2022_v1_15s_bed_elev
-36.3,25.9,-5301.34,ETOPO_2022_v1_15s_bed_elev
-36.2,25.9,-5263.22,ETOPO_2022_v1_15s_bed_elev
-36.1,25.9,-4778.07,ETOPO_2022_v1_15s_bed_elev
-36.0,25.9,-4903.09,ETOPO_2022_v1_15s_bed_elev
-35.9,25.9,-5201.75,ETOPO_2022_v1_15s_bed_elev
-35.8,25.9,-4735.53,ETOPO_2022_v1_15s_bed_elev
-35.7,25.9,-4929.6,ETOPO_2022_v1_15s_bed_elev
-35.6,25.9,-5071.5,ETOPO_2022_v1_15s_bed_elev
-35.5,25.9,-5094.72,ETOPO_2022_v1_15s_bed_elev
-35.4,25.9,-5394.08,ETOPO_2022_v1_15s_bed_elev
-35.3,25.9,-5127.19,ETOPO_2022_v1_15s_bed_elev
-35.2,25.9,-5410.33,ETOPO_2022_v1_15s_bed_elev
-35.1,25.9,-5418.99,ETOPO_2022_v1_15s_bed_elev
-35.0,25.9,-5279.74,ETOPO_2022_v1_15s_bed_elev
-51.0,26.0,-4990.14,ETOPO_2022_v1_15s_bed_elev
-50.9,26.0,-5182.73,ETOPO_2022_v1_15s_bed_elev
-50.8,26.0,-5013.07,ETOPO_2022_v1_15s_bed_elev
-50.7,26.0,-5013.92,ETOPO_2022_v1_15s_bed_elev
-50.6,26.0,-4692.2,ETOPO_2022_v1_15s_bed_elev
-50.5,26.0,-4512.72,ETOPO_2022_v1_15s_bed_elev
-50.4,26.0,-4526.68,ETOPO_2022_v1_15s_bed_elev
-50.3,26.0,-4710.54,ETOPO_2022_v1_15s_bed_elev
-50.2,26.0,-4741.78,ETOPO_2022_v1_15s_bed_elev
-50.1,26.0,-4634.22,ETOPO_2022_v1_15s_bed_elev
-50.0,26.0,-4971.35,ETOPO_2022_v1_15s_bed_elev
-49.9,26.0,-5010.91,ETOPO_2022_v1_15s_bed_elev
-49.8,26.0,-4368.3,ETOPO_2022_v1_15s_bed_elev
-49.7,26.0,-4436.37,ETOPO_2022_v1_15s_bed_elev
-49.6,26.0,-4574.51,ETOPO_2022_v1_15s_bed_elev
-49.5,26.0,-4659.63,ETOPO_2022_v1_15s_bed_elev
-49.4,26.0,-4742.22,ETOPO_2022_v1_15s_bed_elev
-49.3,26.0,-4944.31,ETOPO_2022_v1_15s_bed_elev
-49.2,26.0,-5050.63,ETOPO_2022_v1_15s_bed_elev
-49.1,26.0,-4705.13,ETOPO_2022_v1_15s_bed_elev
-49.0,26.0,-4324.86,ETOPO_2022_v1_15s_bed_elev
-48.9,26.0,-4312.97,ETOPO_2022_v1_15s_bed_elev
-48.8,26.0,-4643.41,ETOPO_2022_v1_15s_bed_elev
-48.7,26.0,-5002.92,ETOPO_2022_v1_15s_bed_elev
-48.6,26.0,-4807.04,ETOPO_2022_v1_15s_bed_elev
-48.5,26.0,-4647.94,ETOPO_2022_v1_15s_bed_elev
-48.4,26.0,-4425.74,ETOPO_2022_v1_15s_bed_elev
-48.3,26.0,-4167.36,ETOPO_2022_v1_15s_bed_elev
-48.2,26.0,-4308.29,ETOPO_2022_v1_15s_bed_elev
-48.1,26.0,-4203.4,ETOPO_2022_v1_15s_bed_elev
-48.0,26.0,-4290.58,ETOPO_2022_v1_15s_bed_elev
-47.9,26.0,-4480.72,ETOPO_2022_v1_15s_bed_elev
-47.8,26.0,-4176.44,ETOPO_2022_v1_15s_bed_elev
-47.7,26.0,-4183.11,ETOPO_2022_v1_15s_bed_elev
-47.6,26.0,-4087.28,ETOPO_2022_v1_15s_bed_elev
-47.5,26.0,-3945.83,ETOPO_2022_v1_15s_bed_elev
-47.4,26.0,-3916.8,ETOPO_2022_v1_15s_bed_elev
-47.3,26.0,-4066.48,ETOPO_2022_v1_15s_bed_elev
-47.2,26.0,-4055.1,ETOPO_2022_v1_15s_bed_elev
-47.1,26.0,-3888.8,ETOPO_2022_v1_15s_bed_elev
-47.0,26.0,-4053.71,ETOPO_2022_v1_15s_bed_elev
-46.9,26.0,-3741.39,ETOPO_2022_v1_15s_bed_elev
-46.8,26.0,-3539.7,ETOPO_2022_v1_15s_bed_elev
-46.7,26.0,-3879.5,ETOPO_2022_v1_15s_bed_elev
-46.6,26.0,-3907.78,ETOPO_2022_v1_15s_bed_elev
-46.5,26.0,-3966.44,ETOPO_2022_v1_15s_bed_elev
-46.4,26.0,-3938.6,ETOPO_2022_v1_15s_bed_elev
-46.3,26.0,-3377.2,ETOPO_2022_v1_15s_bed_elev
-46.2,26.0,-3617.96,ETOPO_2022_v1_15s_bed_elev
-46.1,26.0,-3873.81,ETOPO_2022_v1_15s_bed_elev
-46.0,26.0,-4066.04,ETOPO_2022_v1_15s_bed_elev
-45.9,26.0,-3998.23,ETOPO_2022_v1_15s_bed_elev
-45.8,26.0,-3915.6,ETOPO_2022_v1_15s_bed_elev
-45.7,26.0,-4197.57,ETOPO_2022_v1_15s_bed_elev
-45.6,26.0,-3655.88,ETOPO_2022_v1_15s_bed_elev
-45.5,26.0,-3454.24,ETOPO_2022_v1_15s_bed_elev
-45.4,26.0,-3441.25,ETOPO_2022_v1_15s_bed_elev
-45.3,26.0,-3473.21,ETOPO_2022_v1_15s_bed_elev
-45.2,26.0,-3526.71,ETOPO_2022_v1_15s_bed_elev
-45.1,26.0,-3216.42,ETOPO_2022_v1_15s_bed_elev
-45.0,26.0,-3751.92,ETOPO_2022_v1_15s_bed_elev
-44.9,26.0,-4219.5,ETOPO_2022_v1_15s_bed_elev
-44.8,26.0,-3482.77,ETOPO_2022_v1_15s_bed_elev
-44.7,26.0,-2615.3,ETOPO_2022_v1_15s_bed_elev
-44.6,26.0,-3237.94,ETOPO_2022_v1_15s_bed_elev
-44.5,26.0,-3377.09,ETOPO_2022_v1_15s_bed_elev
-44.4,26.0,-3468.9,ETOPO_2022_v1_15s_bed_elev
-44.3,26.0,-3313.54,ETOPO_2022_v1_15s_bed_elev
-44.2,26.0,-3200.38,ETOPO_2022_v1_15s_bed_elev
-44.1,26.0,-2967.24,ETOPO_2022_v1_15s_bed_elev
-44.0,26.0,-3303.08,ETOPO_2022_v1_15s_bed_elev
-43.9,26.0,-3729.55,ETOPO_2022_v1_15s_bed_elev
-43.8,26.0,-3770.26,ETOPO_2022_v1_15s_bed_elev
-43.7,26.0,-3539.42,ETOPO_2022_v1_15s_bed_elev
-43.6,26.0,-3755.84,ETOPO_2022_v1_15s_bed_elev
-43.5,26.0,-3877.67,ETOPO_2022_v1_15s_bed_elev
-43.4,26.0,-3460.62,ETOPO_2022_v1_15s_bed_elev
-43.3,26.0,-3335.59,ETOPO_2022_v1_15s_bed_elev
-43.2,26.0,-3675.61,ETOPO_2022_v1_15s_bed_elev
-43.1,26.0,-4132.08,ETOPO_2022_v1_15s_bed_elev
-43.0,26.0,-3866.83,ETOPO_2022_v1_15s_bed_elev
-42.9,26.0,-3425.51,ETOPO_2022_v1_15s_bed_elev
-42.8,26.0,-3578.05,ETOPO_2022_v1_15s_bed_elev
-42.7,26.0,-3445.64,ETOPO_2022_v1_15s_bed_elev
-42.6,26.0,-3565.17,ETOPO_2022_v1_15s_bed_elev
-42.5,26.0,-3837.88,ETOPO_2022_v1_15s_bed_elev
-42.4,26.0,-3861.83,ETOPO_2022_v1_15s_bed_elev
-42.3,26.0,-3748.51,ETOPO_2022_v1_15s_bed_elev
-42.2,26.0,-3748.9,ETOPO_2022_v1_15s_bed_elev
-42.1,26.0,-4153.06,ETOPO_2022_v1_15s_bed_elev
-42.0,26.0,-3860.8,ETOPO_2022_v1_15s_bed_elev
-41.9,26.0,-3919.5,ETOPO_2022_v1_15s_bed_elev
-41.8,26.0,-3801.09,ETOPO_2022_v1_15s_bed_elev
-41.7,26.0,-4178.21,ETOPO_2022_v1_15s_bed_elev
-41.6,26.0,-4022.97,ETOPO_2022_v1_15s_bed_elev
-41.5,26.0,-4180.5,ETOPO_2022_v1_15s_bed_elev
-41.4,26.0,-4297.78,ETOPO_2022_v1_15s_bed_elev
-41.3,26.0,-4114.56,ETOPO_2022_v1_15s_bed_elev
-41.2,26.0,-3864.75,ETOPO_2022_v1_15s_bed_elev
-41.1,26.0,-3875.93,ETOPO_2022_v1_15s_bed_elev
-41.0,26.0,-3906.88,ETOPO_2022_v1_15s_bed_elev
-40.9,26.0,-4137.75,ETOPO_2022_v1_15s_bed_elev
-40.8,26.0,-4311.41,ETOPO_2022_v1_15s_bed_elev
-40.7,26.0,-4450.49,ETOPO_2022_v1_15s_bed_elev
-40.6,26.0,-4031.3,ETOPO_2022_v1_15s_bed_elev
-40.5,26.0,-4130.94,ETOPO_2022_v1_15s_bed_elev
-40.4,26.0,-4517.79,ETOPO_2022_v1_15s_bed_elev
-40.3,26.0,-4427.88,ETOPO_2022_v1_15s_bed_elev
-40.2,26.0,-4584.47,ETOPO_2022_v1_15s_bed_elev
-40.1,26.0,-4229.23,ETOPO_2022_v1_15s_bed_elev
-40.0,26.0,-4645.94,ETOPO_2022_v1_15s_bed_elev
-39.9,26.0,-4727.46,ETOPO_2022_v1_15s_bed_elev
-39.8,26.0,-5002.07,ETOPO_2022_v1_15s_bed_elev
-39.7,26.0,-5184.44,ETOPO_2022_v1_15s_bed_elev
-39.6,26.0,-4914.55,ETOPO_2022_v1_15s_bed_elev
-39.5,26.0,-4432.54,ETOPO_2022_v1_15s_bed_elev
-39.4,26.0,-4671.61,ETOPO_2022_v1_15s_bed_elev
-39.3,26.0,-4696.67,ETOPO_2022_v1_15s_bed_elev
-39.2,26.0,-4983.59,ETOPO_2022_v1_15s_bed_elev
-39.1,26.0,-4962.85,ETOPO_2022_v1_15s_bed_elev
-39.0,26.0,-4809.58,ETOPO_2022_v1_15s_bed_elev
-38.9,26.0,-4592.63,ETOPO_2022_v1_15s_bed_elev
-38.8,26.0,-4857.74,ETOPO_2022_v1_15s_bed_elev
-38.7,26.0,-4960.1,ETOPO_2022_v1_15s_bed_elev
-38.6,26.0,-5092.32,ETOPO_2022_v1_15s_bed_elev
-38.5,26.0,-4955.38,ETOPO_2022_v1_15s_bed_elev
-38.4,26.0,-4880.51,ETOPO_2022_v1_15s_bed_elev
-38.3,26.0,-5014.27,ETOPO_2022_v1_15s_bed_elev
-38.2,26.0,-4916.52,ETOPO_2022_v1_15s_bed_elev
-38.1,26.0,-4866.16,ETOPO_2022_v1_15s_bed_elev
-38.0,26.0,-4973.44,ETOPO_2022_v1_15s_bed_elev
-37.9,26.0,-5021.29,ETOPO_2022_v1_15s_bed_elev
-37.8,26.0,-4972.76,ETOPO_2022_v1_15s_bed_elev
-37.7,26.0,-4742.76,ETOPO_2022_v1_15s_bed_elev
-37.6,26.0,-4978.1,ETOPO_2022_v1_15s_bed_elev
-37.5,26.0,-4778.08,ETOPO_2022_v1_15s_bed_elev
-37.4,26.0,-4695.23,ETOPO_2022_v1_15s_bed_elev
-37.3,26.0,-4690.17,ETOPO_2022_v1_15s_bed_elev
-37.2,26.0,-4873.37,ETOPO_2022_v1_15s_bed_elev
-37.1,26.0,-5236.98,ETOPO_2022_v1_15s_bed_elev
-37.0,26.0,-5310.06,ETOPO_2022_v1_15s_bed_elev
-36.9,26.0,-5327.91,ETOPO_2022_v1_15s_bed_elev
-36.8,26.0,-5020.15,ETOPO_2022_v1_15s_bed_elev
-36.7,26.0,-5093.44,ETOPO_2022_v1_15s_bed_elev
-36.6,26.0,-5295.78,ETOPO_2022_v1_15s_bed_elev
-36.5,26.0,-5672.71,ETOPO_2022_v1_15s_bed_elev
-36.4,26.0,-5458.56,ETOPO_2022_v1_15s_bed_elev
-36.3,26.0,-5668.4,ETOPO_2022_v1_15s_bed_elev
-36.2,26.0,-5766.36,ETOPO_2022_v1_15s_bed_elev
-36.1,26.0,-5432.31,ETOPO_2022_v1_15s_bed_elev
-36.0,26.0,-5390.34,ETOPO_2022_v1_15s_bed_elev
-35.9,26.0,-5246.54,ETOPO_2022_v1_15s_bed_elev
-35.8,26.0,-5116.87,ETOPO_2022_v1_15s_bed_elev
-35.7,26.0,-5037.13,ETOPO_2022_v1_15s_bed_elev
-35.6,26.0,-5039.31,ETOPO_2022_v1_15s_bed_elev
-35.5,26.0,-5110.39,ETOPO_2022_v1_15s_bed_elev
-35.4,26.0,-5192.62,ETOPO_2022_v1_15s_bed_elev
-35.3,26.0,-5235.54,ETOPO_2022_v1_15s_bed_elev
-35.2,26.0,-5258.06,ETOPO_2022_v1_15s_bed_elev
-35.1,26.0,-5313.89,ETOPO_2022_v1_15s_bed_elev
-35.0,26.0,-5353.04,ETOPO_2022_v1_15s_bed_elev
-51.0,26.1,-4841.25,ETOPO_2022_v1_15s_bed_elev
-50.9,26.1,-5227.34,ETOPO_2022_v1_15s_bed_elev
-50.8,26.1,-4824.85,ETOPO_2022_v1_15s_bed_elev
-50.7,26.1,-4796.85,ETOPO_2022_v1_15s_bed_elev
-50.6,26.1,-4666.1,ETOPO_2022_v1_15s_bed_elev
-50.5,26.1,-4560.25,ETOPO_2022_v1_15s_bed_elev
-50.4,26.1,-4771.8,ETOPO_2022_v1_15s_bed_elev
-50.3,26.1,-5141.78,ETOPO_2022_v1_15s_bed_elev
-50.2,26.1,-4752.82,ETOPO_2022_v1_15s_bed_elev
-50.1,26.1,-4887.88,ETOPO_2022_v1_15s_bed_elev
-50.0,26.1,-5033.26,ETOPO_2022_v1_15s_bed_elev
-49.9,26.1,-4720.12,ETOPO_2022_v1_15s_bed_elev
-49.8,26.1,-4430.41,ETOPO_2022_v1_15s_bed_elev
-49.7,26.1,-4839.75,ETOPO_2022_v1_15s_bed_elev
-49.6,26.1,-4649.01,ETOPO_2022_v1_15s_bed_elev
-49.5,26.1,-4682.67,ETOPO_2022_v1_15s_bed_elev
-49.4,26.1,-4722.97,ETOPO_2022_v1_15s_bed_elev
-49.3,26.1,-4765.78,ETOPO_2022_v1_15s_bed_elev
-49.2,26.1,-4675.52,ETOPO_2022_v1_15s_bed_elev
-49.1,26.1,-4917.18,ETOPO_2022_v1_15s_bed_elev
-49.0,26.1,-4543.29,ETOPO_2022_v1_15s_bed_elev
-48.9,26.1,-4321.17,ETOPO_2022_v1_15s_bed_elev
-48.8,26.1,-4273.41,ETOPO_2022_v1_15s_bed_elev
-48.7,26.1,-4231.48,ETOPO_2022_v1_15s_bed_elev
-48.6,26.1,-4416.17,ETOPO_2022_v1_15s_bed_elev
-48.5,26.1,-3612.59,ETOPO_2022_v1_15s_bed_elev
-48.4,26.1,-4237.11,ETOPO_2022_v1_15s_bed_elev
-48.3,26.1,-4484.39,ETOPO_2022_v1_15s_bed_elev
-48.2,26.1,-4194.67,ETOPO_2022_v1_15s_bed_elev
-48.1,26.1,-4262.16,ETOPO_2022_v1_15s_bed_elev
-48.0,26.1,-4484.3,ETOPO_2022_v1_15s_bed_elev
-47.9,26.1,-4757.95,ETOPO_2022_v1_15s_bed_elev
-47.8,26.1,-4378.74,ETOPO_2022_v1_15s_bed_elev
-47.7,26.1,-3926.85,ETOPO_2022_v1_15s_bed_elev
-47.6,26.1,-4193.58,ETOPO_2022_v1_15s_bed_elev
-47.5,26.1,-4215.5,ETOPO_2022_v1_15s_bed_elev
-47.4,26.1,-3831.42,ETOPO_2022_v1_15s_bed_elev
-47.3,26.1,-3833.87,ETOPO_2022_v1_15s_bed_elev
-47.2,26.1,-4167.77,ETOPO_2022_v1_15s_bed_elev
-47.1,26.1,-4003.88,ETOPO_2022_v1_15s_bed_elev
-47.0,26.1,-3945.61,ETOPO_2022_v1_15s_bed_elev
-46.9,26.1,-3758.91,ETOPO_2022_v1_15s_bed_elev
-46.8,26.1,-3779.51,ETOPO_2022_v1_15s_bed_elev
-46.7,26.1,-4035.08,ETOPO_2022_v1_15s_bed_elev
-46.6,26.1,-4104.66,ETOPO_2022_v1_15s_bed_elev
-46.5,26.1,-4266.2,ETOPO_2022_v1_15s_bed_elev
-46.4,26.1,-4006.11,ETOPO_2022_v1_15s_bed_elev
-46.3,26.1,-3629.28,ETOPO_2022_v1_15s_bed_elev
-46.2,26.1,-4106.7,ETOPO_2022_v1_15s_bed_elev
-46.1,26.1,-4328.62,ETOPO_2022_v1_15s_bed_elev
-46.0,26.1,-4290.19,ETOPO_2022_v1_15s_bed_elev
-45.9,26.1,-3837.46,ETOPO_2022_v1_15s_bed_elev
-45.8,26.1,-3675.48,ETOPO_2022_v1_15s_bed_elev
-45.7,26.1,-3725.33,ETOPO_2022_v1_15s_bed_elev
-45.6,26.1,-3176.78,ETOPO_2022_v1_15s_bed_elev
-45.5,26.1,-3429.7,ETOPO_2022_v1_15s_bed_elev
-45.4,26.1,-2702.89,ETOPO_2022_v1_15s_bed_elev
-45.3,26.1,-2597.32,ETOPO_2022_v1_15s_bed_elev
-45.2,26.1,-3048.56,ETOPO_2022_v1_15s_bed_elev
-45.1,26.1,-3228.33,ETOPO_2022_v1_15s_bed_elev
-45.0,26.1,-3245.26,ETOPO_2022_v1_15s_bed_elev
-44.9,26.1,-3746.39,ETOPO_2022_v1_15s_bed_elev
-44.8,26.1,-3169.12,ETOPO_2022_v1_15s_bed_elev
-44.7,26.1,-2580.0,ETOPO_2022_v1_15s_bed_elev
-44.6,26.1,-2647.84,ETOPO_2022_v1_15s_bed_elev
-44.5,26.1,-3487.49,ETOPO_2022_v1_15s_bed_elev
-44.4,26.1,-3245.56,ETOPO_2022_v1_15s_bed_elev
-44.3,26.1,-3396.96,ETOPO_2022_v1_15s_bed_elev
-44.2,26.1,-3141.24,ETOPO_2022_v1_15s_bed_elev
-44.1,26.1,-3815.27,ETOPO_2022_v1_15s_bed_elev
-44.0,26.1,-3122.05,ETOPO_2022_v1_15s_bed_elev
-43.9,26.1,-3059.64,ETOPO_2022_v1_15s_bed_elev
-43.8,26.1,-3287.36,ETOPO_2022_v1_15s_bed_elev
-43.7,26.1,-3636.35,ETOPO_2022_v1_15s_bed_elev
-43.6,26.1,-3840.67,ETOPO_2022_v1_15s_bed_elev
-43.5,26.1,-4061.88,ETOPO_2022_v1_15s_bed_elev
-43.4,26.1,-3804.52,ETOPO_2022_v1_15s_bed_elev
-43.3,26.1,-3695.94,ETOPO_2022_v1_15s_bed_elev
-43.2,26.1,-3242.3,ETOPO_2022_v1_15s_bed_elev
-43.1,26.1,-3932.52,ETOPO_2022_v1_15s_bed_elev
-43.0,26.1,-3535.89,ETOPO_2022_v1_15s_bed_elev
-42.9,26.1,-3359.04,ETOPO_2022_v1_15s_bed_elev
-42.8,26.1,-3572.81,ETOPO_2022_v1_15s_bed_elev
-42.7,26.1,-3928.09,ETOPO_2022_v1_15s_bed_elev
-42.6,26.1,-3946.27,ETOPO_2022_v1_15s_bed_elev
-42.5,26.1,-4158.44,ETOPO_2022_v1_15s_bed_elev
-42.4,26.1,-4257.55,ETOPO_2022_v1_15s_bed_elev
-42.3,26.1,-4330.35,ETOPO_2022_v1_15s_bed_elev
-42.2,26.1,-4136.83,ETOPO_2022_v1_15s_bed_elev
-42.1,26.1,-4045.74,ETOPO_2022_v1_15s_bed_elev
-42.0,26.1,-3691.62,ETOPO_2022_v1_15s_bed_elev
-41.9,26.1,-3800.15,ETOPO_2022_v1_15s_bed_elev
-41.8,26.1,-3844.16,ETOPO_2022_v1_15s_bed_elev
-41.7,26.1,-3946.78,ETOPO_2022_v1_15s_bed_elev
-41.6,26.1,-4388.0,ETOPO_2022_v1_15s_bed_elev
-41.5,26.1,-4324.91,ETOPO_2022_v1_15s_bed_elev
-41.4,26.1,-4163.35,ETOPO_2022_v1_15s_bed_elev
-41.3,26.1,-3958.49,ETOPO_2022_v1_15s_bed_elev
-41.2,26.1,-4113.33,ETOPO_2022_v1_15s_bed_elev
-41.1,26.1,-3759.01,ETOPO_2022_v1_15s_bed_elev
-41.0,26.1,-3614.85,ETOPO_2022_v1_15s_bed_elev
-40.9,26.1,-3513.79,ETOPO_2022_v1_15s_bed_elev
-40.8,26.1,-3775.5,ETOPO_2022_v1_15s_bed_elev
-40.7,26.1,-3961.01,ETOPO_2022_v1_15s_bed_elev
-40.6,26.1,-4010.31,ETOPO_2022_v1_15s_bed_elev
-40.5,26.1,-4348.0,ETOPO_2022_v1_15s_bed_elev
-40.4,26.1,-4523.05,ETOPO_2022_v1_15s_bed_elev
-40.3,26.1,-4543.59,ETOPO_2022_v1_15s_bed_elev
-40.2,26.1,-4522.37,ETOPO_2022_v1_15s_bed_elev
-40.1,26.1,-4663.67,ETOPO_2022_v1_15s_bed_elev
-40.0,26.1,-4726.66,ETOPO_2022_v1_15s_bed_elev
-39.9,26.1,-4986.62,ETOPO_2022_v1_15s_bed_elev
-39.8,26.1,-4946.19,ETOPO_2022_v1_15s_bed_elev
-39.7,26.1,-4980.23,ETOPO_2022_v1_15s_bed_elev
-39.6,26.1,-4941.85,ETOPO_2022_v1_15s_bed_elev
-39.5,26.1,-4529.47,ETOPO_2022_v1_15s_bed_elev
-39.4,26.1,-4089.02,ETOPO_2022_v1_15s_bed_elev
-39.3,26.1,-4112.58,ETOPO_2022_v1_15s_bed_elev
-39.2,26.1,-4641.22,ETOPO_2022_v1_15s_bed_elev
-39.1,26.1,-4607.87,ETOPO_2022_v1_15s_bed_elev
-39.0,26.1,-4541.09,ETOPO_2022_v1_15s_bed_elev
-38.9,26.1,-4181.72,ETOPO_2022_v1_15s_bed_elev
-38.8,26.1,-4069.78,ETOPO_2022_v1_15s_bed_elev
-38.7,26.1,-5172.04,ETOPO_2022_v1_15s_bed_elev
-38.6,26.1,-4783.05,ETOPO_2022_v1_15s_bed_elev
-38.5,26.1,-5243.88,ETOPO_2022_v1_15s_bed_elev
-38.4,26.1,-5006.5,ETOPO_2022_v1_15s_bed_elev
-38.3,26.1,-5011.29,ETOPO_2022_v1_15s_bed_elev
-38.2,26.1,-5024.96,ETOPO_2022_v1_15s_bed_elev
-38.1,26.1,-5040.68,ETOPO_2022_v1_15s_bed_elev
-38.0,26.1,-5002.8,ETOPO_2022_v1_15s_bed_elev
-37.9,26.1,-5040.1,ETOPO_2022_v1_15s_bed_elev
-37.8,26.1,-4861.42,ETOPO_2022_v1_15s_bed_elev
-37.7,26.1,-5043.03,ETOPO_2022_v1_15s_bed_elev
-37.6,26.1,-5304.25,ETOPO_2022_v1_15s_bed_elev
-37.5,26.1,-5017.45,ETOPO_2022_v1_15s_bed_elev
-37.4,26.1,-4945.54,ETOPO_2022_v1_15s_bed_elev
-37.3,26.1,-5030.35,ETOPO_2022_v1_15s_bed_elev
-37.2,26.1,-4905.28,ETOPO_2022_v1_15s_bed_elev
-37.1,26.1,-4921.88,ETOPO_2022_v1_15s_bed_elev
-37.0,26.1,-4981.38,ETOPO_2022_v1_15s_bed_elev
-36.9,26.1,-5010.79,ETOPO_2022_v1_15s_bed_elev
-36.8,26.1,-4843.33,ETOPO_2022_v1_15s_bed_elev
-36.7,26.1,-4932.83,ETOPO_2022_v1_15s_bed_elev
-36.6,26.1,-5137.29,ETOPO_2022_v1_15s_bed_elev
-36.5,26.1,-5337.18,ETOPO_2022_v1_15s_bed_elev
-36.4,26.1,-5136.32,ETOPO_2022_v1_15s_bed_elev
-36.3,26.1,-5679.75,ETOPO_2022_v1_15s_bed_elev
-36.2,26.1,-5320.81,ETOPO_2022_v1_15s_bed_elev
-36.1,26.1,-5337.71,ETOPO_2022_v1_15s_bed_elev
-36.0,26.1,-5438.3,ETOPO_2022_v1_15s_bed_elev
-35.9,26.1,-5535.83,ETOPO_2022_v1_15s_bed_elev
-35.8,26.1,-5675.41,ETOPO_2022_v1_15s_bed_elev
-35.7,26.1,-5031.85,ETOPO_2022_v1_15s_bed_elev
-35.6,26.1,-5199.06,ETOPO_2022_v1_15s_bed_elev
-35.5,26.1,-5366.08,ETOPO_2022_v1_15s_bed_elev
-35.4,26.1,-5568.19,ETOPO_2022_v1_15s_bed_elev
-35.3,26.1,-5834.92,ETOPO_2022_v1_15s_bed_elev
-35.2,26.1,-5634.07,ETOPO_2022_v1_15s_bed_elev
-35.1,26.1,-5420.73,ETOPO_2022_v1_15s_bed_elev
-35.0,26.1,-5150.56,ETOPO_2022_v1_15s_bed_elev
-51.0,26.2,-5389.55,ETOPO_2022_v1_15s_bed_elev
-50.9,26.2,-5029.31,ETOPO_2022_v1_15s_bed_elev
-50.8,26.2,-4951.9,ETOPO_2022_v1_15s_bed_elev
-50.7,26.2,-4884.08,ETOPO_2022_v1_15s_bed_elev
-50.6,26.2,-4910.82,ETOPO_2022_v1_15s_bed_elev
-50.5,26.2,-4835.86,ETOPO_2022_v1_15s_bed_elev
-50.4,26.2,-4884.69,ETOPO_2022_v1_15s_bed_elev
-50.3,26.2,-4744.24,ETOPO_2022_v1_15s_bed_elev
-50.2,26.2,-5012.99,ETOPO_2022_v1_15s_bed_elev
-50.1,26.2,-4795.23,ETOPO_2022_v1_15s_bed_elev
-50.0,26.2,-5034.37,ETOPO_2022_v1_15s_bed_elev
-49.9,26.2,-4753.34,ETOPO_2022_v1_15s_bed_elev
-49.8,26.2,-4618.84,ETOPO_2022_v1_15s_bed_elev
-49.7,26.2,-4412.78,ETOPO_2022_v1_15s_bed_elev
-49.6,26.2,-4949.31,ETOPO_2022_v1_15s_bed_elev
-49.5,26.2,-4770.23,ETOPO_2022_v1_15s_bed_elev
-49.4,26.2,-4947.34,ETOPO_2022_v1_15s_bed_elev
-49.3,26.2,-4918.07,ETOPO_2022_v1_15s_bed_elev
-49.2,26.2,-4833.1,ETOPO_2022_v1_15s_bed_elev
-49.1,26.2,-4850.6,ETOPO_2022_v1_15s_bed_elev
-49.0,26.2,-4740.45,ETOPO_2022_v1_15s_bed_elev
-48.9,26.2,-4746.43,ETOPO_2022_v1_15s_bed_elev
-48.8,26.2,-4584.74,ETOPO_2022_v1_15s_bed_elev
-48.7,26.2,-4702.26,ETOPO_2022_v1_15s_bed_elev
-48.6,26.2,-4563.13,ETOPO_2022_v1_15s_bed_elev
-48.5,26.2,-4171.08,ETOPO_2022_v1_15s_bed_elev
-48.4,26.2,-4477.14,ETOPO_2022_v1_15s_bed_elev
-48.3,26.2,-4639.75,ETOPO_2022_v1_15s_bed_elev
-48.2,26.2,-4213.48,ETOPO_2022_v1_15s_bed_elev
-48.1,26.2,-4216.24,ETOPO_2022_v1_15s_bed_elev
-48.0,26.2,-4140.14,ETOPO_2022_v1_15s_bed_elev
-47.9,26.2,-4083.95,ETOPO_2022_v1_15s_bed_elev
-47.8,26.2,-4180.82,ETOPO_2022_v1_15s_bed_elev
-47.7,26.2,-3906.61,ETOPO_2022_v1_15s_bed_elev
-47.6,26.2,-4146.87,ETOPO_2022_v1_15s_bed_elev
-47.5,26.2,-4233.71,ETOPO_2022_v1_15s_bed_elev
-47.4,26.2,-3957.31,ETOPO_2022_v1_15s_bed_elev
-47.3,26.2,-3865.44,ETOPO_2022_v1_15s_bed_elev
-47.2,26.2,-4162.32,ETOPO_2022_v1_15s_bed_elev
-47.1,26.2,-4117.29,ETOPO_2022_v1_15s_bed_elev
-47.0,26.2,-4003.48,ETOPO_2022_v1_15s_bed_elev
-46.9,26.2,-4104.47,ETOPO_2022_v1_15s_bed_elev
-46.8,26.2,-4272.73,ETOPO_2022_v1_15s_bed_elev
-46.7,26.2,-4361.09,ETOPO_2022_v1_15s_bed_elev
-46.6,26.2,-4337.93,ETOPO_2022_v1_15s_bed_elev
-46.5,26.2,-4357.08,ETOPO_2022_v1_15s_bed_elev
-46.4,26.2,-4132.19,ETOPO_2022_v1_15s_bed_elev
-46.3,26.2,-4189.33,ETOPO_2022_v1_15s_bed_elev
-46.2,26.2,-4352.35,ETOPO_2022_v1_15s_bed_elev
-46.1,26.2,-4341.15,ETOPO_2022_v1_15s_bed_elev
-46.0,26.2,-4006.32,ETOPO_2022_v1_15s_bed_elev
-45.9,26.2,-3376.35,ETOPO_2022_v1_15s_bed_elev
-45.8,26.2,-3226.66,ETOPO_2022_v1_15s_bed_elev
-45.7,26.2,-3586.47,ETOPO_2022_v1_15s_bed_elev
-45.6,26.2,-3129.73,ETOPO_2022_v1_15s_bed_elev
-45.5,26.2,-3274.23,ETOPO_2022_v1_15s_bed_elev
-45.4,26.2,-2586.54,ETOPO_2022_v1_15s_bed_elev
-45.3,26.2,-2885.51,ETOPO_2022_v1_15s_bed_elev
-45.2,26.2,-2578.15,ETOPO_2022_v1_15s_bed_elev
-45.1,26.2,-3238.5,ETOPO_2022_v1_15s_bed_elev
-45.0,26.2,-2904.53,ETOPO_2022_v1_15s_bed_elev
-44.9,26.2,-3151.21,ETOPO_2022_v1_15s_bed_elev
-44.8,26.2,-3648.75,ETOPO_2022_v1_15s_bed_elev
-44.7,26.2,-3419.38,ETOPO_2022_v1_15s_bed_elev
-44.6,26.2,-2946.79,ETOPO_2022_v1_15s_bed_elev
-44.5,26.2,-3305.66,ETOPO_2022_v1_15s_bed_elev
-44.4,26.2,-2538.44,ETOPO_2022_v1_15s_bed_elev
-44.3,26.2,-3060.1,ETOPO_2022_v1_15s_bed_elev
-44.2,26.2,-3292.36,ETOPO_2022_v1_15s_bed_elev
-44.1,26.2,-3453.28,ETOPO_2022_v1_15s_bed_elev
-44.0,26.2,-3526.61,ETOPO_2022_v1_15s_bed_elev
-43.9,26.2,-3238.24,ETOPO_2022_v1_15s_bed_elev
-43.8,26.2,-3471.79,ETOPO_2022_v1_15s_bed_elev
-43.7,26.2,-3724.94,ETOPO_2022_v1_15s_bed_elev
-43.6,26.2,-3615.68,ETOPO_2022_v1_15s_bed_elev
-43.5,26.2,-3259.57,ETOPO_2022_v1_15s_bed_elev
-43.4,26.2,-4006.99,ETOPO_2022_v1_15s_bed_elev
-43.3,26.2,-3941.78,ETOPO_2022_v1_15s_bed_elev
-43.2,26.2,-3568.36,ETOPO_2022_v1_15s_bed_elev
-43.1,26.2,-3633.25,ETOPO_2022_v1_15s_bed_elev
-43.0,26.2,-3499.57,ETOPO_2022_v1_15s_bed_elev
-42.9,26.2,-3591.65,ETOPO_2022_v1_15s_bed_elev
-42.8,26.2,-4056.85,ETOPO_2022_v1_15s_bed_elev
-42.7,26.2,-4199.79,ETOPO_2022_v1_15s_bed_elev
-42.6,26.2,-4087.91,ETOPO_2022_v1_15s_bed_elev
-42.5,26.2,-3548.51,ETOPO_2022_v1_15s_bed_elev
-42.4,26.2,-3840.87,ETOPO_2022_v1_15s_bed_elev
-42.3,26.2,-4279.21,ETOPO_2022_v1_15s_bed_elev
-42.2,26.2,-3744.56,ETOPO_2022_v1_15s_bed_elev
-42.1,26.2,-3901.73,ETOPO_2022_v1_15s_bed_elev
-42.0,26.2,-3849.55,ETOPO_2022_v1_15s_bed_elev
-41.9,26.2,-4002.91,ETOPO_2022_v1_15s_bed_elev
-41.8,26.2,-4088.32,ETOPO_2022_v1_15s_bed_elev
-41.7,26.2,-4009.43,ETOPO_2022_v1_15s_bed_elev
-41.6,26.2,-4398.52,ETOPO_2022_v1_15s_bed_elev
-41.5,26.2,-4583.58,ETOPO_2022_v1_15s_bed_elev
-41.4,26.2,-4244.82,ETOPO_2022_v1_15s_bed_elev
-41.3,26.2,-3808.01,ETOPO_2022_v1_15s_bed_elev
-41.2,26.2,-3947.39,ETOPO_2022_v1_15s_bed_elev
-41.1,26.2,-4416.14,ETOPO_2022_v1_15s_bed_elev
-41.0,26.2,-4337.4,ETOPO_2022_v1_15s_bed_elev
-40.9,26.2,-4302.5,ETOPO_2022_v1_15s_bed_elev
-40.8,26.2,-4189.88,ETOPO_2022_v1_15s_bed_elev
-40.7,26.2,-4307.8,ETOPO_2022_v1_15s_bed_elev
-40.6,26.2,-4162.53,ETOPO_2022_v1_15s_bed_elev
-40.5,26.2,-4315.24,ETOPO_2022_v1_15s_bed_elev
-40.4,26.2,-4699.56,ETOPO_2022_v1_15s_bed_elev
-40.3,26.2,-4505.04,ETOPO_2022_v1_15s_bed_elev
-40.2,26.2,-4518.06,ETOPO_2022_v1_15s_bed_elev
-40.1,26.2,-4622.59,ETOPO_2022_v1_15s_bed_elev
-40.0,26.2,-4780.98,ETOPO_2022_v1_15s_bed_elev
-39.9,26.2,-4809.56,ETOPO_2022_v1_15s_bed_elev
-39.8,26.2,-4641.2,ETOPO_2022_v1_15s_bed_elev
-39.7,26.2,-4738.54,ETOPO_2022_v1_15s_bed_elev
-39.6,26.2,-4726.67,ETOPO_2022_v1_15s_bed_elev
-39.5,26.2,-4846.17,ETOPO_2022_v1_15s_bed_elev
-39.4,26.2,-4364.11,ETOPO_2022_v1_15s_bed_elev
-39.3,26.2,-4535.31,ETOPO_2022_v1_15s_bed_elev
-39.2,26.2,-4505.62,ETOPO_2022_v1_15s_bed_elev
-39.1,26.2,-4490.7,ETOPO_2022_v1_15s_bed_elev
-39.0,26.2,-4532.83,ETOPO_2022_v1_15s_bed_elev
-38.9,26.2,-4298.93,ETOPO_2022_v1_15s_bed_elev
-38.8,26.2,-4156.66,ETOPO_2022_v1_15s_bed_elev
-38.7,26.2,-5089.21,ETOPO_2022_v1_15s_bed_elev
-38.6,26.2,-4616.5,ETOPO_2022_v1_15s_bed_elev
-38.5,26.2,-4754.16,ETOPO_2022_v1_15s_bed_elev
-38.4,26.2,-5176.48,ETOPO_2022_v1_15s_bed_elev
-38.3,26.2,-4988.25,ETOPO_2022_v1_15s_bed_elev
-38.2,26.2,-4820.8,ETOPO_2022_v1_15s_bed_elev
-38.1,26.2,-5089.32,ETOPO_2022_v1_15s_bed_elev
-38.0,26.2,-5014.99,ETOPO_2022_v1_15s_bed_elev
-37.9,26.2,-5150.42,ETOPO_2022_v1_15s_bed_elev
-37.8,26.2,-5024.56,ETOPO_2022_v1_15s_bed_elev
-37.7,26.2,-5021.07,ETOPO_2022_v1_15s_bed_elev
-37.6,26.2,-5288.88,ETOPO_2022_v1_15s_bed_elev
-37.5,26.2,-5147.14,ETOPO_2022_v1_15s_bed_elev
-37.4,26.2,-5018.7,ETOPO_2022_v1_15s_bed_elev
-37.3,26.2,-5114.22,ETOPO_2022_v1_15s_bed_elev
-37.2,26.2,-5187.59,ETOPO_2022_v1_15s_bed_elev
-37.1,26.2,-4904.54,ETOPO_2022_v1_15s_bed_elev
-37.0,26.2,-4984.55,ETOPO_2022_v1_15s_bed_elev
-36.9,26.2,-4870.29,ETOPO_2022_v1_15s_bed_elev
-36.8,26.2,-4863.63,ETOPO_2022_v1_15s_bed_elev
-36.7,26.2,-4867.74,ETOPO_2022_v1_15s_bed_elev
-36.6,26.2,-5032.46,ETOPO_2022_v1_15s_bed_elev
-36.5,26.2,-5066.01,ETOPO_2022_v1_15s_bed_elev
-36.4,26.2,-4907.25,ETOPO_2022_v1_15s_bed_elev
-36.3,26.2,-5256.96,ETOPO_2022_v1_15s_bed_elev
-36.2,26.2,-5258.7,ETOPO_2022_v1_15s_bed_elev
-36.1,26.2,-5283.28,ETOPO_2022_v1_15s_bed_elev
-36.0,26.2,-5287.05,ETOPO_2022_v1_15s_bed_elev
-35.9,26.2,-5586.07,ETOPO_2022_v1_15s_bed_elev
-35.8,26.2,-5545.46,ETOPO_2022_v1_15s_bed_elev
-35.7,26.2,-5584.65,ETOPO_2022_v1_15s_bed_elev
-35.6,26.2,-5644.08,ETOPO_2022_v1_15s_bed_elev
-35.5,26.2,-5406.44,ETOPO_2022_v1_15s_bed_elev
-35.4,26.2,-5524.95,ETOPO_2022_v1_15s_bed_elev
-35.3,26.2,-5693.54,ETOPO_2022_v1_15s_bed_elev
-35.2,26.2,-5415.79,ETOPO_2022_v1_15s_bed_elev
-35.1,26.2,-5619.55,ETOPO_2022_v1_15s_bed_elev
-35.0,26.2,-5447.33,ETOPO_2022_v1_15s_bed_elev
-51.0,26.3,-5366.17,ETOPO_2022_v1_15s_bed_elev
-50.9,26.3,-5400.12,ETOPO_2022_v1_15s_bed_elev
-50.8,26.3,-5045.33,ETOPO_2022_v1_15s_bed_elev
-50.7,26.3,-5016.09,ETOPO_2022_v1_15s_bed_elev
-50.6,26.3,-5165.71,ETOPO_2022_v1_15s_bed_elev
-50.5,26.3,-5135.33,ETOPO_2022_v1_15s_bed_elev
-50.4,26.3,-4978.27,ETOPO_2022_v1_15s_bed_elev
-50.3,26.3,-4731.89,ETOPO_2022_v1_15s_bed_elev
-50.2,26.3,-5300.23,ETOPO_2022_v1_15s_bed_elev
-50.1,26.3,-4866.75,ETOPO_2022_v1_15s_bed_elev
-50.0,26.3,-5069.18,ETOPO_2022_v1_15s_bed_elev
-49.9,26.3,-4971.61,ETOPO_2022_v1_15s_bed_elev
-49.8,26.3,-4763.27,ETOPO_2022_v1_15s_bed_elev
-49.7,26.3,-4515.29,ETOPO_2022_v1_15s_bed_elev
-49.6,26.3,-4377.76,ETOPO_2022_v1_15s_bed_elev
-49.5,26.3,-4455.92,ETOPO_2022_v1_15s_bed_elev
-49.4,26.3,-4493.63,ETOPO_2022_v1_15s_bed_elev
-49.3,26.3,-5026.4,ETOPO_2022_v1_15s_bed_elev
-49.2,26.3,-4443.9,ETOPO_2022_v1_15s_bed_elev
-49.1,26.3,-4864.77,ETOPO_2022_v1_15s_bed_elev
-49.0,26.3,-4807.91,ETOPO_2022_v1_15s_bed_elev
-48.9,26.3,-4893.97,ETOPO_2022_v1_15s_bed_elev
-48.8,26.3,-4888.11,ETOPO_2022_v1_15s_bed_elev
-48.7,26.3,-4895.04,ETOPO_2022_v1_15s_bed_elev
-48.6,26.3,-4393.7,ETOPO_2022_v1_15s_bed_elev
-48.5,26.3,-4967.45,ETOPO_2022_v1_15s_bed_elev
-48.4,26.3,-4684.56,ETOPO_2022_v1_15s_bed_elev
-48.3,26.3,-4615.83,ETOPO_2022_v1_15s_bed_elev
-48.2,26.3,-4416.27,ETOPO_2022_v1_15s_bed_elev
-48.1,26.3,-4367.65,ETOPO_2022_v1_15s_bed_elev
-48.0,26.3,-4005.09,ETOPO_2022_v1_15s_bed_elev
-47.9,26.3,-4065.26,ETOPO_2022_v1_15s_bed_elev
-47.8,26.3,-4252.4,ETOPO_2022_v1_15s_bed_elev
-47.7,26.3,-4039.29,ETOPO_2022_v1_15s_bed_elev
-47.6,26.3,-4006.96,ETOPO_2022_v1_15s_bed_elev
-47.5,26.3,-4159.57,ETOPO_2022_v1_15s_bed_elev
-47.4,26.3,-4143.57,ETOPO_2022_v1_15s_bed_elev
-47.3,26.3,-4018.14,ETOPO_2022_v1_15s_bed_elev
-47.2,26.3,-4090.41,ETOPO_2022_v1_15s_bed_elev
-47.1,26.3,-4234.83,ETOPO_2022_v1_15s_bed_elev
-47.0,26.3,-4219.08,ETOPO_2022_v1_15s_bed_elev
-46.9,26.3,-4314.86,ETOPO_2022_v1_15s_bed_elev
-46.8,26.3,-4450.03,ETOPO_2022_v1_15s_bed_elev
-46.7,26.3,-4340.0,ETOPO_2022_v1_15s_bed_elev
-46.6,26.3,-4200.91,ETOPO_2022_v1_15s_bed_elev
-46.5,26.3,-4302.02,ETOPO_2022_v1_15s_bed_elev
-46.4,26.3,-3760.39,ETOPO_2022_v1_15s_bed_elev
-46.3,26.3,-4191.77,ETOPO_2022_v1_15s_bed_elev
-46.2,26.3,-3754.97,ETOPO_2022_v1_15s_bed_elev
-46.1,26.3,-3865.58,ETOPO_2022_v1_15s_bed_elev
-46.0,26.3,-3563.48,ETOPO_2022_v1_15s_bed_elev
-45.9,26.3,-3069.31,ETOPO_2022_v1_15s_bed_elev
-45.8,26.3,-3298.33,ETOPO_2022_v1_15s_bed_elev
-45.7,26.3,-3549.19,ETOPO_2022_v1_15s_bed_elev
-45.6,26.3,-3646.48,ETOPO_2022_v1_15s_bed_elev
-45.5,26.3,-3605.71,ETOPO_2022_v1_15s_bed_elev
-45.4,26.3,-3295.91,ETOPO_2022_v1_15s_bed_elev
-45.3,26.3,-3039.2,ETOPO_2022_v1_15s_bed_elev
-45.2,26.3,-2954.19,ETOPO_2022_v1_15s_bed_elev
-45.1,26.3,-3208.68,ETOPO_2022_v1_15s_bed_elev
-45.0,26.3,-2866.21,ETOPO_2022_v1_15s_bed_elev
-44.9,26.3,-2586.45,ETOPO_2022_v1_15s_bed_elev
-44.8,26.3,-3549.69,ETOPO_2022_v1_15s_bed_elev
-44.7,26.3,-4141.06,ETOPO_2022_v1_15s_bed_elev
-44.6,26.3,-3433.11,ETOPO_2022_v1_15s_bed_elev
-44.5,26.3,-3174.11,ETOPO_2022_v1_15s_bed_elev
-44.4,26.3,-3186.93,ETOPO_2022_v1_15s_bed_elev
-44.3,26.3,-3132.47,ETOPO_2022_v1_15s_bed_elev
-44.2,26.3,-3213.53,ETOPO_2022_v1_15s_bed_elev
-44.1,26.3,-3469.49,ETOPO_2022_v1_15s_bed_elev
-44.0,26.3,-3885.7,ETOPO_2022_v1_15s_bed_elev
-43.9,26.3,-3979.59,ETOPO_2022_v1_15s_bed_elev
-43.8,26.3,-3514.4,ETOPO_2022_v1_15s_bed_elev
-43.7,26.3,-3651.2,ETOPO_2022_v1_15s_bed_elev
-43.6,26.3,-3479.27,ETOPO_2022_v1_15s_bed_elev
-43.5,26.3,-2996.7,ETOPO_2022_v1_15s_bed_elev
-43.4,26.3,-3855.91,ETOPO_2022_v1_15s_bed_elev
-43.3,26.3,-3907.77,ETOPO_2022_v1_15s_bed_elev
-43.2,26.3,-3909.96,ETOPO_2022_v1_15s_bed_elev
-43.1,26.3,-4011.98,ETOPO_2022_v1_15s_bed_elev
-43.0,26.3,-3856.95,ETOPO_2022_v1_15s_bed_elev
-42.9,26.3,-4004.88,ETOPO_2022_v1_15s_bed_elev
-42.8,26.3,-4040.32,ETOPO_2022_v1_15s_bed_elev
-42.7,26.3,-3396.71,ETOPO_2022_v1_15s_bed_elev
-42.6,26.3,-3467.85,ETOPO_2022_v1_15s_bed_elev
-42.5,26.3,-3339.8,ETOPO_2022_v1_15s_bed_elev
-42.4,26.3,-3616.83,ETOPO_2022_v1_15s_bed_elev
-42.3,26.3,-3957.1,ETOPO_2022_v1_15s_bed_elev
-42.2,26.3,-3677.72,ETOPO_2022_v1_15s_bed_elev
-42.1,26.3,-3939.24,ETOPO_2022_v1_15s_bed_elev
-42.0,26.3,-3872.37,ETOPO_2022_v1_15s_bed_elev
-41.9,26.3,-3940.45,ETOPO_2022_v1_15s_bed_elev
-41.8,26.3,-4258.33,ETOPO_2022_v1_15s_bed_elev
-41.7,26.3,-4414.86,ETOPO_2022_v1_15s_bed_elev
-41.6,26.3,-4102.4,ETOPO_2022_v1_15s_bed_elev
-41.5,26.3,-4175.5,ETOPO_2022_v1_15s_bed_elev
-41.4,26.3,-3878.91,ETOPO_2022_v1_15s_bed_elev
-41.3,26.3,-3868.41,ETOPO_2022_v1_15s_bed_elev
-41.2,26.3,-3866.26,ETOPO_2022_v1_15s_bed_elev
-41.1,26.3,-3705.63,ETOPO_2022_v1_15s_bed_elev
-41.0,26.3,-4265.32,ETOPO_2022_v1_15s_bed_elev
-40.9,26.3,-4667.29,ETOPO_2022_v1_15s_bed_elev
-40.8,26.3,-4522.05,ETOPO_2022_v1_15s_bed_elev
-40.7,26.3,-4428.22,ETOPO_2022_v1_15s_bed_elev
-40.6,26.3,-4154.68,ETOPO_2022_v1_15s_bed_elev
-40.5,26.3,-3991.09,ETOPO_2022_v1_15s_bed_elev
-40.4,26.3,-4348.61,ETOPO_2022_v1_15s_bed_elev
-40.3,26.3,-4405.83,ETOPO_2022_v1_15s_bed_elev
-40.2,26.3,-4651.02,ETOPO_2022_v1_15s_bed_elev
-40.1,26.3,-4413.86,ETOPO_2022_v1_15s_bed_elev
-40.0,26.3,-4675.41,ETOPO_2022_v1_15s_bed_elev
-39.9,26.3,-4714.07,ETOPO_2022_v1_15s_bed_elev
-39.8,26.3,-4550.87,ETOPO_2022_v1_15s_bed_elev
-39.7,26.3,-4759.14,ETOPO_2022_v1_15s_bed_elev
-39.6,26.3,-4778.79,ETOPO_2022_v1_15s_bed_elev
-39.5,26.3,-4956.3,ETOPO_2022_v1_15s_bed_elev
-39.4,26.3,-4931.12,ETOPO_2022_v1_15s_bed_elev
-39.3,26.3,-4778.21,ETOPO_2022_v1_15s_bed_elev
-39.2,26.3,-4496.8,ETOPO_2022_v1_15s_bed_elev
-39.1,26.3,-4532.04,ETOPO_2022_v1_15s_bed_elev
-39.0,26.3,-4481.65,ETOPO_2022_v1_15s_bed_elev
-38.9,26.3,-4553.67,ETOPO_2022_v1_15s_bed_elev
-38.8,26.3,-4855.47,ETOPO_2022_v1_15s_bed_elev
-38.7,26.3,-5306.13,ETOPO_2022_v1_15s_bed_elev
-38.6,26.3,-4954.58,ETOPO_2022_v1_15s_bed_elev
-38.5,26.3,-4757.86,ETOPO_2022_v1_15s_bed_elev
-38.4,26.3,-4821.68,ETOPO_2022_v1_15s_bed_elev
-38.3,26.3,-4809.44,ETOPO_2022_v1_15s_bed_elev
-38.2,26.3,-4864.95,ETOPO_2022_v1_15s_bed_elev
-38.1,26.3,-4905.22,ETOPO_2022_v1_15s_bed_elev
-38.0,26.3,-4899.11,ETOPO_2022_v1_15s_bed_elev
-37.9,26.3,-4921.34,ETOPO_2022_v1_15s_bed_elev
-37.8,26.3,-4852.28,ETOPO_2022_v1_15s_bed_elev
-37.7,26.3,-4848.46,ETOPO_2022_v1_15s_bed_elev
-37.6,26.3,-5081.63,ETOPO_2022_v1_15s_bed_elev
-37.5,26.3,-5148.96,ETOPO_2022_v1_15s_bed_elev
-37.4,26.3,-5001.13,ETOPO_2022_v1_15s_bed_elev
-37.3,26.3,-5054.32,ETOPO_2022_v1_15s_bed_elev
-37.2,26.3,-5298.34,ETOPO_2022_v1_15s_bed_elev
-37.1,26.3,-5023.08,ETOPO_2022_v1_15s_bed_elev
-37.0,26.3,-5116.15,ETOPO_2022_v1_15s_bed_elev
-36.9,26.3,-5146.69,ETOPO_2022_v1_15s_bed_elev
-36.8,26.3,-5047.14,ETOPO_2022_v1_15s_bed_elev
-36.7,26.3,-4895.67,ETOPO_2022_v1_15s_bed_elev
-36.6,26.3,-4981.52,ETOPO_2022_v1_15s_bed_elev
-36.5,26.3,-4928.81,ETOPO_2022_v1_15s_bed_elev
-36.4,26.3,-4995.6,ETOPO_2022_v1_15s_bed_elev
-36.3,26.3,-5399.91,ETOPO_2022_v1_15s_bed_elev
-36.2,26.3,-5240.21,ETOPO_2022_v1_15s_bed_elev
-36.1,26.3,-5113.53,ETOPO_2022_v1_15s_bed_elev
-36.0,26.3,-5137.42,ETOPO_2022_v1_15s_bed_elev
-35.9,26.3,-5241.51,ETOPO_2022_v1_15s_bed_elev
-35.8,26.3,-5171.61,ETOPO_2022_v1_15s_bed_elev
-35.7,26.3,-5415.19,ETOPO_2022_v1_15s_bed_elev
-35.6,26.3,-5523.59,ETOPO_2022_v1_15s_bed_elev
-35.5,26.3,-5213.17,ETOPO_2022_v1_15s_bed_elev
-35.4,26.3,-5312.25,ETOPO_2022_v1_15s_bed_elev
-35.3,26.3,-5424.63,ETOPO_2022_v1_15s_bed_elev
-35.2,26.3,-5299.49,ETOPO_2022_v1_15s_bed_elev
-35.1,26.3,-5580.7,ETOPO_2022_v1_15s_bed_elev
-35.0,26.3,-5575.57,ETOPO_2022_v1_15s_bed_elev
-51.0,26.4,-5206.02,ETOPO_2022_v1_15s_bed_elev
-50.9,26.4,-5357.82,ETOPO_2022_v1_15s_bed_elev
-50.8,26.4,-5427.44,ETOPO_2022_v1_15s_bed_elev
-50.7,26.4,-5419.4,ETOPO_2022_v1_15s_bed_elev
-50.6,26.4,-5505.59,ETOPO_2022_v1_15s_bed_elev
-50.5,26.4,-5070.24,ETOPO_2022_v1_15s_bed_elev
-50.4,26.4,-5298.96,ETOPO_2022_v1_15s_bed_elev
-50.3,26.4,-5123.02,ETOPO_2022_v1_15s_bed_elev
-50.2,26.4,-5029.04,ETOPO_2022_v1_15s_bed_elev
-50.1,26.4,-5226.88,ETOPO_2022_v1_15s_bed_elev
-50.0,26.4,-5263.96,ETOPO_2022_v1_15s_bed_elev
-49.9,26.4,-5066.97,ETOPO_2022_v1_15s_bed_elev
-49.8,26.4,-4917.51,ETOPO_2022_v1_15s_bed_elev
-49.7,26.4,-4977.35,ETOPO_2022_v1_15s_bed_elev
-49.6,26.4,-4575.88,ETOPO_2022_v1_15s_bed_elev
-49.5,26.4,-4895.03,ETOPO_2022_v1_15s_bed_elev
-49.4,26.4,-4612.94,ETOPO_2022_v1_15s_bed_elev
-49.3,26.4,-4778.86,ETOPO_2022_v1_15s_bed_elev
-49.2,26.4,-4741.83,ETOPO_2022_v1_15s_bed_elev
-49.1,26.4,-4505.32,ETOPO_2022_v1_15s_bed_elev
-49.0,26.4,-4615.28,ETOPO_2022_v1_15s_bed_elev
-48.9,26.4,-4373.0,ETOPO_2022_v1_15s_bed_elev
-48.8,26.4,-4860.57,ETOPO_2022_v1_15s_bed_elev
-48.7,26.4,-4900.25,ETOPO_2022_v1_15s_bed_elev
-48.6,26.4,-4449.26,ETOPO_2022_v1_15s_bed_elev
-48.5,26.4,-4980.08,ETOPO_2022_v1_15s_bed_elev
-48.4,26.4,-4748.23,ETOPO_2022_v1_15s_bed_elev
-48.3,26.4,-4659.07,ETOPO_2022_v1_15s_bed_elev
-48.2,26.4,-4358.48,ETOPO_2022_v1_15s_bed_elev
-48.1,26.4,-4625.36,ETOPO_2022_v1_15s_bed_elev
-48.0,26.4,-4231.67,ETOPO_2022_v1_15s_bed_elev
-47.9,26.4,-4125.01,ETOPO_2022_v1_15s_bed_elev
-47.8,26.4,-4301.17,ETOPO_2022_v1_15s_bed_elev
-47.7,26.4,-4246.99,ETOPO_2022_v1_15s_bed_elev
-47.6,26.4,-4210.79,ETOPO_2022_v1_15s_bed_elev
-47.5,26.4,-4250.68,ETOPO_2022_v1_15s_bed_elev
-47.4,26.4,-4436.11,ETOPO_2022_v1_15s_bed_elev
-47.3,26.4,-4355.92,ETOPO_2022_v1_15s_bed_elev
-47.2,26.4,-4423.62,ETOPO_2022_v1_15s_bed_elev
-47.1,26.4,-4462.09,ETOPO_2022_v1_15s_bed_elev
-47.0,26.4,-4601.62,ETOPO_2022_v1_15s_bed_elev
-46.9,26.4,-4128.85,ETOPO_2022_v1_15s_bed_elev
-46.8,26.4,-3939.43,ETOPO_2022_v1_15s_bed_elev
-46.7,26.4,-4085.56,ETOPO_2022_v1_15s_bed_elev
-46.6,26.4,-3861.85,ETOPO_2022_v1_15s_bed_elev
-46.5,26.4,-4025.6,ETOPO_2022_v1_15s_bed_elev
-46.4,26.4,-3685.25,ETOPO_2022_v1_15s_bed_elev
-46.3,26.4,-3438.06,ETOPO_2022_v1_15s_bed_elev
-46.2,26.4,-3516.35,ETOPO_2022_v1_15s_bed_elev
-46.1,26.4,-3546.49,ETOPO_2022_v1_15s_bed_elev
-46.0,26.4,-3402.07,ETOPO_2022_v1_15s_bed_elev
-45.9,26.4,-3151.0,ETOPO_2022_v1_15s_bed_elev
-45.8,26.4,-3767.35,ETOPO_2022_v1_15s_bed_elev
-45.7,26.4,-3794.81,ETOPO_2022_v1_15s_bed_elev
-45.6,26.4,-3783.31,ETOPO_2022_v1_15s_bed_elev
-45.5,26.4,-3718.32,ETOPO_2022_v1_15s_bed_elev
-45.4,26.4,-3599.33,ETOPO_2022_v1_15s_bed_elev
-45.3,26.4,-3669.67,ETOPO_2022_v1_15s_bed_elev
-45.2,26.4,-3635.41,ETOPO_2022_v1_15s_bed_elev
-45.1,26.4,-3346.54,ETOPO_2022_v1_15s_bed_elev
-45.0,26.4,-3252.39,ETOPO_2022_v1_15s_bed_elev
-44.9,26.4,-2993.54,ETOPO_2022_v1_15s_bed_elev
-44.8,26.4,-2953.5,ETOPO_2022_v1_15s_bed_elev
-44.7,26.4,-3650.16,ETOPO_2022_v1_15s_bed_elev
-44.6,26.4,-3503.04,ETOPO_2022_v1_15s_bed_elev
-44.5,26.4,-2883.41,ETOPO_2022_v1_15s_bed_elev
-44.4,26.4,-2636.42,ETOPO_2022_v1_15s_bed_elev
-44.3,26.4,-3097.18,ETOPO_2022_v1_15s_bed_elev
-44.2,26.4,-3300.95,ETOPO_2022_v1_15s_bed_elev
-44.1,26.4,-3539.72,ETOPO_2022_v1_15s_bed_elev
-44.0,26.4,-3666.41,ETOPO_2022_v1_15s_bed_elev
-43.9,26.4,-3402.74,ETOPO_2022_v1_15s_bed_elev
-43.8,26.4,-3317.24,ETOPO_2022_v1_15s_bed_elev
-43.7,26.4,-3133.43,ETOPO_2022_v1_15s_bed_elev
-43.6,26.4,-3358.87,ETOPO_2022_v1_15s_bed_elev
-43.5,26.4,-3394.82,ETOPO_2022_v1_15s_bed_elev
-43.4,26.4,-3709.69,ETOPO_2022_v1_15s_bed_elev
-43.3,26.4,-3615.46,ETOPO_2022_v1_15s_bed_elev
-43.2,26.4,-3641.52,ETOPO_2022_v1_15s_bed_elev
-43.1,26.4,-4138.68,ETOPO_2022_v1_15s_bed_elev
-43.0,26.4,-4090.68,ETOPO_2022_v1_15s_bed_elev
-42.9,26.4,-3898.32,ETOPO_2022_v1_15s_bed_elev
-42.8,26.4,-3589.84,ETOPO_2022_v1_15s_bed_elev
-42.7,26.4,-3693.69,ETOPO_2022_v1_15s_bed_elev
-42.6,26.4,-3622.84,ETOPO_2022_v1_15s_bed_elev
-42.5,26.4,-3673.57,ETOPO_2022_v1_15s_bed_elev
-42.4,26.4,-3620.1,ETOPO_2022_v1_15s_bed_elev
-42.3,26.4,-3862.68,ETOPO_2022_v1_15s_bed_elev
-42.2,26.4,-3805.8,ETOPO_2022_v1_15s_bed_elev
-42.1,26.4,-3815.14,ETOPO_2022_v1_15s_bed_elev
-42.0,26.4,-3990.1,ETOPO_2022_v1_15s_bed_elev
-41.9,26.4,-3937.05,ETOPO_2022_v1_15s_bed_elev
-41.8,26.4,-4123.83,ETOPO_2022_v1_15s_bed_elev
-41.7,26.4,-4213.84,ETOPO_2022_v1_15s_bed_elev
-41.6,26.4,-4296.27,ETOPO_2022_v1_15s_bed_elev
-41.5,26.4,-4065.6,ETOPO_2022_v1_15s_bed_elev
-41.4,26.4,-3786.98,ETOPO_2022_v1_15s_bed_elev
-41.3,26.4,-3961.36,ETOPO_2022_v1_15s_bed_elev
-41.2,26.4,-4209.24,ETOPO_2022_v1_15s_bed_elev
-41.1,26.4,-4091.79,ETOPO_2022_v1_15s_bed_elev
-41.0,26.4,-4027.9,ETOPO_2022_v1_15s_bed_elev
-40.9,26.4,-4262.87,ETOPO_2022_v1_15s_bed_elev
-40.8,26.4,-4375.5,ETOPO_2022_v1_15s_bed_elev
-40.7,26.4,-4427.22,ETOPO_2022_v1_15s_bed_elev
-40.6,26.4,-4491.18,ETOPO_2022_v1_15s_bed_elev
-40.5,26.4,-4191.99,ETOPO_2022_v1_15s_bed_elev
-40.4,26.4,-4553.4,ETOPO_2022_v1_15s_bed_elev
-40.3,26.4,-4786.3,ETOPO_2022_v1_15s_bed_elev
-40.2,26.4,-4268.34,ETOPO_2022_v1_15s_bed_elev
-40.1,26.4,-4487.52,ETOPO_2022_v1_15s_bed_elev
-40.0,26.4,-4473.79,ETOPO_2022_v1_15s_bed_elev
-39.9,26.4,-4545.05,ETOPO_2022_v1_15s_bed_elev
-39.8,26.4,-4623.5,ETOPO_2022_v1_15s_bed_elev
-39.7,26.4,-4370.85,ETOPO_2022_v1_15s_bed_elev
-39.6,26.4,-4811.43,ETOPO_2022_v1_15s_bed_elev
-39.5,26.4,-4824.11,ETOPO_2022_v1_15s_bed_elev
-39.4,26.4,-4867.99,ETOPO_2022_v1_15s_bed_elev
-39.3,26.4,-5054.83,ETOPO_2022_v1_15s_bed_elev
-39.2,26.4,-4575.53,ETOPO_2022_v1_15s_bed_elev
-39.1,26.4,-4829.53,ETOPO_2022_v1_15s_bed_elev
-39.0,26.4,-4667.36,ETOPO_2022_v1_15s_bed_elev
-38.9,26.4,-4851.11,ETOPO_2022_v1_15s_bed_elev
-38.8,26.4,-4731.91,ETOPO_2022_v1_15s_bed_elev
-38.7,26.4,-4797.41,ETOPO_2022_v1_15s_bed_elev
-38.6,26.4,-4880.7,ETOPO_2022_v1_15s_bed_elev
-38.5,26.4,-4820.41,ETOPO_2022_v1_15s_bed_elev
-38.4,26.4,-4982.98,ETOPO_2022_v1_15s_bed_elev
-38.3,26.4,-4753.03,ETOPO_2022_v1_15s_bed_elev
-38.2,26.4,-4717.17,ETOPO_2022_v1_15s_bed_elev
-38.1,26.4,-4638.35,ETOPO_2022_v1_15s_bed_elev
-38.0,26.4,-4773.6,ETOPO_2022_v1_15s_bed_elev
-37.9,26.4,-4738.09,ETOPO_2022_v1_15s_bed_elev
-37.8,26.4,-4662.29,ETOPO_2022_v1_15s_bed_elev
-37.7,26.4,-4711.87,ETOPO_2022_v1_15s_bed_elev
-37.6,26.4,-4978.94,ETOPO_2022_v1_15s_bed_elev
-37.5,26.4,-5123.01,ETOPO_2022_v1_15s_bed_elev
-37.4,26.4,-4981.96,ETOPO_2022_v1_15s_bed_elev
-37.3,26.4,-5063.14,ETOPO_2022_v1_15s_bed_elev
-37.2,26.4,-5025.58,ETOPO_2022_v1_15s_bed_elev
-37.1,26.4,-4837.32,ETOPO_2022_v1_15s_bed_elev
-37.0,26.4,-5063.33,ETOPO_2022_v1_15s_bed_elev
-36.9,26.4,-5120.93,ETOPO_2022_v1_15s_bed_elev
-36.8,26.4,-5032.0,ETOPO_2022_v1_15s_bed_elev
-36.7,26.4,-4840.47,ETOPO_2022_v1_15s_bed_elev
-36.6,26.4,-5015.2,ETOPO_2022_v1_15s_bed_elev
-36.5,26.4,-4978.31,ETOPO_2022_v1_15s_bed_elev
-36.4,26.4,-5103.1,ETOPO_2022_v1_15s_bed_elev
-36.3,26.4,-5310.45,ETOPO_2022_v1_15s_bed_elev
-36.2,26.4,-4926.33,ETOPO_2022_v1_15s_bed_elev
-36.1,26.4,-4762.78,ETOPO_2022_v1_15s_bed_elev
-36.0,26.4,-4994.6,ETOPO_2022_v1_15s_bed_elev
-35.9,26.4,-4905.09,ETOPO_2022_v1_15s_bed_elev
-35.8,26.4,-5075.66,ETOPO_2022_v1_15s_bed_elev
-35.7,26.4,-5085.47,ETOPO_2022_v1_15s_bed_elev
-35.6,26.4,-5301.0,ETOPO_2022_v1_15s_bed_elev
-35.5,26.4,-5489.96,ETOPO_2022_v1_15s_bed_elev
-35.4,26.4,-5133.82,ETOPO_2022_v1_15s_bed_elev
-35.3,26.4,-4895.21,ETOPO_2022_v1_15s_bed_elev
-35.2,26.4,-5001.01,ETOPO_2022_v1_15s_bed_elev
-35.1,26.4,-5530.85,ETOPO_2022_v1_15s_bed_elev
-35.0,26.4,-5041.74,ETOPO_2022_v1_15s_bed_elev
-51.0,26.5,-5182.09,ETOPO_2022_v1_15s_bed_elev
-50.9,26.5,-4972.64,ETOPO_2022_v1_15s_bed_elev
-50.8,26.5,-4874.39,ETOPO_2022_v1_15s_bed_elev
-50.7,26.5,-5278.21,ETOPO_2022_v1_15s_bed_elev
-50.6,26.5,-5285.39,ETOPO_2022_v1_15s_bed_elev
-50.5,26.5,-4998.1,ETOPO_2022_v1_15s_bed_elev
-50.4,26.5,-5169.01,ETOPO_2022_v1_15s_bed_elev
-50.3,26.5,-5137.92,ETOPO_2022_v1_15s_bed_elev
-50.2,26.5,-4693.68,ETOPO_2022_v1_15s_bed_elev
-50.1,26.5,-4993.71,ETOPO_2022_v1_15s_bed_elev
-50.0,26.5,-4742.46,ETOPO_2022_v1_15s_bed_elev
-49.9,26.5,-4499.44,ETOPO_2022_v1_15s_bed_elev
-49.8,26.5,-4857.33,ETOPO_2022_v1_15s_bed_elev
-49.7,26.5,-5025.83,ETOPO_2022_v1_15s_bed_elev
-49.6,26.5,-4936.78,ETOPO_2022_v1_15s_bed_elev
-49.5,26.5,-4894.52,ETOPO_2022_v1_15s_bed_elev
-49.4,26.5,-4952.29,ETOPO_2022_v1_15s_bed_elev
-49.3,26.5,-5002.98,ETOPO_2022_v1_15s_bed_elev
-49.2,26.5,-4743.81,ETOPO_2022_v1_15s_bed_elev
-49.1,26.5,-4423.93,ETOPO_2022_v1_15s_bed_elev
-49.0,26.5,-4574.74,ETOPO_2022_v1_15s_bed_elev
-48.9,26.5,-3885.55,ETOPO_2022_v1_15s_bed_elev
-48.8,26.5,-4581.52,ETOPO_2022_v1_15s_bed_elev
-48.7,26.5,-4940.03,ETOPO_2022_v1_15s_bed_elev
-48.6,26.5,-4516.31,ETOPO_2022_v1_15s_bed_elev
-48.5,26.5,-4243.05,ETOPO_2022_v1_15s_bed_elev
-48.4,26.5,-4595.92,ETOPO_2022_v1_15s_bed_elev
-48.3,26.5,-4710.13,ETOPO_2022_v1_15s_bed_elev
-48.2,26.5,-4139.39,ETOPO_2022_v1_15s_bed_elev
-48.1,26.5,-4402.46,ETOPO_2022_v1_15s_bed_elev
-48.0,26.5,-4662.64,ETOPO_2022_v1_15s_bed_elev
-47.9,26.5,-4368.42,ETOPO_2022_v1_15s_bed_elev
-47.8,26.5,-4422.24,ETOPO_2022_v1_15s_bed_elev
-47.7,26.5,-4724.17,ETOPO_2022_v1_15s_bed_elev
-47.6,26.5,-4552.49,ETOPO_2022_v1_15s_bed_elev
-47.5,26.5,-4481.81,ETOPO_2022_v1_15s_bed_elev
-47.4,26.5,-4375.13,ETOPO_2022_v1_15s_bed_elev
-47.3,26.5,-4342.88,ETOPO_2022_v1_15s_bed_elev
-47.2,26.5,-4438.34,ETOPO_2022_v1_15s_bed_elev
-47.1,26.5,-4531.1,ETOPO_2022_v1_15s_bed_elev
-47.0,26.5,-4403.62,ETOPO_2022_v1_15s_bed_elev
-46.9,26.5,-4119.06,ETOPO_2022_v1_15s_bed_elev
-46.8,26.5,-4134.34,ETOPO_2022_v1_15s_bed_elev
-46.7,26.5,-4172.26,ETOPO_2022_v1_15s_bed_elev
-46.6,26.5,-3952.86,ETOPO_2022_v1_15s_bed_elev
-46.5,26.5,-3778.98,ETOPO_2022_v1_15s_bed_elev
-46.4,26.5,-3665.35,ETOPO_2022_v1_15s_bed_elev
-46.3,26.5,-3668.76,ETOPO_2022_v1_15s_bed_elev
-46.2,26.5,-3813.72,ETOPO_2022_v1_15s_bed_elev
-46.1,26.5,-3907.91,ETOPO_2022_v1_15s_bed_elev
-46.0,26.5,-3910.75,ETOPO_2022_v1_15s_bed_elev
-45.9,26.5,-3855.85,ETOPO_2022_v1_15s_bed_elev
-45.8,26.5,-3943.67,ETOPO_2022_v1_15s_bed_elev
-45.7,26.5,-3930.47,ETOPO_2022_v1_15s_bed_elev
-45.6,26.5,-3457.41,ETOPO_2022_v1_15s_bed_elev
-45.5,26.5,-3637.04,ETOPO_2022_v1_15s_bed_elev
-45.4,26.5,-3682.79,ETOPO_2022_v1_15s_bed_elev
-45.3,26.5,-3596.02,ETOPO_2022_v1_15s_bed_elev
-45.2,26.5,-3704.74,ETOPO_2022_v1_15s_bed_elev
-45.1,26.5,-3154.51,ETOPO_2022_v1_15s_bed_elev
-45.0,26.5,-3499.38,ETOPO_2022_v1_15s_bed_elev
-44.9,26.5,-2995.02,ETOPO_2022_v1_15s_bed_elev
-44.8,26.5,-2876.67,ETOPO_2022_v1_15s_bed_elev
-44.7,26.5,-3415.15,ETOPO_2022_v1_15s_bed_elev
-44.6,26.5,-3539.36,ETOPO_2022_v1_15s_bed_elev
-44.5,26.5,-2621.69,ETOPO_2022_v1_15s_bed_elev
-44.4,26.5,-2595.67,ETOPO_2022_v1_15s_bed_elev
-44.3,26.5,-3196.89,ETOPO_2022_v1_15s_bed_elev
-44.2,26.5,-2974.77,ETOPO_2022_v1_15s_bed_elev
-44.1,26.5,-3171.61,ETOPO_2022_v1_15s_bed_elev
-44.0,26.5,-3559.82,ETOPO_2022_v1_15s_bed_elev
-43.9,26.5,-3135.9,ETOPO_2022_v1_15s_bed_elev
-43.8,26.5,-3177.92,ETOPO_2022_v1_15s_bed_elev
-43.7,26.5,-3225.32,ETOPO_2022_v1_15s_bed_elev
-43.6,26.5,-3426.49,ETOPO_2022_v1_15s_bed_elev
-43.5,26.5,-3558.18,ETOPO_2022_v1_15s_bed_elev
-43.4,26.5,-3678.06,ETOPO_2022_v1_15s_bed_elev
-43.3,26.5,-3380.79,ETOPO_2022_v1_15s_bed_elev
-43.2,26.5,-3463.49,ETOPO_2022_v1_15s_bed_elev
-43.1,26.5,-4105.8,ETOPO_2022_v1_15s_bed_elev
-43.0,26.5,-3924.47,ETOPO_2022_v1_15s_bed_elev
-42.9,26.5,-3510.89,ETOPO_2022_v1_15s_bed_elev
-42.8,26.5,-3598.75,ETOPO_2022_v1_15s_bed_elev
-42.7,26.5,-4057.32,ETOPO_2022_v1_15s_bed_elev
-42.6,26.5,-4018.03,ETOPO_2022_v1_15s_bed_elev
-42.5,26.5,-3839.02,ETOPO_2022_v1_15s_bed_elev
-42.4,26.5,-3506.94,ETOPO_2022_v1_15s_bed_elev
-42.3,26.5,-3556.53,ETOPO_2022_v1_15s_bed_elev
-42.2,26.5,-3797.35,ETOPO_2022_v1_15s_bed_elev
-42.1,26.5,-3846.72,ETOPO_2022_v1_15s_bed_elev
-42.0,26.5,-4240.32,ETOPO_2022_v1_15s_bed_elev
-41.9,26.5,-4213.05,ETOPO_2022_v1_15s_bed_elev
-41.8,26.5,-4026.39,ETOPO_2022_v1_15s_bed_elev
-41.7,26.5,-4266.29,ETOPO_2022_v1_15s_bed_elev
-41.6,26.5,-4159.95,ETOPO_2022_v1_15s_bed_elev
-41.5,26.5,-4180.55,ETOPO_2022_v1_15s_bed_elev
-41.4,26.5,-4287.4,ETOPO_2022_v1_15s_bed_elev
-41.3,26.5,-4363.88,ETOPO_2022_v1_15s_bed_elev
-41.2,26.5,-4684.57,ETOPO_2022_v1_15s_bed_elev
-41.1,26.5,-4654.16,ETOPO_2022_v1_15s_bed_elev
-41.0,26.5,-4432.51,ETOPO_2022_v1_15s_bed_elev
-40.9,26.5,-4373.03,ETOPO_2022_v1_15s_bed_elev
-40.8,26.5,-4374.77,ETOPO_2022_v1_15s_bed_elev
-40.7,26.5,-4471.26,ETOPO_2022_v1_15s_bed_elev
-40.6,26.5,-4213.94,ETOPO_2022_v1_15s_bed_elev
-40.5,26.5,-4547.37,ETOPO_2022_v1_15s_bed_elev
-40.4,26.5,-4725.79,ETOPO_2022_v1_15s_bed_elev
-40.3,26.5,-4865.86,ETOPO_2022_v1_15s_bed_elev
-40.2,26.5,-4258.53,ETOPO_2022_v1_15s_bed_elev
-40.1,26.5,-4202.24,ETOPO_2022_v1_15s_bed_elev
-40.0,26.5,-4445.4,ETOPO_2022_v1_15s_bed_elev
-39.9,26.5,-4599.63,ETOPO_2022_v1_15s_bed_elev
-39.8,26.5,-4624.57,ETOPO_2022_v1_15s_bed_elev
-39.7,26.5,-4607.67,ETOPO_2022_v1_15s_bed_elev
-39.6,26.5,-4478.2,ETOPO_2022_v1_15s_bed_elev
-39.5,26.5,-4747.58,ETOPO_2022_v1_15s_bed_elev
-39.4,26.5,-4865.37,ETOPO_2022_v1_15s_bed_elev
-39.3,26.5,-5018.4,ETOPO_2022_v1_15s_bed_elev
-39.2,26.5,-4603.46,ETOPO_2022_v1_15s_bed_elev
-39.1,26.5,-4757.27,ETOPO_2022_v1_15s_bed_elev
-39.0,26.5,-4685.81,ETOPO_2022_v1_15s_bed_elev
-38.9,26.5,-4815.98,ETOPO_2022_v1_15s_bed_elev
-38.8,26.5,-4877.76,ETOPO_2022_v1_15s_bed_elev
-38.7,26.5,-4724.72,ETOPO_2022_v1_15s_bed_elev
-38.6,26.5,-4978.51,ETOPO_2022_v1_15s_bed_elev
-38.5,26.5,-5107.64,ETOPO_2022_v1_15s_bed_elev
-38.4,26.5,-5021.66,ETOPO_2022_v1_15s_bed_elev
-38.3,26.5,-4953.3,ETOPO_2022_v1_15s_bed_elev
-38.2,26.5,-4785.98,ETOPO_2022_v1_15s_bed_elev
-38.1,26.5,-4742.65,ETOPO_2022_v1_15s_bed_elev
-38.0,26.5,-4830.52,ETOPO_2022_v1_15s_bed_elev
-37.9,26.5,-5159.22,ETOPO_2022_v1_15s_bed_elev
-37.8,26.5,-4939.88,ETOPO_2022_v1_15s_bed_elev
-37.7,26.5,-4747.33,ETOPO_2022_v1_15s_bed_elev
-37.6,26.5,-5093.37,ETOPO_2022_v1_15s_bed_elev
-37.5,26.5,-5235.42,ETOPO_2022_v1_15s_bed_elev
-37.4,26.5,-4839.35,ETOPO_2022_v1_15s_bed_elev
-37.3,26.5,-4727.37,ETOPO_2022_v1_15s_bed_elev
-37.2,26.5,-4546.43,ETOPO_2022_v1_15s_bed_elev
-37.1,26.5,-4900.93,ETOPO_2022_v1_15s_bed_elev
-37.0,26.5,-4966.72,ETOPO_2022_v1_15s_bed_elev
-36.9,26.5,-4947.93,ETOPO_2022_v1_15s_bed_elev
-36.8,26.5,-4852.94,ETOPO_2022_v1_15s_bed_elev
-36.7,26.5,-4419.69,ETOPO_2022_v1_15s_bed_elev
-36.6,26.5,-4809.61,ETOPO_2022_v1_15s_bed_elev
-36.5,26.5,-5230.95,ETOPO_2022_v1_15s_bed_elev
-36.4,26.5,-5110.23,ETOPO_2022_v1_15s_bed_elev
-36.3,26.5,-5144.65,ETOPO_2022_v1_15s_bed_elev
-36.2,26.5,-4858.81,ETOPO_2022_v1_15s_bed_elev
-36.1,26.5,-4800.46,ETOPO_2022_v1_15s_bed_elev
-36.0,26.5,-4854.97,ETOPO_2022_v1_15s_bed_elev
-35.9,26.5,-4898.58,ETOPO_2022_v1_15s_bed_elev
-35.8,26.5,-5271.87,ETOPO_2022_v1_15s_bed_elev
-35.7,26.5,-4844.82,ETOPO_2022_v1_15s_bed_elev
-35.6,26.5,-5181.84,ETOPO_2022_v1_15s_bed_elev
-35.5,26.5,-5548.59,ETOPO_2022_v1_15s_bed_elev
-35.4,26.5,-5360.82,ETOPO_2022_v1_15s_bed_elev
-35.3,26.5,-4995.39,ETOPO_2022_v1_15s_bed_elev
-35.2,26.5,-5344.69,ETOPO_2022_v1_15s_bed_elev
-35.1,26.5,-5381.97,ETOPO_2022_v1_15s_bed_elev
-35.0,26.5,-5303.91,ETOPO_2022_v1_15s_bed_elev
-51.0,26.6,-5224.26,ETOPO_2022_v1_15s_bed_elev
-50.9,26.6,-5116.15,ETOPO_2022_v1_15s_bed_elev
-50.8,26.6,-4929.03,ETOPO_2022_v1_15s_bed_elev
-50.7,26.6,-5106.51,ETOPO_2022_v1_15s_bed_elev
-50.6,26.6,-5101.45,ETOPO_2022_v1_15s_bed_elev
-50.5,26.6,-4992.29,ETOPO_2022_v1_15s_bed_elev
-50.4,26.6,-4904.36,ETOPO_2022_v1_15s_bed_elev
-50.3,26.6,-4989.01,ETOPO_2022_v1_15s_bed_elev
-50.2,26.6,-4866.75,ETOPO_2022_v1_15s_bed_elev
-50.1,26.6,-5034.22,ETOPO_2022_v1_15s_bed_elev
-50.0,26.6,-5023.95,ETOPO_2022_v1_15s_bed_elev
-49.9,26.6,-4653.54,ETOPO_2022_v1_15s_bed_elev
-49.8,26.6,-4677.41,ETOPO_2022_v1_15s_bed_elev
-49.7,26.6,-4898.39,ETOPO_2022_v1_15s_bed_elev
-49.6,26.6,-4865.53,ETOPO_2022_v1_15s_bed_elev
-49.5,26.6,-4858.99,ETOPO_2022_v1_15s_bed_elev
-49.4,26.6,-4743.07,ETOPO_2022_v1_15s_bed_elev
-49.3,26.6,-4935.67,ETOPO_2022_v1_15s_bed_elev
-49.2,26.6,-4739.41,ETOPO_2022_v1_15s_bed_elev
-49.1,26.6,-4312.9,ETOPO_2022_v1_15s_bed_elev
-49.0,26.6,-4587.22,ETOPO_2022_v1_15s_bed_elev
-48.9,26.6,-4709.56,ETOPO_2022_v1_15s_bed_elev
-48.8,26.6,-4672.93,ETOPO_2022_v1_15s_bed_elev
-48.7,26.6,-4589.7,ETOPO_2022_v1_15s_bed_elev
-48.6,26.6,-4673.91,ETOPO_2022_v1_15s_bed_elev
-48.5,26.6,-4570.13,ETOPO_2022_v1_15s_bed_elev
-48.4,26.6,-4260.73,ETOPO_2022_v1_15s_bed_elev
-48.3,26.6,-4318.93,ETOPO_2022_v1_15s_bed_elev
-48.2,26.6,-4081.44,ETOPO_2022_v1_15s_bed_elev
-48.1,26.6,-3951.16,ETOPO_2022_v1_15s_bed_elev
-48.0,26.6,-4688.33,ETOPO_2022_v1_15s_bed_elev
-47.9,26.6,-4417.5,ETOPO_2022_v1_15s_bed_elev
-47.8,26.6,-4624.82,ETOPO_2022_v1_15s_bed_elev
-47.7,26.6,-4700.95,ETOPO_2022_v1_15s_bed_elev
-47.6,26.6,-4213.24,ETOPO_2022_v1_15s_bed_elev
-47.5,26.6,-4342.08,ETOPO_2022_v1_15s_bed_elev
-47.4,26.6,-4135.09,ETOPO_2022_v1_15s_bed_elev
-47.3,26.6,-4061.37,ETOPO_2022_v1_15s_bed_elev
-47.2,26.6,-4227.33,ETOPO_2022_v1_15s_bed_elev
-47.1,26.6,-4190.57,ETOPO_2022_v1_15s_bed_elev
-47.0,26.6,-3626.07,ETOPO_2022_v1_15s_bed_elev
-46.9,26.6,-3697.71,ETOPO_2022_v1_15s_bed_elev
-46.8,26.6,-3649.27,ETOPO_2022_v1_15s_bed_elev
-46.7,26.6,-3986.56,ETOPO_2022_v1_15s_bed_elev
-46.6,26.6,-3860.95,ETOPO_2022_v1_15s_bed_elev
-46.5,26.6,-3671.19,ETOPO_2022_v1_15s_bed_elev
-46.4,26.6,-3718.35,ETOPO_2022_v1_15s_bed_elev
-46.3,26.6,-3918.13,ETOPO_2022_v1_15s_bed_elev
-46.2,26.6,-3920.19,ETOPO_2022_v1_15s_bed_elev
-46.1,26.6,-3950.08,ETOPO_2022_v1_15s_bed_elev
-46.0,26.6,-3915.88,ETOPO_2022_v1_15s_bed_elev
-45.9,26.6,-4080.62,ETOPO_2022_v1_15s_bed_elev
-45.8,26.6,-3723.29,ETOPO_2022_v1_15s_bed_elev
-45.7,26.6,-3703.16,ETOPO_2022_v1_15s_bed_elev
-45.6,26.6,-3169.15,ETOPO_2022_v1_15s_bed_elev
-45.5,26.6,-3302.44,ETOPO_2022_v1_15s_bed_elev
-45.4,26.6,-3480.78,ETOPO_2022_v1_15s_bed_elev
-45.3,26.6,-3641.11,ETOPO_2022_v1_15s_bed_elev
-45.2,26.6,-3124.2,ETOPO_2022_v1_15s_bed_elev
-45.1,26.6,-2945.83,ETOPO_2022_v1_15s_bed_elev
-45.0,26.6,-2828.44,ETOPO_2022_v1_15s_bed_elev
-44.9,26.6,-2644.46,ETOPO_2022_v1_15s_bed_elev
-44.8,26.6,-2990.41,ETOPO_2022_v1_15s_bed_elev
-44.7,26.6,-3147.84,ETOPO_2022_v1_15s_bed_elev
-44.6,26.6,-3782.51,ETOPO_2022_v1_15s_bed_elev
-44.5,26.6,-3413.1,ETOPO_2022_v1_15s_bed_elev
-44.4,26.6,-2681.36,ETOPO_2022_v1_15s_bed_elev
-44.3,26.6,-2969.26,ETOPO_2022_v1_15s_bed_elev
-44.2,26.6,-3159.12,ETOPO_2022_v1_15s_bed_elev
-44.1,26.6,-3487.33,ETOPO_2022_v1_15s_bed_elev
-44.0,26.6,-3400.07,ETOPO_2022_v1_15s_bed_elev
-43.9,26.6,-3440.21,ETOPO_2022_v1_15s_bed_elev
-43.8,26.6,-3484.25,ETOPO_2022_v1_15s_bed_elev
-43.7,26.6,-3684.95,ETOPO_2022_v1_15s_bed_elev
-43.6,26.6,-3729.73,ETOPO_2022_v1_15s_bed_elev
-43.5,26.6,-3689.71,ETOPO_2022_v1_15s_bed_elev
-43.4,26.6,-3594.8,ETOPO_2022_v1_15s_bed_elev
-43.3,26.6,-3550.42,ETOPO_2022_v1_15s_bed_elev
-43.2,26.6,-3789.13,ETOPO_2022_v1_15s_bed_elev
-43.1,26.6,-3971.52,ETOPO_2022_v1_15s_bed_elev
-43.0,26.6,-3959.04,ETOPO_2022_v1_15s_bed_elev
-42.9,26.6,-3877.11,ETOPO_2022_v1_15s_bed_elev
-42.8,26.6,-3858.86,ETOPO_2022_v1_15s_bed_elev
-42.7,26.6,-3866.65,ETOPO_2022_v1_15s_bed_elev
-42.6,26.6,-4097.74,ETOPO_2022_v1_15s_bed_elev
-42.5,26.6,-3992.52,ETOPO_2022_v1_15s_bed_elev
-42.4,26.6,-3658.64,ETOPO_2022_v1_15s_bed_elev
-42.3,26.6,-3832.04,ETOPO_2022_v1_15s_bed_elev
-42.2,26.6,-3987.81,ETOPO_2022_v1_15s_bed_elev
-42.1,26.6,-4201.4,ETOPO_2022_v1_15s_bed_elev
-42.0,26.6,-4253.86,ETOPO_2022_v1_15s_bed_elev
-41.9,26.6,-4400.17,ETOPO_2022_v1_15s_bed_elev
-41.8,26.6,-4259.31,ETOPO_2022_v1_15s_bed_elev
-41.7,26.6,-4118.76,ETOPO_2022_v1_15s_bed_elev
-41.6,26.6,-4041.84,ETOPO_2022_v1_15s_bed_elev
-41.5,26.6,-4177.65,ETOPO_2022_v1_15s_bed_elev
-41.4,26.6,-4070.96,ETOPO_2022_v1_15s_bed_elev
-41.3,26.6,-3969.09,ETOPO_2022_v1_15s_bed_elev
-41.2,26.6,-4282.93,ETOPO_2022_v1_15s_bed_elev
-41.1,26.6,-4621.45,ETOPO_2022_v1_15s_bed_elev
-41.0,26.6,-4331.35,ETOPO_2022_v1_15s_bed_elev
-40.9,26.6,-3898.43,ETOPO_2022_v1_15s_bed_elev
-40.8,26.6,-4296.95,ETOPO_2022_v1_15s_bed_elev
-40.7,26.6,-4349.73,ETOPO_2022_v1_15s_bed_elev
-40.6,26.6,-4343.98,ETOPO_2022_v1_15s_bed_elev
-40.5,26.6,-4208.19,ETOPO_2022_v1_15s_bed_elev
-40.4,26.6,-4408.48,ETOPO_2022_v1_15s_bed_elev
-40.3,26.6,-4340.9,ETOPO_2022_v1_15s_bed_elev
-40.2,26.6,-4402.92,ETOPO_2022_v1_15s_bed_elev
-40.1,26.6,-4363.42,ETOPO_2022_v1_15s_bed_elev
-40.0,26.6,-4377.56,ETOPO_2022_v1_15s_bed_elev
-39.9,26.6,-4556.92,ETOPO_2022_v1_15s_bed_elev
-39.8,26.6,-4515.15,ETOPO_2022_v1_15s_bed_elev
-39.7,26.6,-4767.1,ETOPO_2022_v1_15s_bed_elev
-39.6,26.6,-4487.67,ETOPO_2022_v1_15s_bed_elev
-39.5,26.6,-4761.56,ETOPO_2022_v1_15s_bed_elev
-39.4,26.6,-4973.18,ETOPO_2022_v1_15s_bed_elev
-39.3,26.6,-5223.06,ETOPO_2022_v1_15s_bed_elev
-39.2,26.6,-4782.19,ETOPO_2022_v1_15s_bed_elev
-39.1,26.6,-4945.22,ETOPO_2022_v1_15s_bed_elev
-39.0,26.6,-4759.68,ETOPO_2022_v1_15s_bed_elev
-38.9,26.6,-4815.56,ETOPO_2022_v1_15s_bed_elev
-38.8,26.6,-4836.18,ETOPO_2022_v1_15s_bed_elev
-38.7,26.6,-4837.7,ETOPO_2022_v1_15s_bed_elev
-38.6,26.6,-4714.53,ETOPO_2022_v1_15s_bed_elev
-38.5,26.6,-5016.7,ETOPO_2022_v1_15s_bed_elev
-38.4,26.6,-4635.22,ETOPO_2022_v1_15s_bed_elev
-38.3,26.6,-5082.04,ETOPO_2022_v1_15s_bed_elev
-38.2,26.6,-4882.18,ETOPO_2022_v1_15s_bed_elev
-38.1,26.6,-4939.52,ETOPO_2022_v1_15s_bed_elev
-38.0,26.6,-4792.83,ETOPO_2022_v1_15s_bed_elev
-37.9,26.6,-4985.63,ETOPO_2022_v1_15s_bed_elev
-37.8,26.6,-4999.18,ETOPO_2022_v1_15s_bed_elev
-37.7,26.6,-4748.86,ETOPO_2022_v1_15s_bed_elev
-37.6,26.6,-4984.51,ETOPO_2022_v1_15s_bed_elev
-37.5,26.6,-5376.68,ETOPO_2022_v1_15s_bed_elev
-37.4,26.6,-4985.94,ETOPO_2022_v1_15s_bed_elev
-37.3,26.6,-4788.71,ETOPO_2022_v1_15s_bed_elev
-37.2,26.6,-4526.46,ETOPO_2022_v1_15s_bed_elev
-37.1,26.6,-4981.72,ETOPO_2022_v1_15s_bed_elev
-37.0,26.6,-4839.34,ETOPO_2022_v1_15s_bed_elev
-36.9,26.6,-4945.35,ETOPO_2022_v1_15s_bed_elev
-36.8,26.6,-5260.71,ETOPO_2022_v1_15s_bed_elev
-36.7,26.6,-5151.4,ETOPO_2022_v1_15s_bed_elev
-36.6,26.6,-5100.83,ETOPO_2022_v1_15s_bed_elev
-36.5,26.6,-5180.12,ETOPO_2022_v1_15s_bed_elev
-36.4,26.6,-4843.96,ETOPO_2022_v1_15s_bed_elev
-36.3,26.6,-4792.17,ETOPO_2022_v1_15s_bed_elev
-36.2,26.6,-5194.94,ETOPO_2022_v1_15s_bed_elev
-36.1,26.6,-5371.5,ETOPO_2022_v1_15s_bed_elev
-36.0,26.6,-4827.22,ETOPO_2022_v1_15s_bed_elev
-35.9,26.6,-4857.15,ETOPO_2022_v1_15s_bed_elev
-35.8,26.6,-4959.82,ETOPO_2022_v1_15s_bed_elev
-35.7,26.6,-4936.36,ETOPO_2022_v1_15s_bed_elev
-35.6,26.6,-5097.71,ETOPO_2022_v1_15s_bed_elev
-35.5,26.6,-4913.36,ETOPO_2022_v1_15s_bed_elev
-35.4,26.6,-5284.17,ETOPO_2022_v1_15s_bed_elev
-35.3,26.6,-5212.82,ETOPO_2022_v1_15s_bed_elev
-35.2,26.6,-5541.64,ETOPO_2022_v1_15s_bed_elev
-35.1,26.6,-5458.88,ETOPO_2022_v1_15s_bed_elev
-35.0,26.6,-5435.27,ETOPO_2022_v1_15s_bed_elev
-51.0,26.7,-5445.3,ETOPO_2022_v1_15s_bed_elev
-50.9,26.7,-5112.6,ETOPO_2022_v1_15s_bed_elev
-50.8,26.7,-4887.53,ETOPO_2022_v1_15s_bed_elev
-50.7,26.7,-5336.59,ETOPO_2022_v1_15s_bed_elev
-50.6,26.7,-5195.05,ETOPO_2022_v1_15s_bed_elev
-50.5,26.7,-5225.39,ETOPO_2022_v1_15s_bed_elev
-50.4,26.7,-4892.46,ETOPO_2022_v1_15s_bed_elev
-50.3,26.7,-5061.15,ETOPO_2022_v1_15s_bed_elev
-50.2,26.7,-5072.1,ETOPO_2022_v1_15s_bed_elev
-50.1,26.7,-5153.31,ETOPO_2022_v1_15s_bed_elev
-50.0,26.7,-4802.28,ETOPO_2022_v1_15s_bed_elev
-49.9,26.7,-5165.13,ETOPO_2022_v1_15s_bed_elev
-49.8,26.7,-4781.58,ETOPO_2022_v1_15s_bed_elev
-49.7,26.7,-4653.03,ETOPO_2022_v1_15s_bed_elev
-49.6,26.7,-4818.34,ETOPO_2022_v1_15s_bed_elev
-49.5,26.7,-5014.73,ETOPO_2022_v1_15s_bed_elev
-49.4,26.7,-4748.22,ETOPO_2022_v1_15s_bed_elev
-49.3,26.7,-4511.43,ETOPO_2022_v1_15s_bed_elev
-49.2,26.7,-4621.92,ETOPO_2022_v1_15s_bed_elev
-49.1,26.7,-4792.47,ETOPO_2022_v1_15s_bed_elev
-49.0,26.7,-4883.22,ETOPO_2022_v1_15s_bed_elev
-48.9,26.7,-5127.73,ETOPO_2022_v1_15s_bed_elev
-48.8,26.7,-4997.76,ETOPO_2022_v1_15s_bed_elev
-48.7,26.7,-4492.04,ETOPO_2022_v1_15s_bed_elev
-48.6,26.7,-4263.34,ETOPO_2022_v1_15s_bed_elev
-48.5,26.7,-4421.79,ETOPO_2022_v1_15s_bed_elev
-48.4,26.7,-4526.56,ETOPO_2022_v1_15s_bed_elev
-48.3,26.7,-4250.38,ETOPO_2022_v1_15s_bed_elev
-48.2,26.7,-4170.72,ETOPO_2022_v1_15s_bed_elev
-48.1,26.7,-4201.05,ETOPO_2022_v1_15s_bed_elev
-48.0,26.7,-4527.6,ETOPO_2022_v1_15s_bed_elev
-47.9,26.7,-4227.56,ETOPO_2022_v1_15s_bed_elev
-47.8,26.7,-4344.59,ETOPO_2022_v1_15s_bed_elev
-47.7,26.7,-4730.84,ETOPO_2022_v1_15s_bed_elev
-47.6,26.7,-4140.98,ETOPO_2022_v1_15s_bed_elev
-47.5,26.7,-4408.93,ETOPO_2022_v1_15s_bed_elev
-47.4,26.7,-4231.92,ETOPO_2022_v1_15s_bed_elev
-47.3,26.7,-4685.94,ETOPO_2022_v1_15s_bed_elev
-47.2,26.7,-4530.58,ETOPO_2022_v1_15s_bed_elev
-47.1,26.7,-4282.23,ETOPO_2022_v1_15s_bed_elev
-47.0,26.7,-3760.03,ETOPO_2022_v1_15s_bed_elev
-46.9,26.7,-3663.9,ETOPO_2022_v1_15s_bed_elev
-46.8,26.7,-3756.35,ETOPO_2022_v1_15s_bed_elev
-46.7,26.7,-3853.66,ETOPO_2022_v1_15s_bed_elev
-46.6,26.7,-4072.23,ETOPO_2022_v1_15s_bed_elev
-46.5,26.7,-3542.01,ETOPO_2022_v1_15s_bed_elev
-46.4,26.7,-3662.44,ETOPO_2022_v1_15s_bed_elev
-46.3,26.7,-3957.95,ETOPO_2022_v1_15s_bed_elev
-46.2,26.7,-3762.91,ETOPO_2022_v1_15s_bed_elev
-46.1,26.7,-4180.19,ETOPO_2022_v1_15s_bed_elev
-46.0,26.7,-4064.58,ETOPO_2022_v1_15s_bed_elev
-45.9,26.7,-4170.8,ETOPO_2022_v1_15s_bed_elev
-45.8,26.7,-3978.65,ETOPO_2022_v1_15s_bed_elev
-45.7,26.7,-3810.41,ETOPO_2022_v1_15s_bed_elev
-45.6,26.7,-3706.54,ETOPO_2022_v1_15s_bed_elev
-45.5,26.7,-3443.19,ETOPO_2022_v1_15s_bed_elev
-45.4,26.7,-2840.82,ETOPO_2022_v1_15s_bed_elev
-45.3,26.7,-2878.38,ETOPO_2022_v1_15s_bed_elev
-45.2,26.7,-2656.18,ETOPO_2022_v1_15s_bed_elev
-45.1,26.7,-2624.17,ETOPO_2022_v1_15s_bed_elev
-45.0,26.7,-2845.63,ETOPO_2022_v1_15s_bed_elev
-44.9,26.7,-2767.99,ETOPO_2022_v1_15s_bed_elev
-44.8,26.7,-2991.53,ETOPO_2022_v1_15s_bed_elev
-44.7,26.7,-2788.32,ETOPO_2022_v1_15s_bed_elev
-44.6,26.7,-3419.12,ETOPO_2022_v1_15s_bed_elev
-44.5,26.7,-3151.29,ETOPO_2022_v1_15s_bed_elev
-44.4,26.7,-2735.2,ETOPO_2022_v1_15s_bed_elev
-44.3,26.7,-2865.68,ETOPO_2022_v1_15s_bed_elev
-44.2,26.7,-3020.39,ETOPO_2022_v1_15s_bed_elev
-44.1,26.7,-3065.16,ETOPO_2022_v1_15s_bed_elev
-44.0,26.7,-3134.44,ETOPO_2022_v1_15s_bed_elev
-43.9,26.7,-3271.74,ETOPO_2022_v1_15s_bed_elev
-43.8,26.7,-3681.44,ETOPO_2022_v1_15s_bed_elev
-43.7,26.7,-3960.63,ETOPO_2022_v1_15s_bed_elev
-43.6,26.7,-3672.43,ETOPO_2022_v1_15s_bed_elev
-43.5,26.7,-3490.36,ETOPO_2022_v1_15s_bed_elev
-43.4,26.7,-3523.65,ETOPO_2022_v1_15s_bed_elev
-43.3,26.7,-3678.05,ETOPO_2022_v1_15s_bed_elev
-43.2,26.7,-3870.3,ETOPO_2022_v1_15s_bed_elev
-43.1,26.7,-3657.93,ETOPO_2022_v1_15s_bed_elev
-43.0,26.7,-3484.12,ETOPO_2022_v1_15s_bed_elev
-42.9,26.7,-3712.36,ETOPO_2022_v1_15s_bed_elev
-42.8,26.7,-4095.37,ETOPO_2022_v1_15s_bed_elev
-42.7,26.7,-3946.86,ETOPO_2022_v1_15s_bed_elev
-42.6,26.7,-4057.76,ETOPO_2022_v1_15s_bed_elev
-42.5,26.7,-3796.07,ETOPO_2022_v1_15s_bed_elev
-42.4,26.7,-4012.97,ETOPO_2022_v1_15s_bed_elev
-42.3,26.7,-4182.41,ETOPO_2022_v1_15s_bed_elev
-42.2,26.7,-4193.64,ETOPO_2022_v1_15s_bed_elev
-42.1,26.7,-4220.2,ETOPO_2022_v1_15s_bed_elev
-42.0,26.7,-3870.91,ETOPO_2022_v1_15s_bed_elev
-41.9,26.7,-4063.91,ETOPO_2022_v1_15s_bed_elev
-41.8,26.7,-4281.92,ETOPO_2022_v1_15s_bed_elev
-41.7,26.7,-3891.84,ETOPO_2022_v1_15s_bed_elev
-41.6,26.7,-4376.41,ETOPO_2022_v1_15s_bed_elev
-41.5,26.7,-4220.04,ETOPO_2022_v1_15s_bed_elev
-41.4,26.7,-3945.32,ETOPO_2022_v1_15s_bed_elev
-41.3,26.7,-4400.64,ETOPO_2022_v1_15s_bed_elev
-41.2,26.7,-4268.32,ETOPO_2022_v1_15s_bed_elev
-41.1,26.7,-4371.93,ETOPO_2022_v1_15s_bed_elev
-41.0,26.7,-4398.44,ETOPO_2022_v1_15s_bed_elev
-40.9,26.7,-4179.16,ETOPO_2022_v1_15s_bed_elev
-40.8,26.7,-4461.67,ETOPO_2022_v1_15s_bed_elev
-40.7,26.7,-4104.91,ETOPO_2022_v1_15s_bed_elev
-40.6,26.7,-4404.48,ETOPO_2022_v1_15s_bed_elev
-40.5,26.7,-4396.71,ETOPO_2022_v1_15s_bed_elev
-40.4,26.7,-4388.41,ETOPO_2022_v1_15s_bed_elev
-40.3,26.7,-4165.89,ETOPO_2022_v1_15s_bed_elev
-40.2,26.7,-4002.27,ETOPO_2022_v1_15s_bed_elev
-40.1,26.7,-4687.58,ETOPO_2022_v1_15s_bed_elev
-40.0,26.7,-4609.25,ETOPO_2022_v1_15s_bed_elev
-39.9,26.7,-4539.17,ETOPO_2022_v1_15s_bed_elev
-39.8,26.7,-4634.99,ETOPO_2022_v1_15s_bed_elev
-39.7,26.7,-4684.27,ETOPO_2022_v1_15s_bed_elev
-39.6,26.7,-4759.19,ETOPO_2022_v1_15s_bed_elev
-39.5,26.7,-4476.79,ETOPO_2022_v1_15s_bed_elev
-39.4,26.7,-4707.79,ETOPO_2022_v1_15s_bed_elev
-39.3,26.7,-4947.31,ETOPO_2022_v1_15s_bed_elev
-39.2,26.7,-4560.39,ETOPO_2022_v1_15s_bed_elev
-39.1,26.7,-5053.04,ETOPO_2022_v1_15s_bed_elev
-39.0,26.7,-4971.46,ETOPO_2022_v1_15s_bed_elev
-38.9,26.7,-4597.9,ETOPO_2022_v1_15s_bed_elev
-38.8,26.7,-4984.83,ETOPO_2022_v1_15s_bed_elev
-38.7,26.7,-4840.12,ETOPO_2022_v1_15s_bed_elev
-38.6,26.7,-4875.51,ETOPO_2022_v1_15s_bed_elev
-38.5,26.7,-4811.19,ETOPO_2022_v1_15s_bed_elev
-38.4,26.7,-4905.03,ETOPO_2022_v1_15s_bed_elev
-38.3,26.7,-5304.38,ETOPO_2022_v1_15s_bed_elev
-38.2,26.7,-4882.64,ETOPO_2022_v1_15s_bed_elev
-38.1,26.7,-4757.35,ETOPO_2022_v1_15s_bed_elev
-38.0,26.7,-4942.38,ETOPO_2022_v1_15s_bed_elev
-37.9,26.7,-5064.05,ETOPO_2022_v1_15s_bed_elev
-37.8,26.7,-4886.01,ETOPO_2022_v1_15s_bed_elev
-37.7,26.7,-5028.85,ETOPO_2022_v1_15s_bed_elev
-37.6,26.7,-5003.22,ETOPO_2022_v1_15s_bed_elev
-37.5,26.7,-5202.65,ETOPO_2022_v1_15s_bed_elev
-37.4,26.7,-5285.36,ETOPO_2022_v1_15s_bed_elev
-37.3,26.7,-5270.36,ETOPO_2022_v1_15s_bed_elev
-37.2,26.7,-5000.29,ETOPO_2022_v1_15s_bed_elev
-37.1,26.7,-5415.67,ETOPO_2022_v1_15s_bed_elev
-37.0,26.7,-5433.07,ETOPO_2022_v1_15s_bed_elev
-36.9,26.7,-5266.13,ETOPO_2022_v1_15s_bed_elev
-36.8,26.7,-5387.52,ETOPO_2022_v1_15s_bed_elev
-36.7,26.7,-5427.46,ETOPO_2022_v1_15s_bed_elev
-36.6,26.7,-5304.77,ETOPO_2022_v1_15s_bed_elev
-36.5,26.7,-5013.19,ETOPO_2022_v1_15s_bed_elev
-36.4,26.7,-5211.72,ETOPO_2022_v1_15s_bed_elev
-36.3,26.7,-5180.35,ETOPO_2022_v1_15s_bed_elev
-36.2,26.7,-5314.66,ETOPO_2022_v1_15s_bed_elev
-36.1,26.7,-5402.32,ETOPO_2022_v1_15s_bed_elev
-36.0,26.7,-5205.23,ETOPO_2022_v1_15s_bed_elev
-35.9,26.7,-5204.62,ETOPO_2022_v1_15s_bed_elev
-35.8,26.7,-5121.62,ETOPO_2022_v1_15s_bed_elev
-35.7,26.7,-5173.02,ETOPO_2022_v1_15s_bed_elev
-35.6,26.7,-5217.55,ETOPO_2022_v1_15s_bed_elev
-35.5,26.7,-4741.9,ETOPO_2022_v1_15s_bed_elev
-35.4,26.7,-5125.97,ETOPO_2022_v1_15s_bed_elev
-35.3,26.7,-5423.92,ETOPO_2022_v1_15s_bed_elev
-35.2,26.7,-5304.35,ETOPO_2022_v1_15s_bed_elev
-35.1,26.7,-5318.68,ETOPO_2022_v1_15s_bed_elev
-35.0,26.7,-5579.97,ETOPO_2022_v1_15s_bed_elev
-51.0,26.8,-5190.14,ETOPO_2022_v1_15s_bed_elev
-50.9,26.8,-4889.61,ETOPO_2022_v1_15s_bed_elev
-50.8,26.8,-5000.72,ETOPO_2022_v1_15s_bed_elev
-50.7,26.8,-5051.32,ETOPO_2022_v1_15s_bed_elev
-50.6,26.8,-5194.1,ETOPO_2022_v1_15s_bed_elev
-50.5,26.8,-5031.77,ETOPO_2022_v1_15s_bed_elev
-50.4,26.8,-4845.21,ETOPO_2022_v1_15s_bed_elev
-50.3,26.8,-4857.56,ETOPO_2022_v1_15s_bed_elev
-50.2,26.8,-4862.62,ETOPO_2022_v1_15s_bed_elev
-50.1,26.8,-4892.36,ETOPO_2022_v1_15s_bed_elev
-50.0,26.8,-4591.8,ETOPO_2022_v1_15s_bed_elev
-49.9,26.8,-4965.38,ETOPO_2022_v1_15s_bed_elev
-49.8,26.8,-4895.35,ETOPO_2022_v1_15s_bed_elev
-49.7,26.8,-4762.04,ETOPO_2022_v1_15s_bed_elev
-49.6,26.8,-4727.68,ETOPO_2022_v1_15s_bed_elev
-49.5,26.8,-4911.83,ETOPO_2022_v1_15s_bed_elev
-49.4,26.8,-4735.68,ETOPO_2022_v1_15s_bed_elev
-49.3,26.8,-4519.94,ETOPO_2022_v1_15s_bed_elev
-49.2,26.8,-4724.87,ETOPO_2022_v1_15s_bed_elev
-49.1,26.8,-4941.1,ETOPO_2022_v1_15s_bed_elev
-49.0,26.8,-5184.8,ETOPO_2022_v1_15s_bed_elev
-48.9,26.8,-5013.64,ETOPO_2022_v1_15s_bed_elev
-48.8,26.8,-4725.76,ETOPO_2022_v1_15s_bed_elev
-48.7,26.8,-4747.76,ETOPO_2022_v1_15s_bed_elev
-48.6,26.8,-4377.69,ETOPO_2022_v1_15s_bed_elev
-48.5,26.8,-4392.83,ETOPO_2022_v1_15s_bed_elev
-48.4,26.8,-4699.07,ETOPO_2022_v1_15s_bed_elev
-48.3,26.8,-4551.64,ETOPO_2022_v1_15s_bed_elev
-48.2,26.8,-4476.23,ETOPO_2022_v1_15s_bed_elev
-48.1,26.8,-4468.73,ETOPO_2022_v1_15s_bed_elev
-48.0,26.8,-4562.65,ETOPO_2022_v1_15s_bed_elev
-47.9,26.8,-4142.41,ETOPO_2022_v1_15s_bed_elev
-47.8,26.8,-4266.06,ETOPO_2022_v1_15s_bed_elev
-47.7,26.8,-4393.7,ETOPO_2022_v1_15s_bed_elev
-47.6,26.8,-4211.68,ETOPO_2022_v1_15s_bed_elev
-47.5,26.8,-4343.94,ETOPO_2022_v1_15s_bed_elev
-47.4,26.8,-4291.93,ETOPO_2022_v1_15s_bed_elev
-47.3,26.8,-4166.1,ETOPO_2022_v1_15s_bed_elev
-47.2,26.8,-4382.36,ETOPO_2022_v1_15s_bed_elev
-47.1,26.8,-4236.95,ETOPO_2022_v1_15s_bed_elev
-47.0,26.8,-3923.53,ETOPO_2022_v1_15s_bed_elev
-46.9,26.8,-4128.54,ETOPO_2022_v1_15s_bed_elev
-46.8,26.8,-4051.39,ETOPO_2022_v1_15s_bed_elev
-46.7,26.8,-4410.26,ETOPO_2022_v1_15s_bed_elev
-46.6,26.8,-4522.91,ETOPO_2022_v1_15s_bed_elev
-46.5,26.8,-4371.45,ETOPO_2022_v1_15s_bed_elev
-46.4,26.8,-4120.8,ETOPO_2022_v1_15s_bed_elev
-46.3,26.8,-4010.66,ETOPO_2022_v1_15s_bed_elev
-46.2,26.8,-3769.8,ETOPO_2022_v1_15s_bed_elev
-46.1,26.8,-3990.34,ETOPO_2022_v1_15s_bed_elev
-46.0,26.8,-4110.89,ETOPO_2022_v1_15s_bed_elev
-45.9,26.8,-3950.5,ETOPO_2022_v1_15s_bed_elev
-45.8,26.8,-3801.62,ETOPO_2022_v1_15s_bed_elev
-45.7,26.8,-3480.13,ETOPO_2022_v1_15s_bed_elev
-45.6,26.8,-3698.18,ETOPO_2022_v1_15s_bed_elev
-45.5,26.8,-3661.47,ETOPO_2022_v1_15s_bed_elev
-45.4,26.8,-2984.68,ETOPO_2022_v1_15s_bed_elev
-45.3,26.8,-3482.81,ETOPO_2022_v1_15s_bed_elev
-45.2,26.8,-3181.27,ETOPO_2022_v1_15s_bed_elev
-45.1,26.8,-3070.53,ETOPO_2022_v1_15s_bed_elev
-45.0,26.8,-3226.54,ETOPO_2022_v1_15s_bed_elev
-44.9,26.8,-2890.6,ETOPO_2022_v1_15s_bed_elev
-44.8,26.8,-2764.46,ETOPO_2022_v1_15s_bed_elev
-44.7,26.8,-2951.9,ETOPO_2022_v1_15s_bed_elev
-44.6,26.8,-3093.44,ETOPO_2022_v1_15s_bed_elev
-44.5,26.8,-3375.88,ETOPO_2022_v1_15s_bed_elev
-44.4,26.8,-2794.18,ETOPO_2022_v1_15s_bed_elev
-44.3,26.8,-2764.16,ETOPO_2022_v1_15s_bed_elev
-44.2,26.8,-2943.79,ETOPO_2022_v1_15s_bed_elev
-44.1,26.8,-2565.79,ETOPO_2022_v1_15s_bed_elev
-44.0,26.8,-2957.23,ETOPO_2022_v1_15s_bed_elev
-43.9,26.8,-3214.78,ETOPO_2022_v1_15s_bed_elev
-43.8,26.8,-3163.06,ETOPO_2022_v1_15s_bed_elev
-43.7,26.8,-3781.6,ETOPO_2022_v1_15s_bed_elev
-43.6,26.8,-3576.4,ETOPO_2022_v1_15s_bed_elev
-43.5,26.8,-3384.52,ETOPO_2022_v1_15s_bed_elev
-43.4,26.8,-3512.48,ETOPO_2022_v1_15s_bed_elev
-43.3,26.8,-3656.55,ETOPO_2022_v1_15s_bed_elev
-43.2,26.8,-3611.66,ETOPO_2022_v1_15s_bed_elev
-43.1,26.8,-3505.42,ETOPO_2022_v1_15s_bed_elev
-43.0,26.8,-3520.9,ETOPO_2022_v1_15s_bed_elev
-42.9,26.8,-3575.38,ETOPO_2022_v1_15s_bed_elev
-42.8,26.8,-3878.47,ETOPO_2022_v1_15s_bed_elev
-42.7,26.8,-3627.33,ETOPO_2022_v1_15s_bed_elev
-42.6,26.8,-3767.75,ETOPO_2022_v1_15s_bed_elev
-42.5,26.8,-3766.69,ETOPO_2022_v1_15s_bed_elev
-42.4,26.8,-4105.02,ETOPO_2022_v1_15s_bed_elev
-42.3,26.8,-3879.35,ETOPO_2022_v1_15s_bed_elev
-42.2,26.8,-4059.5,ETOPO_2022_v1_15s_bed_elev
-42.1,26.8,-4083.52,ETOPO_2022_v1_15s_bed_elev
-42.0,26.8,-3421.57,ETOPO_2022_v1_15s_bed_elev
-41.9,26.8,-3421.55,ETOPO_2022_v1_15s_bed_elev
-41.8,26.8,-4111.36,ETOPO_2022_v1_15s_bed_elev
-41.7,26.8,-4194.62,ETOPO_2022_v1_15s_bed_elev
-41.6,26.8,-4308.7,ETOPO_2022_v1_15s_bed_elev
-41.5,26.8,-4460.49,ETOPO_2022_v1_15s_bed_elev
-41.4,26.8,-4272.41,ETOPO_2022_v1_15s_bed_elev
-41.3,26.8,-4067.4,ETOPO_2022_v1_15s_bed_elev
-41.2,26.8,-4286.69,ETOPO_2022_v1_15s_bed_elev
-41.1,26.8,-4467.27,ETOPO_2022_v1_15s_bed_elev
-41.0,26.8,-4395.57,ETOPO_2022_v1_15s_bed_elev
-40.9,26.8,-4548.19,ETOPO_2022_v1_15s_bed_elev
-40.8,26.8,-4553.7,ETOPO_2022_v1_15s_bed_elev
-40.7,26.8,-4329.65,ETOPO_2022_v1_15s_bed_elev
-40.6,26.8,-4439.85,ETOPO_2022_v1_15s_bed_elev
-40.5,26.8,-4500.76,ETOPO_2022_v1_15s_bed_elev
-40.4,26.8,-4548.1,ETOPO_2022_v1_15s_bed_elev
-40.3,26.8,-4694.79,ETOPO_2022_v1_15s_bed_elev
-40.2,26.8,-4510.75,ETOPO_2022_v1_15s_bed_elev
-40.1,26.8,-4297.91,ETOPO_2022_v1_15s_bed_elev
-40.0,26.8,-4343.35,ETOPO_2022_v1_15s_bed_elev
-39.9,26.8,-4537.06,ETOPO_2022_v1_15s_bed_elev
-39.8,26.8,-4571.4,ETOPO_2022_v1_15s_bed_elev
-39.7,26.8,-4683.6,ETOPO_2022_v1_15s_bed_elev
-39.6,26.8,-4800.75,ETOPO_2022_v1_15s_bed_elev
-39.5,26.8,-4622.36,ETOPO_2022_v1_15s_bed_elev
-39.4,26.8,-4844.63,ETOPO_2022_v1_15s_bed_elev
-39.3,26.8,-4665.42,ETOPO_2022_v1_15s_bed_elev
-39.2,26.8,-4852.51,ETOPO_2022_v1_15s_bed_elev
-39.1,26.8,-4881.86,ETOPO_2022_v1_15s_bed_elev
-39.0,26.8,-5004.72,ETOPO_2022_v1_15s_bed_elev
-38.9,26.8,-4313.67,ETOPO_2022_v1_15s_bed_elev
-38.8,26.8,-4900.6,ETOPO_2022_v1_15s_bed_elev
-38.7,26.8,-4824.72,ETOPO_2022_v1_15s_bed_elev
-38.6,26.8,-4812.84,ETOPO_2022_v1_15s_bed_elev
-38.5,26.8,-4865.64,ETOPO_2022_v1_15s_bed_elev
-38.4,26.8,-4815.65,ETOPO_2022_v1_15s_bed_elev
-38.3,26.8,-5001.43,ETOPO_2022_v1_15s_bed_elev
-38.2,26.8,-4708.69,ETOPO_2022_v1_15s_bed_elev
-38.1,26.8,-4913.97,ETOPO_2022_v1_15s_bed_elev
-38.0,26.8,-4832.52,ETOPO_2022_v1_15s_bed_elev
-37.9,26.8,-4934.38,ETOPO_2022_v1_15s_bed_elev
-37.8,26.8,-5089.61,ETOPO_2022_v1_15s_bed_elev
-37.7,26.8,-5219.05,ETOPO_2022_v1_15s_bed_elev
-37.6,26.8,-4851.89,ETOPO_2022_v1_15s_bed_elev
-37.5,26.8,-4968.55,ETOPO_2022_v1_15s_bed_elev
-37.4,26.8,-5249.91,ETOPO_2022_v1_15s_bed_elev
-37.3,26.8,-5064.47,ETOPO_2022_v1_15s_bed_elev
-37.2,26.8,-5254.49,ETOPO_2022_v1_15s_bed_elev
-37.1,26.8,-5432.1,ETOPO_2022_v1_15s_bed_elev
-37.0,26.8,-5133.29,ETOPO_2022_v1_15s_bed_elev
-36.9,26.8,-5277.08,ETOPO_2022_v1_15s_bed_elev
-36.8,26.8,-5300.73,ETOPO_2022_v1_15s_bed_elev
-36.7,26.8,-5258.87,ETOPO_2022_v1_15s_bed_elev
-36.6,26.8,-5294.71,ETOPO_2022_v1_15s_bed_elev
-36.5,26.8,-5362.79,ETOPO_2022_v1_15s_bed_elev
-36.4,26.8,-5333.4,ETOPO_2022_v1_15s_bed_elev
-36.3,26.8,-5386.17,ETOPO_2022_v1_15s_bed_elev
-36.2,26.8,-5214.51,ETOPO_2022_v1_15s_bed_elev
-36.1,26.8,-5002.66,ETOPO_2022_v1_15s_bed_elev
-36.0,26.8,-4934.7,ETOPO_2022_v1_15s_bed_elev
-35.9,26.8,-5206.19,ETOPO_2022_v1_15s_bed_elev
-35.8,26.8,-5144.33,ETOPO_2022_v1_15s_bed_elev
-35.7,26.8,-5357.24,ETOPO_2022_v1_15s_bed_elev
-35.6,26.8,-5440.25,ETOPO_2022_v1_15s_bed_elev
-35.5,26.8,-5352.72,ETOPO_2022_v1_15s_bed_elev
-35.4,26.8,-5235.2,ETOPO_2022_v1_15s_bed_elev
-35.3,26.8,-5055.98,ETOPO_2022_v1_15s_bed_elev
-35.2,26.8,-4992.6,ETOPO_2022_v1_15s_bed_elev
-35.1,26.8,-4956.18,ETOPO_2022_v1_15s_bed_elev
-35.0,26.8,-5140.16,ETOPO_2022_v1_15s_bed_elev
-51.0,26.9,-4979.52,ETOPO_2022_v1_15s_bed_elev
-50.9,26.9,-4905.86,ETOPO_2022_v1_15s_bed_elev
-50.8,26.9,-5308.36,ETOPO_2022_v1_15s_bed_elev
-50.7,26.9,-4926.73,ETOPO_2022_v1_15s_bed_elev
-50.6,26.9,-5073.38,ETOPO_2022_v1_15s_bed_elev
-50.5,26.9,-5025.0,ETOPO_2022_v1_15s_bed_elev
-50.4,26.9,-4915.54,ETOPO_2022_v1_15s_bed_elev
-50.3,26.9,-4782.05,ETOPO_2022_v1_15s_bed_elev
-50.2,26.9,-5085.23,ETOPO_2022_v1_15s_bed_elev
-50.1,26.9,-4664.52,ETOPO_2022_v1_15s_bed_elev
-50.0,26.9,-4700.31,ETOPO_2022_v1_15s_bed_elev
-49.9,26.9,-4673.25,ETOPO_2022_v1_15s_bed_elev
-49.8,26.9,-4853.8,ETOPO_2022_v1_15s_bed_elev
-49.7,26.9,-4884.33,ETOPO_2022_v1_15s_bed_elev
-49.6,26.9,-4664.52,ETOPO_2022_v1_15s_bed_elev
-49.5,26.9,-5070.57,ETOPO_2022_v1_15s_bed_elev
-49.4,26.9,-4934.55,ETOPO_2022_v1_15s_bed_elev
-49.3,26.9,-4838.45,ETOPO_2022_v1_15s_bed_elev
-49.2,26.9,-4797.41,ETOPO_2022_v1_15s_bed_elev
-49.1,26.9,-4528.03,ETOPO_2022_v1_15s_bed_elev
-49.0,26.9,-4998.04,ETOPO_2022_v1_15s_bed_elev
-48.9,26.9,-4504.46,ETOPO_2022_v1_15s_bed_elev
-48.8,26.9,-4514.3,ETOPO_2022_v1_15s_bed_elev
-48.7,26.9,-4316.38,ETOPO_2022_v1_15s_bed_elev
-48.6,26.9,-4710.79,ETOPO_2022_v1_15s_bed_elev
-48.5,26.9,-4877.12,ETOPO_2022_v1_15s_bed_elev
-48.4,26.9,-4721.69,ETOPO_2022_v1_15s_bed_elev
-48.3,26.9,-4290.67,ETOPO_2022_v1_15s_bed_elev
-48.2,26.9,-4657.4,ETOPO_2022_v1_15s_bed_elev
-48.1,26.9,-4509.09,ETOPO_2022_v1_15s_bed_elev
-48.0,26.9,-4585.84,ETOPO_2022_v1_15s_bed_elev
-47.9,26.9,-4034.85,ETOPO_2022_v1_15s_bed_elev
-47.8,26.9,-4172.27,ETOPO_2022_v1_15s_bed_elev
-47.7,26.9,-4451.34,ETOPO_2022_v1_15s_bed_elev
-47.6,26.9,-4203.22,ETOPO_2022_v1_15s_bed_elev
-47.5,26.9,-4222.15,ETOPO_2022_v1_15s_bed_elev
-47.4,26.9,-4381.92,ETOPO_2022_v1_15s_bed_elev
-47.3,26.9,-4070.25,ETOPO_2022_v1_15s_bed_elev
-47.2,26.9,-3900.06,ETOPO_2022_v1_15s_bed_elev
-47.1,26.9,-4409.44,ETOPO_2022_v1_15s_bed_elev
-47.0,26.9,-4425.33,ETOPO_2022_v1_15s_bed_elev
-46.9,26.9,-4418.7,ETOPO_2022_v1_15s_bed_elev
-46.8,26.9,-4366.05,ETOPO_2022_v1_15s_bed_elev
-46.7,26.9,-4259.42,ETOPO_2022_v1_15s_bed_elev
-46.6,26.9,-4175.99,ETOPO_2022_v1_15s_bed_elev
-46.5,26.9,-4407.52,ETOPO_2022_v1_15s_bed_elev
-46.4,26.9,-4341.59,ETOPO_2022_v1_15s_bed_elev
-46.3,26.9,-4228.18,ETOPO_2022_v1_15s_bed_elev
-46.2,26.9,-3942.58,ETOPO_2022_v1_15s_bed_elev
-46.1,26.9,-3977.84,ETOPO_2022_v1_15s_bed_elev
-46.0,26.9,-3850.48,ETOPO_2022_v1_15s_bed_elev
-45.9,26.9,-3668.63,ETOPO_2022_v1_15s_bed_elev
-45.8,26.9,-3611.1,ETOPO_2022_v1_15s_bed_elev
-45.7,26.9,-3317.27,ETOPO_2022_v1_15s_bed_elev
-45.6,26.9,-3539.52,ETOPO_2022_v1_15s_bed_elev
-45.5,26.9,-3509.7,ETOPO_2022_v1_15s_bed_elev
-45.4,26.9,-3448.54,ETOPO_2022_v1_15s_bed_elev
-45.3,26.9,-3522.03,ETOPO_2022_v1_15s_bed_elev
-45.2,26.9,-3597.11,ETOPO_2022_v1_15s_bed_elev
-45.1,26.9,-3448.72,ETOPO_2022_v1_15s_bed_elev
-45.0,26.9,-3087.38,ETOPO_2022_v1_15s_bed_elev
-44.9,26.9,-2867.92,ETOPO_2022_v1_15s_bed_elev
-44.8,26.9,-2700.5,ETOPO_2022_v1_15s_bed_elev
-44.7,26.9,-2946.34,ETOPO_2022_v1_15s_bed_elev
-44.6,26.9,-3056.05,ETOPO_2022_v1_15s_bed_elev
-44.5,26.9,-3839.9,ETOPO_2022_v1_15s_bed_elev
-44.4,26.9,-3202.3,ETOPO_2022_v1_15s_bed_elev
-44.3,26.9,-2602.56,ETOPO_2022_v1_15s_bed_elev
-44.2,26.9,-2831.88,ETOPO_2022_v1_15s_bed_elev
-44.1,26.9,-2926.25,ETOPO_2022_v1_15s_bed_elev
-44.0,26.9,-3446.71,ETOPO_2022_v1_15s_bed_elev
-43.9,26.9,-3173.66,ETOPO_2022_v1_15s_bed_elev
-43.8,26.9,-3059.01,ETOPO_2022_v1_15s_bed_elev
-43.7,26.9,-3820.75,ETOPO_2022_v1_15s_bed_elev
-43.6,26.9,-3394.11,ETOPO_2022_v1_15s_bed_elev
-43.5,26.9,-3634.13,ETOPO_2022_v1_15s_bed_elev
-43.4,26.9,-3659.14,ETOPO_2022_v1_15s_bed_elev
-43.3,26.9,-3752.92,ETOPO_2022_v1_15s_bed_elev
-43.2,26.9,-3747.75,ETOPO_2022_v1_15s_bed_elev
-43.1,26.9,-3461.08,ETOPO_2022_v1_15s_bed_elev
-43.0,26.9,-3691.18,ETOPO_2022_v1_15s_bed_elev
-42.9,26.9,-3517.81,ETOPO_2022_v1_15s_bed_elev
-42.8,26.9,-3968.41,ETOPO_2022_v1_15s_bed_elev
-42.7,26.9,-3510.67,ETOPO_2022_v1_15s_bed_elev
-42.6,26.9,-3498.65,ETOPO_2022_v1_15s_bed_elev
-42.5,26.9,-3458.83,ETOPO_2022_v1_15s_bed_elev
-42.4,26.9,-3947.96,ETOPO_2022_v1_15s_bed_elev
-42.3,26.9,-3690.53,ETOPO_2022_v1_15s_bed_elev
-42.2,26.9,-3928.95,ETOPO_2022_v1_15s_bed_elev
-42.1,26.9,-4124.1,ETOPO_2022_v1_15s_bed_elev
-42.0,26.9,-3812.03,ETOPO_2022_v1_15s_bed_elev
-41.9,26.9,-3519.97,ETOPO_2022_v1_15s_bed_elev
-41.8,26.9,-3801.03,ETOPO_2022_v1_15s_bed_elev
-41.7,26.9,-3753.15,ETOPO_2022_v1_15s_bed_elev
-41.6,26.9,-3906.68,ETOPO_2022_v1_15s_bed_elev
-41.5,26.9,-4117.19,ETOPO_2022_v1_15s_bed_elev
-41.4,26.9,-4167.41,ETOPO_2022_v1_15s_bed_elev
-41.3,26.9,-4296.74,ETOPO_2022_v1_15s_bed_elev
-41.2,26.9,-4312.09,ETOPO_2022_v1_15s_bed_elev
-41.1,26.9,-4349.99,ETOPO_2022_v1_15s_bed_elev
-41.0,26.9,-4621.75,ETOPO_2022_v1_15s_bed_elev
-40.9,26.9,-4713.73,ETOPO_2022_v1_15s_bed_elev
-40.8,26.9,-4226.61,ETOPO_2022_v1_15s_bed_elev
-40.7,26.9,-4279.76,ETOPO_2022_v1_15s_bed_elev
-40.6,26.9,-4144.86,ETOPO_2022_v1_15s_bed_elev
-40.5,26.9,-4387.25,ETOPO_2022_v1_15s_bed_elev
-40.4,26.9,-4429.27,ETOPO_2022_v1_15s_bed_elev
-40.3,26.9,-4619.61,ETOPO_2022_v1_15s_bed_elev
-40.2,26.9,-4591.33,ETOPO_2022_v1_15s_bed_elev
-40.1,26.9,-4690.6,ETOPO_2022_v1_15s_bed_elev
-40.0,26.9,-4218.65,ETOPO_2022_v1_15s_bed_elev
-39.9,26.9,-4219.79,ETOPO_2022_v1_15s_bed_elev
-39.8,26.9,-4358.85,ETOPO_2022_v1_15s_bed_elev
-39.7,26.9,-4611.69,ETOPO_2022_v1_15s_bed_elev
-39.6,26.9,-4493.86,ETOPO_2022_v1_15s_bed_elev
-39.5,26.9,-4710.41,ETOPO_2022_v1_15s_bed_elev
-39.4,26.9,-4774.02,ETOPO_2022_v1_15s_bed_elev
-39.3,26.9,-4965.93,ETOPO_2022_v1_15s_bed_elev
-39.2,26.9,-4816.86,ETOPO_2022_v1_15s_bed_elev
-39.1,26.9,-4327.53,ETOPO_2022_v1_15s_bed_elev
-39.0,26.9,-5128.78,ETOPO_2022_v1_15s_bed_elev
-38.9,26.9,-4698.3,ETOPO_2022_v1_15s_bed_elev
-38.8,26.9,-4997.95,ETOPO_2022_v1_15s_bed_elev
-38.7,26.9,-4934.59,ETOPO_2022_v1_15s_bed_elev
-38.6,26.9,-4934.32,ETOPO_2022_v1_15s_bed_elev
-38.5,26.9,-5085.47,ETOPO_2022_v1_15s_bed_elev
-38.4,26.9,-5095.64,ETOPO_2022_v1_15s_bed_elev
-38.3,26.9,-5149.4,ETOPO_2022_v1_15s_bed_elev
-38.2,26.9,-5065.3,ETOPO_2022_v1_15s_bed_elev
-38.1,26.9,-5098.99,ETOPO_2022_v1_15s_bed_elev
-38.0,26.9,-4927.55,ETOPO_2022_v1_15s_bed_elev
-37.9,26.9,-4920.29,ETOPO_2022_v1_15s_bed_elev
-37.8,26.9,-5152.92,ETOPO_2022_v1_15s_bed_elev
-37.7,26.9,-5031.52,ETOPO_2022_v1_15s_bed_elev
-37.6,26.9,-4903.19,ETOPO_2022_v1_15s_bed_elev
-37.5,26.9,-4817.68,ETOPO_2022_v1_15s_bed_elev
-37.4,26.9,-4970.52,ETOPO_2022_v1_15s_bed_elev
-37.3,26.9,-4851.78,ETOPO_2022_v1_15s_bed_elev
-37.2,26.9,-4893.22,ETOPO_2022_v1_15s_bed_elev
-37.1,26.9,-5230.74,ETOPO_2022_v1_15s_bed_elev
-37.0,26.9,-5093.17,ETOPO_2022_v1_15s_bed_elev
-36.9,26.9,-5009.2,ETOPO_2022_v1_15s_bed_elev
-36.8,26.9,-4915.78,ETOPO_2022_v1_15s_bed_elev
-36.7,26.9,-5035.14,ETOPO_2022_v1_15s_bed_elev
-36.6,26.9,-5166.79,ETOPO_2022_v1_15s_bed_elev
-36.5,26.9,-5311.06,ETOPO_2022_v1_15s_bed_elev
-36.4,26.9,-5101.72,ETOPO_2022_v1_15s_bed_elev
-36.3,26.9,-5298.14,ETOPO_2022_v1_15s_bed_elev
-36.2,26.9,-5330.39,ETOPO_2022_v1_15s_bed_elev
-36.1,26.9,-5312.73,ETOPO_2022_v1_15s_bed_elev
-36.0,26.9,-5031.21,ETOPO_2022_v1_15s_bed_elev
-35.9,26.9,-4938.89,ETOPO_2022_v1_15s_bed_elev
-35.8,26.9,-5191.93,ETOPO_2022_v1_15s_bed_elev
-35.7,26.9,-5819.02,ETOPO_2022_v1_15s_bed_elev
-35.6,26.9,-5708.85,ETOPO_2022_v1_15s_bed_elev
-35.5,26.9,-5545.76,ETOPO_2022_v1_15s_bed_elev
-35.4,26.9,-5411.05,ETOPO_2022_v1_15s_bed_elev
-35.3,26.9,-5409.46,ETOPO_2022_v1_15s_bed_elev
-35.2,26.9,-5434.94,ETOPO_2022_v1_15s_bed_elev
-35.1,26.9,-5395.51,ETOPO_2022_v1_15s_bed_elev
-35.0,26.9,-5431.17,ETOPO_2022_v1_15s_bed_elev
-51.0,27.0,-4913.5,ETOPO_2022_v1_15s_bed_elev
-50.9,27.0,-5085.12,ETOPO_2022_v1_15s_bed_elev
-50.8,27.0,-5236.05,ETOPO_2022_v1_15s_bed_elev
-50.7,27.0,-4838.23,ETOPO_2022_v1_15s_bed_elev
-50.6,27.0,-4865.52,ETOPO_2022_v1_15s_bed_elev
-50.5,27.0,-4982.16,ETOPO_2022_v1_15s_bed_elev
-50.4,27.0,-5112.38,ETOPO_2022_v1_15s_bed_elev
-50.3,27.0,-5033.87,ETOPO_2022_v1_15s_bed_elev
-50.2,27.0,-5182.12,ETOPO_2022_v1_15s_bed_elev
-50.1,27.0,-4831.2,ETOPO_2022_v1_15s_bed_elev
-50.0,27.0,-4889.02,ETOPO_2022_v1_15s_bed_elev
-49.9,27.0,-4830.28,ETOPO_2022_v1_15s_bed_elev
-49.8,27.0,-4777.6,ETOPO_2022_v1_15s_bed_elev
-49.7,27.0,-4878.35,ETOPO_2022_v1_15s_bed_elev
-49.6,27.0,-4838.14,ETOPO_2022_v1_15s_bed_elev
-49.5,27.0,-4850.79,ETOPO_2022_v1_15s_bed_elev
-49.4,27.0,-5058.13,ETOPO_2022_v1_15s_bed_elev
-49.3,27.0,-4883.77,ETOPO_2022_v1_15s_bed_elev
-49.2,27.0,-4750.18,ETOPO_2022_v1_15s_bed_elev
-49.1,27.0,-4575.28,ETOPO_2022_v1_15s_bed_elev
-49.0,27.0,-4712.69,ETOPO_2022_v1_15s_bed_elev
-48.9,27.0,-4452.37,ETOPO_2022_v1_15s_bed_elev
-48.8,27.0,-4637.99,ETOPO_2022_v1_15s_bed_elev
-48.7,27.0,-4294.09,ETOPO_2022_v1_15s_bed_elev
-48.6,27.0,-4669.75,ETOPO_2022_v1_15s_bed_elev
-48.5,27.0,-4800.78,ETOPO_2022_v1_15s_bed_elev
-48.4,27.0,-4827.82,ETOPO_2022_v1_15s_bed_elev
-48.3,27.0,-4235.08,ETOPO_2022_v1_15s_bed_elev
-48.2,27.0,-4306.68,ETOPO_2022_v1_15s_bed_elev
-48.1,27.0,-4355.51,ETOPO_2022_v1_15s_bed_elev
-48.0,27.0,-4568.44,ETOPO_2022_v1_15s_bed_elev
-47.9,27.0,-3997.79,ETOPO_2022_v1_15s_bed_elev
-47.8,27.0,-4572.21,ETOPO_2022_v1_15s_bed_elev
-47.7,27.0,-4567.32,ETOPO_2022_v1_15s_bed_elev
-47.6,27.0,-4248.02,ETOPO_2022_v1_15s_bed_elev
-47.5,27.0,-4347.11,ETOPO_2022_v1_15s_bed_elev
-47.4,27.0,-4286.75,ETOPO_2022_v1_15s_bed_elev
-47.3,27.0,-4120.33,ETOPO_2022_v1_15s_bed_elev
-47.2,27.0,-3852.84,ETOPO_2022_v1_15s_bed_elev
-47.1,27.0,-4416.03,ETOPO_2022_v1_15s_bed_elev
-47.0,27.0,-4122.92,ETOPO_2022_v1_15s_bed_elev
-46.9,27.0,-4004.48,ETOPO_2022_v1_15s_bed_elev
-46.8,27.0,-3936.43,ETOPO_2022_v1_15s_bed_elev
-46.7,27.0,-3776.08,ETOPO_2022_v1_15s_bed_elev
-46.6,27.0,-3823.89,ETOPO_2022_v1_15s_bed_elev
-46.5,27.0,-4024.47,ETOPO_2022_v1_15s_bed_elev
-46.4,27.0,-3961.58,ETOPO_2022_v1_15s_bed_elev
-46.3,27.0,-4175.53,ETOPO_2022_v1_15s_bed_elev
-46.2,27.0,-4063.74,ETOPO_2022_v1_15s_bed_elev
-46.1,27.0,-4094.06,ETOPO_2022_v1_15s_bed_elev
-46.0,27.0,-3956.75,ETOPO_2022_v1_15s_bed_elev
-45.9,27.0,-3894.5,ETOPO_2022_v1_15s_bed_elev
-45.8,27.0,-3720.47,ETOPO_2022_v1_15s_bed_elev
-45.7,27.0,-3512.58,ETOPO_2022_v1_15s_bed_elev
-45.6,27.0,-3560.94,ETOPO_2022_v1_15s_bed_elev
-45.5,27.0,-3594.85,ETOPO_2022_v1_15s_bed_elev
-45.4,27.0,-3533.77,ETOPO_2022_v1_15s_bed_elev
-45.3,27.0,-3571.53,ETOPO_2022_v1_15s_bed_elev
-45.2,27.0,-3576.99,ETOPO_2022_v1_15s_bed_elev
-45.1,27.0,-3287.94,ETOPO_2022_v1_15s_bed_elev
-45.0,27.0,-2918.35,ETOPO_2022_v1_15s_bed_elev
-44.9,27.0,-3071.66,ETOPO_2022_v1_15s_bed_elev
-44.8,27.0,-2947.45,ETOPO_2022_v1_15s_bed_elev
-44.7,27.0,-2732.2,ETOPO_2022_v1_15s_bed_elev
-44.6,27.0,-2852.8,ETOPO_2022_v1_15s_bed_elev
-44.5,27.0,-3678.24,ETOPO_2022_v1_15s_bed_elev
-44.4,27.0,-3253.4,ETOPO_2022_v1_15s_bed_elev
-44.3,27.0,-2318.57,ETOPO_2022_v1_15s_bed_elev
-44.2,27.0,-2549.12,ETOPO_2022_v1_15s_bed_elev
-44.1,27.0,-2626.44,ETOPO_2022_v1_15s_bed_elev
-44.0,27.0,-3166.15,ETOPO_2022_v1_15s_bed_elev
-43.9,27.0,-3245.98,ETOPO_2022_v1_15s_bed_elev
-43.8,27.0,-3168.84,ETOPO_2022_v1_15s_bed_elev
-43.7,27.0,-3460.67,ETOPO_2022_v1_15s_bed_elev
-43.6,27.0,-3767.06,ETOPO_2022_v1_15s_bed_elev
-43.5,27.0,-3730.83,ETOPO_2022_v1_15s_bed_elev
-43.4,27.0,-3878.59,ETOPO_2022_v1_15s_bed_elev
-43.3,27.0,-4080.29,ETOPO_2022_v1_15s_bed_elev
-43.2,27.0,-4018.58,ETOPO_2022_v1_15s_bed_elev
-43.1,27.0,-3956.93,ETOPO_2022_v1_15s_bed_elev
-43.0,27.0,-4110.01,ETOPO_2022_v1_15s_bed_elev
-42.9,27.0,-4085.29,ETOPO_2022_v1_15s_bed_elev
-42.8,27.0,-4262.3,ETOPO_2022_v1_15s_bed_elev
-42.7,27.0,-3793.0,ETOPO_2022_v1_15s_bed_elev
-42.6,27.0,-3602.67,ETOPO_2022_v1_15s_bed_elev
-42.5,27.0,-3488.21,ETOPO_2022_v1_15s_bed_elev
-42.4,27.0,-3885.34,ETOPO_2022_v1_15s_bed_elev
-42.3,27.0,-3700.17,ETOPO_2022_v1_15s_bed_elev
-42.2,27.0,-3875.51,ETOPO_2022_v1_15s_bed_elev
-42.1,27.0,-3703.37,ETOPO_2022_v1_15s_bed_elev
-42.0,27.0,-3933.45,ETOPO_2022_v1_15s_bed_elev
-41.9,27.0,-4105.76,ETOPO_2022_v1_15s_bed_elev
-41.8,27.0,-4126.98,ETOPO_2022_v1_15s_bed_elev
-41.7,27.0,-3891.59,ETOPO_2022_v1_15s_bed_elev
-41.6,27.0,-3760.97,ETOPO_2022_v1_15s_bed_elev
-41.5,27.0,-3898.19,ETOPO_2022_v1_15s_bed_elev
-41.4,27.0,-3612.61,ETOPO_2022_v1_15s_bed_elev
-41.3,27.0,-3854.58,ETOPO_2022_v1_15s_bed_elev
-41.2,27.0,-4026.17,ETOPO_2022_v1_15s_bed_elev
-41.1,27.0,-3904.16,ETOPO_2022_v1_15s_bed_elev
-41.0,27.0,-3872.33,ETOPO_2022_v1_15s_bed_elev
-40.9,27.0,-4108.61,ETOPO_2022_v1_15s_bed_elev
-40.8,27.0,-4411.68,ETOPO_2022_v1_15s_bed_elev
-40.7,27.0,-4206.25,ETOPO_2022_v1_15s_bed_elev
-40.6,27.0,-4287.35,ETOPO_2022_v1_15s_bed_elev
-40.5,27.0,-4170.18,ETOPO_2022_v1_15s_bed_elev
-40.4,27.0,-4179.49,ETOPO_2022_v1_15s_bed_elev
-40.3,27.0,-4520.32,ETOPO_2022_v1_15s_bed_elev
-40.2,27.0,-4524.04,ETOPO_2022_v1_15s_bed_elev
-40.1,27.0,-4631.38,ETOPO_2022_v1_15s_bed_elev
-40.0,27.0,-4513.09,ETOPO_2022_v1_15s_bed_elev
-39.9,27.0,-4492.39,ETOPO_2022_v1_15s_bed_elev
-39.8,27.0,-4401.09,ETOPO_2022_v1_15s_bed_elev
-39.7,27.0,-4633.7,ETOPO_2022_v1_15s_bed_elev
-39.6,27.0,-4715.37,ETOPO_2022_v1_15s_bed_elev
-39.5,27.0,-4464.36,ETOPO_2022_v1_15s_bed_elev
-39.4,27.0,-4595.56,ETOPO_2022_v1_15s_bed_elev
-39.3,27.0,-4898.1,ETOPO_2022_v1_15s_bed_elev
-39.2,27.0,-4866.46,ETOPO_2022_v1_15s_bed_elev
-39.1,27.0,-4637.93,ETOPO_2022_v1_15s_bed_elev
-39.0,27.0,-4619.74,ETOPO_2022_v1_15s_bed_elev
-38.9,27.0,-4788.59,ETOPO_2022_v1_15s_bed_elev
-38.8,27.0,-4959.82,ETOPO_2022_v1_15s_bed_elev
-38.7,27.0,-4684.73,ETOPO_2022_v1_15s_bed_elev
-38.6,27.0,-4894.69,ETOPO_2022_v1_15s_bed_elev
-38.5,27.0,-4943.7,ETOPO_2022_v1_15s_bed_elev
-38.4,27.0,-5222.78,ETOPO_2022_v1_15s_bed_elev
-38.3,27.0,-5167.13,ETOPO_2022_v1_15s_bed_elev
-38.2,27.0,-5042.58,ETOPO_2022_v1_15s_bed_elev
-38.1,27.0,-5040.16,ETOPO_2022_v1_15s_bed_elev
-38.0,27.0,-5138.34,ETOPO_2022_v1_15s_bed_elev
-37.9,27.0,-5252.06,ETOPO_2022_v1_15s_bed_elev
-37.8,27.0,-5142.86,ETOPO_2022_v1_15s_bed_elev
-37.7,27.0,-4831.2,ETOPO_2022_v1_15s_bed_elev
-37.6,27.0,-4610.44,ETOPO_2022_v1_15s_bed_elev
-37.5,27.0,-4818.91,ETOPO_2022_v1_15s_bed_elev
-37.4,27.0,-4872.52,ETOPO_2022_v1_15s_bed_elev
-37.3,27.0,-4713.39,ETOPO_2022_v1_15s_bed_elev
-37.2,27.0,-4790.29,ETOPO_2022_v1_15s_bed_elev
-37.1,27.0,-4939.43,ETOPO_2022_v1_15s_bed_elev
-37.0,27.0,-4752.06,ETOPO_2022_v1_15s_bed_elev
-36.9,27.0,-4979.63,ETOPO_2022_v1_15s_bed_elev
-36.8,27.0,-4649.69,ETOPO_2022_v1_15s_bed_elev
-36.7,27.0,-4817.72,ETOPO_2022_v1_15s_bed_elev
-36.6,27.0,-4837.36,ETOPO_2022_v1_15s_bed_elev
-36.5,27.0,-5086.71,ETOPO_2022_v1_15s_bed_elev
-36.4,27.0,-4853.09,ETOPO_2022_v1_15s_bed_elev
-36.3,27.0,-4768.01,ETOPO_2022_v1_15s_bed_elev
-36.2,27.0,-4801.91,ETOPO_2022_v1_15s_bed_elev
-36.1,27.0,-4816.61,ETOPO_2022_v1_15s_bed_elev
-36.0,27.0,-5112.18,ETOPO_2022_v1_15s_bed_elev
-35.9,27.0,-5171.12,ETOPO_2022_v1_15s_bed_elev
-35.8,27.0,-5310.47,ETOPO_2022_v1_15s_bed_elev
-35.7,27.0,-5314.73,ETOPO_2022_v1_15s_bed_elev
-35.6,27.0,-5061.56,ETOPO_2022_v1_15s_bed_elev
-35.5,27.0,-4769.26,ETOPO_2022_v1_15s_bed_elev
-35.4,27.0,-4733.46,ETOPO_2022_v1_15s_bed_elev
-35.3,27.0,-5230.57,ETOPO_2022_v1_15s_bed_elev
-35.2,27.0,-5370.1,ETOPO_2022_v1_15s_bed_elev
-35.1,27.0,-5464.05,ETOPO_2022_v1_15s_bed_elev
-35.0,27.0,-5378.82,ETOPO_2022_v1_15s_bed_elev
-51.0,27.1,-5089.51,ETOPO_2022_v1_15s_bed_elev
-50.9,27.1,-5250.9,ETOPO_2022_v1_15s_bed_elev
-50.8,27.1,-4997.56,ETOPO_2022_v1_15s_bed_elev
-50.7,27.1,-5131.44,ETOPO_2022_v1_15s_bed_elev
-50.6,27.1,-4828.83,ETOPO_2022_v1_15s_bed_elev
-50.5,27.1,-4865.88,ETOPO_2022_v1_15s_bed_elev
-50.4,27.1,-5274.38,ETOPO_2022_v1_15s_bed_elev
-50.3,27.1,-5334.67,ETOPO_2022_v1_15s_bed_elev
-50.2,27.1,-5139.06,ETOPO_2022_v1_15s_bed_elev
-50.1,27.1,-4783.42,ETOPO_2022_v1_15s_bed_elev
-50.0,27.1,-4928.74,ETOPO_2022_v1_15s_bed_elev
-49.9,27.1,-4819.25,ETOPO_2022_v1_15s_bed_elev
-49.8,27.1,-4823.71,ETOPO_2022_v1_15s_bed_elev
-49.7,27.1,-4622.21,ETOPO_2022_v1_15s_bed_elev
-49.6,27.1,-5078.98,ETOPO_2022_v1_15s_bed_elev
-49.5,27.1,-4727.84,ETOPO_2022_v1_15s_bed_elev
-49.4,27.1,-4984.05,ETOPO_2022_v1_15s_bed_elev
-49.3,27.1,-5021.26,ETOPO_2022_v1_15s_bed_elev
-49.2,27.1,-4889.33,ETOPO_2022_v1_15s_bed_elev
-49.1,27.1,-4422.26,ETOPO_2022_v1_15s_bed_elev
-49.0,27.1,-4238.07,ETOPO_2022_v1_15s_bed_elev
-48.9,27.1,-4835.07,ETOPO_2022_v1_15s_bed_elev
-48.8,27.1,-4876.28,ETOPO_2022_v1_15s_bed_elev
-48.7,27.1,-4460.36,ETOPO_2022_v1_15s_bed_elev
-48.6,27.1,-4520.5,ETOPO_2022_v1_15s_bed_elev
-48.5,27.1,-4355.78,ETOPO_2022_v1_15s_bed_elev
-48.4,27.1,-4712.74,ETOPO_2022_v1_15s_bed_elev
-48.3,27.1,-4731.35,ETOPO_2022_v1_15s_bed_elev
-48.2,27.1,-4093.77,ETOPO_2022_v1_15s_bed_elev
-48.1,27.1,-4197.49,ETOPO_2022_v1_15s_bed_elev
-48.0,27.1,-4545.63,ETOPO_2022_v1_15s_bed_elev
-47.9,27.1,-4474.24,ETOPO_2022_v1_15s_bed_elev
-47.8,27.1,-4425.86,ETOPO_2022_v1_15s_bed_elev
-47.7,27.1,-4703.78,ETOPO_2022_v1_15s_bed_elev
-47.6,27.1,-4339.58,ETOPO_2022_v1_15s_bed_elev
-47.5,27.1,-4508.13,ETOPO_2022_v1_15s_bed_elev
-47.4,27.1,-4121.56,ETOPO_2022_v1_15s_bed_elev
-47.3,27.1,-3939.83,ETOPO_2022_v1_15s_bed_elev
-47.2,27.1,-4033.91,ETOPO_2022_v1_15s_bed_elev
-47.1,27.1,-4292.34,ETOPO_2022_v1_15s_bed_elev
-47.0,27.1,-3871.83,ETOPO_2022_v1_15s_bed_elev
-46.9,27.1,-3739.08,ETOPO_2022_v1_15s_bed_elev
-46.8,27.1,-3738.46,ETOPO_2022_v1_15s_bed_elev
-46.7,27.1,-3696.92,ETOPO_2022_v1_15s_bed_elev
-46.6,27.1,-3930.18,ETOPO_2022_v1_15s_bed_elev
-46.5,27.1,-4172.38,ETOPO_2022_v1_15s_bed_elev
-46.4,27.1,-3940.3,ETOPO_2022_v1_15s_bed_elev
-46.3,27.1,-4119.93,ETOPO_2022_v1_15s_bed_elev
-46.2,27.1,-4026.41,ETOPO_2022_v1_15s_bed_elev
-46.1,27.1,-3740.71,ETOPO_2022_v1_15s_bed_elev
-46.0,27.1,-3722.22,ETOPO_2022_v1_15s_bed_elev
-45.9,27.1,-3656.16,ETOPO_2022_v1_15s_bed_elev
-45.8,27.1,-3794.87,ETOPO_2022_v1_15s_bed_elev
-45.7,27.1,-3679.32,ETOPO_2022_v1_15s_bed_elev
-45.6,27.1,-3430.16,ETOPO_2022_v1_15s_bed_elev
-45.5,27.1,-3547.98,ETOPO_2022_v1_15s_bed_elev
-45.4,27.1,-3605.97,ETOPO_2022_v1_15s_bed_elev
-45.3,27.1,-3813.77,ETOPO_2022_v1_15s_bed_elev
-45.2,27.1,-3675.78,ETOPO_2022_v1_15s_bed_elev
-45.1,27.1,-3268.62,ETOPO_2022_v1_15s_bed_elev
-45.0,27.1,-3031.78,ETOPO_2022_v1_15s_bed_elev
-44.9,27.1,-3238.18,ETOPO_2022_v1_15s_bed_elev
-44.8,27.1,-3012.53,ETOPO_2022_v1_15s_bed_elev
-44.7,27.1,-2620.64,ETOPO_2022_v1_15s_bed_elev
-44.6,27.1,-2812.57,ETOPO_2022_v1_15s_bed_elev
-44.5,27.1,-3275.73,ETOPO_2022_v1_15s_bed_elev
-44.4,27.1,-3731.81,ETOPO_2022_v1_15s_bed_elev
-44.3,27.1,-3045.07,ETOPO_2022_v1_15s_bed_elev
-44.2,27.1,-2712.95,ETOPO_2022_v1_15s_bed_elev
-44.1,27.1,-2779.21,ETOPO_2022_v1_15s_bed_elev
-44.0,27.1,-3255.65,ETOPO_2022_v1_15s_bed_elev
-43.9,27.1,-3216.43,ETOPO_2022_v1_15s_bed_elev
-43.8,27.1,-3270.12,ETOPO_2022_v1_15s_bed_elev
-43.7,27.1,-3083.44,ETOPO_2022_v1_15s_bed_elev
-43.6,27.1,-3551.62,ETOPO_2022_v1_15s_bed_elev
-43.5,27.1,-3713.95,ETOPO_2022_v1_15s_bed_elev
-43.4,27.1,-3952.69,ETOPO_2022_v1_15s_bed_elev
-43.3,27.1,-3915.01,ETOPO_2022_v1_15s_bed_elev
-43.2,27.1,-3828.55,ETOPO_2022_v1_15s_bed_elev
-43.1,27.1,-4084.99,ETOPO_2022_v1_15s_bed_elev
-43.0,27.1,-4097.07,ETOPO_2022_v1_15s_bed_elev
-42.9,27.1,-4012.61,ETOPO_2022_v1_15s_bed_elev
-42.8,27.1,-4144.71,ETOPO_2022_v1_15s_bed_elev
-42.7,27.1,-4121.39,ETOPO_2022_v1_15s_bed_elev
-42.6,27.1,-3976.62,ETOPO_2022_v1_15s_bed_elev
-42.5,27.1,-4166.45,ETOPO_2022_v1_15s_bed_elev
-42.4,27.1,-4068.1,ETOPO_2022_v1_15s_bed_elev
-42.3,27.1,-4018.26,ETOPO_2022_v1_15s_bed_elev
-42.2,27.1,-3976.06,ETOPO_2022_v1_15s_bed_elev
-42.1,27.1,-3307.23,ETOPO_2022_v1_15s_bed_elev
-42.0,27.1,-3524.74,ETOPO_2022_v1_15s_bed_elev
-41.9,27.1,-3876.31,ETOPO_2022_v1_15s_bed_elev
-41.8,27.1,-3948.09,ETOPO_2022_v1_15s_bed_elev
-41.7,27.1,-4139.01,ETOPO_2022_v1_15s_bed_elev
-41.6,27.1,-3897.93,ETOPO_2022_v1_15s_bed_elev
-41.5,27.1,-3937.02,ETOPO_2022_v1_15s_bed_elev
-41.4,27.1,-3752.52,ETOPO_2022_v1_15s_bed_elev
-41.3,27.1,-3581.81,ETOPO_2022_v1_15s_bed_elev
-41.2,27.1,-3468.22,ETOPO_2022_v1_15s_bed_elev
-41.1,27.1,-3580.49,ETOPO_2022_v1_15s_bed_elev
-41.0,27.1,-3453.02,ETOPO_2022_v1_15s_bed_elev
-40.9,27.1,-3414.62,ETOPO_2022_v1_15s_bed_elev
-40.8,27.1,-4373.27,ETOPO_2022_v1_15s_bed_elev
-40.7,27.1,-4613.25,ETOPO_2022_v1_15s_bed_elev
-40.6,27.1,-4261.58,ETOPO_2022_v1_15s_bed_elev
-40.5,27.1,-4102.23,ETOPO_2022_v1_15s_bed_elev
-40.4,27.1,-4304.71,ETOPO_2022_v1_15s_bed_elev
-40.3,27.1,-4273.43,ETOPO_2022_v1_15s_bed_elev
-40.2,27.1,-4462.24,ETOPO_2022_v1_15s_bed_elev
-40.1,27.1,-4453.73,ETOPO_2022_v1_15s_bed_elev
-40.0,27.1,-4647.47,ETOPO_2022_v1_15s_bed_elev
-39.9,27.1,-4695.2,ETOPO_2022_v1_15s_bed_elev
-39.8,27.1,-4473.31,ETOPO_2022_v1_15s_bed_elev
-39.7,27.1,-4549.73,ETOPO_2022_v1_15s_bed_elev
-39.6,27.1,-4675.58,ETOPO_2022_v1_15s_bed_elev
-39.5,27.1,-5113.44,ETOPO_2022_v1_15s_bed_elev
-39.4,27.1,-5140.57,ETOPO_2022_v1_15s_bed_elev
-39.3,27.1,-4388.66,ETOPO_2022_v1_15s_bed_elev
-39.2,27.1,-4770.45,ETOPO_2022_v1_15s_bed_elev
-39.1,27.1,-5047.69,ETOPO_2022_v1_15s_bed_elev
-39.0,27.1,-4915.34,ETOPO_2022_v1_15s_bed_elev
-38.9,27.1,-4645.08,ETOPO_2022_v1_15s_bed_elev
-38.8,27.1,-4962.85,ETOPO_2022_v1_15s_bed_elev
-38.7,27.1,-4930.38,ETOPO_2022_v1_15s_bed_elev
-38.6,27.1,-4965.86,ETOPO_2022_v1_15s_bed_elev
-38.5,27.1,-4840.8,ETOPO_2022_v1_15s_bed_elev
-38.4,27.1,-4754.05,ETOPO_2022_v1_15s_bed_elev
-38.3,27.1,-4919.76,ETOPO_2022_v1_15s_bed_elev
-38.2,27.1,-5040.58,ETOPO_2022_v1_15s_bed_elev
-38.1,27.1,-5106.71,ETOPO_2022_v1_15s_bed_elev
-38.0,27.1,-5196.26,ETOPO_2022_v1_15s_bed_elev
-37.9,27.1,-5116.12,ETOPO_2022_v1_15s_bed_elev
-37.8,27.1,-4794.09,ETOPO_2022_v1_15s_bed_elev
-37.7,27.1,-4721.19,ETOPO_2022_v1_15s_bed_elev
-37.6,27.1,-4922.62,ETOPO_2022_v1_15s_bed_elev
-37.5,27.1,-5115.04,ETOPO_2022_v1_15s_bed_elev
-37.4,27.1,-4982.2,ETOPO_2022_v1_15s_bed_elev
-37.3,27.1,-4729.55,ETOPO_2022_v1_15s_bed_elev
-37.2,27.1,-5140.09,ETOPO_2022_v1_15s_bed_elev
-37.1,27.1,-5171.98,ETOPO_2022_v1_15s_bed_elev
-37.0,27.1,-4977.66,ETOPO_2022_v1_15s_bed_elev
-36.9,27.1,-4404.16,ETOPO_2022_v1_15s_bed_elev
-36.8,27.1,-4410.58,ETOPO_2022_v1_15s_bed_elev
-36.7,27.1,-5211.5,ETOPO_2022_v1_15s_bed_elev
-36.6,27.1,-4955.16,ETOPO_2022_v1_15s_bed_elev
-36.5,27.1,-4811.55,ETOPO_2022_v1_15s_bed_elev
-36.4,27.1,-4979.28,ETOPO_2022_v1_15s_bed_elev
-36.3,27.1,-4812.17,ETOPO_2022_v1_15s_bed_elev
-36.2,27.1,-4531.68,ETOPO_2022_v1_15s_bed_elev
-36.1,27.1,-4169.13,ETOPO_2022_v1_15s_bed_elev
-36.0,27.1,-4256.34,ETOPO_2022_v1_15s_bed_elev
-35.9,27.1,-4405.56,ETOPO_2022_v1_15s_bed_elev
-35.8,27.1,-4588.36,ETOPO_2022_v1_15s_bed_elev
-35.7,27.1,-4554.78,ETOPO_2022_v1_15s_bed_elev
-35.6,27.1,-4405.53,ETOPO_2022_v1_15s_bed_elev
-35.5,27.1,-4466.59,ETOPO_2022_v1_15s_bed_elev
-35.4,27.1,-4520.58,ETOPO_2022_v1_15s_bed_elev
-35.3,27.1,-4909.08,ETOPO_2022_v1_15s_bed_elev
-35.2,27.1,-5187.44,ETOPO_2022_v1_15s_bed_elev
-35.1,27.1,-4824.61,ETOPO_2022_v1_15s_bed_elev
-35.0,27.1,-5306.0,ETOPO_2022_v1_15s_bed_elev
-51.0,27.2,-5129.53,ETOPO_2022_v1_15s_bed_elev
-50.9,27.2,-4854.11,ETOPO_2022_v1_15s_bed_elev
-50.8,27.2,-4681.02,ETOPO_2022_v1_15s_bed_elev
-50.7,27.2,-4854.19,ETOPO_2022_v1_15s_bed_elev
-50.6,27.2,-4971.8,ETOPO_2022_v1_15s_bed_elev
-50.5,27.2,-5161.92,ETOPO_2022_v1_15s_bed_elev
-50.4,27.2,-5173.52,ETOPO_2022_v1_15s_bed_elev
-50.3,27.2,-5239.05,ETOPO_2022_v1_15s_bed_elev
-50.2,27.2,-4754.72,ETOPO_2022_v1_15s_bed_elev
-50.1,27.2,-4576.48,ETOPO_2022_v1_15s_bed_elev
-50.0,27.2,-4890.78,ETOPO_2022_v1_15s_bed_elev
-49.9,27.2,-4674.41,ETOPO_2022_v1_15s_bed_elev
-49.8,27.2,-4591.62,ETOPO_2022_v1_15s_bed_elev
-49.7,27.2,-4601.84,ETOPO_2022_v1_15s_bed_elev
-49.6,27.2,-4940.02,ETOPO_2022_v1_15s_bed_elev
-49.5,27.2,-5055.7,ETOPO_2022_v1_15s_bed_elev
-49.4,27.2,-4800.58,ETOPO_2022_v1_15s_bed_elev
-49.3,27.2,-4719.32,ETOPO_2022_v1_15s_bed_elev
-49.2,27.2,-4875.33,ETOPO_2022_v1_15s_bed_elev
-49.1,27.2,-4519.53,ETOPO_2022_v1_15s_bed_elev
-49.0,27.2,-4253.71,ETOPO_2022_v1_15s_bed_elev
-48.9,27.2,-4772.68,ETOPO_2022_v1_15s_bed_elev
-48.8,27.2,-4760.88,ETOPO_2022_v1_15s_bed_elev
-48.7,27.2,-4510.04,ETOPO_2022_v1_15s_bed_elev
-48.6,27.2,-4772.77,ETOPO_2022_v1_15s_bed_elev
-48.5,27.2,-4379.84,ETOPO_2022_v1_15s_bed_elev
-48.4,27.2,-4589.41,ETOPO_2022_v1_15s_bed_elev
-48.3,27.2,-4631.86,ETOPO_2022_v1_15s_bed_elev
-48.2,27.2,-4639.11,ETOPO_2022_v1_15s_bed_elev
-48.1,27.2,-4299.98,ETOPO_2022_v1_15s_bed_elev
-48.0,27.2,-4437.48,ETOPO_2022_v1_15s_bed_elev
-47.9,27.2,-4524.35,ETOPO_2022_v1_15s_bed_elev
-47.8,27.2,-4339.65,ETOPO_2022_v1_15s_bed_elev
-47.7,27.2,-4514.26,ETOPO_2022_v1_15s_bed_elev
-47.6,27.2,-4471.07,ETOPO_2022_v1_15s_bed_elev
-47.5,27.2,-4599.99,ETOPO_2022_v1_15s_bed_elev
-47.4,27.2,-4299.92,ETOPO_2022_v1_15s_bed_elev
-47.3,27.2,-4212.9,ETOPO_2022_v1_15s_bed_elev
-47.2,27.2,-4189.11,ETOPO_2022_v1_15s_bed_elev
-47.1,27.2,-4182.2,ETOPO_2022_v1_15s_bed_elev
-47.0,27.2,-3979.82,ETOPO_2022_v1_15s_bed_elev
-46.9,27.2,-4087.31,ETOPO_2022_v1_15s_bed_elev
-46.8,27.2,-3892.1,ETOPO_2022_v1_15s_bed_elev
-46.7,27.2,-3838.74,ETOPO_2022_v1_15s_bed_elev
-46.6,27.2,-4085.03,ETOPO_2022_v1_15s_bed_elev
-46.5,27.2,-4215.01,ETOPO_2022_v1_15s_bed_elev
-46.4,27.2,-4110.24,ETOPO_2022_v1_15s_bed_elev
-46.3,27.2,-4169.46,ETOPO_2022_v1_15s_bed_elev
-46.2,27.2,-4143.06,ETOPO_2022_v1_15s_bed_elev
-46.1,27.2,-3993.01,ETOPO_2022_v1_15s_bed_elev
-46.0,27.2,-3532.35,ETOPO_2022_v1_15s_bed_elev
-45.9,27.2,-3506.42,ETOPO_2022_v1_15s_bed_elev
-45.8,27.2,-3656.68,ETOPO_2022_v1_15s_bed_elev
-45.7,27.2,-3669.82,ETOPO_2022_v1_15s_bed_elev
-45.6,27.2,-3537.24,ETOPO_2022_v1_15s_bed_elev
-45.5,27.2,-3525.0,ETOPO_2022_v1_15s_bed_elev
-45.4,27.2,-3662.91,ETOPO_2022_v1_15s_bed_elev
-45.3,27.2,-3833.81,ETOPO_2022_v1_15s_bed_elev
-45.2,27.2,-3824.05,ETOPO_2022_v1_15s_bed_elev
-45.1,27.2,-3612.4,ETOPO_2022_v1_15s_bed_elev
-45.0,27.2,-3379.06,ETOPO_2022_v1_15s_bed_elev
-44.9,27.2,-3391.59,ETOPO_2022_v1_15s_bed_elev
-44.8,27.2,-3297.71,ETOPO_2022_v1_15s_bed_elev
-44.7,27.2,-3073.63,ETOPO_2022_v1_15s_bed_elev
-44.6,27.2,-2953.98,ETOPO_2022_v1_15s_bed_elev
-44.5,27.2,-2973.6,ETOPO_2022_v1_15s_bed_elev
-44.4,27.2,-3413.39,ETOPO_2022_v1_15s_bed_elev
-44.3,27.2,-3786.82,ETOPO_2022_v1_15s_bed_elev
-44.2,27.2,-3255.88,ETOPO_2022_v1_15s_bed_elev
-44.1,27.2,-2873.36,ETOPO_2022_v1_15s_bed_elev
-44.0,27.2,-2999.47,ETOPO_2022_v1_15s_bed_elev
-43.9,27.2,-3033.05,ETOPO_2022_v1_15s_bed_elev
-43.8,27.2,-3274.07,ETOPO_2022_v1_15s_bed_elev
-43.7,27.2,-3018.0,ETOPO_2022_v1_15s_bed_elev
-43.6,27.2,-3217.5,ETOPO_2022_v1_15s_bed_elev
-43.5,27.2,-3018.91,ETOPO_2022_v1_15s_bed_elev
-43.4,27.2,-3528.23,ETOPO_2022_v1_15s_bed_elev
-43.3,27.2,-3703.97,ETOPO_2022_v1_15s_bed_elev
-43.2,27.2,-3768.59,ETOPO_2022_v1_15s_bed_elev
-43.1,27.2,-3694.8,ETOPO_2022_v1_15s_bed_elev
-43.0,27.2,-3881.11,ETOPO_2022_v1_15s_bed_elev
-42.9,27.2,-3877.61,ETOPO_2022_v1_15s_bed_elev
-42.8,27.2,-3882.22,ETOPO_2022_v1_15s_bed_elev
-42.7,27.2,-3680.14,ETOPO_2022_v1_15s_bed_elev
-42.6,27.2,-3746.0,ETOPO_2022_v1_15s_bed_elev
-42.5,27.2,-4011.19,ETOPO_2022_v1_15s_bed_elev
-42.4,27.2,-3903.38,ETOPO_2022_v1_15s_bed_elev
-42.3,27.2,-3639.12,ETOPO_2022_v1_15s_bed_elev
-42.2,27.2,-3782.53,ETOPO_2022_v1_15s_bed_elev
-42.1,27.2,-3795.92,ETOPO_2022_v1_15s_bed_elev
-42.0,27.2,-3848.5,ETOPO_2022_v1_15s_bed_elev
-41.9,27.2,-3662.65,ETOPO_2022_v1_15s_bed_elev
-41.8,27.2,-3541.22,ETOPO_2022_v1_15s_bed_elev
-41.7,27.2,-3845.54,ETOPO_2022_v1_15s_bed_elev
-41.6,27.2,-4064.32,ETOPO_2022_v1_15s_bed_elev
-41.5,27.2,-4144.79,ETOPO_2022_v1_15s_bed_elev
-41.4,27.2,-4231.04,ETOPO_2022_v1_15s_bed_elev
-41.3,27.2,-4012.8,ETOPO_2022_v1_15s_bed_elev
-41.2,27.2,-3703.73,ETOPO_2022_v1_15s_bed_elev
-41.1,27.2,-3836.12,ETOPO_2022_v1_15s_bed_elev
-41.0,27.2,-4017.29,ETOPO_2022_v1_15s_bed_elev
-40.9,27.2,-3945.15,ETOPO_2022_v1_15s_bed_elev
-40.8,27.2,-4032.01,ETOPO_2022_v1_15s_bed_elev
-40.7,27.2,-4299.63,ETOPO_2022_v1_15s_bed_elev
-40.6,27.2,-4333.18,ETOPO_2022_v1_15s_bed_elev
-40.5,27.2,-4467.86,ETOPO_2022_v1_15s_bed_elev
-40.4,27.2,-4595.39,ETOPO_2022_v1_15s_bed_elev
-40.3,27.2,-4217.36,ETOPO_2022_v1_15s_bed_elev
-40.2,27.2,-4322.81,ETOPO_2022_v1_15s_bed_elev
-40.1,27.2,-4418.77,ETOPO_2022_v1_15s_bed_elev
-40.0,27.2,-4309.82,ETOPO_2022_v1_15s_bed_elev
-39.9,27.2,-4761.51,ETOPO_2022_v1_15s_bed_elev
-39.8,27.2,-4691.07,ETOPO_2022_v1_15s_bed_elev
-39.7,27.2,-4640.3,ETOPO_2022_v1_15s_bed_elev
-39.6,27.2,-4551.35,ETOPO_2022_v1_15s_bed_elev
-39.5,27.2,-4741.77,ETOPO_2022_v1_15s_bed_elev
-39.4,27.2,-4685.6,ETOPO_2022_v1_15s_bed_elev
-39.3,27.2,-4555.16,ETOPO_2022_v1_15s_bed_elev
-39.2,27.2,-4649.13,ETOPO_2022_v1_15s_bed_elev
-39.1,27.2,-4696.53,ETOPO_2022_v1_15s_bed_elev
-39.0,27.2,-4980.75,ETOPO_2022_v1_15s_bed_elev
-38.9,27.2,-4786.91,ETOPO_2022_v1_15s_bed_elev
-38.8,27.2,-4602.68,ETOPO_2022_v1_15s_bed_elev
-38.7,27.2,-4832.16,ETOPO_2022_v1_15s_bed_elev
-38.6,27.2,-4982.44,ETOPO_2022_v1_15s_bed_elev
-38.5,27.2,-5101.97,ETOPO_2022_v1_15s_bed_elev
-38.4,27.2,-4783.61,ETOPO_2022_v1_15s_bed_elev
-38.3,27.2,-4940.32,ETOPO_2022_v1_15s_bed_elev
-38.2,27.2,-5154.21,ETOPO_2022_v1_15s_bed_elev
-38.1,27.2,-5098.56,ETOPO_2022_v1_15s_bed_elev
-38.0,27.2,-4902.44,ETOPO_2022_v1_15s_bed_elev
-37.9,27.2,-4832.94,ETOPO_2022_v1_15s_bed_elev
-37.8,27.2,-4963.96,ETOPO_2022_v1_15s_bed_elev
-37.7,27.2,-4865.46,ETOPO_2022_v1_15s_bed_elev
-37.6,27.2,-4993.51,ETOPO_2022_v1_15s_bed_elev
-37.5,27.2,-4911.4,ETOPO_2022_v1_15s_bed_elev
-37.4,27.2,-4919.11,ETOPO_2022_v1_15s_bed_elev
-37.3,27.2,-5000.94,ETOPO_2022_v1_15s_bed_elev
-37.2,27.2,-5033.85,ETOPO_2022_v1_15s_bed_elev
-37.1,27.2,-5129.42,ETOPO_2022_v1_15s_bed_elev
-37.0,27.2,-5249.39,ETOPO_2022_v1_15s_bed_elev
-36.9,27.2,-4881.61,ETOPO_2022_v1_15s_bed_elev
-36.8,27.2,-4797.55,ETOPO_2022_v1_15s_bed_elev
-36.7,27.2,-5025.92,ETOPO_2022_v1_15s_bed_elev
-36.6,27.2,-5211.28,ETOPO_2022_v1_15s_bed_elev
-36.5,27.2,-4943.51,ETOPO_2022_v1_15s_bed_elev
-36.4,27.2,-5066.04,ETOPO_2022_v1_15s_bed_elev
-36.3,27.2,-5124.44,ETOPO_2022_v1_15s_bed_elev
-36.2,27.2,-5185.44,ETOPO_2022_v1_15s_bed_elev
-36.1,27.2,-4988.19,ETOPO_2022_v1_15s_bed_elev
-36.0,27.2,-4963.74,ETOPO_2022_v1_15s_bed_elev
-35.9,27.2,-4925.49,ETOPO_2022_v1_15s_bed_elev
-35.8,27.2,-4858.55,ETOPO_2022_v1_15s_bed_elev
-35.7,27.2,-4903.48,ETOPO_2022_v1_15s_bed_elev
-35.6,27.2,-4570.2,ETOPO_2022_v1_15s_bed_elev
-35.5,27.2,-4656.47,ETOPO_2022_v1_15s_bed_elev
-35.4,27.2,-4663.0,ETOPO_2022_v1_15s_bed_elev
-35.3,27.2,-4924.07,ETOPO_2022_v1_15s_bed_elev
-35.2,27.2,-5072.94,ETOPO_2022_v1_15s_bed_elev
-35.1,27.2,-4892.58,ETOPO_2022_v1_15s_bed_elev
-35.0,27.2,-5123.17,ETOPO_2022_v1_15s_bed_elev
-51.0,27.3,-5071.85,ETOPO_2022_v1_15s_bed_elev
-50.9,27.3,-4953.71,ETOPO_2022_v1_15s_bed_elev
-50.8,27.3,-4828.62,ETOPO_2022_v1_15s_bed_elev
-50.7,27.3,-5072.37,ETOPO_2022_v1_15s_bed_elev
-50.6,27.3,-4810.53,ETOPO_2022_v1_15s_bed_elev
-50.5,27.3,-4968.56,ETOPO_2022_v1_15s_bed_elev
-50.4,27.3,-5081.91,ETOPO_2022_v1_15s_bed_elev
-50.3,27.3,-5117.1,ETOPO_2022_v1_15s_bed_elev
-50.2,27.3,-4837.67,ETOPO_2022_v1_15s_bed_elev
-50.1,27.3,-4737.16,ETOPO_2022_v1_15s_bed_elev
-50.0,27.3,-4646.29,ETOPO_2022_v1_15s_bed_elev
-49.9,27.3,-4680.67,ETOPO_2022_v1_15s_bed_elev
-49.8,27.3,-4848.93,ETOPO_2022_v1_15s_bed_elev
-49.7,27.3,-4950.78,ETOPO_2022_v1_15s_bed_elev
-49.6,27.3,-4685.84,ETOPO_2022_v1_15s_bed_elev
-49.5,27.3,-5229.07,ETOPO_2022_v1_15s_bed_elev
-49.4,27.3,-4924.47,ETOPO_2022_v1_15s_bed_elev
-49.3,27.3,-4778.27,ETOPO_2022_v1_15s_bed_elev
-49.2,27.3,-4872.45,ETOPO_2022_v1_15s_bed_elev
-49.1,27.3,-4766.92,ETOPO_2022_v1_15s_bed_elev
-49.0,27.3,-4762.32,ETOPO_2022_v1_15s_bed_elev
-48.9,27.3,-4666.34,ETOPO_2022_v1_15s_bed_elev
-48.8,27.3,-4667.71,ETOPO_2022_v1_15s_bed_elev
-48.7,27.3,-4609.65,ETOPO_2022_v1_15s_bed_elev
-48.6,27.3,-4913.2,ETOPO_2022_v1_15s_bed_elev
-48.5,27.3,-5004.23,ETOPO_2022_v1_15s_bed_elev
-48.4,27.3,-4741.43,ETOPO_2022_v1_15s_bed_elev
-48.3,27.3,-4583.4,ETOPO_2022_v1_15s_bed_elev
-48.2,27.3,-4754.49,ETOPO_2022_v1_15s_bed_elev
-48.1,27.3,-4543.06,ETOPO_2022_v1_15s_bed_elev
-48.0,27.3,-4403.2,ETOPO_2022_v1_15s_bed_elev
-47.9,27.3,-4652.24,ETOPO_2022_v1_15s_bed_elev
-47.8,27.3,-4672.42,ETOPO_2022_v1_15s_bed_elev
-47.7,27.3,-4424.45,ETOPO_2022_v1_15s_bed_elev
-47.6,27.3,-4345.62,ETOPO_2022_v1_15s_bed_elev
-47.5,27.3,-4499.57,ETOPO_2022_v1_15s_bed_elev
-47.4,27.3,-4530.16,ETOPO_2022_v1_15s_bed_elev
-47.3,27.3,-4510.29,ETOPO_2022_v1_15s_bed_elev
-47.2,27.3,-4189.55,ETOPO_2022_v1_15s_bed_elev
-47.1,27.3,-4216.28,ETOPO_2022_v1_15s_bed_elev
-47.0,27.3,-4338.71,ETOPO_2022_v1_15s_bed_elev
-46.9,27.3,-4291.8,ETOPO_2022_v1_15s_bed_elev
-46.8,27.3,-4294.19,ETOPO_2022_v1_15s_bed_elev
-46.7,27.3,-3986.26,ETOPO_2022_v1_15s_bed_elev
-46.6,27.3,-4096.22,ETOPO_2022_v1_15s_bed_elev
-46.5,27.3,-3937.01,ETOPO_2022_v1_15s_bed_elev
-46.4,27.3,-3481.21,ETOPO_2022_v1_15s_bed_elev
-46.3,27.3,-3995.15,ETOPO_2022_v1_15s_bed_elev
-46.2,27.3,-4258.22,ETOPO_2022_v1_15s_bed_elev
-46.1,27.3,-4050.18,ETOPO_2022_v1_15s_bed_elev
-46.0,27.3,-3814.79,ETOPO_2022_v1_15s_bed_elev
-45.9,27.3,-3528.73,ETOPO_2022_v1_15s_bed_elev
-45.8,27.3,-3785.69,ETOPO_2022_v1_15s_bed_elev
-45.7,27.3,-3884.77,ETOPO_2022_v1_15s_bed_elev
-45.6,27.3,-3799.58,ETOPO_2022_v1_15s_bed_elev
-45.5,27.3,-4068.7,ETOPO_2022_v1_15s_bed_elev
-45.4,27.3,-3999.14,ETOPO_2022_v1_15s_bed_elev
-45.3,27.3,-3860.66,ETOPO_2022_v1_15s_bed_elev
-45.2,27.3,-3895.48,ETOPO_2022_v1_15s_bed_elev
-45.1,27.3,-3651.51,ETOPO_2022_v1_15s_bed_elev
-45.0,27.3,-3298.43,ETOPO_2022_v1_15s_bed_elev
-44.9,27.3,-3228.44,ETOPO_2022_v1_15s_bed_elev
-44.8,27.3,-3347.87,ETOPO_2022_v1_15s_bed_elev
-44.7,27.3,-3335.13,ETOPO_2022_v1_15s_bed_elev
-44.6,27.3,-2795.74,ETOPO_2022_v1_15s_bed_elev
-44.5,27.3,-2592.25,ETOPO_2022_v1_15s_bed_elev
-44.4,27.3,-3132.64,ETOPO_2022_v1_15s_bed_elev
-44.3,27.3,-3895.14,ETOPO_2022_v1_15s_bed_elev
-44.2,27.3,-3684.61,ETOPO_2022_v1_15s_bed_elev
-44.1,27.3,-2932.86,ETOPO_2022_v1_15s_bed_elev
-44.0,27.3,-3182.08,ETOPO_2022_v1_15s_bed_elev
-43.9,27.3,-2739.56,ETOPO_2022_v1_15s_bed_elev
-43.8,27.3,-2832.83,ETOPO_2022_v1_15s_bed_elev
-43.7,27.3,-3212.72,ETOPO_2022_v1_15s_bed_elev
-43.6,27.3,-3364.58,ETOPO_2022_v1_15s_bed_elev
-43.5,27.3,-3234.04,ETOPO_2022_v1_15s_bed_elev
-43.4,27.3,-3207.15,ETOPO_2022_v1_15s_bed_elev
-43.3,27.3,-3482.59,ETOPO_2022_v1_15s_bed_elev
-43.2,27.3,-3514.46,ETOPO_2022_v1_15s_bed_elev
-43.1,27.3,-3201.58,ETOPO_2022_v1_15s_bed_elev
-43.0,27.3,-3320.86,ETOPO_2022_v1_15s_bed_elev
-42.9,27.3,-4052.11,ETOPO_2022_v1_15s_bed_elev
-42.8,27.3,-3813.17,ETOPO_2022_v1_15s_bed_elev
-42.7,27.3,-3577.61,ETOPO_2022_v1_15s_bed_elev
-42.6,27.3,-3432.64,ETOPO_2022_v1_15s_bed_elev
-42.5,27.3,-3567.81,ETOPO_2022_v1_15s_bed_elev
-42.4,27.3,-3952.6,ETOPO_2022_v1_15s_bed_elev
-42.3,27.3,-3993.02,ETOPO_2022_v1_15s_bed_elev
-42.2,27.3,-3883.48,ETOPO_2022_v1_15s_bed_elev
-42.1,27.3,-3921.38,ETOPO_2022_v1_15s_bed_elev
-42.0,27.3,-4152.58,ETOPO_2022_v1_15s_bed_elev
-41.9,27.3,-4325.58,ETOPO_2022_v1_15s_bed_elev
-41.8,27.3,-3984.79,ETOPO_2022_v1_15s_bed_elev
-41.7,27.3,-3980.43,ETOPO_2022_v1_15s_bed_elev
-41.6,27.3,-4121.08,ETOPO_2022_v1_15s_bed_elev
-41.5,27.3,-4202.23,ETOPO_2022_v1_15s_bed_elev
-41.4,27.3,-4061.27,ETOPO_2022_v1_15s_bed_elev
-41.3,27.3,-3983.69,ETOPO_2022_v1_15s_bed_elev
-41.2,27.3,-4181.26,ETOPO_2022_v1_15s_bed_elev
-41.1,27.3,-4338.87,ETOPO_2022_v1_15s_bed_elev
-41.0,27.3,-4443.71,ETOPO_2022_v1_15s_bed_elev
-40.9,27.3,-4386.18,ETOPO_2022_v1_15s_bed_elev
-40.8,27.3,-4406.05,ETOPO_2022_v1_15s_bed_elev
-40.7,27.3,-4427.54,ETOPO_2022_v1_15s_bed_elev
-40.6,27.3,-4414.86,ETOPO_2022_v1_15s_bed_elev
-40.5,27.3,-4554.89,ETOPO_2022_v1_15s_bed_elev
-40.4,27.3,-4708.6,ETOPO_2022_v1_15s_bed_elev
-40.3,27.3,-4520.36,ETOPO_2022_v1_15s_bed_elev
-40.2,27.3,-4040.74,ETOPO_2022_v1_15s_bed_elev
-40.1,27.3,-4244.77,ETOPO_2022_v1_15s_bed_elev
-40.0,27.3,-4454.9,ETOPO_2022_v1_15s_bed_elev
-39.9,27.3,-4436.37,ETOPO_2022_v1_15s_bed_elev
-39.8,27.3,-4008.67,ETOPO_2022_v1_15s_bed_elev
-39.7,27.3,-4150.42,ETOPO_2022_v1_15s_bed_elev
-39.6,27.3,-4597.27,ETOPO_2022_v1_15s_bed_elev
-39.5,27.3,-4798.46,ETOPO_2022_v1_15s_bed_elev
-39.4,27.3,-4795.79,ETOPO_2022_v1_15s_bed_elev
-39.3,27.3,-4641.03,ETOPO_2022_v1_15s_bed_elev
-39.2,27.3,-4672.62,ETOPO_2022_v1_15s_bed_elev
-39.1,27.3,-4692.89,ETOPO_2022_v1_15s_bed_elev
-39.0,27.3,-4687.67,ETOPO_2022_v1_15s_bed_elev
-38.9,27.3,-4855.89,ETOPO_2022_v1_15s_bed_elev
-38.8,27.3,-4767.8,ETOPO_2022_v1_15s_bed_elev
-38.7,27.3,-4638.51,ETOPO_2022_v1_15s_bed_elev
-38.6,27.3,-4897.27,ETOPO_2022_v1_15s_bed_elev
-38.5,27.3,-5025.75,ETOPO_2022_v1_15s_bed_elev
-38.4,27.3,-4747.91,ETOPO_2022_v1_15s_bed_elev
-38.3,27.3,-5127.5,ETOPO_2022_v1_15s_bed_elev
-38.2,27.3,-4962.08,ETOPO_2022_v1_15s_bed_elev
-38.1,27.3,-5070.85,ETOPO_2022_v1_15s_bed_elev
-38.0,27.3,-4668.68,ETOPO_2022_v1_15s_bed_elev
-37.9,27.3,-4516.28,ETOPO_2022_v1_15s_bed_elev
-37.8,27.3,-4950.29,ETOPO_2022_v1_15s_bed_elev
-37.7,27.3,-4668.63,ETOPO_2022_v1_15s_bed_elev
-37.6,27.3,-5059.44,ETOPO_2022_v1_15s_bed_elev
-37.5,27.3,-4956.15,ETOPO_2022_v1_15s_bed_elev
-37.4,27.3,-4954.63,ETOPO_2022_v1_15s_bed_elev
-37.3,27.3,-4939.11,ETOPO_2022_v1_15s_bed_elev
-37.2,27.3,-5037.66,ETOPO_2022_v1_15s_bed_elev
-37.1,27.3,-5234.72,ETOPO_2022_v1_15s_bed_elev
-37.0,27.3,-5004.31,ETOPO_2022_v1_15s_bed_elev
-36.9,27.3,-5392.69,ETOPO_2022_v1_15s_bed_elev
-36.8,27.3,-5291.35,ETOPO_2022_v1_15s_bed_elev
-36.7,27.3,-4981.99,ETOPO_2022_v1_15s_bed_elev
-36.6,27.3,-4833.07,ETOPO_2022_v1_15s_bed_elev
-36.5,27.3,-4764.46,ETOPO_2022_v1_15s_bed_elev
-36.4,27.3,-4839.22,ETOPO_2022_v1_15s_bed_elev
-36.3,27.3,-5016.35,ETOPO_2022_v1_15s_bed_elev
-36.2,27.3,-5353.48,ETOPO_2022_v1_15s_bed_elev
-36.1,27.3,-5325.35,ETOPO_2022_v1_15s_bed_elev
-36.0,27.3,-5602.22,ETOPO_2022_v1_15s_bed_elev
-35.9,27.3,-5470.57,ETOPO_2022_v1_15s_bed_elev
-35.8,27.3,-5543.09,ETOPO_2022_v1_15s_bed_elev
-35.7,27.3,-5519.49,ETOPO_2022_v1_15s_bed_elev
-35.6,27.3,-5421.2,ETOPO_2022_v1_15s_bed_elev
-35.5,27.3,-5386.38,ETOPO_2022_v1_15s_bed_elev
-35.4,27.3,-5140.13,ETOPO_2022_v1_15s_bed_elev
-35.3,27.3,-4965.0,ETOPO_2022_v1_15s_bed_elev
-35.2,27.3,-4950.8,ETOPO_2022_v1_15s_bed_elev
-35.1,27.3,-5161.09,ETOPO_2022_v1_15s_bed_elev
-35.0,27.3,-5084.95,ETOPO_2022_v1_15s_bed_elev
-51.0,27.4,-5205.78,ETOPO_2022_v1_15s_bed_elev
-50.9,27.4,-5187.56,ETOPO_2022_v1_15s_bed_elev
-50.8,27.4,-5021.41,ETOPO_2022_v1_15s_bed_elev
-50.7,27.4,-5094.57,ETOPO_2022_v1_15s_bed_elev
-50.6,27.4,-4791.66,ETOPO_2022_v1_15s_bed_elev
-50.5,27.4,-4756.6,ETOPO_2022_v1_15s_bed_elev
-50.4,27.4,-4966.8,ETOPO_2022_v1_15s_bed_elev
-50.3,27.4,-4934.67,ETOPO_2022_v1_15s_bed_elev
-50.2,27.4,-4921.41,ETOPO_2022_v1_15s_bed_elev
-50.1,27.4,-5202.38,ETOPO_2022_v1_15s_bed_elev
-50.0,27.4,-4866.93,ETOPO_2022_v1_15s_bed_elev
-49.9,27.4,-4674.06,ETOPO_2022_v1_15s_bed_elev
-49.8,27.4,-5027.03,ETOPO_2022_v1_15s_bed_elev
-49.7,27.4,-4910.07,ETOPO_2022_v1_15s_bed_elev
-49.6,27.4,-4604.03,ETOPO_2022_v1_15s_bed_elev
-49.5,27.4,-4696.54,ETOPO_2022_v1_15s_bed_elev
-49.4,27.4,-4974.29,ETOPO_2022_v1_15s_bed_elev
-49.3,27.4,-4707.92,ETOPO_2022_v1_15s_bed_elev
-49.2,27.4,-4829.98,ETOPO_2022_v1_15s_bed_elev
-49.1,27.4,-4774.02,ETOPO_2022_v1_15s_bed_elev
-49.0,27.4,-4834.72,ETOPO_2022_v1_15s_bed_elev
-48.9,27.4,-4624.67,ETOPO_2022_v1_15s_bed_elev
-48.8,27.4,-4736.87,ETOPO_2022_v1_15s_bed_elev
-48.7,27.4,-4746.93,ETOPO_2022_v1_15s_bed_elev
-48.6,27.4,-4492.89,ETOPO_2022_v1_15s_bed_elev
-48.5,27.4,-4907.94,ETOPO_2022_v1_15s_bed_elev
-48.4,27.4,-4641.53,ETOPO_2022_v1_15s_bed_elev
-48.3,27.4,-4507.82,ETOPO_2022_v1_15s_bed_elev
-48.2,27.4,-4680.02,ETOPO_2022_v1_15s_bed_elev
-48.1,27.4,-4250.66,ETOPO_2022_v1_15s_bed_elev
-48.0,27.4,-4046.85,ETOPO_2022_v1_15s_bed_elev
-47.9,27.4,-4554.83,ETOPO_2022_v1_15s_bed_elev
-47.8,27.4,-4772.2,ETOPO_2022_v1_15s_bed_elev
-47.7,27.4,-4434.07,ETOPO_2022_v1_15s_bed_elev
-47.6,27.4,-4361.8,ETOPO_2022_v1_15s_bed_elev
-47.5,27.4,-4346.67,ETOPO_2022_v1_15s_bed_elev
-47.4,27.4,-4428.34,ETOPO_2022_v1_15s_bed_elev
-47.3,27.4,-4251.47,ETOPO_2022_v1_15s_bed_elev
-47.2,27.4,-4265.05,ETOPO_2022_v1_15s_bed_elev
-47.1,27.4,-4331.99,ETOPO_2022_v1_15s_bed_elev
-47.0,27.4,-4252.56,ETOPO_2022_v1_15s_bed_elev
-46.9,27.4,-4259.74,ETOPO_2022_v1_15s_bed_elev
-46.8,27.4,-4194.75,ETOPO_2022_v1_15s_bed_elev
-46.7,27.4,-4217.24,ETOPO_2022_v1_15s_bed_elev
-46.6,27.4,-4117.13,ETOPO_2022_v1_15s_bed_elev
-46.5,27.4,-3792.24,ETOPO_2022_v1_15s_bed_elev
-46.4,27.4,-3463.09,ETOPO_2022_v1_15s_bed_elev
-46.3,27.4,-3753.92,ETOPO_2022_v1_15s_bed_elev
-46.2,27.4,-3909.85,ETOPO_2022_v1_15s_bed_elev
-46.1,27.4,-3631.19,ETOPO_2022_v1_15s_bed_elev
-46.0,27.4,-3619.71,ETOPO_2022_v1_15s_bed_elev
-45.9,27.4,-3887.24,ETOPO_2022_v1_15s_bed_elev
-45.8,27.4,-4112.79,ETOPO_2022_v1_15s_bed_elev
-45.7,27.4,-4059.03,ETOPO_2022_v1_15s_bed_elev
-45.6,27.4,-4060.2,ETOPO_2022_v1_15s_bed_elev
-45.5,27.4,-4120.1,ETOPO_2022_v1_15s_bed_elev
-45.4,27.4,-4018.54,ETOPO_2022_v1_15s_bed_elev
-45.3,27.4,-3538.29,ETOPO_2022_v1_15s_bed_elev
-45.2,27.4,-3538.16,ETOPO_2022_v1_15s_bed_elev
-45.1,27.4,-3593.67,ETOPO_2022_v1_15s_bed_elev
-45.0,27.4,-2897.86,ETOPO_2022_v1_15s_bed_elev
-44.9,27.4,-2964.95,ETOPO_2022_v1_15s_bed_elev
-44.8,27.4,-3132.25,ETOPO_2022_v1_15s_bed_elev
-44.7,27.4,-3111.8,ETOPO_2022_v1_15s_bed_elev
-44.6,27.4,-2798.04,ETOPO_2022_v1_15s_bed_elev
-44.5,27.4,-2616.94,ETOPO_2022_v1_15s_bed_elev
-44.4,27.4,-2908.92,ETOPO_2022_v1_15s_bed_elev
-44.3,27.4,-3612.45,ETOPO_2022_v1_15s_bed_elev
-44.2,27.4,-3398.97,ETOPO_2022_v1_15s_bed_elev
-44.1,27.4,-3076.77,ETOPO_2022_v1_15s_bed_elev
-44.0,27.4,-3004.24,ETOPO_2022_v1_15s_bed_elev
-43.9,27.4,-2754.26,ETOPO_2022_v1_15s_bed_elev
-43.8,27.4,-2597.74,ETOPO_2022_v1_15s_bed_elev
-43.7,27.4,-2583.45,ETOPO_2022_v1_15s_bed_elev
-43.6,27.4,-3226.42,ETOPO_2022_v1_15s_bed_elev
-43.5,27.4,-3513.13,ETOPO_2022_v1_15s_bed_elev
-43.4,27.4,-3020.96,ETOPO_2022_v1_15s_bed_elev
-43.3,27.4,-3162.46,ETOPO_2022_v1_15s_bed_elev
-43.2,27.4,-3429.75,ETOPO_2022_v1_15s_bed_elev
-43.1,27.4,-3421.14,ETOPO_2022_v1_15s_bed_elev
-43.0,27.4,-3334.38,ETOPO_2022_v1_15s_bed_elev
-42.9,27.4,-3923.73,ETOPO_2022_v1_15s_bed_elev
-42.8,27.4,-4006.59,ETOPO_2022_v1_15s_bed_elev
-42.7,27.4,-3958.67,ETOPO_2022_v1_15s_bed_elev
-42.6,27.4,-3687.2,ETOPO_2022_v1_15s_bed_elev
-42.5,27.4,-3765.54,ETOPO_2022_v1_15s_bed_elev
-42.4,27.4,-3993.4,ETOPO_2022_v1_15s_bed_elev
-42.3,27.4,-3893.27,ETOPO_2022_v1_15s_bed_elev
-42.2,27.4,-4104.97,ETOPO_2022_v1_15s_bed_elev
-42.1,27.4,-4113.62,ETOPO_2022_v1_15s_bed_elev
-42.0,27.4,-3930.74,ETOPO_2022_v1_15s_bed_elev
-41.9,27.4,-4047.04,ETOPO_2022_v1_15s_bed_elev
-41.8,27.4,-3995.73,ETOPO_2022_v1_15s_bed_elev
-41.7,27.4,-4000.15,ETOPO_2022_v1_15s_bed_elev
-41.6,27.4,-4147.36,ETOPO_2022_v1_15s_bed_elev
-41.5,27.4,-4020.91,ETOPO_2022_v1_15s_bed_elev
-41.4,27.4,-4019.26,ETOPO_2022_v1_15s_bed_elev
-41.3,27.4,-3958.6,ETOPO_2022_v1_15s_bed_elev
-41.2,27.4,-4095.81,ETOPO_2022_v1_15s_bed_elev
-41.1,27.4,-4352.22,ETOPO_2022_v1_15s_bed_elev
-41.0,27.4,-4096.24,ETOPO_2022_v1_15s_bed_elev
-40.9,27.4,-4063.2,ETOPO_2022_v1_15s_bed_elev
-40.8,27.4,-4205.7,ETOPO_2022_v1_15s_bed_elev
-40.7,27.4,-4322.89,ETOPO_2022_v1_15s_bed_elev
-40.6,27.4,-4323.22,ETOPO_2022_v1_15s_bed_elev
-40.5,27.4,-4271.25,ETOPO_2022_v1_15s_bed_elev
-40.4,27.4,-4199.01,ETOPO_2022_v1_15s_bed_elev
-40.3,27.4,-4447.18,ETOPO_2022_v1_15s_bed_elev
-40.2,27.4,-4247.94,ETOPO_2022_v1_15s_bed_elev
-40.1,27.4,-4227.59,ETOPO_2022_v1_15s_bed_elev
-40.0,27.4,-4370.8,ETOPO_2022_v1_15s_bed_elev
-39.9,27.4,-4380.64,ETOPO_2022_v1_15s_bed_elev
-39.8,27.4,-4201.56,ETOPO_2022_v1_15s_bed_elev
-39.7,27.4,-4578.94,ETOPO_2022_v1_15s_bed_elev
-39.6,27.4,-4873.68,ETOPO_2022_v1_15s_bed_elev
-39.5,27.4,-4853.75,ETOPO_2022_v1_15s_bed_elev
-39.4,27.4,-4649.57,ETOPO_2022_v1_15s_bed_elev
-39.3,27.4,-4369.38,ETOPO_2022_v1_15s_bed_elev
-39.2,27.4,-4606.0,ETOPO_2022_v1_15s_bed_elev
-39.1,27.4,-4675.91,ETOPO_2022_v1_15s_bed_elev
-39.0,27.4,-4565.97,ETOPO_2022_v1_15s_bed_elev
-38.9,27.4,-4831.46,ETOPO_2022_v1_15s_bed_elev
-38.8,27.4,-4712.8,ETOPO_2022_v1_15s_bed_elev
-38.7,27.4,-4692.93,ETOPO_2022_v1_15s_bed_elev
-38.6,27.4,-4838.53,ETOPO_2022_v1_15s_bed_elev
-38.5,27.4,-4818.49,ETOPO_2022_v1_15s_bed_elev
-38.4,27.4,-5027.91,ETOPO_2022_v1_15s_bed_elev
-38.3,27.4,-5269.2,ETOPO_2022_v1_15s_bed_elev
-38.2,27.4,-4805.42,ETOPO_2022_v1_15s_bed_elev
-38.1,27.4,-4544.1,ETOPO_2022_v1_15s_bed_elev
-38.0,27.4,-4799.81,ETOPO_2022_v1_15s_bed_elev
-37.9,27.4,-4773.24,ETOPO_2022_v1_15s_bed_elev
-37.8,27.4,-4787.64,ETOPO_2022_v1_15s_bed_elev
-37.7,27.4,-4823.39,ETOPO_2022_v1_15s_bed_elev
-37.6,27.4,-5118.46,ETOPO_2022_v1_15s_bed_elev
-37.5,27.4,-4946.88,ETOPO_2022_v1_15s_bed_elev
-37.4,27.4,-4954.29,ETOPO_2022_v1_15s_bed_elev
-37.3,27.4,-4902.0,ETOPO_2022_v1_15s_bed_elev
-37.2,27.4,-4860.29,ETOPO_2022_v1_15s_bed_elev
-37.1,27.4,-5243.24,ETOPO_2022_v1_15s_bed_elev
-37.0,27.4,-4922.97,ETOPO_2022_v1_15s_bed_elev
-36.9,27.4,-5236.27,ETOPO_2022_v1_15s_bed_elev
-36.8,27.4,-5081.23,ETOPO_2022_v1_15s_bed_elev
-36.7,27.4,-5055.38,ETOPO_2022_v1_15s_bed_elev
-36.6,27.4,-5034.54,ETOPO_2022_v1_15s_bed_elev
-36.5,27.4,-5052.77,ETOPO_2022_v1_15s_bed_elev
-36.4,27.4,-5194.74,ETOPO_2022_v1_15s_bed_elev
-36.3,27.4,-5421.3,ETOPO_2022_v1_15s_bed_elev
-36.2,27.4,-5462.39,ETOPO_2022_v1_15s_bed_elev
-36.1,27.4,-5353.7,ETOPO_2022_v1_15s_bed_elev
-36.0,27.4,-5210.5,ETOPO_2022_v1_15s_bed_elev
-35.9,27.4,-5139.94,ETOPO_2022_v1_15s_bed_elev
-35.8,27.4,-5266.55,ETOPO_2022_v1_15s_bed_elev
-35.7,27.4,-5181.58,ETOPO_2022_v1_15s_bed_elev
-35.6,27.4,-5288.92,ETOPO_2022_v1_15s_bed_elev
-35.5,27.4,-5249.75,ETOPO_2022_v1_15s_bed_elev
-35.4,27.4,-5265.38,ETOPO_2022_v1_15s_bed_elev
-35.3,27.4,-5299.3,ETOPO_2022_v1_15s_bed_elev
-35.2,27.4,-5013.03,ETOPO_2022_v1_15s_bed_elev
-35.1,27.4,-4853.17,ETOPO_2022_v1_15s_bed_elev
-35.0,27.4,-4863.86,ETOPO_2022_v1_15s_bed_elev
-51.0,27.5,-5092.65,ETOPO_2022_v1_15s_bed_elev
-50.9,27.5,-5176.4,ETOPO_2022_v1_15s_bed_elev
-50.8,27.5,-5013.91,ETOPO_2022_v1_15s_bed_elev
-50.7,27.5,-4987.35,ETOPO_2022_v1_15s_bed_elev
-50.6,27.5,-4635.77,ETOPO_2022_v1_15s_bed_elev
-50.5,27.5,-4970.46,ETOPO_2022_v1_15s_bed_elev
-50.4,27.5,-5146.95,ETOPO_2022_v1_15s_bed_elev
-50.3,27.5,-5044.88,ETOPO_2022_v1_15s_bed_elev
-50.2,27.5,-4866.27,ETOPO_2022_v1_15s_bed_elev
-50.1,27.5,-5082.73,ETOPO_2022_v1_15s_bed_elev
-50.0,27.5,-5140.28,ETOPO_2022_v1_15s_bed_elev
-49.9,27.5,-4978.15,ETOPO_2022_v1_15s_bed_elev
-49.8,27.5,-4953.99,ETOPO_2022_v1_15s_bed_elev
-49.7,27.5,-4859.6,ETOPO_2022_v1_15s_bed_elev
-49.6,27.5,-4537.53,ETOPO_2022_v1_15s_bed_elev
-49.5,27.5,-4604.56,ETOPO_2022_v1_15s_bed_elev
-49.4,27.5,-4988.56,ETOPO_2022_v1_15s_bed_elev
-49.3,27.5,-4483.18,ETOPO_2022_v1_15s_bed_elev
-49.2,27.5,-4813.79,ETOPO_2022_v1_15s_bed_elev
-49.1,27.5,-5023.29,ETOPO_2022_v1_15s_bed_elev
-49.0,27.5,-4851.63,ETOPO_2022_v1_15s_bed_elev
-48.9,27.5,-4472.54,ETOPO_2022_v1_15s_bed_elev
-48.8,27.5,-4726.76,ETOPO_2022_v1_15s_bed_elev
-48.7,27.5,-4783.19,ETOPO_2022_v1_15s_bed_elev
-48.6,27.5,-4289.77,ETOPO_2022_v1_15s_bed_elev
-48.5,27.5,-4596.65,ETOPO_2022_v1_15s_bed_elev
-48.4,27.5,-4142.64,ETOPO_2022_v1_15s_bed_elev
-48.3,27.5,-3927.03,ETOPO_2022_v1_15s_bed_elev
-48.2,27.5,-4621.38,ETOPO_2022_v1_15s_bed_elev
-48.1,27.5,-4747.31,ETOPO_2022_v1_15s_bed_elev
-48.0,27.5,-4497.74,ETOPO_2022_v1_15s_bed_elev
-47.9,27.5,-4802.83,ETOPO_2022_v1_15s_bed_elev
-47.8,27.5,-4760.49,ETOPO_2022_v1_15s_bed_elev
-47.7,27.5,-4372.41,ETOPO_2022_v1_15s_bed_elev
-47.6,27.5,-4222.26,ETOPO_2022_v1_15s_bed_elev
-47.5,27.5,-4087.35,ETOPO_2022_v1_15s_bed_elev
-47.4,27.5,-4081.78,ETOPO_2022_v1_15s_bed_elev
-47.3,27.5,-4267.57,ETOPO_2022_v1_15s_bed_elev
-47.2,27.5,-4104.66,ETOPO_2022_v1_15s_bed_elev
-47.1,27.5,-4560.34,ETOPO_2022_v1_15s_bed_elev
-47.0,27.5,-4154.22,ETOPO_2022_v1_15s_bed_elev
-46.9,27.5,-4085.76,ETOPO_2022_v1_15s_bed_elev
-46.8,27.5,-3990.04,ETOPO_2022_v1_15s_bed_elev
-46.7,27.5,-3927.77,ETOPO_2022_v1_15s_bed_elev
-46.6,27.5,-3912.4,ETOPO_2022_v1_15s_bed_elev
-46.5,27.5,-4101.4,ETOPO_2022_v1_15s_bed_elev
-46.4,27.5,-3962.53,ETOPO_2022_v1_15s_bed_elev
-46.3,27.5,-3841.0,ETOPO_2022_v1_15s_bed_elev
-46.2,27.5,-3755.72,ETOPO_2022_v1_15s_bed_elev
-46.1,27.5,-3714.14,ETOPO_2022_v1_15s_bed_elev
-46.0,27.5,-3949.05,ETOPO_2022_v1_15s_bed_elev
-45.9,27.5,-3907.75,ETOPO_2022_v1_15s_bed_elev
-45.8,27.5,-4024.42,ETOPO_2022_v1_15s_bed_elev
-45.7,27.5,-4090.59,ETOPO_2022_v1_15s_bed_elev
-45.6,27.5,-4026.55,ETOPO_2022_v1_15s_bed_elev
-45.5,27.5,-3805.56,ETOPO_2022_v1_15s_bed_elev
-45.4,27.5,-3620.98,ETOPO_2022_v1_15s_bed_elev
-45.3,27.5,-3599.88,ETOPO_2022_v1_15s_bed_elev
-45.2,27.5,-3513.9,ETOPO_2022_v1_15s_bed_elev
-45.1,27.5,-3676.25,ETOPO_2022_v1_15s_bed_elev
-45.0,27.5,-3229.72,ETOPO_2022_v1_15s_bed_elev
-44.9,27.5,-2994.68,ETOPO_2022_v1_15s_bed_elev
-44.8,27.5,-3050.88,ETOPO_2022_v1_15s_bed_elev
-44.7,27.5,-2524.43,ETOPO_2022_v1_15s_bed_elev
-44.6,27.5,-2287.13,ETOPO_2022_v1_15s_bed_elev
-44.5,27.5,-2555.6,ETOPO_2022_v1_15s_bed_elev
-44.4,27.5,-2684.58,ETOPO_2022_v1_15s_bed_elev
-44.3,27.5,-3044.22,ETOPO_2022_v1_15s_bed_elev
-44.2,27.5,-3170.01,ETOPO_2022_v1_15s_bed_elev
-44.1,27.5,-2703.29,ETOPO_2022_v1_15s_bed_elev
-44.0,27.5,-2547.8,ETOPO_2022_v1_15s_bed_elev
-43.9,27.5,-2997.31,ETOPO_2022_v1_15s_bed_elev
-43.8,27.5,-3036.59,ETOPO_2022_v1_15s_bed_elev
-43.7,27.5,-2618.2,ETOPO_2022_v1_15s_bed_elev
-43.6,27.5,-3173.03,ETOPO_2022_v1_15s_bed_elev
-43.5,27.5,-2760.83,ETOPO_2022_v1_15s_bed_elev
-43.4,27.5,-2898.48,ETOPO_2022_v1_15s_bed_elev
-43.3,27.5,-3017.61,ETOPO_2022_v1_15s_bed_elev
-43.2,27.5,-3469.89,ETOPO_2022_v1_15s_bed_elev
-43.1,27.5,-3721.9,ETOPO_2022_v1_15s_bed_elev
-43.0,27.5,-3576.57,ETOPO_2022_v1_15s_bed_elev
-42.9,27.5,-3745.09,ETOPO_2022_v1_15s_bed_elev
-42.8,27.5,-3701.83,ETOPO_2022_v1_15s_bed_elev
-42.7,27.5,-3808.09,ETOPO_2022_v1_15s_bed_elev
-42.6,27.5,-4181.98,ETOPO_2022_v1_15s_bed_elev
-42.5,27.5,-4326.02,ETOPO_2022_v1_15s_bed_elev
-42.4,27.5,-4100.98,ETOPO_2022_v1_15s_bed_elev
-42.3,27.5,-3465.35,ETOPO_2022_v1_15s_bed_elev
-42.2,27.5,-3990.49,ETOPO_2022_v1_15s_bed_elev
-42.1,27.5,-4109.1,ETOPO_2022_v1_15s_bed_elev
-42.0,27.5,-3758.36,ETOPO_2022_v1_15s_bed_elev
-41.9,27.5,-3903.62,ETOPO_2022_v1_15s_bed_elev
-41.8,27.5,-3863.86,ETOPO_2022_v1_15s_bed_elev
-41.7,27.5,-3580.47,ETOPO_2022_v1_15s_bed_elev
-41.6,27.5,-3970.34,ETOPO_2022_v1_15s_bed_elev
-41.5,27.5,-4162.83,ETOPO_2022_v1_15s_bed_elev
-41.4,27.5,-4126.96,ETOPO_2022_v1_15s_bed_elev
-41.3,27.5,-4197.8,ETOPO_2022_v1_15s_bed_elev
-41.2,27.5,-3968.08,ETOPO_2022_v1_15s_bed_elev
-41.1,27.5,-4120.93,ETOPO_2022_v1_15s_bed_elev
-41.0,27.5,-3759.17,ETOPO_2022_v1_15s_bed_elev
-40.9,27.5,-3754.22,ETOPO_2022_v1_15s_bed_elev
-40.8,27.5,-3838.59,ETOPO_2022_v1_15s_bed_elev
-40.7,27.5,-3923.31,ETOPO_2022_v1_15s_bed_elev
-40.6,27.5,-3920.61,ETOPO_2022_v1_15s_bed_elev
-40.5,27.5,-4102.17,ETOPO_2022_v1_15s_bed_elev
-40.4,27.5,-3972.25,ETOPO_2022_v1_15s_bed_elev
-40.3,27.5,-3798.59,ETOPO_2022_v1_15s_bed_elev
-40.2,27.5,-4104.36,ETOPO_2022_v1_15s_bed_elev
-40.1,27.5,-4393.35,ETOPO_2022_v1_15s_bed_elev
-40.0,27.5,-4471.31,ETOPO_2022_v1_15s_bed_elev
-39.9,27.5,-4421.62,ETOPO_2022_v1_15s_bed_elev
-39.8,27.5,-4135.65,ETOPO_2022_v1_15s_bed_elev
-39.7,27.5,-4418.92,ETOPO_2022_v1_15s_bed_elev
-39.6,27.5,-4566.59,ETOPO_2022_v1_15s_bed_elev
-39.5,27.5,-4616.25,ETOPO_2022_v1_15s_bed_elev
-39.4,27.5,-4405.34,ETOPO_2022_v1_15s_bed_elev
-39.3,27.5,-4422.7,ETOPO_2022_v1_15s_bed_elev
-39.2,27.5,-4497.97,ETOPO_2022_v1_15s_bed_elev
-39.1,27.5,-4633.36,ETOPO_2022_v1_15s_bed_elev
-39.0,27.5,-4387.78,ETOPO_2022_v1_15s_bed_elev
-38.9,27.5,-4578.68,ETOPO_2022_v1_15s_bed_elev
-38.8,27.5,-4417.55,ETOPO_2022_v1_15s_bed_elev
-38.7,27.5,-4605.96,ETOPO_2022_v1_15s_bed_elev
-38.6,27.5,-4558.16,ETOPO_2022_v1_15s_bed_elev
-38.5,27.5,-4793.24,ETOPO_2022_v1_15s_bed_elev
-38.4,27.5,-5118.61,ETOPO_2022_v1_15s_bed_elev
-38.3,27.5,-5125.94,ETOPO_2022_v1_15s_bed_elev
-38.2,27.5,-5119.26,ETOPO_2022_v1_15s_bed_elev
-38.1,27.5,-5132.38,ETOPO_2022_v1_15s_bed_elev
-38.0,27.5,-4822.92,ETOPO_2022_v1_15s_bed_elev
-37.9,27.5,-4665.59,ETOPO_2022_v1_15s_bed_elev
-37.8,27.5,-4726.86,ETOPO_2022_v1_15s_bed_elev
-37.7,27.5,-4757.2,ETOPO_2022_v1_15s_bed_elev
-37.6,27.5,-4851.08,ETOPO_2022_v1_15s_bed_elev
-37.5,27.5,-5033.59,ETOPO_2022_v1_15s_bed_elev
-37.4,27.5,-4995.0,ETOPO_2022_v1_15s_bed_elev
-37.3,27.5,-4766.23,ETOPO_2022_v1_15s_bed_elev
-37.2,27.5,-4665.28,ETOPO_2022_v1_15s_bed_elev
-37.1,27.5,-4788.58,ETOPO_2022_v1_15s_bed_elev
-37.0,27.5,-4981.7,ETOPO_2022_v1_15s_bed_elev
-36.9,27.5,-5122.5,ETOPO_2022_v1_15s_bed_elev
-36.8,27.5,-4786.87,ETOPO_2022_v1_15s_bed_elev
-36.7,27.5,-4612.1,ETOPO_2022_v1_15s_bed_elev
-36.6,27.5,-4894.42,ETOPO_2022_v1_15s_bed_elev
-36.5,27.5,-5104.01,ETOPO_2022_v1_15s_bed_elev
-36.4,27.5,-5252.43,ETOPO_2022_v1_15s_bed_elev
-36.3,27.5,-5071.68,ETOPO_2022_v1_15s_bed_elev
-36.2,27.5,-5005.03,ETOPO_2022_v1_15s_bed_elev
-36.1,27.5,-4844.91,ETOPO_2022_v1_15s_bed_elev
-36.0,27.5,-4958.87,ETOPO_2022_v1_15s_bed_elev
-35.9,27.5,-5040.94,ETOPO_2022_v1_15s_bed_elev
-35.8,27.5,-4830.58,ETOPO_2022_v1_15s_bed_elev
-35.7,27.5,-4698.17,ETOPO_2022_v1_15s_bed_elev
-35.6,27.5,-4916.68,ETOPO_2022_v1_15s_bed_elev
-35.5,27.5,-5119.41,ETOPO_2022_v1_15s_bed_elev
-35.4,27.5,-5132.89,ETOPO_2022_v1_15s_bed_elev
-35.3,27.5,-5438.59,ETOPO_2022_v1_15s_bed_elev
-35.2,27.5,-5184.25,ETOPO_2022_v1_15s_bed_elev
-35.1,27.5,-5149.71,ETOPO_2022_v1_15s_bed_elev
-35.0,27.5,-5063.08,ETOPO_2022_v1_15s_bed_elev
-51.0,27.6,-5051.97,ETOPO_2022_v1_15s_bed_elev
-50.9,27.6,-5222.12,ETOPO_2022_v1_15s_bed_elev
-50.8,27.6,-4936.95,ETOPO_2022_v1_15s_bed_elev
-50.7,27.6,-4950.62,ETOPO_2022_v1_15s_bed_elev
-50.6,27.6,-4757.4,ETOPO_2022_v1_15s_bed_elev
-50.5,27.6,-4965.34,ETOPO_2022_v1_15s_bed_elev
-50.4,27.6,-5146.98,ETOPO_2022_v1_15s_bed_elev
-50.3,27.6,-5042.67,ETOPO_2022_v1_15s_bed_elev
-50.2,27.6,-4949.47,ETOPO_2022_v1_15s_bed_elev
-50.1,27.6,-5103.32,ETOPO_2022_v1_15s_bed_elev
-50.0,27.6,-5200.08,ETOPO_2022_v1_15s_bed_elev
-49.9,27.6,-4925.44,ETOPO_2022_v1_15s_bed_elev
-49.8,27.6,-4953.39,ETOPO_2022_v1_15s_bed_elev
-49.7,27.6,-4886.92,ETOPO_2022_v1_15s_bed_elev
-49.6,27.6,-4632.89,ETOPO_2022_v1_15s_bed_elev
-49.5,27.6,-4862.69,ETOPO_2022_v1_15s_bed_elev
-49.4,27.6,-4808.48,ETOPO_2022_v1_15s_bed_elev
-49.3,27.6,-4541.63,ETOPO_2022_v1_15s_bed_elev
-49.2,27.6,-4549.5,ETOPO_2022_v1_15s_bed_elev
-49.1,27.6,-4949.55,ETOPO_2022_v1_15s_bed_elev
-49.0,27.6,-4737.54,ETOPO_2022_v1_15s_bed_elev
-48.9,27.6,-4913.33,ETOPO_2022_v1_15s_bed_elev
-48.8,27.6,-4853.57,ETOPO_2022_v1_15s_bed_elev
-48.7,27.6,-4710.39,ETOPO_2022_v1_15s_bed_elev
-48.6,27.6,-4684.78,ETOPO_2022_v1_15s_bed_elev
-48.5,27.6,-4431.13,ETOPO_2022_v1_15s_bed_elev
-48.4,27.6,-4242.51,ETOPO_2022_v1_15s_bed_elev
-48.3,27.6,-4381.05,ETOPO_2022_v1_15s_bed_elev
-48.2,27.6,-4549.31,ETOPO_2022_v1_15s_bed_elev
-48.1,27.6,-4654.03,ETOPO_2022_v1_15s_bed_elev
-48.0,27.6,-4796.29,ETOPO_2022_v1_15s_bed_elev
-47.9,27.6,-4905.76,ETOPO_2022_v1_15s_bed_elev
-47.8,27.6,-4536.15,ETOPO_2022_v1_15s_bed_elev
-47.7,27.6,-3855.2,ETOPO_2022_v1_15s_bed_elev
-47.6,27.6,-4082.46,ETOPO_2022_v1_15s_bed_elev
-47.5,27.6,-4376.09,ETOPO_2022_v1_15s_bed_elev
-47.4,27.6,-4321.55,ETOPO_2022_v1_15s_bed_elev
-47.3,27.6,-4504.7,ETOPO_2022_v1_15s_bed_elev
-47.2,27.6,-4302.31,ETOPO_2022_v1_15s_bed_elev
-47.1,27.6,-4660.29,ETOPO_2022_v1_15s_bed_elev
-47.0,27.6,-4551.3,ETOPO_2022_v1_15s_bed_elev
-46.9,27.6,-4386.57,ETOPO_2022_v1_15s_bed_elev
-46.8,27.6,-4130.64,ETOPO_2022_v1_15s_bed_elev
-46.7,27.6,-3970.6,ETOPO_2022_v1_15s_bed_elev
-46.6,27.6,-3882.29,ETOPO_2022_v1_15s_bed_elev
-46.5,27.6,-3736.76,ETOPO_2022_v1_15s_bed_elev
-46.4,27.6,-3852.91,ETOPO_2022_v1_15s_bed_elev
-46.3,27.6,-3890.0,ETOPO_2022_v1_15s_bed_elev
-46.2,27.6,-4048.42,ETOPO_2022_v1_15s_bed_elev
-46.1,27.6,-4143.3,ETOPO_2022_v1_15s_bed_elev
-46.0,27.6,-4233.64,ETOPO_2022_v1_15s_bed_elev
-45.9,27.6,-4122.6,ETOPO_2022_v1_15s_bed_elev
-45.8,27.6,-3829.51,ETOPO_2022_v1_15s_bed_elev
-45.7,27.6,-3676.31,ETOPO_2022_v1_15s_bed_elev
-45.6,27.6,-3831.33,ETOPO_2022_v1_15s_bed_elev
-45.5,27.6,-3215.73,ETOPO_2022_v1_15s_bed_elev
-45.4,27.6,-3333.63,ETOPO_2022_v1_15s_bed_elev
-45.3,27.6,-3439.2,ETOPO_2022_v1_15s_bed_elev
-45.2,27.6,-3577.97,ETOPO_2022_v1_15s_bed_elev
-45.1,27.6,-3666.33,ETOPO_2022_v1_15s_bed_elev
-45.0,27.6,-3303.96,ETOPO_2022_v1_15s_bed_elev
-44.9,27.6,-3186.35,ETOPO_2022_v1_15s_bed_elev
-44.8,27.6,-3254.87,ETOPO_2022_v1_15s_bed_elev
-44.7,27.6,-2860.18,ETOPO_2022_v1_15s_bed_elev
-44.6,27.6,-2818.71,ETOPO_2022_v1_15s_bed_elev
-44.5,27.6,-3039.74,ETOPO_2022_v1_15s_bed_elev
-44.4,27.6,-2822.56,ETOPO_2022_v1_15s_bed_elev
-44.3,27.6,-2449.61,ETOPO_2022_v1_15s_bed_elev
-44.2,27.6,-3363.38,ETOPO_2022_v1_15s_bed_elev
-44.1,27.6,-3336.64,ETOPO_2022_v1_15s_bed_elev
-44.0,27.6,-2375.2,ETOPO_2022_v1_15s_bed_elev
-43.9,27.6,-2344.33,ETOPO_2022_v1_15s_bed_elev
-43.8,27.6,-3106.61,ETOPO_2022_v1_15s_bed_elev
-43.7,27.6,-2788.52,ETOPO_2022_v1_15s_bed_elev
-43.6,27.6,-3088.28,ETOPO_2022_v1_15s_bed_elev
-43.5,27.6,-2682.78,ETOPO_2022_v1_15s_bed_elev
-43.4,27.6,-3304.49,ETOPO_2022_v1_15s_bed_elev
-43.3,27.6,-3151.64,ETOPO_2022_v1_15s_bed_elev
-43.2,27.6,-3560.94,ETOPO_2022_v1_15s_bed_elev
-43.1,27.6,-3521.53,ETOPO_2022_v1_15s_bed_elev
-43.0,27.6,-3497.51,ETOPO_2022_v1_15s_bed_elev
-42.9,27.6,-3623.7,ETOPO_2022_v1_15s_bed_elev
-42.8,27.6,-3349.99,ETOPO_2022_v1_15s_bed_elev
-42.7,27.6,-3565.83,ETOPO_2022_v1_15s_bed_elev
-42.6,27.6,-3871.03,ETOPO_2022_v1_15s_bed_elev
-42.5,27.6,-3981.46,ETOPO_2022_v1_15s_bed_elev
-42.4,27.6,-3965.37,ETOPO_2022_v1_15s_bed_elev
-42.3,27.6,-3968.98,ETOPO_2022_v1_15s_bed_elev
-42.2,27.6,-3966.95,ETOPO_2022_v1_15s_bed_elev
-42.1,27.6,-3694.99,ETOPO_2022_v1_15s_bed_elev
-42.0,27.6,-3921.32,ETOPO_2022_v1_15s_bed_elev
-41.9,27.6,-3750.83,ETOPO_2022_v1_15s_bed_elev
-41.8,27.6,-3567.96,ETOPO_2022_v1_15s_bed_elev
-41.7,27.6,-3194.72,ETOPO_2022_v1_15s_bed_elev
-41.6,27.6,-3664.28,ETOPO_2022_v1_15s_bed_elev
-41.5,27.6,-3977.96,ETOPO_2022_v1_15s_bed_elev
-41.4,27.6,-3829.51,ETOPO_2022_v1_15s_bed_elev
-41.3,27.6,-3969.69,ETOPO_2022_v1_15s_bed_elev
-41.2,27.6,-3975.33,ETOPO_2022_v1_15s_bed_elev
-41.1,27.6,-4011.36,ETOPO_2022_v1_15s_bed_elev
-41.0,27.6,-4118.75,ETOPO_2022_v1_15s_bed_elev
-40.9,27.6,-3946.68,ETOPO_2022_v1_15s_bed_elev
-40.8,27.6,-3900.05,ETOPO_2022_v1_15s_bed_elev
-40.7,27.6,-3999.98,ETOPO_2022_v1_15s_bed_elev
-40.6,27.6,-4012.38,ETOPO_2022_v1_15s_bed_elev
-40.5,27.6,-3942.99,ETOPO_2022_v1_15s_bed_elev
-40.4,27.6,-3937.77,ETOPO_2022_v1_15s_bed_elev
-40.3,27.6,-3936.79,ETOPO_2022_v1_15s_bed_elev
-40.2,27.6,-4087.5,ETOPO_2022_v1_15s_bed_elev
-40.1,27.6,-4348.27,ETOPO_2022_v1_15s_bed_elev
-40.0,27.6,-4622.14,ETOPO_2022_v1_15s_bed_elev
-39.9,27.6,-4513.57,ETOPO_2022_v1_15s_bed_elev
-39.8,27.6,-3930.35,ETOPO_2022_v1_15s_bed_elev
-39.7,27.6,-4305.63,ETOPO_2022_v1_15s_bed_elev
-39.6,27.6,-4404.51,ETOPO_2022_v1_15s_bed_elev
-39.5,27.6,-4266.85,ETOPO_2022_v1_15s_bed_elev
-39.4,27.6,-4414.05,ETOPO_2022_v1_15s_bed_elev
-39.3,27.6,-4405.64,ETOPO_2022_v1_15s_bed_elev
-39.2,27.6,-4513.66,ETOPO_2022_v1_15s_bed_elev
-39.1,27.6,-4709.41,ETOPO_2022_v1_15s_bed_elev
-39.0,27.6,-4434.06,ETOPO_2022_v1_15s_bed_elev
-38.9,27.6,-4432.73,ETOPO_2022_v1_15s_bed_elev
-38.8,27.6,-4302.08,ETOPO_2022_v1_15s_bed_elev
-38.7,27.6,-4593.01,ETOPO_2022_v1_15s_bed_elev
-38.6,27.6,-4668.38,ETOPO_2022_v1_15s_bed_elev
-38.5,27.6,-4504.25,ETOPO_2022_v1_15s_bed_elev
-38.4,27.6,-4770.47,ETOPO_2022_v1_15s_bed_elev
-38.3,27.6,-4989.49,ETOPO_2022_v1_15s_bed_elev
-38.2,27.6,-4981.44,ETOPO_2022_v1_15s_bed_elev
-38.1,27.6,-4535.06,ETOPO_2022_v1_15s_bed_elev
-38.0,27.6,-4586.21,ETOPO_2022_v1_15s_bed_elev
-37.9,27.6,-4731.55,ETOPO_2022_v1_15s_bed_elev
-37.8,27.6,-4989.75,ETOPO_2022_v1_15s_bed_elev
-37.7,27.6,-4716.35,ETOPO_2022_v1_15s_bed_elev
-37.6,27.6,-4719.57,ETOPO_2022_v1_15s_bed_elev
-37.5,27.6,-4878.05,ETOPO_2022_v1_15s_bed_elev
-37.4,27.6,-4810.88,ETOPO_2022_v1_15s_bed_elev
-37.3,27.6,-4552.59,ETOPO_2022_v1_15s_bed_elev
-37.2,27.6,-4714.91,ETOPO_2022_v1_15s_bed_elev
-37.1,27.6,-4697.61,ETOPO_2022_v1_15s_bed_elev
-37.0,27.6,-5096.52,ETOPO_2022_v1_15s_bed_elev
-36.9,27.6,-5051.12,ETOPO_2022_v1_15s_bed_elev
-36.8,27.6,-4928.15,ETOPO_2022_v1_15s_bed_elev
-36.7,27.6,-4803.15,ETOPO_2022_v1_15s_bed_elev
-36.6,27.6,-4755.23,ETOPO_2022_v1_15s_bed_elev
-36.5,27.6,-4629.92,ETOPO_2022_v1_15s_bed_elev
-36.4,27.6,-4863.95,ETOPO_2022_v1_15s_bed_elev
-36.3,27.6,-4515.2,ETOPO_2022_v1_15s_bed_elev
-36.2,27.6,-4624.84,ETOPO_2022_v1_15s_bed_elev
-36.1,27.6,-4427.0,ETOPO_2022_v1_15s_bed_elev
-36.0,27.6,-4492.99,ETOPO_2022_v1_15s_bed_elev
-35.9,27.6,-5032.21,ETOPO_2022_v1_15s_bed_elev
-35.8,27.6,-4463.58,ETOPO_2022_v1_15s_bed_elev
-35.7,27.6,-4472.24,ETOPO_2022_v1_15s_bed_elev
-35.6,27.6,-4677.27,ETOPO_2022_v1_15s_bed_elev
-35.5,27.6,-4886.96,ETOPO_2022_v1_15s_bed_elev
-35.4,27.6,-4824.34,ETOPO_2022_v1_15s_bed_elev
-35.3,27.6,-5210.19,ETOPO_2022_v1_15s_bed_elev
-35.2,27.6,-5351.33,ETOPO_2022_v1_15s_bed_elev
-35.1,27.6,-5184.57,ETOPO_2022_v1_15s_bed_elev
-35.0,27.6,-5273.37,ETOPO_2022_v1_15s_bed_elev
-51.0,27.7,-5016.35,ETOPO_2022_v1_15s_bed_elev
-50.9,27.7,-5240.67,ETOPO_2022_v1_15s_bed_elev
-50.8,27.7,-5070.56,ETOPO_2022_v1_15s_bed_elev
-50.7,27.7,-4737.25,ETOPO_2022_v1_15s_bed_elev
-50.6,27.7,-4912.49,ETOPO_2022_v1_15s_bed_elev
-50.5,27.7,-4815.81,ETOPO_2022_v1_15s_bed_elev
-50.4,27.7,-4961.09,ETOPO_2022_v1_15s_bed_elev
-50.3,27.7,-4886.22,ETOPO_2022_v1_15s_bed_elev
-50.2,27.7,-4857.54,ETOPO_2022_v1_15s_bed_elev
-50.1,27.7,-4733.53,ETOPO_2022_v1_15s_bed_elev
-50.0,27.7,-5022.09,ETOPO_2022_v1_15s_bed_elev
-49.9,27.7,-4845.43,ETOPO_2022_v1_15s_bed_elev
-49.8,27.7,-4696.91,ETOPO_2022_v1_15s_bed_elev
-49.7,27.7,-5087.91,ETOPO_2022_v1_15s_bed_elev
-49.6,27.7,-4886.43,ETOPO_2022_v1_15s_bed_elev
-49.5,27.7,-5109.74,ETOPO_2022_v1_15s_bed_elev
-49.4,27.7,-4616.54,ETOPO_2022_v1_15s_bed_elev
-49.3,27.7,-4773.81,ETOPO_2022_v1_15s_bed_elev
-49.2,27.7,-4584.41,ETOPO_2022_v1_15s_bed_elev
-49.1,27.7,-5199.3,ETOPO_2022_v1_15s_bed_elev
-49.0,27.7,-4908.58,ETOPO_2022_v1_15s_bed_elev
-48.9,27.7,-4582.62,ETOPO_2022_v1_15s_bed_elev
-48.8,27.7,-4749.42,ETOPO_2022_v1_15s_bed_elev
-48.7,27.7,-4566.14,ETOPO_2022_v1_15s_bed_elev
-48.6,27.7,-4408.66,ETOPO_2022_v1_15s_bed_elev
-48.5,27.7,-4414.31,ETOPO_2022_v1_15s_bed_elev
-48.4,27.7,-4401.44,ETOPO_2022_v1_15s_bed_elev
-48.3,27.7,-4558.22,ETOPO_2022_v1_15s_bed_elev
-48.2,27.7,-4714.47,ETOPO_2022_v1_15s_bed_elev
-48.1,27.7,-4141.87,ETOPO_2022_v1_15s_bed_elev
-48.0,27.7,-4394.33,ETOPO_2022_v1_15s_bed_elev
-47.9,27.7,-4881.27,ETOPO_2022_v1_15s_bed_elev
-47.8,27.7,-4538.97,ETOPO_2022_v1_15s_bed_elev
-47.7,27.7,-4259.78,ETOPO_2022_v1_15s_bed_elev
-47.6,27.7,-4147.25,ETOPO_2022_v1_15s_bed_elev
-47.5,27.7,-4473.36,ETOPO_2022_v1_15s_bed_elev
-47.4,27.7,-4722.94,ETOPO_2022_v1_15s_bed_elev
-47.3,27.7,-4445.97,ETOPO_2022_v1_15s_bed_elev
-47.2,27.7,-4328.95,ETOPO_2022_v1_15s_bed_elev
-47.1,27.7,-4582.47,ETOPO_2022_v1_15s_bed_elev
-47.0,27.7,-4386.24,ETOPO_2022_v1_15s_bed_elev
-46.9,27.7,-4214.0,ETOPO_2022_v1_15s_bed_elev
-46.8,27.7,-4096.56,ETOPO_2022_v1_15s_bed_elev
-46.7,27.7,-4045.13,ETOPO_2022_v1_15s_bed_elev
-46.6,27.7,-4260.81,ETOPO_2022_v1_15s_bed_elev
-46.5,27.7,-4044.36,ETOPO_2022_v1_15s_bed_elev
-46.4,27.7,-3540.94,ETOPO_2022_v1_15s_bed_elev
-46.3,27.7,-3432.38,ETOPO_2022_v1_15s_bed_elev
-46.2,27.7,-4028.0,ETOPO_2022_v1_15s_bed_elev
-46.1,27.7,-4273.65,ETOPO_2022_v1_15s_bed_elev
-46.0,27.7,-4072.59,ETOPO_2022_v1_15s_bed_elev
-45.9,27.7,-3961.5,ETOPO_2022_v1_15s_bed_elev
-45.8,27.7,-3981.61,ETOPO_2022_v1_15s_bed_elev
-45.7,27.7,-3718.07,ETOPO_2022_v1_15s_bed_elev
-45.6,27.7,-3972.1,ETOPO_2022_v1_15s_bed_elev
-45.5,27.7,-3769.01,ETOPO_2022_v1_15s_bed_elev
-45.4,27.7,-3490.23,ETOPO_2022_v1_15s_bed_elev
-45.3,27.7,-3403.43,ETOPO_2022_v1_15s_bed_elev
-45.2,27.7,-3519.81,ETOPO_2022_v1_15s_bed_elev
-45.1,27.7,-3369.16,ETOPO_2022_v1_15s_bed_elev
-45.0,27.7,-3178.22,ETOPO_2022_v1_15s_bed_elev
-44.9,27.7,-3123.54,ETOPO_2022_v1_15s_bed_elev
-44.8,27.7,-2984.29,ETOPO_2022_v1_15s_bed_elev
-44.7,27.7,-3115.63,ETOPO_2022_v1_15s_bed_elev
-44.6,27.7,-3163.17,ETOPO_2022_v1_15s_bed_elev
-44.5,27.7,-3158.33,ETOPO_2022_v1_15s_bed_elev
-44.4,27.7,-2870.03,ETOPO_2022_v1_15s_bed_elev
-44.3,27.7,-2503.55,ETOPO_2022_v1_15s_bed_elev
-44.2,27.7,-3216.68,ETOPO_2022_v1_15s_bed_elev
-44.1,27.7,-3693.66,ETOPO_2022_v1_15s_bed_elev
-44.0,27.7,-3055.51,ETOPO_2022_v1_15s_bed_elev
-43.9,27.7,-2173.6,ETOPO_2022_v1_15s_bed_elev
-43.8,27.7,-2817.61,ETOPO_2022_v1_15s_bed_elev
-43.7,27.7,-2528.06,ETOPO_2022_v1_15s_bed_elev
-43.6,27.7,-2769.0,ETOPO_2022_v1_15s_bed_elev
-43.5,27.7,-2734.29,ETOPO_2022_v1_15s_bed_elev
-43.4,27.7,-3350.75,ETOPO_2022_v1_15s_bed_elev
-43.3,27.7,-3129.5,ETOPO_2022_v1_15s_bed_elev
-43.2,27.7,-3503.75,ETOPO_2022_v1_15s_bed_elev
-43.1,27.7,-3769.52,ETOPO_2022_v1_15s_bed_elev
-43.0,27.7,-3898.09,ETOPO_2022_v1_15s_bed_elev
-42.9,27.7,-3848.49,ETOPO_2022_v1_15s_bed_elev
-42.8,27.7,-3686.42,ETOPO_2022_v1_15s_bed_elev
-42.7,27.7,-3676.46,ETOPO_2022_v1_15s_bed_elev
-42.6,27.7,-3835.17,ETOPO_2022_v1_15s_bed_elev
-42.5,27.7,-4155.0,ETOPO_2022_v1_15s_bed_elev
-42.4,27.7,-3913.16,ETOPO_2022_v1_15s_bed_elev
-42.3,27.7,-3595.72,ETOPO_2022_v1_15s_bed_elev
-42.2,27.7,-3586.01,ETOPO_2022_v1_15s_bed_elev
-42.1,27.7,-3369.32,ETOPO_2022_v1_15s_bed_elev
-42.0,27.7,-3721.66,ETOPO_2022_v1_15s_bed_elev
-41.9,27.7,-4047.03,ETOPO_2022_v1_15s_bed_elev
-41.8,27.7,-3936.72,ETOPO_2022_v1_15s_bed_elev
-41.7,27.7,-3499.57,ETOPO_2022_v1_15s_bed_elev
-41.6,27.7,-3912.3,ETOPO_2022_v1_15s_bed_elev
-41.5,27.7,-3897.19,ETOPO_2022_v1_15s_bed_elev
-41.4,27.7,-3447.25,ETOPO_2022_v1_15s_bed_elev
-41.3,27.7,-3782.59,ETOPO_2022_v1_15s_bed_elev
-41.2,27.7,-3844.89,ETOPO_2022_v1_15s_bed_elev
-41.1,27.7,-3750.4,ETOPO_2022_v1_15s_bed_elev
-41.0,27.7,-4034.48,ETOPO_2022_v1_15s_bed_elev
-40.9,27.7,-4110.66,ETOPO_2022_v1_15s_bed_elev
-40.8,27.7,-4097.46,ETOPO_2022_v1_15s_bed_elev
-40.7,27.7,-4168.68,ETOPO_2022_v1_15s_bed_elev
-40.6,27.7,-4261.0,ETOPO_2022_v1_15s_bed_elev
-40.5,27.7,-4174.11,ETOPO_2022_v1_15s_bed_elev
-40.4,27.7,-4036.67,ETOPO_2022_v1_15s_bed_elev
-40.3,27.7,-4100.19,ETOPO_2022_v1_15s_bed_elev
-40.2,27.7,-4159.75,ETOPO_2022_v1_15s_bed_elev
-40.1,27.7,-4057.44,ETOPO_2022_v1_15s_bed_elev
-40.0,27.7,-4237.26,ETOPO_2022_v1_15s_bed_elev
-39.9,27.7,-4635.42,ETOPO_2022_v1_15s_bed_elev
-39.8,27.7,-4318.2,ETOPO_2022_v1_15s_bed_elev
-39.7,27.7,-4084.08,ETOPO_2022_v1_15s_bed_elev
-39.6,27.7,-4157.88,ETOPO_2022_v1_15s_bed_elev
-39.5,27.7,-4241.82,ETOPO_2022_v1_15s_bed_elev
-39.4,27.7,-4243.74,ETOPO_2022_v1_15s_bed_elev
-39.3,27.7,-4347.01,ETOPO_2022_v1_15s_bed_elev
-39.2,27.7,-4468.48,ETOPO_2022_v1_15s_bed_elev
-39.1,27.7,-4521.39,ETOPO_2022_v1_15s_bed_elev
-39.0,27.7,-4146.31,ETOPO_2022_v1_15s_bed_elev
-38.9,27.7,-4440.17,ETOPO_2022_v1_15s_bed_elev
-38.8,27.7,-4439.61,ETOPO_2022_v1_15s_bed_elev
-38.7,27.7,-4739.47,ETOPO_2022_v1_15s_bed_elev
-38.6,27.7,-4688.31,ETOPO_2022_v1_15s_bed_elev
-38.5,27.7,-4826.1,ETOPO_2022_v1_15s_bed_elev
-38.4,27.7,-4721.33,ETOPO_2022_v1_15s_bed_elev
-38.3,27.7,-4663.53,ETOPO_2022_v1_15s_bed_elev
-38.2,27.7,-4934.79,ETOPO_2022_v1_15s_bed_elev
-38.1,27.7,-4764.0,ETOPO_2022_v1_15s_bed_elev
-38.0,27.7,-4783.64,ETOPO_2022_v1_15s_bed_elev
-37.9,27.7,-4771.78,ETOPO_2022_v1_15s_bed_elev
-37.8,27.7,-4585.58,ETOPO_2022_v1_15s_bed_elev
-37.7,27.7,-4600.6,ETOPO_2022_v1_15s_bed_elev
-37.6,27.7,-4723.58,ETOPO_2022_v1_15s_bed_elev
-37.5,27.7,-4672.22,ETOPO_2022_v1_15s_bed_elev
-37.4,27.7,-4710.06,ETOPO_2022_v1_15s_bed_elev
-37.3,27.7,-4441.2,ETOPO_2022_v1_15s_bed_elev
-37.2,27.7,-4817.31,ETOPO_2022_v1_15s_bed_elev
-37.1,27.7,-4969.81,ETOPO_2022_v1_15s_bed_elev
-37.0,27.7,-4913.72,ETOPO_2022_v1_15s_bed_elev
-36.9,27.7,-4872.48,ETOPO_2022_v1_15s_bed_elev
-36.8,27.7,-4859.33,ETOPO_2022_v1_15s_bed_elev
-36.7,27.7,-4925.12,ETOPO_2022_v1_15s_bed_elev
-36.6,27.7,-4955.53,ETOPO_2022_v1_15s_bed_elev
-36.5,27.7,-4633.01,ETOPO_2022_v1_15s_bed_elev
-36.4,27.7,-4921.17,ETOPO_2022_v1_15s_bed_elev
-36.3,27.7,-5019.62,ETOPO_2022_v1_15s_bed_elev
-36.2,27.7,-5058.46,ETOPO_2022_v1_15s_bed_elev
-36.1,27.7,-4789.19,ETOPO_2022_v1_15s_bed_elev
-36.0,27.7,-4687.21,ETOPO_2022_v1_15s_bed_elev
-35.9,27.7,-5055.55,ETOPO_2022_v1_15s_bed_elev
-35.8,27.7,-4693.06,ETOPO_2022_v1_15s_bed_elev
-35.7,27.7,-4661.75,ETOPO_2022_v1_15s_bed_elev
-35.6,27.7,-4449.17,ETOPO_2022_v1_15s_bed_elev
-35.5,27.7,-4718.04,ETOPO_2022_v1_15s_bed_elev
-35.4,27.7,-4620.84,ETOPO_2022_v1_15s_bed_elev
-35.3,27.7,-5012.94,ETOPO_2022_v1_15s_bed_elev
-35.2,27.7,-4979.97,ETOPO_2022_v1_15s_bed_elev
-35.1,27.7,-4788.4,ETOPO_2022_v1_15s_bed_elev
-35.0,27.7,-4989.92,ETOPO_2022_v1_15s_bed_elev
-51.0,27.8,-4981.29,ETOPO_2022_v1_15s_bed_elev
-50.9,27.8,-5015.62,ETOPO_2022_v1_15s_bed_elev
-50.8,27.8,-5122.99,ETOPO_2022_v1_15s_bed_elev
-50.7,27.8,-4900.4,ETOPO_2022_v1_15s_bed_elev
-50.6,27.8,-4833.24,ETOPO_2022_v1_15s_bed_elev
-50.5,27.8,-4760.26,ETOPO_2022_v1_15s_bed_elev
-50.4,27.8,-4932.65,ETOPO_2022_v1_15s_bed_elev
-50.3,27.8,-4943.36,ETOPO_2022_v1_15s_bed_elev
-50.2,27.8,-4932.43,ETOPO_2022_v1_15s_bed_elev
-50.1,27.8,-4829.35,ETOPO_2022_v1_15s_bed_elev
-50.0,27.8,-4880.74,ETOPO_2022_v1_15s_bed_elev
-49.9,27.8,-4791.05,ETOPO_2022_v1_15s_bed_elev
-49.8,27.8,-4601.3,ETOPO_2022_v1_15s_bed_elev
-49.7,27.8,-4988.29,ETOPO_2022_v1_15s_bed_elev
-49.6,27.8,-4890.15,ETOPO_2022_v1_15s_bed_elev
-49.5,27.8,-5135.89,ETOPO_2022_v1_15s_bed_elev
-49.4,27.8,-4886.86,ETOPO_2022_v1_15s_bed_elev
-49.3,27.8,-4985.97,ETOPO_2022_v1_15s_bed_elev
-49.2,27.8,-4926.96,ETOPO_2022_v1_15s_bed_elev
-49.1,27.8,-5174.19,ETOPO_2022_v1_15s_bed_elev
-49.0,27.8,-4664.32,ETOPO_2022_v1_15s_bed_elev
-48.9,27.8,-4803.28,ETOPO_2022_v1_15s_bed_elev
-48.8,27.8,-4425.56,ETOPO_2022_v1_15s_bed_elev
-48.7,27.8,-4566.06,ETOPO_2022_v1_15s_bed_elev
-48.6,27.8,-4481.6,ETOPO_2022_v1_15s_bed_elev
-48.5,27.8,-4671.63,ETOPO_2022_v1_15s_bed_elev
-48.4,27.8,-4602.36,ETOPO_2022_v1_15s_bed_elev
-48.3,27.8,-4214.84,ETOPO_2022_v1_15s_bed_elev
-48.2,27.8,-4452.62,ETOPO_2022_v1_15s_bed_elev
-48.1,27.8,-4283.83,ETOPO_2022_v1_15s_bed_elev
-48.0,27.8,-4436.75,ETOPO_2022_v1_15s_bed_elev
-47.9,27.8,-4701.5,ETOPO_2022_v1_15s_bed_elev
-47.8,27.8,-4296.01,ETOPO_2022_v1_15s_bed_elev
-47.7,27.8,-4504.64,ETOPO_2022_v1_15s_bed_elev
-47.6,27.8,-4469.45,ETOPO_2022_v1_15s_bed_elev
-47.5,27.8,-4433.28,ETOPO_2022_v1_15s_bed_elev
-47.4,27.8,-4661.04,ETOPO_2022_v1_15s_bed_elev
-47.3,27.8,-4447.36,ETOPO_2022_v1_15s_bed_elev
-47.2,27.8,-4319.21,ETOPO_2022_v1_15s_bed_elev
-47.1,27.8,-4268.92,ETOPO_2022_v1_15s_bed_elev
-47.0,27.8,-4165.09,ETOPO_2022_v1_15s_bed_elev
-46.9,27.8,-4233.53,ETOPO_2022_v1_15s_bed_elev
-46.8,27.8,-4142.69,ETOPO_2022_v1_15s_bed_elev
-46.7,27.8,-4343.75,ETOPO_2022_v1_15s_bed_elev
-46.6,27.8,-4402.79,ETOPO_2022_v1_15s_bed_elev
-46.5,27.8,-3857.29,ETOPO_2022_v1_15s_bed_elev
-46.4,27.8,-3750.47,ETOPO_2022_v1_15s_bed_elev
-46.3,27.8,-3573.34,ETOPO_2022_v1_15s_bed_elev
-46.2,27.8,-3849.92,ETOPO_2022_v1_15s_bed_elev
-46.1,27.8,-4090.89,ETOPO_2022_v1_15s_bed_elev
-46.0,27.8,-3686.3,ETOPO_2022_v1_15s_bed_elev
-45.9,27.8,-3678.5,ETOPO_2022_v1_15s_bed_elev
-45.8,27.8,-3866.78,ETOPO_2022_v1_15s_bed_elev
-45.7,27.8,-3975.68,ETOPO_2022_v1_15s_bed_elev
-45.6,27.8,-4153.73,ETOPO_2022_v1_15s_bed_elev
-45.5,27.8,-3919.57,ETOPO_2022_v1_15s_bed_elev
-45.4,27.8,-3681.11,ETOPO_2022_v1_15s_bed_elev
-45.3,27.8,-3342.88,ETOPO_2022_v1_15s_bed_elev
-45.2,27.8,-3666.38,ETOPO_2022_v1_15s_bed_elev
-45.1,27.8,-3420.53,ETOPO_2022_v1_15s_bed_elev
-45.0,27.8,-3213.78,ETOPO_2022_v1_15s_bed_elev
-44.9,27.8,-3154.9,ETOPO_2022_v1_15s_bed_elev
-44.8,27.8,-3017.24,ETOPO_2022_v1_15s_bed_elev
-44.7,27.8,-2828.41,ETOPO_2022_v1_15s_bed_elev
-44.6,27.8,-2895.4,ETOPO_2022_v1_15s_bed_elev
-44.5,27.8,-2781.44,ETOPO_2022_v1_15s_bed_elev
-44.4,27.8,-2819.42,ETOPO_2022_v1_15s_bed_elev
-44.3,27.8,-2482.33,ETOPO_2022_v1_15s_bed_elev
-44.2,27.8,-2723.92,ETOPO_2022_v1_15s_bed_elev
-44.1,27.8,-3176.7,ETOPO_2022_v1_15s_bed_elev
-44.0,27.8,-3407.51,ETOPO_2022_v1_15s_bed_elev
-43.9,27.8,-2711.89,ETOPO_2022_v1_15s_bed_elev
-43.8,27.8,-2574.31,ETOPO_2022_v1_15s_bed_elev
-43.7,27.8,-2703.93,ETOPO_2022_v1_15s_bed_elev
-43.6,27.8,-2562.57,ETOPO_2022_v1_15s_bed_elev
-43.5,27.8,-3021.79,ETOPO_2022_v1_15s_bed_elev
-43.4,27.8,-3214.68,ETOPO_2022_v1_15s_bed_elev
-43.3,27.8,-3079.37,ETOPO_2022_v1_15s_bed_elev
-43.2,27.8,-3259.23,ETOPO_2022_v1_15s_bed_elev
-43.1,27.8,-3657.76,ETOPO_2022_v1_15s_bed_elev
-43.0,27.8,-3737.7,ETOPO_2022_v1_15s_bed_elev
-42.9,27.8,-4028.3,ETOPO_2022_v1_15s_bed_elev
-42.8,27.8,-4057.63,ETOPO_2022_v1_15s_bed_elev
-42.7,27.8,-4050.56,ETOPO_2022_v1_15s_bed_elev
-42.6,27.8,-3844.59,ETOPO_2022_v1_15s_bed_elev
-42.5,27.8,-3962.0,ETOPO_2022_v1_15s_bed_elev
-42.4,27.8,-3987.32,ETOPO_2022_v1_15s_bed_elev
-42.3,27.8,-3367.78,ETOPO_2022_v1_15s_bed_elev
-42.2,27.8,-3813.43,ETOPO_2022_v1_15s_bed_elev
-42.1,27.8,-3510.2,ETOPO_2022_v1_15s_bed_elev
-42.0,27.8,-3578.9,ETOPO_2022_v1_15s_bed_elev
-41.9,27.8,-3883.44,ETOPO_2022_v1_15s_bed_elev
-41.8,27.8,-4088.88,ETOPO_2022_v1_15s_bed_elev
-41.7,27.8,-4104.9,ETOPO_2022_v1_15s_bed_elev
-41.6,27.8,-4215.03,ETOPO_2022_v1_15s_bed_elev
-41.5,27.8,-4250.28,ETOPO_2022_v1_15s_bed_elev
-41.4,27.8,-3999.11,ETOPO_2022_v1_15s_bed_elev
-41.3,27.8,-4122.83,ETOPO_2022_v1_15s_bed_elev
-41.2,27.8,-4084.98,ETOPO_2022_v1_15s_bed_elev
-41.1,27.8,-3752.03,ETOPO_2022_v1_15s_bed_elev
-41.0,27.8,-3860.55,ETOPO_2022_v1_15s_bed_elev
-40.9,27.8,-4146.22,ETOPO_2022_v1_15s_bed_elev
-40.8,27.8,-4020.2,ETOPO_2022_v1_15s_bed_elev
-40.7,27.8,-4071.46,ETOPO_2022_v1_15s_bed_elev
-40.6,27.8,-4068.2,ETOPO_2022_v1_15s_bed_elev
-40.5,27.8,-4154.5,ETOPO_2022_v1_15s_bed_elev
-40.4,27.8,-4285.05,ETOPO_2022_v1_15s_bed_elev
-40.3,27.8,-4185.32,ETOPO_2022_v1_15s_bed_elev
-40.2,27.8,-4102.96,ETOPO_2022_v1_15s_bed_elev
-40.1,27.8,-4076.04,ETOPO_2022_v1_15s_bed_elev
-40.0,27.8,-4004.6,ETOPO_2022_v1_15s_bed_elev
-39.9,27.8,-4196.38,ETOPO_2022_v1_15s_bed_elev
-39.8,27.8,-4388.39,ETOPO_2022_v1_15s_bed_elev
-39.7,27.8,-3992.3,ETOPO_2022_v1_15s_bed_elev
-39.6,27.8,-3776.76,ETOPO_2022_v1_15s_bed_elev
-39.5,27.8,-3688.58,ETOPO_2022_v1_15s_bed_elev
-39.4,27.8,-3833.67,ETOPO_2022_v1_15s_bed_elev
-39.3,27.8,-4388.43,ETOPO_2022_v1_15s_bed_elev
-39.2,27.8,-4398.5,ETOPO_2022_v1_15s_bed_elev
-39.1,27.8,-4581.83,ETOPO_2022_v1_15s_bed_elev
-39.0,27.8,-4592.66,ETOPO_2022_v1_15s_bed_elev
-38.9,27.8,-4513.73,ETOPO_2022_v1_15s_bed_elev
-38.8,27.8,-4500.16,ETOPO_2022_v1_15s_bed_elev
-38.7,27.8,-4736.36,ETOPO_2022_v1_15s_bed_elev
-38.6,27.8,-4718.26,ETOPO_2022_v1_15s_bed_elev
-38.5,27.8,-4636.45,ETOPO_2022_v1_15s_bed_elev
-38.4,27.8,-4663.47,ETOPO_2022_v1_15s_bed_elev
-38.3,27.8,-4555.27,ETOPO_2022_v1_15s_bed_elev
-38.2,27.8,-4921.94,ETOPO_2022_v1_15s_bed_elev
-38.1,27.8,-4873.66,ETOPO_2022_v1_15s_bed_elev
-38.0,27.8,-4965.1,ETOPO_2022_v1_15s_bed_elev
-37.9,27.8,-5053.37,ETOPO_2022_v1_15s_bed_elev
-37.8,27.8,-4837.61,ETOPO_2022_v1_15s_bed_elev
-37.7,27.8,-4655.05,ETOPO_2022_v1_15s_bed_elev
-37.6,27.8,-4785.08,ETOPO_2022_v1_15s_bed_elev
-37.5,27.8,-4644.1,ETOPO_2022_v1_15s_bed_elev
-37.4,27.8,-4734.4,ETOPO_2022_v1_15s_bed_elev
-37.3,27.8,-4737.07,ETOPO_2022_v1_15s_bed_elev
-37.2,27.8,-4744.33,ETOPO_2022_v1_15s_bed_elev
-37.1,27.8,-4650.76,ETOPO_2022_v1_15s_bed_elev
-37.0,27.8,-4677.23,ETOPO_2022_v1_15s_bed_elev
-36.9,27.8,-4850.88,ETOPO_2022_v1_15s_bed_elev
-36.8,27.8,-4852.53,ETOPO_2022_v1_15s_bed_elev
-36.7,27.8,-4878.55,ETOPO_2022_v1_15s_bed_elev
-36.6,27.8,-4711.19,ETOPO_2022_v1_15s_bed_elev
-36.5,27.8,-4914.79,ETOPO_2022_v1_15s_bed_elev
-36.4,27.8,-4941.28,ETOPO_2022_v1_15s_bed_elev
-36.3,27.8,-5046.31,ETOPO_2022_v1_15s_bed_elev
-36.2,27.8,-4997.51,ETOPO_2022_v1_15s_bed_elev
-36.1,27.8,-5055.05,ETOPO_2022_v1_15s_bed_elev
-36.0,27.8,-5226.73,ETOPO_2022_v1_15s_bed_elev
-35.9,27.8,-5272.64,ETOPO_2022_v1_15s_bed_elev
-35.8,27.8,-5182.49,ETOPO_2022_v1_15s_bed_elev
-35.7,27.8,-4955.75,ETOPO_2022_v1_15s_bed_elev
-35.6,27.8,-4894.65,ETOPO_2022_v1_15s_bed_elev
-35.5,27.8,-4798.84,ETOPO_2022_v1_15s_bed_elev
-35.4,27.8,-4573.74,ETOPO_2022_v1_15s_bed_elev
-35.3,27.8,-4800.09,ETOPO_2022_v1_15s_bed_elev
-35.2,27.8,-4649.21,ETOPO_2022_v1_15s_bed_elev
-35.1,27.8,-4585.51,ETOPO_2022_v1_15s_bed_elev
-35.0,27.8,-4702.93,ETOPO_2022_v1_15s_bed_elev
-51.0,27.9,-5258.51,ETOPO_2022_v1_15s_bed_elev
-50.9,27.9,-5301.4,ETOPO_2022_v1_15s_bed_elev
-50.8,27.9,-5099.08,ETOPO_2022_v1_15s_bed_elev
-50.7,27.9,-4822.94,ETOPO_2022_v1_15s_bed_elev
-50.6,27.9,-4726.47,ETOPO_2022_v1_15s_bed_elev
-50.5,27.9,-5171.43,ETOPO_2022_v1_15s_bed_elev
-50.4,27.9,-5014.93,ETOPO_2022_v1_15s_bed_elev
-50.3,27.9,-5425.92,ETOPO_2022_v1_15s_bed_elev
-50.2,27.9,-5127.17,ETOPO_2022_v1_15s_bed_elev
-50.1,27.9,-4902.95,ETOPO_2022_v1_15s_bed_elev
-50.0,27.9,-4677.88,ETOPO_2022_v1_15s_bed_elev
-49.9,27.9,-4840.32,ETOPO_2022_v1_15s_bed_elev
-49.8,27.9,-4758.7,ETOPO_2022_v1_15s_bed_elev
-49.7,27.9,-5013.94,ETOPO_2022_v1_15s_bed_elev
-49.6,27.9,-4913.88,ETOPO_2022_v1_15s_bed_elev
-49.5,27.9,-4980.66,ETOPO_2022_v1_15s_bed_elev
-49.4,27.9,-4816.13,ETOPO_2022_v1_15s_bed_elev
-49.3,27.9,-5201.92,ETOPO_2022_v1_15s_bed_elev
-49.2,27.9,-5244.75,ETOPO_2022_v1_15s_bed_elev
-49.1,27.9,-5127.88,ETOPO_2022_v1_15s_bed_elev
-49.0,27.9,-5038.14,ETOPO_2022_v1_15s_bed_elev
-48.9,27.9,-5021.99,ETOPO_2022_v1_15s_bed_elev
-48.8,27.9,-4879.4,ETOPO_2022_v1_15s_bed_elev
-48.7,27.9,-4719.21,ETOPO_2022_v1_15s_bed_elev
-48.6,27.9,-4637.85,ETOPO_2022_v1_15s_bed_elev
-48.5,27.9,-4707.46,ETOPO_2022_v1_15s_bed_elev
-48.4,27.9,-4530.03,ETOPO_2022_v1_15s_bed_elev
-48.3,27.9,-4423.31,ETOPO_2022_v1_15s_bed_elev
-48.2,27.9,-4302.09,ETOPO_2022_v1_15s_bed_elev
-48.1,27.9,-4393.11,ETOPO_2022_v1_15s_bed_elev
-48.0,27.9,-4543.02,ETOPO_2022_v1_15s_bed_elev
-47.9,27.9,-4611.87,ETOPO_2022_v1_15s_bed_elev
-47.8,27.9,-4390.83,ETOPO_2022_v1_15s_bed_elev
-47.7,27.9,-4392.88,ETOPO_2022_v1_15s_bed_elev
-47.6,27.9,-4464.58,ETOPO_2022_v1_15s_bed_elev
-47.5,27.9,-4421.22,ETOPO_2022_v1_15s_bed_elev
-47.4,27.9,-4691.67,ETOPO_2022_v1_15s_bed_elev
-47.3,27.9,-4687.76,ETOPO_2022_v1_15s_bed_elev
-47.2,27.9,-4075.99,ETOPO_2022_v1_15s_bed_elev
-47.1,27.9,-4110.62,ETOPO_2022_v1_15s_bed_elev
-47.0,27.9,-4217.44,ETOPO_2022_v1_15s_bed_elev
-46.9,27.9,-3939.96,ETOPO_2022_v1_15s_bed_elev
-46.8,27.9,-4069.29,ETOPO_2022_v1_15s_bed_elev
-46.7,27.9,-4557.06,ETOPO_2022_v1_15s_bed_elev
-46.6,27.9,-4213.68,ETOPO_2022_v1_15s_bed_elev
-46.5,27.9,-3924.44,ETOPO_2022_v1_15s_bed_elev
-46.4,27.9,-4205.75,ETOPO_2022_v1_15s_bed_elev
-46.3,27.9,-4189.88,ETOPO_2022_v1_15s_bed_elev
-46.2,27.9,-4127.41,ETOPO_2022_v1_15s_bed_elev
-46.1,27.9,-4193.35,ETOPO_2022_v1_15s_bed_elev
-46.0,27.9,-3744.91,ETOPO_2022_v1_15s_bed_elev
-45.9,27.9,-4131.24,ETOPO_2022_v1_15s_bed_elev
-45.8,27.9,-4120.42,ETOPO_2022_v1_15s_bed_elev
-45.7,27.9,-4128.42,ETOPO_2022_v1_15s_bed_elev
-45.6,27.9,-4056.38,ETOPO_2022_v1_15s_bed_elev
-45.5,27.9,-3832.46,ETOPO_2022_v1_15s_bed_elev
-45.4,27.9,-3808.36,ETOPO_2022_v1_15s_bed_elev
-45.3,27.9,-3565.47,ETOPO_2022_v1_15s_bed_elev
-45.2,27.9,-3721.92,ETOPO_2022_v1_15s_bed_elev
-45.1,27.9,-3711.46,ETOPO_2022_v1_15s_bed_elev
-45.0,27.9,-3409.87,ETOPO_2022_v1_15s_bed_elev
-44.9,27.9,-3269.85,ETOPO_2022_v1_15s_bed_elev
-44.8,27.9,-3301.26,ETOPO_2022_v1_15s_bed_elev
-44.7,27.9,-2944.5,ETOPO_2022_v1_15s_bed_elev
-44.6,27.9,-2710.62,ETOPO_2022_v1_15s_bed_elev
-44.5,27.9,-2541.72,ETOPO_2022_v1_15s_bed_elev
-44.4,27.9,-2700.73,ETOPO_2022_v1_15s_bed_elev
-44.3,27.9,-2320.18,ETOPO_2022_v1_15s_bed_elev
-44.2,27.9,-2345.46,ETOPO_2022_v1_15s_bed_elev
-44.1,27.9,-2322.83,ETOPO_2022_v1_15s_bed_elev
-44.0,27.9,-2983.41,ETOPO_2022_v1_15s_bed_elev
-43.9,27.9,-2707.03,ETOPO_2022_v1_15s_bed_elev
-43.8,27.9,-2626.33,ETOPO_2022_v1_15s_bed_elev
-43.7,27.9,-2512.67,ETOPO_2022_v1_15s_bed_elev
-43.6,27.9,-2520.93,ETOPO_2022_v1_15s_bed_elev
-43.5,27.9,-3492.96,ETOPO_2022_v1_15s_bed_elev
-43.4,27.9,-2967.93,ETOPO_2022_v1_15s_bed_elev
-43.3,27.9,-3479.99,ETOPO_2022_v1_15s_bed_elev
-43.2,27.9,-3527.72,ETOPO_2022_v1_15s_bed_elev
-43.1,27.9,-3293.84,ETOPO_2022_v1_15s_bed_elev
-43.0,27.9,-3135.14,ETOPO_2022_v1_15s_bed_elev
-42.9,27.9,-3629.38,ETOPO_2022_v1_15s_bed_elev
-42.8,27.9,-3782.82,ETOPO_2022_v1_15s_bed_elev
-42.7,27.9,-3827.39,ETOPO_2022_v1_15s_bed_elev
-42.6,27.9,-3391.34,ETOPO_2022_v1_15s_bed_elev
-42.5,27.9,-3567.05,ETOPO_2022_v1_15s_bed_elev
-42.4,27.9,-3685.57,ETOPO_2022_v1_15s_bed_elev
-42.3,27.9,-3657.51,ETOPO_2022_v1_15s_bed_elev
-42.2,27.9,-3757.41,ETOPO_2022_v1_15s_bed_elev
-42.1,27.9,-3855.67,ETOPO_2022_v1_15s_bed_elev
-42.0,27.9,-3684.54,ETOPO_2022_v1_15s_bed_elev
-41.9,27.9,-3491.83,ETOPO_2022_v1_15s_bed_elev
-41.8,27.9,-3675.89,ETOPO_2022_v1_15s_bed_elev
-41.7,27.9,-4000.1,ETOPO_2022_v1_15s_bed_elev
-41.6,27.9,-3999.15,ETOPO_2022_v1_15s_bed_elev
-41.5,27.9,-4069.16,ETOPO_2022_v1_15s_bed_elev
-41.4,27.9,-4006.81,ETOPO_2022_v1_15s_bed_elev
-41.3,27.9,-3886.87,ETOPO_2022_v1_15s_bed_elev
-41.2,27.9,-4004.51,ETOPO_2022_v1_15s_bed_elev
-41.1,27.9,-3883.81,ETOPO_2022_v1_15s_bed_elev
-41.0,27.9,-3839.58,ETOPO_2022_v1_15s_bed_elev
-40.9,27.9,-3799.4,ETOPO_2022_v1_15s_bed_elev
-40.8,27.9,-3730.46,ETOPO_2022_v1_15s_bed_elev
-40.7,27.9,-3801.6,ETOPO_2022_v1_15s_bed_elev
-40.6,27.9,-4004.86,ETOPO_2022_v1_15s_bed_elev
-40.5,27.9,-3965.8,ETOPO_2022_v1_15s_bed_elev
-40.4,27.9,-3916.39,ETOPO_2022_v1_15s_bed_elev
-40.3,27.9,-3998.83,ETOPO_2022_v1_15s_bed_elev
-40.2,27.9,-3897.12,ETOPO_2022_v1_15s_bed_elev
-40.1,27.9,-4025.78,ETOPO_2022_v1_15s_bed_elev
-40.0,27.9,-3958.96,ETOPO_2022_v1_15s_bed_elev
-39.9,27.9,-4017.14,ETOPO_2022_v1_15s_bed_elev
-39.8,27.9,-4274.21,ETOPO_2022_v1_15s_bed_elev
-39.7,27.9,-3884.34,ETOPO_2022_v1_15s_bed_elev
-39.6,27.9,-3673.33,ETOPO_2022_v1_15s_bed_elev
-39.5,27.9,-3367.7,ETOPO_2022_v1_15s_bed_elev
-39.4,27.9,-3826.22,ETOPO_2022_v1_15s_bed_elev
-39.3,27.9,-4092.96,ETOPO_2022_v1_15s_bed_elev
-39.2,27.9,-4246.27,ETOPO_2022_v1_15s_bed_elev
-39.1,27.9,-4275.25,ETOPO_2022_v1_15s_bed_elev
-39.0,27.9,-4531.65,ETOPO_2022_v1_15s_bed_elev
-38.9,27.9,-4422.3,ETOPO_2022_v1_15s_bed_elev
-38.8,27.9,-4333.27,ETOPO_2022_v1_15s_bed_elev
-38.7,27.9,-4536.38,ETOPO_2022_v1_15s_bed_elev
-38.6,27.9,-4538.72,ETOPO_2022_v1_15s_bed_elev
-38.5,27.9,-4446.36,ETOPO_2022_v1_15s_bed_elev
-38.4,27.9,-4509.09,ETOPO_2022_v1_15s_bed_elev
-38.3,27.9,-4647.91,ETOPO_2022_v1_15s_bed_elev
-38.2,27.9,-4797.3,ETOPO_2022_v1_15s_bed_elev
-38.1,27.9,-4499.45,ETOPO_2022_v1_15s_bed_elev
-38.0,27.9,-4746.92,ETOPO_2022_v1_15s_bed_elev
-37.9,27.9,-4860.2,ETOPO_2022_v1_15s_bed_elev
-37.8,27.9,-4924.74,ETOPO_2022_v1_15s_bed_elev
-37.7,27.9,-4516.9,ETOPO_2022_v1_15s_bed_elev
-37.6,27.9,-4796.39,ETOPO_2022_v1_15s_bed_elev
-37.5,27.9,-4694.56,ETOPO_2022_v1_15s_bed_elev
-37.4,27.9,-4975.31,ETOPO_2022_v1_15s_bed_elev
-37.3,27.9,-5062.0,ETOPO_2022_v1_15s_bed_elev
-37.2,27.9,-4824.09,ETOPO_2022_v1_15s_bed_elev
-37.1,27.9,-4850.65,ETOPO_2022_v1_15s_bed_elev
-37.0,27.9,-4786.52,ETOPO_2022_v1_15s_bed_elev
-36.9,27.9,-4835.17,ETOPO_2022_v1_15s_bed_elev
-36.8,27.9,-4680.1,ETOPO_2022_v1_15s_bed_elev
-36.7,27.9,-4570.38,ETOPO_2022_v1_15s_bed_elev
-36.6,27.9,-4429.31,ETOPO_2022_v1_15s_bed_elev
-36.5,27.9,-4504.42,ETOPO_2022_v1_15s_bed_elev
-36.4,27.9,-4728.33,ETOPO_2022_v1_15s_bed_elev
-36.3,27.9,-4810.89,ETOPO_2022_v1_15s_bed_elev
-36.2,27.9,-4724.16,ETOPO_2022_v1_15s_bed_elev
-36.1,27.9,-4719.66,ETOPO_2022_v1_15s_bed_elev
-36.0,27.9,-4814.75,ETOPO_2022_v1_15s_bed_elev
-35.9,27.9,-4929.08,ETOPO_2022_v1_15s_bed_elev
-35.8,27.9,-4898.54,ETOPO_2022_v1_15s_bed_elev
-35.7,27.9,-4998.55,ETOPO_2022_v1_15s_bed_elev
-35.6,27.9,-5259.26,ETOPO_2022_v1_15s_bed_elev
-35.5,27.9,-5242.92,ETOPO_2022_v1_15s_bed_elev
-35.4,27.9,-5106.54,ETOPO_2022_v1_15s_bed_elev
-35.3,27.9,-5094.73,ETOPO_2022_v1_15s_bed_elev
-35.2,27.9,-4761.94,ETOPO_2022_v1_15s_bed_elev
-35.1,27.9,-4728.46,ETOPO_2022_v1_15s_bed_elev
-35.0,27.9,-4678.85,ETOPO_2022_v1_15s_bed_elev
-51.0,28.0,-5219.66,ETOPO_2022_v1_15s_bed_elev
-50.9,28.0,-5025.1,ETOPO_2022_v1_15s_bed_elev
-50.8,28.0,-5256.49,ETOPO_2022_v1_15s_bed_elev
-50.7,28.0,-5176.91,ETOPO_2022_v1_15s_bed_elev
-50.6,28.0,-5018.94,ETOPO_2022_v1_15s_bed_elev
-50.5,28.0,-5118.59,ETOPO_2022_v1_15s_bed_elev
-50.4,28.0,-4882.18,ETOPO_2022_v1_15s_bed_elev
-50.3,28.0,-5252.31,ETOPO_2022_v1_15s_bed_elev
-50.2,28.0,-4878.08,ETOPO_2022_v1_15s_bed_elev
-50.1,28.0,-5119.24,ETOPO_2022_v1_15s_bed_elev
-50.0,28.0,-4830.06,ETOPO_2022_v1_15s_bed_elev
-49.9,28.0,-4845.92,ETOPO_2022_v1_15s_bed_elev
-49.8,28.0,-4934.09,ETOPO_2022_v1_15s_bed_elev
-49.7,28.0,-5002.62,ETOPO_2022_v1_15s_bed_elev
-49.6,28.0,-5060.79,ETOPO_2022_v1_15s_bed_elev
-49.5,28.0,-5126.26,ETOPO_2022_v1_15s_bed_elev
-49.4,28.0,-4545.78,ETOPO_2022_v1_15s_bed_elev
-49.3,28.0,-4713.77,ETOPO_2022_v1_15s_bed_elev
-49.2,28.0,-4948.67,ETOPO_2022_v1_15s_bed_elev
-49.1,28.0,-4777.02,ETOPO_2022_v1_15s_bed_elev
-49.0,28.0,-4506.86,ETOPO_2022_v1_15s_bed_elev
-48.9,28.0,-4544.92,ETOPO_2022_v1_15s_bed_elev
-48.8,28.0,-4627.95,ETOPO_2022_v1_15s_bed_elev
-48.7,28.0,-4685.2,ETOPO_2022_v1_15s_bed_elev
-48.6,28.0,-4683.31,ETOPO_2022_v1_15s_bed_elev
-48.5,28.0,-4859.88,ETOPO_2022_v1_15s_bed_elev
-48.4,28.0,-4578.15,ETOPO_2022_v1_15s_bed_elev
-48.3,28.0,-4631.86,ETOPO_2022_v1_15s_bed_elev
-48.2,28.0,-4683.25,ETOPO_2022_v1_15s_bed_elev
-48.1,28.0,-4700.7,ETOPO_2022_v1_15s_bed_elev
-48.0,28.0,-4676.01,ETOPO_2022_v1_15s_bed_elev
-47.9,28.0,-4218.02,ETOPO_2022_v1_15s_bed_elev
-47.8,28.0,-4351.6,ETOPO_2022_v1_15s_bed_elev
-47.7,28.0,-4587.07,ETOPO_2022_v1_15s_bed_elev
-47.6,28.0,-4164.78,ETOPO_2022_v1_15s_bed_elev
-47.5,28.0,-4236.34,ETOPO_2022_v1_15s_bed_elev
-47.4,28.0,-4642.59,ETOPO_2022_v1_15s_bed_elev
-47.3,28.0,-4913.47,ETOPO_2022_v1_15s_bed_elev
-47.2,28.0,-4376.85,ETOPO_2022_v1_15s_bed_elev
-47.1,28.0,-4110.25,ETOPO_2022_v1_15s_bed_elev
-47.0,28.0,-3951.14,ETOPO_2022_v1_15s_bed_elev
-46.9,28.0,-3747.86,ETOPO_2022_v1_15s_bed_elev
-46.8,28.0,-4219.47,ETOPO_2022_v1_15s_bed_elev
-46.7,28.0,-4637.53,ETOPO_2022_v1_15s_bed_elev
-46.6,28.0,-4306.5,ETOPO_2022_v1_15s_bed_elev
-46.5,28.0,-4309.0,ETOPO_2022_v1_15s_bed_elev
-46.4,28.0,-4390.23,ETOPO_2022_v1_15s_bed_elev
-46.3,28.0,-4452.95,ETOPO_2022_v1_15s_bed_elev
-46.2,28.0,-4077.67,ETOPO_2022_v1_15s_bed_elev
-46.1,28.0,-3627.87,ETOPO_2022_v1_15s_bed_elev
-46.0,28.0,-3394.51,ETOPO_2022_v1_15s_bed_elev
-45.9,28.0,-3883.44,ETOPO_2022_v1_15s_bed_elev
-45.8,28.0,-4102.74,ETOPO_2022_v1_15s_bed_elev
-45.7,28.0,-4062.01,ETOPO_2022_v1_15s_bed_elev
-45.6,28.0,-4031.25,ETOPO_2022_v1_15s_bed_elev
-45.5,28.0,-3914.03,ETOPO_2022_v1_15s_bed_elev
-45.4,28.0,-3722.7,ETOPO_2022_v1_15s_bed_elev
-45.3,28.0,-3595.42,ETOPO_2022_v1_15s_bed_elev
-45.2,28.0,-3779.25,ETOPO_2022_v1_15s_bed_elev
-45.1,28.0,-3847.49,ETOPO_2022_v1_15s_bed_elev
-45.0,28.0,-3480.14,ETOPO_2022_v1_15s_bed_elev
-44.9,28.0,-3076.06,ETOPO_2022_v1_15s_bed_elev
-44.8,28.0,-3264.23,ETOPO_2022_v1_15s_bed_elev
-44.7,28.0,-3310.01,ETOPO_2022_v1_15s_bed_elev
-44.6,28.0,-2979.61,ETOPO_2022_v1_15s_bed_elev
-44.5,28.0,-2594.35,ETOPO_2022_v1_15s_bed_elev
-44.4,28.0,-2598.01,ETOPO_2022_v1_15s_bed_elev
-44.3,28.0,-2297.26,ETOPO_2022_v1_15s_bed_elev
-44.2,28.0,-2489.85,ETOPO_2022_v1_15s_bed_elev
-44.1,28.0,-2520.59,ETOPO_2022_v1_15s_bed_elev
-44.0,28.0,-3080.42,ETOPO_2022_v1_15s_bed_elev
-43.9,28.0,-2895.49,ETOPO_2022_v1_15s_bed_elev
-43.8,28.0,-2783.16,ETOPO_2022_v1_15s_bed_elev
-43.7,28.0,-2451.91,ETOPO_2022_v1_15s_bed_elev
-43.6,28.0,-2675.62,ETOPO_2022_v1_15s_bed_elev
-43.5,28.0,-3068.74,ETOPO_2022_v1_15s_bed_elev
-43.4,28.0,-2925.25,ETOPO_2022_v1_15s_bed_elev
-43.3,28.0,-2882.4,ETOPO_2022_v1_15s_bed_elev
-43.2,28.0,-3395.12,ETOPO_2022_v1_15s_bed_elev
-43.1,28.0,-3321.85,ETOPO_2022_v1_15s_bed_elev
-43.0,28.0,-3044.36,ETOPO_2022_v1_15s_bed_elev
-42.9,28.0,-3228.53,ETOPO_2022_v1_15s_bed_elev
-42.8,28.0,-3259.8,ETOPO_2022_v1_15s_bed_elev
-42.7,28.0,-3466.14,ETOPO_2022_v1_15s_bed_elev
-42.6,28.0,-3286.2,ETOPO_2022_v1_15s_bed_elev
-42.5,28.0,-3302.73,ETOPO_2022_v1_15s_bed_elev
-42.4,28.0,-3374.01,ETOPO_2022_v1_15s_bed_elev
-42.3,28.0,-3810.83,ETOPO_2022_v1_15s_bed_elev
-42.2,28.0,-3925.62,ETOPO_2022_v1_15s_bed_elev
-42.1,28.0,-3860.28,ETOPO_2022_v1_15s_bed_elev
-42.0,28.0,-3781.39,ETOPO_2022_v1_15s_bed_elev
-41.9,28.0,-3614.24,ETOPO_2022_v1_15s_bed_elev
-41.8,28.0,-3442.49,ETOPO_2022_v1_15s_bed_elev
-41.7,28.0,-3567.04,ETOPO_2022_v1_15s_bed_elev
-41.6,28.0,-3806.86,ETOPO_2022_v1_15s_bed_elev
-41.5,28.0,-3761.74,ETOPO_2022_v1_15s_bed_elev
-41.4,28.0,-3718.52,ETOPO_2022_v1_15s_bed_elev
-41.3,28.0,-3938.99,ETOPO_2022_v1_15s_bed_elev
-41.2,28.0,-3810.13,ETOPO_2022_v1_15s_bed_elev
-41.1,28.0,-3752.16,ETOPO_2022_v1_15s_bed_elev
-41.0,28.0,-3777.04,ETOPO_2022_v1_15s_bed_elev
-40.9,28.0,-3883.35,ETOPO_2022_v1_15s_bed_elev
-40.8,28.0,-4018.99,ETOPO_2022_v1_15s_bed_elev
-40.7,28.0,-3959.52,ETOPO_2022_v1_15s_bed_elev
-40.6,28.0,-3875.75,ETOPO_2022_v1_15s_bed_elev
-40.5,28.0,-3937.66,ETOPO_2022_v1_15s_bed_elev
-40.4,28.0,-3963.54,ETOPO_2022_v1_15s_bed_elev
-40.3,28.0,-3896.28,ETOPO_2022_v1_15s_bed_elev
-40.2,28.0,-3723.57,ETOPO_2022_v1_15s_bed_elev
-40.1,28.0,-4038.58,ETOPO_2022_v1_15s_bed_elev
-40.0,28.0,-4109.95,ETOPO_2022_v1_15s_bed_elev
-39.9,28.0,-3963.34,ETOPO_2022_v1_15s_bed_elev
-39.8,28.0,-4252.59,ETOPO_2022_v1_15s_bed_elev
-39.7,28.0,-4130.48,ETOPO_2022_v1_15s_bed_elev
-39.6,28.0,-3980.89,ETOPO_2022_v1_15s_bed_elev
-39.5,28.0,-4065.43,ETOPO_2022_v1_15s_bed_elev
-39.4,28.0,-4138.95,ETOPO_2022_v1_15s_bed_elev
-39.3,28.0,-3772.88,ETOPO_2022_v1_15s_bed_elev
-39.2,28.0,-4024.29,ETOPO_2022_v1_15s_bed_elev
-39.1,28.0,-4591.89,ETOPO_2022_v1_15s_bed_elev
-39.0,28.0,-4698.68,ETOPO_2022_v1_15s_bed_elev
-38.9,28.0,-4567.17,ETOPO_2022_v1_15s_bed_elev
-38.8,28.0,-4415.54,ETOPO_2022_v1_15s_bed_elev
-38.7,28.0,-4311.74,ETOPO_2022_v1_15s_bed_elev
-38.6,28.0,-4363.44,ETOPO_2022_v1_15s_bed_elev
-38.5,28.0,-4495.18,ETOPO_2022_v1_15s_bed_elev
-38.4,28.0,-4313.11,ETOPO_2022_v1_15s_bed_elev
-38.3,28.0,-4477.39,ETOPO_2022_v1_15s_bed_elev
-38.2,28.0,-4873.46,ETOPO_2022_v1_15s_bed_elev
-38.1,28.0,-4800.15,ETOPO_2022_v1_15s_bed_elev
-38.0,28.0,-4468.82,ETOPO_2022_v1_15s_bed_elev
-37.9,28.0,-4634.59,ETOPO_2022_v1_15s_bed_elev
-37.8,28.0,-4628.32,ETOPO_2022_v1_15s_bed_elev
-37.7,28.0,-4538.56,ETOPO_2022_v1_15s_bed_elev
-37.6,28.0,-4719.84,ETOPO_2022_v1_15s_bed_elev
-37.5,28.0,-4618.48,ETOPO_2022_v1_15s_bed_elev
-37.4,28.0,-4954.92,ETOPO_2022_v1_15s_bed_elev
-37.3,28.0,-4989.81,ETOPO_2022_v1_15s_bed_elev
-37.2,28.0,-4936.6,ETOPO_2022_v1_15s_bed_elev
-37.1,28.0,-4872.25,ETOPO_2022_v1_15s_bed_elev
-37.0,28.0,-5019.27,ETOPO_2022_v1_15s_bed_elev
-36.9,28.0,-4931.97,ETOPO_2022_v1_15s_bed_elev
-36.8,28.0,-4831.58,ETOPO_2022_v1_15s_bed_elev
-36.7,28.0,-4607.27,ETOPO_2022_v1_15s_bed_elev
-36.6,28.0,-4592.08,ETOPO_2022_v1_15s_bed_elev
-36.5,28.0,-4474.7,ETOPO_2022_v1_15s_bed_elev
-36.4,28.0,-4528.08,ETOPO_2022_v1_15s_bed_elev
-36.3,28.0,-4662.84,ETOPO_2022_v1_15s_bed_elev
-36.2,28.0,-4444.6,ETOPO_2022_v1_15s_bed_elev
-36.1,28.0,-4494.33,ETOPO_2022_v1_15s_bed_elev
-36.0,28.0,-4448.45,ETOPO_2022_v1_15s_bed_elev
-35.9,28.0,-4633.73,ETOPO_2022_v1_15s_bed_elev
-35.8,28.0,-4592.29,ETOPO_2022_v1_15s_bed_elev
-35.7,28.0,-4512.07,ETOPO_2022_v1_15s_bed_elev
-35.6,28.0,-4643.37,ETOPO_2022_v1_15s_bed_elev
-35.5,28.0,-4629.74,ETOPO_2022_v1_15s_bed_elev
-35.4,28.0,-4926.36,ETOPO_2022_v1_15s_bed_elev
-35.3,28.0,-4796.85,ETOPO_2022_v1_15s_bed_elev
-35.2,28.0,-5140.03,ETOPO_2022_v1_15s_bed_elev
-35.1,28.0,-5262.2,ETOPO_2022_v1_15s_bed_elev
-35.0,28.0,-5175.41,ETOPO_2022_v1_15s_bed_elev
-51.0,28.1,-5270.82,ETOPO_2022_v1_15s_bed_elev
-50.9,28.1,-5008.93,ETOPO_2022_v1_15s_bed_elev
-50.8,28.1,-5304.82,ETOPO_2022_v1_15s_bed_elev
-50.7,28.1,-5159.4,ETOPO_2022_v1_15s_bed_elev
-50.6,28.1,-5148.4,ETOPO_2022_v1_15s_bed_elev
-50.5,28.1,-4987.77,ETOPO_2022_v1_15s_bed_elev
-50.4,28.1,-5070.41,ETOPO_2022_v1_15s_bed_elev
-50.3,28.1,-5213.24,ETOPO_2022_v1_15s_bed_elev
-50.2,28.1,-4956.42,ETOPO_2022_v1_15s_bed_elev
-50.1,28.1,-5010.64,ETOPO_2022_v1_15s_bed_elev
-50.0,28.1,-4826.92,ETOPO_2022_v1_15s_bed_elev
-49.9,28.1,-4962.7,ETOPO_2022_v1_15s_bed_elev
-49.8,28.1,-4933.73,ETOPO_2022_v1_15s_bed_elev
-49.7,28.1,-5120.12,ETOPO_2022_v1_15s_bed_elev
-49.6,28.1,-4885.18,ETOPO_2022_v1_15s_bed_elev
-49.5,28.1,-4737.44,ETOPO_2022_v1_15s_bed_elev
-49.4,28.1,-4802.84,ETOPO_2022_v1_15s_bed_elev
-49.3,28.1,-5081.51,ETOPO_2022_v1_15s_bed_elev
-49.2,28.1,-4919.37,ETOPO_2022_v1_15s_bed_elev
-49.1,28.1,-4768.29,ETOPO_2022_v1_15s_bed_elev
-49.0,28.1,-4561.76,ETOPO_2022_v1_15s_bed_elev
-48.9,28.1,-4518.65,ETOPO_2022_v1_15s_bed_elev
-48.8,28.1,-4510.81,ETOPO_2022_v1_15s_bed_elev
-48.7,28.1,-4555.47,ETOPO_2022_v1_15s_bed_elev
-48.6,28.1,-4406.03,ETOPO_2022_v1_15s_bed_elev
-48.5,28.1,-4680.81,ETOPO_2022_v1_15s_bed_elev
-48.4,28.1,-4633.4,ETOPO_2022_v1_15s_bed_elev
-48.3,28.1,-4401.69,ETOPO_2022_v1_15s_bed_elev
-48.2,28.1,-4897.33,ETOPO_2022_v1_15s_bed_elev
-48.1,28.1,-4722.24,ETOPO_2022_v1_15s_bed_elev
-48.0,28.1,-4370.85,ETOPO_2022_v1_15s_bed_elev
-47.9,28.1,-4125.22,ETOPO_2022_v1_15s_bed_elev
-47.8,28.1,-4368.38,ETOPO_2022_v1_15s_bed_elev
-47.7,28.1,-4628.14,ETOPO_2022_v1_15s_bed_elev
-47.6,28.1,-4020.75,ETOPO_2022_v1_15s_bed_elev
-47.5,28.1,-3972.5,ETOPO_2022_v1_15s_bed_elev
-47.4,28.1,-4388.87,ETOPO_2022_v1_15s_bed_elev
-47.3,28.1,-4747.79,ETOPO_2022_v1_15s_bed_elev
-47.2,28.1,-4197.33,ETOPO_2022_v1_15s_bed_elev
-47.1,28.1,-4185.33,ETOPO_2022_v1_15s_bed_elev
-47.0,28.1,-4098.86,ETOPO_2022_v1_15s_bed_elev
-46.9,28.1,-4101.19,ETOPO_2022_v1_15s_bed_elev
-46.8,28.1,-4454.96,ETOPO_2022_v1_15s_bed_elev
-46.7,28.1,-4639.04,ETOPO_2022_v1_15s_bed_elev
-46.6,28.1,-4130.46,ETOPO_2022_v1_15s_bed_elev
-46.5,28.1,-3774.46,ETOPO_2022_v1_15s_bed_elev
-46.4,28.1,-4005.05,ETOPO_2022_v1_15s_bed_elev
-46.3,28.1,-4418.64,ETOPO_2022_v1_15s_bed_elev
-46.2,28.1,-3792.95,ETOPO_2022_v1_15s_bed_elev
-46.1,28.1,-3505.83,ETOPO_2022_v1_15s_bed_elev
-46.0,28.1,-3247.0,ETOPO_2022_v1_15s_bed_elev
-45.9,28.1,-3672.96,ETOPO_2022_v1_15s_bed_elev
-45.8,28.1,-4137.39,ETOPO_2022_v1_15s_bed_elev
-45.7,28.1,-3855.72,ETOPO_2022_v1_15s_bed_elev
-45.6,28.1,-3960.21,ETOPO_2022_v1_15s_bed_elev
-45.5,28.1,-3941.81,ETOPO_2022_v1_15s_bed_elev
-45.4,28.1,-3741.1,ETOPO_2022_v1_15s_bed_elev
-45.3,28.1,-3721.49,ETOPO_2022_v1_15s_bed_elev
-45.2,28.1,-3830.92,ETOPO_2022_v1_15s_bed_elev
-45.1,28.1,-3727.54,ETOPO_2022_v1_15s_bed_elev
-45.0,28.1,-3549.54,ETOPO_2022_v1_15s_bed_elev
-44.9,28.1,-3218.5,ETOPO_2022_v1_15s_bed_elev
-44.8,28.1,-3158.18,ETOPO_2022_v1_15s_bed_elev
-44.7,28.1,-2970.12,ETOPO_2022_v1_15s_bed_elev
-44.6,28.1,-3012.16,ETOPO_2022_v1_15s_bed_elev
-44.5,28.1,-2801.36,ETOPO_2022_v1_15s_bed_elev
-44.4,28.1,-2810.95,ETOPO_2022_v1_15s_bed_elev
-44.3,28.1,-2717.43,ETOPO_2022_v1_15s_bed_elev
-44.2,28.1,-2574.89,ETOPO_2022_v1_15s_bed_elev
-44.1,28.1,-3010.23,ETOPO_2022_v1_15s_bed_elev
-44.0,28.1,-3356.23,ETOPO_2022_v1_15s_bed_elev
-43.9,28.1,-3668.31,ETOPO_2022_v1_15s_bed_elev
-43.8,28.1,-2940.01,ETOPO_2022_v1_15s_bed_elev
-43.7,28.1,-2798.75,ETOPO_2022_v1_15s_bed_elev
-43.6,28.1,-2923.31,ETOPO_2022_v1_15s_bed_elev
-43.5,28.1,-3232.74,ETOPO_2022_v1_15s_bed_elev
-43.4,28.1,-2976.38,ETOPO_2022_v1_15s_bed_elev
-43.3,28.1,-2902.38,ETOPO_2022_v1_15s_bed_elev
-43.2,28.1,-2975.95,ETOPO_2022_v1_15s_bed_elev
-43.1,28.1,-3063.96,ETOPO_2022_v1_15s_bed_elev
-43.0,28.1,-3299.79,ETOPO_2022_v1_15s_bed_elev
-42.9,28.1,-3379.13,ETOPO_2022_v1_15s_bed_elev
-42.8,28.1,-3209.09,ETOPO_2022_v1_15s_bed_elev
-42.7,28.1,-3011.49,ETOPO_2022_v1_15s_bed_elev
-42.6,28.1,-3373.89,ETOPO_2022_v1_15s_bed_elev
-42.5,28.1,-3279.44,ETOPO_2022_v1_15s_bed_elev
-42.4,28.1,-3140.34,ETOPO_2022_v1_15s_bed_elev
-42.3,28.1,-3299.97,ETOPO_2022_v1_15s_bed_elev
-42.2,28.1,-3495.05,ETOPO_2022_v1_15s_bed_elev
-42.1,28.1,-3774.41,ETOPO_2022_v1_15s_bed_elev
-42.0,28.1,-4008.13,ETOPO_2022_v1_15s_bed_elev
-41.9,28.1,-4048.4,ETOPO_2022_v1_15s_bed_elev
-41.8,28.1,-3778.06,ETOPO_2022_v1_15s_bed_elev
-41.7,28.1,-3415.37,ETOPO_2022_v1_15s_bed_elev
-41.6,28.1,-3530.34,ETOPO_2022_v1_15s_bed_elev
-41.5,28.1,-3583.14,ETOPO_2022_v1_15s_bed_elev
-41.4,28.1,-3775.02,ETOPO_2022_v1_15s_bed_elev
-41.3,28.1,-4259.01,ETOPO_2022_v1_15s_bed_elev
-41.2,28.1,-3841.38,ETOPO_2022_v1_15s_bed_elev
-41.1,28.1,-3520.2,ETOPO_2022_v1_15s_bed_elev
-41.0,28.1,-3661.82,ETOPO_2022_v1_15s_bed_elev
-40.9,28.1,-3797.41,ETOPO_2022_v1_15s_bed_elev
-40.8,28.1,-4136.45,ETOPO_2022_v1_15s_bed_elev
-40.7,28.1,-4162.45,ETOPO_2022_v1_15s_bed_elev
-40.6,28.1,-3824.08,ETOPO_2022_v1_15s_bed_elev
-40.5,28.1,-3709.45,ETOPO_2022_v1_15s_bed_elev
-40.4,28.1,-3853.63,ETOPO_2022_v1_15s_bed_elev
-40.3,28.1,-3875.81,ETOPO_2022_v1_15s_bed_elev
-40.2,28.1,-3842.99,ETOPO_2022_v1_15s_bed_elev
-40.1,28.1,-4285.68,ETOPO_2022_v1_15s_bed_elev
-40.0,28.1,-4181.7,ETOPO_2022_v1_15s_bed_elev
-39.9,28.1,-3959.92,ETOPO_2022_v1_15s_bed_elev
-39.8,28.1,-4111.56,ETOPO_2022_v1_15s_bed_elev
-39.7,28.1,-4259.63,ETOPO_2022_v1_15s_bed_elev
-39.6,28.1,-3967.84,ETOPO_2022_v1_15s_bed_elev
-39.5,28.1,-4189.81,ETOPO_2022_v1_15s_bed_elev
-39.4,28.1,-4341.09,ETOPO_2022_v1_15s_bed_elev
-39.3,28.1,-4191.0,ETOPO_2022_v1_15s_bed_elev
-39.2,28.1,-4605.31,ETOPO_2022_v1_15s_bed_elev
-39.1,28.1,-4344.01,ETOPO_2022_v1_15s_bed_elev
-39.0,28.1,-4333.87,ETOPO_2022_v1_15s_bed_elev
-38.9,28.1,-4393.39,ETOPO_2022_v1_15s_bed_elev
-38.8,28.1,-4588.53,ETOPO_2022_v1_15s_bed_elev
-38.7,28.1,-4670.05,ETOPO_2022_v1_15s_bed_elev
-38.6,28.1,-4279.53,ETOPO_2022_v1_15s_bed_elev
-38.5,28.1,-4585.76,ETOPO_2022_v1_15s_bed_elev
-38.4,28.1,-4370.54,ETOPO_2022_v1_15s_bed_elev
-38.3,28.1,-4195.13,ETOPO_2022_v1_15s_bed_elev
-38.2,28.1,-4631.29,ETOPO_2022_v1_15s_bed_elev
-38.1,28.1,-4993.79,ETOPO_2022_v1_15s_bed_elev
-38.0,28.1,-4496.35,ETOPO_2022_v1_15s_bed_elev
-37.9,28.1,-4611.56,ETOPO_2022_v1_15s_bed_elev
-37.8,28.1,-4635.49,ETOPO_2022_v1_15s_bed_elev
-37.7,28.1,-4634.79,ETOPO_2022_v1_15s_bed_elev
-37.6,28.1,-4771.2,ETOPO_2022_v1_15s_bed_elev
-37.5,28.1,-4775.13,ETOPO_2022_v1_15s_bed_elev
-37.4,28.1,-4887.03,ETOPO_2022_v1_15s_bed_elev
-37.3,28.1,-4938.96,ETOPO_2022_v1_15s_bed_elev
-37.2,28.1,-4724.59,ETOPO_2022_v1_15s_bed_elev
-37.1,28.1,-4419.35,ETOPO_2022_v1_15s_bed_elev
-37.0,28.1,-4972.87,ETOPO_2022_v1_15s_bed_elev
-36.9,28.1,-5128.38,ETOPO_2022_v1_15s_bed_elev
-36.8,28.1,-5257.47,ETOPO_2022_v1_15s_bed_elev
-36.7,28.1,-5256.0,ETOPO_2022_v1_15s_bed_elev
-36.6,28.1,-5222.32,ETOPO_2022_v1_15s_bed_elev
-36.5,28.1,-4937.15,ETOPO_2022_v1_15s_bed_elev
-36.4,28.1,-5104.02,ETOPO_2022_v1_15s_bed_elev
-36.3,28.1,-5144.55,ETOPO_2022_v1_15s_bed_elev
-36.2,28.1,-5030.72,ETOPO_2022_v1_15s_bed_elev
-36.1,28.1,-5085.0,ETOPO_2022_v1_15s_bed_elev
-36.0,28.1,-4787.73,ETOPO_2022_v1_15s_bed_elev
-35.9,28.1,-4769.44,ETOPO_2022_v1_15s_bed_elev
-35.8,28.1,-4729.21,ETOPO_2022_v1_15s_bed_elev
-35.7,28.1,-4898.76,ETOPO_2022_v1_15s_bed_elev
-35.6,28.1,-4344.69,ETOPO_2022_v1_15s_bed_elev
-35.5,28.1,-4762.98,ETOPO_2022_v1_15s_bed_elev
-35.4,28.1,-4962.41,ETOPO_2022_v1_15s_bed_elev
-35.3,28.1,-4840.57,ETOPO_2022_v1_15s_bed_elev
-35.2,28.1,-4184.77,ETOPO_2022_v1_15s_bed_elev
-35.1,28.1,-4407.91,ETOPO_2022_v1_15s_bed_elev
-35.0,28.1,-4503.86,ETOPO_2022_v1_15s_bed_elev
-51.0,28.2,-5214.83,ETOPO_2022_v1_15s_bed_elev
-50.9,28.2,-5410.31,ETOPO_2022_v1_15s_bed_elev
-50.8,28.2,-5382.23,ETOPO_2022_v1_15s_bed_elev
-50.7,28.2,-5323.46,ETOPO_2022_v1_15s_bed_elev
-50.6,28.2,-5187.54,ETOPO_2022_v1_15s_bed_elev
-50.5,28.2,-5034.64,ETOPO_2022_v1_15s_bed_elev
-50.4,28.2,-4980.42,ETOPO_2022_v1_15s_bed_elev
-50.3,28.2,-5360.12,ETOPO_2022_v1_15s_bed_elev
-50.2,28.2,-5141.29,ETOPO_2022_v1_15s_bed_elev
-50.1,28.2,-5048.14,ETOPO_2022_v1_15s_bed_elev
-50.0,28.2,-4877.61,ETOPO_2022_v1_15s_bed_elev
-49.9,28.2,-4833.38,ETOPO_2022_v1_15s_bed_elev
-49.8,28.2,-4966.67,ETOPO_2022_v1_15s_bed_elev
-49.7,28.2,-5055.79,ETOPO_2022_v1_15s_bed_elev
-49.6,28.2,-4802.75,ETOPO_2022_v1_15s_bed_elev
-49.5,28.2,-4831.33,ETOPO_2022_v1_15s_bed_elev
-49.4,28.2,-4838.58,ETOPO_2022_v1_15s_bed_elev
-49.3,28.2,-5205.64,ETOPO_2022_v1_15s_bed_elev
-49.2,28.2,-4754.22,ETOPO_2022_v1_15s_bed_elev
-49.1,28.2,-4653.38,ETOPO_2022_v1_15s_bed_elev
-49.0,28.2,-4639.6,ETOPO_2022_v1_15s_bed_elev
-48.9,28.2,-4581.22,ETOPO_2022_v1_15s_bed_elev
-48.8,28.2,-4470.17,ETOPO_2022_v1_15s_bed_elev
-48.7,28.2,-4481.46,ETOPO_2022_v1_15s_bed_elev
-48.6,28.2,-4376.53,ETOPO_2022_v1_15s_bed_elev
-48.5,28.2,-4500.51,ETOPO_2022_v1_15s_bed_elev
-48.4,28.2,-4695.39,ETOPO_2022_v1_15s_bed_elev
-48.3,28.2,-4502.65,ETOPO_2022_v1_15s_bed_elev
-48.2,28.2,-5047.02,ETOPO_2022_v1_15s_bed_elev
-48.1,28.2,-4603.77,ETOPO_2022_v1_15s_bed_elev
-48.0,28.2,-4143.04,ETOPO_2022_v1_15s_bed_elev
-47.9,28.2,-4322.03,ETOPO_2022_v1_15s_bed_elev
-47.8,28.2,-4468.66,ETOPO_2022_v1_15s_bed_elev
-47.7,28.2,-4608.54,ETOPO_2022_v1_15s_bed_elev
-47.6,28.2,-4329.21,ETOPO_2022_v1_15s_bed_elev
-47.5,28.2,-3969.83,ETOPO_2022_v1_15s_bed_elev
-47.4,28.2,-3974.13,ETOPO_2022_v1_15s_bed_elev
-47.3,28.2,-4846.75,ETOPO_2022_v1_15s_bed_elev
-47.2,28.2,-4358.93,ETOPO_2022_v1_15s_bed_elev
-47.1,28.2,-3915.49,ETOPO_2022_v1_15s_bed_elev
-47.0,28.2,-4271.86,ETOPO_2022_v1_15s_bed_elev
-46.9,28.2,-4436.93,ETOPO_2022_v1_15s_bed_elev
-46.8,28.2,-4606.89,ETOPO_2022_v1_15s_bed_elev
-46.7,28.2,-4299.86,ETOPO_2022_v1_15s_bed_elev
-46.6,28.2,-3998.79,ETOPO_2022_v1_15s_bed_elev
-46.5,28.2,-3831.43,ETOPO_2022_v1_15s_bed_elev
-46.4,28.2,-3820.88,ETOPO_2022_v1_15s_bed_elev
-46.3,28.2,-3924.57,ETOPO_2022_v1_15s_bed_elev
-46.2,28.2,-3753.28,ETOPO_2022_v1_15s_bed_elev
-46.1,28.2,-3743.92,ETOPO_2022_v1_15s_bed_elev
-46.0,28.2,-4030.81,ETOPO_2022_v1_15s_bed_elev
-45.9,28.2,-3889.63,ETOPO_2022_v1_15s_bed_elev
-45.8,28.2,-4045.33,ETOPO_2022_v1_15s_bed_elev
-45.7,28.2,-3774.01,ETOPO_2022_v1_15s_bed_elev
-45.6,28.2,-3782.91,ETOPO_2022_v1_15s_bed_elev
-45.5,28.2,-3870.07,ETOPO_2022_v1_15s_bed_elev
-45.4,28.2,-3783.46,ETOPO_2022_v1_15s_bed_elev
-45.3,28.2,-3367.33,ETOPO_2022_v1_15s_bed_elev
-45.2,28.2,-3613.86,ETOPO_2022_v1_15s_bed_elev
-45.1,28.2,-3640.99,ETOPO_2022_v1_15s_bed_elev
-45.0,28.2,-3471.44,ETOPO_2022_v1_15s_bed_elev
-44.9,28.2,-3472.96,ETOPO_2022_v1_15s_bed_elev
-44.8,28.2,-3355.53,ETOPO_2022_v1_15s_bed_elev
-44.7,28.2,-2809.67,ETOPO_2022_v1_15s_bed_elev
-44.6,28.2,-2924.95,ETOPO_2022_v1_15s_bed_elev
-44.5,28.2,-3152.42,ETOPO_2022_v1_15s_bed_elev
-44.4,28.2,-3222.3,ETOPO_2022_v1_15s_bed_elev
-44.3,28.2,-3043.41,ETOPO_2022_v1_15s_bed_elev
-44.2,28.2,-2824.74,ETOPO_2022_v1_15s_bed_elev
-44.1,28.2,-2864.42,ETOPO_2022_v1_15s_bed_elev
-44.0,28.2,-2934.51,ETOPO_2022_v1_15s_bed_elev
-43.9,28.2,-3396.32,ETOPO_2022_v1_15s_bed_elev
-43.8,28.2,-3291.68,ETOPO_2022_v1_15s_bed_elev
-43.7,28.2,-3118.94,ETOPO_2022_v1_15s_bed_elev
-43.6,28.2,-2879.58,ETOPO_2022_v1_15s_bed_elev
-43.5,28.2,-3135.6,ETOPO_2022_v1_15s_bed_elev
-43.4,28.2,-2987.49,ETOPO_2022_v1_15s_bed_elev
-43.3,28.2,-3271.82,ETOPO_2022_v1_15s_bed_elev
-43.2,28.2,-3277.91,ETOPO_2022_v1_15s_bed_elev
-43.1,28.2,-3087.41,ETOPO_2022_v1_15s_bed_elev
-43.0,28.2,-3353.18,ETOPO_2022_v1_15s_bed_elev
-42.9,28.2,-3206.71,ETOPO_2022_v1_15s_bed_elev
-42.8,28.2,-3429.85,ETOPO_2022_v1_15s_bed_elev
-42.7,28.2,-3123.21,ETOPO_2022_v1_15s_bed_elev
-42.6,28.2,-3292.08,ETOPO_2022_v1_15s_bed_elev
-42.5,28.2,-3357.72,ETOPO_2022_v1_15s_bed_elev
-42.4,28.2,-3234.9,ETOPO_2022_v1_15s_bed_elev
-42.3,28.2,-3357.43,ETOPO_2022_v1_15s_bed_elev
-42.2,28.2,-3364.08,ETOPO_2022_v1_15s_bed_elev
-42.1,28.2,-3438.35,ETOPO_2022_v1_15s_bed_elev
-42.0,28.2,-3731.86,ETOPO_2022_v1_15s_bed_elev
-41.9,28.2,-3916.95,ETOPO_2022_v1_15s_bed_elev
-41.8,28.2,-3911.21,ETOPO_2022_v1_15s_bed_elev
-41.7,28.2,-3779.51,ETOPO_2022_v1_15s_bed_elev
-41.6,28.2,-3729.84,ETOPO_2022_v1_15s_bed_elev
-41.5,28.2,-3788.56,ETOPO_2022_v1_15s_bed_elev
-41.4,28.2,-3757.15,ETOPO_2022_v1_15s_bed_elev
-41.3,28.2,-3969.79,ETOPO_2022_v1_15s_bed_elev
-41.2,28.2,-3741.57,ETOPO_2022_v1_15s_bed_elev
-41.1,28.2,-3587.39,ETOPO_2022_v1_15s_bed_elev
-41.0,28.2,-3794.15,ETOPO_2022_v1_15s_bed_elev
-40.9,28.2,-3979.08,ETOPO_2022_v1_15s_bed_elev
-40.8,28.2,-3925.49,ETOPO_2022_v1_15s_bed_elev
-40.7,28.2,-3835.63,ETOPO_2022_v1_15s_bed_elev
-40.6,28.2,-3754.59,ETOPO_2022_v1_15s_bed_elev
-40.5,28.2,-3649.1,ETOPO_2022_v1_15s_bed_elev
-40.4,28.2,-3356.37,ETOPO_2022_v1_15s_bed_elev
-40.3,28.2,-3482.57,ETOPO_2022_v1_15s_bed_elev
-40.2,28.2,-3900.88,ETOPO_2022_v1_15s_bed_elev
-40.1,28.2,-3937.89,ETOPO_2022_v1_15s_bed_elev
-40.0,28.2,-4052.66,ETOPO_2022_v1_15s_bed_elev
-39.9,28.2,-4186.9,ETOPO_2022_v1_15s_bed_elev
-39.8,28.2,-4419.65,ETOPO_2022_v1_15s_bed_elev
-39.7,28.2,-4594.35,ETOPO_2022_v1_15s_bed_elev
-39.6,28.2,-4289.86,ETOPO_2022_v1_15s_bed_elev
-39.5,28.2,-4139.24,ETOPO_2022_v1_15s_bed_elev
-39.4,28.2,-4066.49,ETOPO_2022_v1_15s_bed_elev
-39.3,28.2,-4032.81,ETOPO_2022_v1_15s_bed_elev
-39.2,28.2,-4253.31,ETOPO_2022_v1_15s_bed_elev
-39.1,28.2,-4170.93,ETOPO_2022_v1_15s_bed_elev
-39.0,28.2,-4119.48,ETOPO_2022_v1_15s_bed_elev
-38.9,28.2,-4077.93,ETOPO_2022_v1_15s_bed_elev
-38.8,28.2,-4389.7,ETOPO_2022_v1_15s_bed_elev
-38.7,28.2,-4720.93,ETOPO_2022_v1_15s_bed_elev
-38.6,28.2,-4617.29,ETOPO_2022_v1_15s_bed_elev
-38.5,28.2,-4604.94,ETOPO_2022_v1_15s_bed_elev
-38.4,28.2,-4621.05,ETOPO_2022_v1_15s_bed_elev
-38.3,28.2,-4302.19,ETOPO_2022_v1_15s_bed_elev
-38.2,28.2,-4270.99,ETOPO_2022_v1_15s_bed_elev
-38.1,28.2,-4395.17,ETOPO_2022_v1_15s_bed_elev
-38.0,28.2,-4721.05,ETOPO_2022_v1_15s_bed_elev
-37.9,28.2,-4508.51,ETOPO_2022_v1_15s_bed_elev
-37.8,28.2,-4568.91,ETOPO_2022_v1_15s_bed_elev
-37.7,28.2,-4718.42,ETOPO_2022_v1_15s_bed_elev
-37.6,28.2,-4564.98,ETOPO_2022_v1_15s_bed_elev
-37.5,28.2,-4638.58,ETOPO_2022_v1_15s_bed_elev
-37.4,28.2,-4698.92,ETOPO_2022_v1_15s_bed_elev
-37.3,28.2,-4634.91,ETOPO_2022_v1_15s_bed_elev
-37.2,28.2,-4671.36,ETOPO_2022_v1_15s_bed_elev
-37.1,28.2,-4619.37,ETOPO_2022_v1_15s_bed_elev
-37.0,28.2,-4986.2,ETOPO_2022_v1_15s_bed_elev
-36.9,28.2,-5223.58,ETOPO_2022_v1_15s_bed_elev
-36.8,28.2,-5116.7,ETOPO_2022_v1_15s_bed_elev
-36.7,28.2,-5041.38,ETOPO_2022_v1_15s_bed_elev
-36.6,28.2,-5048.35,ETOPO_2022_v1_15s_bed_elev
-36.5,28.2,-4933.2,ETOPO_2022_v1_15s_bed_elev
-36.4,28.2,-4908.01,ETOPO_2022_v1_15s_bed_elev
-36.3,28.2,-4985.14,ETOPO_2022_v1_15s_bed_elev
-36.2,28.2,-5091.16,ETOPO_2022_v1_15s_bed_elev
-36.1,28.2,-5049.53,ETOPO_2022_v1_15s_bed_elev
-36.0,28.2,-4923.52,ETOPO_2022_v1_15s_bed_elev
-35.9,28.2,-5008.29,ETOPO_2022_v1_15s_bed_elev
-35.8,28.2,-5178.97,ETOPO_2022_v1_15s_bed_elev
-35.7,28.2,-5471.82,ETOPO_2022_v1_15s_bed_elev
-35.6,28.2,-5222.17,ETOPO_2022_v1_15s_bed_elev
-35.5,28.2,-5195.32,ETOPO_2022_v1_15s_bed_elev
-35.4,28.2,-5248.93,ETOPO_2022_v1_15s_bed_elev
-35.3,28.2,-5179.17,ETOPO_2022_v1_15s_bed_elev
-35.2,28.2,-4655.02,ETOPO_2022_v1_15s_bed_elev
-35.1,28.2,-4493.52,ETOPO_2022_v1_15s_bed_elev
-35.0,28.2,-4562.96,ETOPO_2022_v1_15s_bed_elev
-51.0,28.3,-5044.97,ETOPO_2022_v1_15s_bed_elev
-50.9,28.3,-4713.33,ETOPO_2022_v1_15s_bed_elev
-50.8,28.3,-5083.77,ETOPO_2022_v1_15s_bed_elev
-50.7,28.3,-5606.36,ETOPO_2022_v1_15s_bed_elev
-50.6,28.3,-5064.44,ETOPO_2022_v1_15s_bed_elev
-50.5,28.3,-4559.34,ETOPO_2022_v1_15s_bed_elev
-50.4,28.3,-5060.17,ETOPO_2022_v1_15s_bed_elev
-50.3,28.3,-4756.11,ETOPO_2022_v1_15s_bed_elev
-50.2,28.3,-4979.97,ETOPO_2022_v1_15s_bed_elev
-50.1,28.3,-5280.1,ETOPO_2022_v1_15s_bed_elev
-50.0,28.3,-4996.96,ETOPO_2022_v1_15s_bed_elev
-49.9,28.3,-4780.05,ETOPO_2022_v1_15s_bed_elev
-49.8,28.3,-4876.76,ETOPO_2022_v1_15s_bed_elev
-49.7,28.3,-4787.3,ETOPO_2022_v1_15s_bed_elev
-49.6,28.3,-4626.42,ETOPO_2022_v1_15s_bed_elev
-49.5,28.3,-5090.16,ETOPO_2022_v1_15s_bed_elev
-49.4,28.3,-4718.39,ETOPO_2022_v1_15s_bed_elev
-49.3,28.3,-5094.49,ETOPO_2022_v1_15s_bed_elev
-49.2,28.3,-4921.91,ETOPO_2022_v1_15s_bed_elev
-49.1,28.3,-4956.5,ETOPO_2022_v1_15s_bed_elev
-49.0,28.3,-4912.47,ETOPO_2022_v1_15s_bed_elev
-48.9,28.3,-4931.48,ETOPO_2022_v1_15s_bed_elev
-48.8,28.3,-4579.51,ETOPO_2022_v1_15s_bed_elev
-48.7,28.3,-4612.62,ETOPO_2022_v1_15s_bed_elev
-48.6,28.3,-4415.88,ETOPO_2022_v1_15s_bed_elev
-48.5,28.3,-4434.25,ETOPO_2022_v1_15s_bed_elev
-48.4,28.3,-4802.96,ETOPO_2022_v1_15s_bed_elev
-48.3,28.3,-4558.49,ETOPO_2022_v1_15s_bed_elev
-48.2,28.3,-4831.35,ETOPO_2022_v1_15s_bed_elev
-48.1,28.3,-4765.27,ETOPO_2022_v1_15s_bed_elev
-48.0,28.3,-4504.02,ETOPO_2022_v1_15s_bed_elev
-47.9,28.3,-4469.36,ETOPO_2022_v1_15s_bed_elev
-47.8,28.3,-4582.86,ETOPO_2022_v1_15s_bed_elev
-47.7,28.3,-4426.55,ETOPO_2022_v1_15s_bed_elev
-47.6,28.3,-4347.66,ETOPO_2022_v1_15s_bed_elev
-47.5,28.3,-4171.1,ETOPO_2022_v1_15s_bed_elev
-47.4,28.3,-4105.37,ETOPO_2022_v1_15s_bed_elev
-47.3,28.3,-4607.21,ETOPO_2022_v1_15s_bed_elev
-47.2,28.3,-4658.69,ETOPO_2022_v1_15s_bed_elev
-47.1,28.3,-4103.99,ETOPO_2022_v1_15s_bed_elev
-47.0,28.3,-4299.97,ETOPO_2022_v1_15s_bed_elev
-46.9,28.3,-4216.8,ETOPO_2022_v1_15s_bed_elev
-46.8,28.3,-4195.33,ETOPO_2022_v1_15s_bed_elev
-46.7,28.3,-4322.06,ETOPO_2022_v1_15s_bed_elev
-46.6,28.3,-4153.42,ETOPO_2022_v1_15s_bed_elev
-46.5,28.3,-3474.96,ETOPO_2022_v1_15s_bed_elev
-46.4,28.3,-3855.27,ETOPO_2022_v1_15s_bed_elev
-46.3,28.3,-3802.99,ETOPO_2022_v1_15s_bed_elev
-46.2,28.3,-3988.7,ETOPO_2022_v1_15s_bed_elev
-46.1,28.3,-4221.5,ETOPO_2022_v1_15s_bed_elev
-46.0,28.3,-4247.21,ETOPO_2022_v1_15s_bed_elev
-45.9,28.3,-3832.24,ETOPO_2022_v1_15s_bed_elev
-45.8,28.3,-3983.83,ETOPO_2022_v1_15s_bed_elev
-45.7,28.3,-3841.4,ETOPO_2022_v1_15s_bed_elev
-45.6,28.3,-3818.45,ETOPO_2022_v1_15s_bed_elev
-45.5,28.3,-3783.84,ETOPO_2022_v1_15s_bed_elev
-45.4,28.3,-3351.83,ETOPO_2022_v1_15s_bed_elev
-45.3,28.3,-2925.46,ETOPO_2022_v1_15s_bed_elev
-45.2,28.3,-3445.34,ETOPO_2022_v1_15s_bed_elev
-45.1,28.3,-3356.94,ETOPO_2022_v1_15s_bed_elev
-45.0,28.3,-3168.14,ETOPO_2022_v1_15s_bed_elev
-44.9,28.3,-3463.02,ETOPO_2022_v1_15s_bed_elev
-44.8,28.3,-3413.7,ETOPO_2022_v1_15s_bed_elev
-44.7,28.3,-3173.89,ETOPO_2022_v1_15s_bed_elev
-44.6,28.3,-3198.71,ETOPO_2022_v1_15s_bed_elev
-44.5,28.3,-3142.86,ETOPO_2022_v1_15s_bed_elev
-44.4,28.3,-3039.39,ETOPO_2022_v1_15s_bed_elev
-44.3,28.3,-3169.33,ETOPO_2022_v1_15s_bed_elev
-44.2,28.3,-2951.57,ETOPO_2022_v1_15s_bed_elev
-44.1,28.3,-2786.04,ETOPO_2022_v1_15s_bed_elev
-44.0,28.3,-2522.98,ETOPO_2022_v1_15s_bed_elev
-43.9,28.3,-2833.32,ETOPO_2022_v1_15s_bed_elev
-43.8,28.3,-3311.76,ETOPO_2022_v1_15s_bed_elev
-43.7,28.3,-3189.67,ETOPO_2022_v1_15s_bed_elev
-43.6,28.3,-2584.46,ETOPO_2022_v1_15s_bed_elev
-43.5,28.3,-2735.0,ETOPO_2022_v1_15s_bed_elev
-43.4,28.3,-3006.23,ETOPO_2022_v1_15s_bed_elev
-43.3,28.3,-3024.18,ETOPO_2022_v1_15s_bed_elev
-43.2,28.3,-3139.16,ETOPO_2022_v1_15s_bed_elev
-43.1,28.3,-3285.01,ETOPO_2022_v1_15s_bed_elev
-43.0,28.3,-3165.51,ETOPO_2022_v1_15s_bed_elev
-42.9,28.3,-3544.71,ETOPO_2022_v1_15s_bed_elev
-42.8,28.3,-3649.52,ETOPO_2022_v1_15s_bed_elev
-42.7,28.3,-3796.78,ETOPO_2022_v1_15s_bed_elev
-42.6,28.3,-3815.25,ETOPO_2022_v1_15s_bed_elev
-42.5,28.3,-3572.57,ETOPO_2022_v1_15s_bed_elev
-42.4,28.3,-3733.63,ETOPO_2022_v1_15s_bed_elev
-42.3,28.3,-3855.38,ETOPO_2022_v1_15s_bed_elev
-42.2,28.3,-3762.71,ETOPO_2022_v1_15s_bed_elev
-42.1,28.3,-3622.1,ETOPO_2022_v1_15s_bed_elev
-42.0,28.3,-3386.98,ETOPO_2022_v1_15s_bed_elev
-41.9,28.3,-3410.02,ETOPO_2022_v1_15s_bed_elev
-41.8,28.3,-3377.58,ETOPO_2022_v1_15s_bed_elev
-41.7,28.3,-3590.55,ETOPO_2022_v1_15s_bed_elev
-41.6,28.3,-3946.82,ETOPO_2022_v1_15s_bed_elev
-41.5,28.3,-3692.68,ETOPO_2022_v1_15s_bed_elev
-41.4,28.3,-3631.08,ETOPO_2022_v1_15s_bed_elev
-41.3,28.3,-3903.82,ETOPO_2022_v1_15s_bed_elev
-41.2,28.3,-3852.02,ETOPO_2022_v1_15s_bed_elev
-41.1,28.3,-3713.09,ETOPO_2022_v1_15s_bed_elev
-41.0,28.3,-3635.52,ETOPO_2022_v1_15s_bed_elev
-40.9,28.3,-3952.6,ETOPO_2022_v1_15s_bed_elev
-40.8,28.3,-3744.44,ETOPO_2022_v1_15s_bed_elev
-40.7,28.3,-3585.87,ETOPO_2022_v1_15s_bed_elev
-40.6,28.3,-3748.28,ETOPO_2022_v1_15s_bed_elev
-40.5,28.3,-4008.13,ETOPO_2022_v1_15s_bed_elev
-40.4,28.3,-3405.8,ETOPO_2022_v1_15s_bed_elev
-40.3,28.3,-3584.68,ETOPO_2022_v1_15s_bed_elev
-40.2,28.3,-3988.4,ETOPO_2022_v1_15s_bed_elev
-40.1,28.3,-3804.94,ETOPO_2022_v1_15s_bed_elev
-40.0,28.3,-3979.22,ETOPO_2022_v1_15s_bed_elev
-39.9,28.3,-4116.93,ETOPO_2022_v1_15s_bed_elev
-39.8,28.3,-4276.62,ETOPO_2022_v1_15s_bed_elev
-39.7,28.3,-4424.19,ETOPO_2022_v1_15s_bed_elev
-39.6,28.3,-4344.22,ETOPO_2022_v1_15s_bed_elev
-39.5,28.3,-4351.13,ETOPO_2022_v1_15s_bed_elev
-39.4,28.3,-3967.6,ETOPO_2022_v1_15s_bed_elev
-39.3,28.3,-3730.05,ETOPO_2022_v1_15s_bed_elev
-39.2,28.3,-4090.56,ETOPO_2022_v1_15s_bed_elev
-39.1,28.3,-3875.7,ETOPO_2022_v1_15s_bed_elev
-39.0,28.3,-4026.27,ETOPO_2022_v1_15s_bed_elev
-38.9,28.3,-3913.01,ETOPO_2022_v1_15s_bed_elev
-38.8,28.3,-4338.88,ETOPO_2022_v1_15s_bed_elev
-38.7,28.3,-4458.94,ETOPO_2022_v1_15s_bed_elev
-38.6,28.3,-4609.64,ETOPO_2022_v1_15s_bed_elev
-38.5,28.3,-4652.38,ETOPO_2022_v1_15s_bed_elev
-38.4,28.3,-4452.4,ETOPO_2022_v1_15s_bed_elev
-38.3,28.3,-4445.0,ETOPO_2022_v1_15s_bed_elev
-38.2,28.3,-4358.98,ETOPO_2022_v1_15s_bed_elev
-38.1,28.3,-4227.08,ETOPO_2022_v1_15s_bed_elev
-38.0,28.3,-4526.35,ETOPO_2022_v1_15s_bed_elev
-37.9,28.3,-4704.6,ETOPO_2022_v1_15s_bed_elev
-37.8,28.3,-4532.98,ETOPO_2022_v1_15s_bed_elev
-37.7,28.3,-4832.43,ETOPO_2022_v1_15s_bed_elev
-37.6,28.3,-4726.64,ETOPO_2022_v1_15s_bed_elev
-37.5,28.3,-4379.37,ETOPO_2022_v1_15s_bed_elev
-37.4,28.3,-4882.25,ETOPO_2022_v1_15s_bed_elev
-37.3,28.3,-5036.78,ETOPO_2022_v1_15s_bed_elev
-37.2,28.3,-4783.92,ETOPO_2022_v1_15s_bed_elev
-37.1,28.3,-4612.27,ETOPO_2022_v1_15s_bed_elev
-37.0,28.3,-4843.36,ETOPO_2022_v1_15s_bed_elev
-36.9,28.3,-5087.85,ETOPO_2022_v1_15s_bed_elev
-36.8,28.3,-4691.46,ETOPO_2022_v1_15s_bed_elev
-36.7,28.3,-4448.96,ETOPO_2022_v1_15s_bed_elev
-36.6,28.3,-4579.99,ETOPO_2022_v1_15s_bed_elev
-36.5,28.3,-4670.22,ETOPO_2022_v1_15s_bed_elev
-36.4,28.3,-4586.87,ETOPO_2022_v1_15s_bed_elev
-36.3,28.3,-4637.75,ETOPO_2022_v1_15s_bed_elev
-36.2,28.3,-4772.04,ETOPO_2022_v1_15s_bed_elev
-36.1,28.3,-4674.96,ETOPO_2022_v1_15s_bed_elev
-36.0,28.3,-4791.83,ETOPO_2022_v1_15s_bed_elev
-35.9,28.3,-4960.86,ETOPO_2022_v1_15s_bed_elev
-35.8,28.3,-4782.02,ETOPO_2022_v1_15s_bed_elev
-35.7,28.3,-5075.1,ETOPO_2022_v1_15s_bed_elev
-35.6,28.3,-5152.61,ETOPO_2022_v1_15s_bed_elev
-35.5,28.3,-5100.53,ETOPO_2022_v1_15s_bed_elev
-35.4,28.3,-5318.78,ETOPO_2022_v1_15s_bed_elev
-35.3,28.3,-5072.95,ETOPO_2022_v1_15s_bed_elev
-35.2,28.3,-5161.61,ETOPO_2022_v1_15s_bed_elev
-35.1,28.3,-5258.03,ETOPO_2022_v1_15s_bed_elev
-35.0,28.3,-5287.13,ETOPO_2022_v1_15s_bed_elev
-51.0,28.4,-4816.28,ETOPO_2022_v1_15s_bed_elev
-50.9,28.4,-5018.38,ETOPO_2022_v1_15s_bed_elev
-50.8,28.4,-4883.99,ETOPO_2022_v1_15s_bed_elev
-50.7,28.4,-5351.49,ETOPO_2022_v1_15s_bed_elev
-50.6,28.4,-4945.7,ETOPO_2022_v1_15s_bed_elev
-50.5,28.4,-4789.06,ETOPO_2022_v1_15s_bed_elev
-50.4,28.4,-5033.55,ETOPO_2022_v1_15s_bed_elev
-50.3,28.4,-5067.24,ETOPO_2022_v1_15s_bed_elev
-50.2,28.4,-5061.39,ETOPO_2022_v1_15s_bed_elev
-50.1,28.4,-4726.3,ETOPO_2022_v1_15s_bed_elev
-50.0,28.4,-4976.61,ETOPO_2022_v1_15s_bed_elev
-49.9,28.4,-4899.4,ETOPO_2022_v1_15s_bed_elev
-49.8,28.4,-5108.79,ETOPO_2022_v1_15s_bed_elev
-49.7,28.4,-5112.81,ETOPO_2022_v1_15s_bed_elev
-49.6,28.4,-4842.5,ETOPO_2022_v1_15s_bed_elev
-49.5,28.4,-4975.17,ETOPO_2022_v1_15s_bed_elev
-49.4,28.4,-4891.14,ETOPO_2022_v1_15s_bed_elev
-49.3,28.4,-5245.56,ETOPO_2022_v1_15s_bed_elev
-49.2,28.4,-5087.89,ETOPO_2022_v1_15s_bed_elev
-49.1,28.4,-4930.83,ETOPO_2022_v1_15s_bed_elev
-49.0,28.4,-4769.02,ETOPO_2022_v1_15s_bed_elev
-48.9,28.4,-4871.84,ETOPO_2022_v1_15s_bed_elev
-48.8,28.4,-4525.79,ETOPO_2022_v1_15s_bed_elev
-48.7,28.4,-4706.74,ETOPO_2022_v1_15s_bed_elev
-48.6,28.4,-4980.36,ETOPO_2022_v1_15s_bed_elev
-48.5,28.4,-4743.74,ETOPO_2022_v1_15s_bed_elev
-48.4,28.4,-4842.87,ETOPO_2022_v1_15s_bed_elev
-48.3,28.4,-4551.0,ETOPO_2022_v1_15s_bed_elev
-48.2,28.4,-4493.88,ETOPO_2022_v1_15s_bed_elev
-48.1,28.4,-4357.36,ETOPO_2022_v1_15s_bed_elev
-48.0,28.4,-4586.4,ETOPO_2022_v1_15s_bed_elev
-47.9,28.4,-4706.05,ETOPO_2022_v1_15s_bed_elev
-47.8,28.4,-4560.87,ETOPO_2022_v1_15s_bed_elev
-47.7,28.4,-4685.35,ETOPO_2022_v1_15s_bed_elev
-47.6,28.4,-4496.18,ETOPO_2022_v1_15s_bed_elev
-47.5,28.4,-4255.27,ETOPO_2022_v1_15s_bed_elev
-47.4,28.4,-4398.87,ETOPO_2022_v1_15s_bed_elev
-47.3,28.4,-4424.13,ETOPO_2022_v1_15s_bed_elev
-47.2,28.4,-4579.15,ETOPO_2022_v1_15s_bed_elev
-47.1,28.4,-4374.92,ETOPO_2022_v1_15s_bed_elev
-47.0,28.4,-4450.98,ETOPO_2022_v1_15s_bed_elev
-46.9,28.4,-4174.69,ETOPO_2022_v1_15s_bed_elev
-46.8,28.4,-3884.03,ETOPO_2022_v1_15s_bed_elev
-46.7,28.4,-3876.83,ETOPO_2022_v1_15s_bed_elev
-46.6,28.4,-4158.97,ETOPO_2022_v1_15s_bed_elev
-46.5,28.4,-3961.68,ETOPO_2022_v1_15s_bed_elev
-46.4,28.4,-3754.02,ETOPO_2022_v1_15s_bed_elev
-46.3,28.4,-4028.37,ETOPO_2022_v1_15s_bed_elev
-46.2,28.4,-4105.12,ETOPO_2022_v1_15s_bed_elev
-46.1,28.4,-4065.59,ETOPO_2022_v1_15s_bed_elev
-46.0,28.4,-3977.14,ETOPO_2022_v1_15s_bed_elev
-45.9,28.4,-3781.79,ETOPO_2022_v1_15s_bed_elev
-45.8,28.4,-3650.23,ETOPO_2022_v1_15s_bed_elev
-45.7,28.4,-3834.42,ETOPO_2022_v1_15s_bed_elev
-45.6,28.4,-3854.36,ETOPO_2022_v1_15s_bed_elev
-45.5,28.4,-3873.62,ETOPO_2022_v1_15s_bed_elev
-45.4,28.4,-3413.54,ETOPO_2022_v1_15s_bed_elev
-45.3,28.4,-3250.51,ETOPO_2022_v1_15s_bed_elev
-45.2,28.4,-3564.06,ETOPO_2022_v1_15s_bed_elev
-45.1,28.4,-3309.59,ETOPO_2022_v1_15s_bed_elev
-45.0,28.4,-3223.42,ETOPO_2022_v1_15s_bed_elev
-44.9,28.4,-3471.06,ETOPO_2022_v1_15s_bed_elev
-44.8,28.4,-3458.78,ETOPO_2022_v1_15s_bed_elev
-44.7,28.4,-3169.09,ETOPO_2022_v1_15s_bed_elev
-44.6,28.4,-3541.79,ETOPO_2022_v1_15s_bed_elev
-44.5,28.4,-3350.15,ETOPO_2022_v1_15s_bed_elev
-44.4,28.4,-2916.38,ETOPO_2022_v1_15s_bed_elev
-44.3,28.4,-3030.67,ETOPO_2022_v1_15s_bed_elev
-44.2,28.4,-2826.62,ETOPO_2022_v1_15s_bed_elev
-44.1,28.4,-2572.92,ETOPO_2022_v1_15s_bed_elev
-44.0,28.4,-2636.39,ETOPO_2022_v1_15s_bed_elev
-43.9,28.4,-2440.9,ETOPO_2022_v1_15s_bed_elev
-43.8,28.4,-2958.56,ETOPO_2022_v1_15s_bed_elev
-43.7,28.4,-3140.4,ETOPO_2022_v1_15s_bed_elev
-43.6,28.4,-2597.59,ETOPO_2022_v1_15s_bed_elev
-43.5,28.4,-2447.94,ETOPO_2022_v1_15s_bed_elev
-43.4,28.4,-2651.62,ETOPO_2022_v1_15s_bed_elev
-43.3,28.4,-2828.4,ETOPO_2022_v1_15s_bed_elev
-43.2,28.4,-2673.01,ETOPO_2022_v1_15s_bed_elev
-43.1,28.4,-2710.91,ETOPO_2022_v1_15s_bed_elev
-43.0,28.4,-3048.32,ETOPO_2022_v1_15s_bed_elev
-42.9,28.4,-3122.15,ETOPO_2022_v1_15s_bed_elev
-42.8,28.4,-3170.01,ETOPO_2022_v1_15s_bed_elev
-42.7,28.4,-3242.81,ETOPO_2022_v1_15s_bed_elev
-42.6,28.4,-3485.63,ETOPO_2022_v1_15s_bed_elev
-42.5,28.4,-3728.86,ETOPO_2022_v1_15s_bed_elev
-42.4,28.4,-3725.69,ETOPO_2022_v1_15s_bed_elev
-42.3,28.4,-3804.58,ETOPO_2022_v1_15s_bed_elev
-42.2,28.4,-3831.12,ETOPO_2022_v1_15s_bed_elev
-42.1,28.4,-3665.47,ETOPO_2022_v1_15s_bed_elev
-42.0,28.4,-3549.0,ETOPO_2022_v1_15s_bed_elev
-41.9,28.4,-3722.11,ETOPO_2022_v1_15s_bed_elev
-41.8,28.4,-3489.42,ETOPO_2022_v1_15s_bed_elev
-41.7,28.4,-3562.99,ETOPO_2022_v1_15s_bed_elev
-41.6,28.4,-3714.91,ETOPO_2022_v1_15s_bed_elev
-41.5,28.4,-3934.17,ETOPO_2022_v1_15s_bed_elev
-41.4,28.4,-4100.26,ETOPO_2022_v1_15s_bed_elev
-41.3,28.4,-4161.03,ETOPO_2022_v1_15s_bed_elev
-41.2,28.4,-4206.24,ETOPO_2022_v1_15s_bed_elev
-41.1,28.4,-4077.7,ETOPO_2022_v1_15s_bed_elev
-41.0,28.4,-3945.62,ETOPO_2022_v1_15s_bed_elev
-40.9,28.4,-4063.76,ETOPO_2022_v1_15s_bed_elev
-40.8,28.4,-4058.13,ETOPO_2022_v1_15s_bed_elev
-40.7,28.4,-3888.28,ETOPO_2022_v1_15s_bed_elev
-40.6,28.4,-4080.89,ETOPO_2022_v1_15s_bed_elev
-40.5,28.4,-4078.9,ETOPO_2022_v1_15s_bed_elev
-40.4,28.4,-4011.54,ETOPO_2022_v1_15s_bed_elev
-40.3,28.4,-3822.86,ETOPO_2022_v1_15s_bed_elev
-40.2,28.4,-3923.35,ETOPO_2022_v1_15s_bed_elev
-40.1,28.4,-3763.19,ETOPO_2022_v1_15s_bed_elev
-40.0,28.4,-3550.2,ETOPO_2022_v1_15s_bed_elev
-39.9,28.4,-3951.98,ETOPO_2022_v1_15s_bed_elev
-39.8,28.4,-4180.44,ETOPO_2022_v1_15s_bed_elev
-39.7,28.4,-3946.58,ETOPO_2022_v1_15s_bed_elev
-39.6,28.4,-3849.48,ETOPO_2022_v1_15s_bed_elev
-39.5,28.4,-4096.23,ETOPO_2022_v1_15s_bed_elev
-39.4,28.4,-4047.86,ETOPO_2022_v1_15s_bed_elev
-39.3,28.4,-3654.2,ETOPO_2022_v1_15s_bed_elev
-39.2,28.4,-4006.95,ETOPO_2022_v1_15s_bed_elev
-39.1,28.4,-3825.43,ETOPO_2022_v1_15s_bed_elev
-39.0,28.4,-4087.92,ETOPO_2022_v1_15s_bed_elev
-38.9,28.4,-4311.71,ETOPO_2022_v1_15s_bed_elev
-38.8,28.4,-4286.98,ETOPO_2022_v1_15s_bed_elev
-38.7,28.4,-4340.11,ETOPO_2022_v1_15s_bed_elev
-38.6,28.4,-4448.47,ETOPO_2022_v1_15s_bed_elev
-38.5,28.4,-4504.66,ETOPO_2022_v1_15s_bed_elev
-38.4,28.4,-4201.54,ETOPO_2022_v1_15s_bed_elev
-38.3,28.4,-4469.6,ETOPO_2022_v1_15s_bed_elev
-38.2,28.4,-4494.55,ETOPO_2022_v1_15s_bed_elev
-38.1,28.4,-4393.61,ETOPO_2022_v1_15s_bed_elev
-38.0,28.4,-4514.2,ETOPO_2022_v1_15s_bed_elev
-37.9,28.4,-4587.63,ETOPO_2022_v1_15s_bed_elev
-37.8,28.4,-4683.55,ETOPO_2022_v1_15s_bed_elev
-37.7,28.4,-4896.45,ETOPO_2022_v1_15s_bed_elev
-37.6,28.4,-4641.04,ETOPO_2022_v1_15s_bed_elev
-37.5,28.4,-4422.26,ETOPO_2022_v1_15s_bed_elev
-37.4,28.4,-4925.9,ETOPO_2022_v1_15s_bed_elev
-37.3,28.4,-5023.73,ETOPO_2022_v1_15s_bed_elev
-37.2,28.4,-4771.62,ETOPO_2022_v1_15s_bed_elev
-37.1,28.4,-4708.35,ETOPO_2022_v1_15s_bed_elev
-37.0,28.4,-4796.48,ETOPO_2022_v1_15s_bed_elev
-36.9,28.4,-4853.84,ETOPO_2022_v1_15s_bed_elev
-36.8,28.4,-4870.28,ETOPO_2022_v1_15s_bed_elev
-36.7,28.4,-4709.59,ETOPO_2022_v1_15s_bed_elev
-36.6,28.4,-4677.61,ETOPO_2022_v1_15s_bed_elev
-36.5,28.4,-4631.95,ETOPO_2022_v1_15s_bed_elev
-36.4,28.4,-4718.43,ETOPO_2022_v1_15s_bed_elev
-36.3,28.4,-4765.56,ETOPO_2022_v1_15s_bed_elev
-36.2,28.4,-4485.0,ETOPO_2022_v1_15s_bed_elev
-36.1,28.4,-4579.73,ETOPO_2022_v1_15s_bed_elev
-36.0,28.4,-4763.16,ETOPO_2022_v1_15s_bed_elev
-35.9,28.4,-4833.63,ETOPO_2022_v1_15s_bed_elev
-35.8,28.4,-4738.23,ETOPO_2022_v1_15s_bed_elev
-35.7,28.4,-4910.75,ETOPO_2022_v1_15s_bed_elev
-35.6,28.4,-4913.6,ETOPO_2022_v1_15s_bed_elev
-35.5,28.4,-4819.16,ETOPO_2022_v1_15s_bed_elev
-35.4,28.4,-4872.91,ETOPO_2022_v1_15s_bed_elev
-35.3,28.4,-4646.57,ETOPO_2022_v1_15s_bed_elev
-35.2,28.4,-4773.74,ETOPO_2022_v1_15s_bed_elev
-35.1,28.4,-4783.92,ETOPO_2022_v1_15s_bed_elev
-35.0,28.4,-4910.23,ETOPO_2022_v1_15s_bed_elev
-51.0,28.5,-5020.97,ETOPO_2022_v1_15s_bed_elev
-50.9,28.5,-5363.91,ETOPO_2022_v1_15s_bed_elev
-50.8,28.5,-5006.99,ETOPO_2022_v1_15s_bed_elev
-50.7,28.5,-5067.12,ETOPO_2022_v1_15s_bed_elev
-50.6,28.5,-5342.76,ETOPO_2022_v1_15s_bed_elev
-50.5,28.5,-5239.29,ETOPO_2022_v1_15s_bed_elev
-50.4,28.5,-5266.23,ETOPO_2022_v1_15s_bed_elev
-50.3,28.5,-5098.1,ETOPO_2022_v1_15s_bed_elev
-50.2,28.5,-4950.56,ETOPO_2022_v1_15s_bed_elev
-50.1,28.5,-4999.66,ETOPO_2022_v1_15s_bed_elev
-50.0,28.5,-4672.23,ETOPO_2022_v1_15s_bed_elev
-49.9,28.5,-5162.58,ETOPO_2022_v1_15s_bed_elev
-49.8,28.5,-5064.59,ETOPO_2022_v1_15s_bed_elev
-49.7,28.5,-4978.71,ETOPO_2022_v1_15s_bed_elev
-49.6,28.5,-5094.16,ETOPO_2022_v1_15s_bed_elev
-49.5,28.5,-5018.92,ETOPO_2022_v1_15s_bed_elev
-49.4,28.5,-4828.24,ETOPO_2022_v1_15s_bed_elev
-49.3,28.5,-5156.75,ETOPO_2022_v1_15s_bed_elev
-49.2,28.5,-4843.16,ETOPO_2022_v1_15s_bed_elev
-49.1,28.5,-4616.57,ETOPO_2022_v1_15s_bed_elev
-49.0,28.5,-4765.27,ETOPO_2022_v1_15s_bed_elev
-48.9,28.5,-4770.64,ETOPO_2022_v1_15s_bed_elev
-48.8,28.5,-4357.37,ETOPO_2022_v1_15s_bed_elev
-48.7,28.5,-4735.86,ETOPO_2022_v1_15s_bed_elev
-48.6,28.5,-5097.44,ETOPO_2022_v1_15s_bed_elev
-48.5,28.5,-4992.71,ETOPO_2022_v1_15s_bed_elev
-48.4,28.5,-4966.66,ETOPO_2022_v1_15s_bed_elev
-48.3,28.5,-4839.32,ETOPO_2022_v1_15s_bed_elev
-48.2,28.5,-4724.83,ETOPO_2022_v1_15s_bed_elev
-48.1,28.5,-4405.68,ETOPO_2022_v1_15s_bed_elev
-48.0,28.5,-4468.16,ETOPO_2022_v1_15s_bed_elev
-47.9,28.5,-4799.82,ETOPO_2022_v1_15s_bed_elev
-47.8,28.5,-4413.13,ETOPO_2022_v1_15s_bed_elev
-47.7,28.5,-4162.47,ETOPO_2022_v1_15s_bed_elev
-47.6,28.5,-4424.25,ETOPO_2022_v1_15s_bed_elev
-47.5,28.5,-4151.04,ETOPO_2022_v1_15s_bed_elev
-47.4,28.5,-4486.08,ETOPO_2022_v1_15s_bed_elev
-47.3,28.5,-4669.41,ETOPO_2022_v1_15s_bed_elev
-47.2,28.5,-4503.21,ETOPO_2022_v1_15s_bed_elev
-47.1,28.5,-4353.46,ETOPO_2022_v1_15s_bed_elev
-47.0,28.5,-4260.57,ETOPO_2022_v1_15s_bed_elev
-46.9,28.5,-3766.52,ETOPO_2022_v1_15s_bed_elev
-46.8,28.5,-3767.09,ETOPO_2022_v1_15s_bed_elev
-46.7,28.5,-3953.26,ETOPO_2022_v1_15s_bed_elev
-46.6,28.5,-4130.97,ETOPO_2022_v1_15s_bed_elev
-46.5,28.5,-4120.57,ETOPO_2022_v1_15s_bed_elev
-46.4,28.5,-3693.23,ETOPO_2022_v1_15s_bed_elev
-46.3,28.5,-4013.63,ETOPO_2022_v1_15s_bed_elev
-46.2,28.5,-4071.47,ETOPO_2022_v1_15s_bed_elev
-46.1,28.5,-4006.27,ETOPO_2022_v1_15s_bed_elev
-46.0,28.5,-3847.3,ETOPO_2022_v1_15s_bed_elev
-45.9,28.5,-3764.81,ETOPO_2022_v1_15s_bed_elev
-45.8,28.5,-3844.39,ETOPO_2022_v1_15s_bed_elev
-45.7,28.5,-4016.63,ETOPO_2022_v1_15s_bed_elev
-45.6,28.5,-3889.29,ETOPO_2022_v1_15s_bed_elev
-45.5,28.5,-3972.37,ETOPO_2022_v1_15s_bed_elev
-45.4,28.5,-3534.07,ETOPO_2022_v1_15s_bed_elev
-45.3,28.5,-3422.08,ETOPO_2022_v1_15s_bed_elev
-45.2,28.5,-3617.14,ETOPO_2022_v1_15s_bed_elev
-45.1,28.5,-3211.43,ETOPO_2022_v1_15s_bed_elev
-45.0,28.5,-3360.57,ETOPO_2022_v1_15s_bed_elev
-44.9,28.5,-3360.45,ETOPO_2022_v1_15s_bed_elev
-44.8,28.5,-3366.91,ETOPO_2022_v1_15s_bed_elev
-44.7,28.5,-3606.01,ETOPO_2022_v1_15s_bed_elev
-44.6,28.5,-3767.74,ETOPO_2022_v1_15s_bed_elev
-44.5,28.5,-3345.83,ETOPO_2022_v1_15s_bed_elev
-44.4,28.5,-2622.24,ETOPO_2022_v1_15s_bed_elev
-44.3,28.5,-2649.05,ETOPO_2022_v1_15s_bed_elev
-44.2,28.5,-2787.96,ETOPO_2022_v1_15s_bed_elev
-44.1,28.5,-2584.17,ETOPO_2022_v1_15s_bed_elev
-44.0,28.5,-2622.27,ETOPO_2022_v1_15s_bed_elev
-43.9,28.5,-2585.79,ETOPO_2022_v1_15s_bed_elev
-43.8,28.5,-2631.66,ETOPO_2022_v1_15s_bed_elev
-43.7,28.5,-3227.19,ETOPO_2022_v1_15s_bed_elev
-43.6,28.5,-2894.08,ETOPO_2022_v1_15s_bed_elev
-43.5,28.5,-2691.9,ETOPO_2022_v1_15s_bed_elev
-43.4,28.5,-2856.27,ETOPO_2022_v1_15s_bed_elev
-43.3,28.5,-3072.53,ETOPO_2022_v1_15s_bed_elev
-43.2,28.5,-3235.85,ETOPO_2022_v1_15s_bed_elev
-43.1,28.5,-3059.8,ETOPO_2022_v1_15s_bed_elev
-43.0,28.5,-3237.87,ETOPO_2022_v1_15s_bed_elev
-42.9,28.5,-3443.14,ETOPO_2022_v1_15s_bed_elev
-42.8,28.5,-3696.47,ETOPO_2022_v1_15s_bed_elev
-42.7,28.5,-3342.19,ETOPO_2022_v1_15s_bed_elev
-42.6,28.5,-3534.19,ETOPO_2022_v1_15s_bed_elev
-42.5,28.5,-3589.14,ETOPO_2022_v1_15s_bed_elev
-42.4,28.5,-3313.98,ETOPO_2022_v1_15s_bed_elev
-42.3,28.5,-3014.42,ETOPO_2022_v1_15s_bed_elev
-42.2,28.5,-3627.27,ETOPO_2022_v1_15s_bed_elev
-42.1,28.5,-3754.68,ETOPO_2022_v1_15s_bed_elev
-42.0,28.5,-3913.79,ETOPO_2022_v1_15s_bed_elev
-41.9,28.5,-3967.29,ETOPO_2022_v1_15s_bed_elev
-41.8,28.5,-3896.74,ETOPO_2022_v1_15s_bed_elev
-41.7,28.5,-3887.66,ETOPO_2022_v1_15s_bed_elev
-41.6,28.5,-3868.02,ETOPO_2022_v1_15s_bed_elev
-41.5,28.5,-3775.07,ETOPO_2022_v1_15s_bed_elev
-41.4,28.5,-4064.73,ETOPO_2022_v1_15s_bed_elev
-41.3,28.5,-3949.74,ETOPO_2022_v1_15s_bed_elev
-41.2,28.5,-3957.68,ETOPO_2022_v1_15s_bed_elev
-41.1,28.5,-3759.63,ETOPO_2022_v1_15s_bed_elev
-41.0,28.5,-3861.11,ETOPO_2022_v1_15s_bed_elev
-40.9,28.5,-4034.03,ETOPO_2022_v1_15s_bed_elev
-40.8,28.5,-3856.78,ETOPO_2022_v1_15s_bed_elev
-40.7,28.5,-3616.38,ETOPO_2022_v1_15s_bed_elev
-40.6,28.5,-3869.32,ETOPO_2022_v1_15s_bed_elev
-40.5,28.5,-4024.62,ETOPO_2022_v1_15s_bed_elev
-40.4,28.5,-3976.19,ETOPO_2022_v1_15s_bed_elev
-40.3,28.5,-3310.19,ETOPO_2022_v1_15s_bed_elev
-40.2,28.5,-3603.19,ETOPO_2022_v1_15s_bed_elev
-40.1,28.5,-3767.08,ETOPO_2022_v1_15s_bed_elev
-40.0,28.5,-4234.18,ETOPO_2022_v1_15s_bed_elev
-39.9,28.5,-4066.69,ETOPO_2022_v1_15s_bed_elev
-39.8,28.5,-4140.02,ETOPO_2022_v1_15s_bed_elev
-39.7,28.5,-3735.96,ETOPO_2022_v1_15s_bed_elev
-39.6,28.5,-3683.2,ETOPO_2022_v1_15s_bed_elev
-39.5,28.5,-3885.48,ETOPO_2022_v1_15s_bed_elev
-39.4,28.5,-4106.45,ETOPO_2022_v1_15s_bed_elev
-39.3,28.5,-3754.33,ETOPO_2022_v1_15s_bed_elev
-39.2,28.5,-3796.8,ETOPO_2022_v1_15s_bed_elev
-39.1,28.5,-4289.22,ETOPO_2022_v1_15s_bed_elev
-39.0,28.5,-4195.54,ETOPO_2022_v1_15s_bed_elev
-38.9,28.5,-4300.01,ETOPO_2022_v1_15s_bed_elev
-38.8,28.5,-4255.4,ETOPO_2022_v1_15s_bed_elev
-38.7,28.5,-4155.02,ETOPO_2022_v1_15s_bed_elev
-38.6,28.5,-4130.9,ETOPO_2022_v1_15s_bed_elev
-38.5,28.5,-4341.63,ETOPO_2022_v1_15s_bed_elev
-38.4,28.5,-4509.37,ETOPO_2022_v1_15s_bed_elev
-38.3,28.5,-4548.3,ETOPO_2022_v1_15s_bed_elev
-38.2,28.5,-4489.62,ETOPO_2022_v1_15s_bed_elev
-38.1,28.5,-4214.3,ETOPO_2022_v1_15s_bed_elev
-38.0,28.5,-4205.15,ETOPO_2022_v1_15s_bed_elev
-37.9,28.5,-4593.87,ETOPO_2022_v1_15s_bed_elev
-37.8,28.5,-4675.94,ETOPO_2022_v1_15s_bed_elev
-37.7,28.5,-4741.39,ETOPO_2022_v1_15s_bed_elev
-37.6,28.5,-4675.8,ETOPO_2022_v1_15s_bed_elev
-37.5,28.5,-4399.92,ETOPO_2022_v1_15s_bed_elev
-37.4,28.5,-4462.8,ETOPO_2022_v1_15s_bed_elev
-37.3,28.5,-4762.78,ETOPO_2022_v1_15s_bed_elev
-37.2,28.5,-4986.36,ETOPO_2022_v1_15s_bed_elev
-37.1,28.5,-4702.34,ETOPO_2022_v1_15s_bed_elev
-37.0,28.5,-4739.5,ETOPO_2022_v1_15s_bed_elev
-36.9,28.5,-4951.09,ETOPO_2022_v1_15s_bed_elev
-36.8,28.5,-4904.05,ETOPO_2022_v1_15s_bed_elev
-36.7,28.5,-4716.86,ETOPO_2022_v1_15s_bed_elev
-36.6,28.5,-4810.36,ETOPO_2022_v1_15s_bed_elev
-36.5,28.5,-4812.54,ETOPO_2022_v1_15s_bed_elev
-36.4,28.5,-4815.08,ETOPO_2022_v1_15s_bed_elev
-36.3,28.5,-4757.17,ETOPO_2022_v1_15s_bed_elev
-36.2,28.5,-4484.14,ETOPO_2022_v1_15s_bed_elev
-36.1,28.5,-4609.54,ETOPO_2022_v1_15s_bed_elev
-36.0,28.5,-4761.65,ETOPO_2022_v1_15s_bed_elev
-35.9,28.5,-4587.89,ETOPO_2022_v1_15s_bed_elev
-35.8,28.5,-4715.43,ETOPO_2022_v1_15s_bed_elev
-35.7,28.5,-4856.55,ETOPO_2022_v1_15s_bed_elev
-35.6,28.5,-4714.75,ETOPO_2022_v1_15s_bed_elev
-35.5,28.5,-4665.17,ETOPO_2022_v1_15s_bed_elev
-35.4,28.5,-4621.9,ETOPO_2022_v1_15s_bed_elev
-35.3,28.5,-4392.67,ETOPO_2022_v1_15s_bed_elev
-35.2,28.5,-4523.18,ETOPO_2022_v1_15s_bed_elev
-35.1,28.5,-4589.18,ETOPO_2022_v1_15s_bed_elev
-35.0,28.5,-4731.23,ETOPO_2022_v1_15s_bed_elev
-51.0,28.6,-5163.23,ETOPO_2022_v1_15s_bed_elev
-50.9,28.6,-5339.32,ETOPO_2022_v1_15s_bed_elev
-50.8,28.6,-5300.42,ETOPO_2022_v1_15s_bed_elev
-50.7,28.6,-4967.84,ETOPO_2022_v1_15s_bed_elev
-50.6,28.6,-5202.6,ETOPO_2022_v1_15s_bed_elev
-50.5,28.6,-5351.68,ETOPO_2022_v1_15s_bed_elev
-50.4,28.6,-5154.84,ETOPO_2022_v1_15s_bed_elev
-50.3,28.6,-5302.95,ETOPO_2022_v1_15s_bed_elev
-50.2,28.6,-4922.05,ETOPO_2022_v1_15s_bed_elev
-50.1,28.6,-5004.11,ETOPO_2022_v1_15s_bed_elev
-50.0,28.6,-4926.56,ETOPO_2022_v1_15s_bed_elev
-49.9,28.6,-4859.24,ETOPO_2022_v1_15s_bed_elev
-49.8,28.6,-4992.54,ETOPO_2022_v1_15s_bed_elev
-49.7,28.6,-4964.14,ETOPO_2022_v1_15s_bed_elev
-49.6,28.6,-4805.7,ETOPO_2022_v1_15s_bed_elev
-49.5,28.6,-5122.33,ETOPO_2022_v1_15s_bed_elev
-49.4,28.6,-4660.08,ETOPO_2022_v1_15s_bed_elev
-49.3,28.6,-4818.68,ETOPO_2022_v1_15s_bed_elev
-49.2,28.6,-5040.62,ETOPO_2022_v1_15s_bed_elev
-49.1,28.6,-4874.33,ETOPO_2022_v1_15s_bed_elev
-49.0,28.6,-4865.85,ETOPO_2022_v1_15s_bed_elev
-48.9,28.6,-4783.26,ETOPO_2022_v1_15s_bed_elev
-48.8,28.6,-4601.36,ETOPO_2022_v1_15s_bed_elev
-48.7,28.6,-4528.9,ETOPO_2022_v1_15s_bed_elev
-48.6,28.6,-4731.06,ETOPO_2022_v1_15s_bed_elev
-48.5,28.6,-4888.4,ETOPO_2022_v1_15s_bed_elev
-48.4,28.6,-4751.65,ETOPO_2022_v1_15s_bed_elev
-48.3,28.6,-4729.36,ETOPO_2022_v1_15s_bed_elev
-48.2,28.6,-4613.41,ETOPO_2022_v1_15s_bed_elev
-48.1,28.6,-4527.51,ETOPO_2022_v1_15s_bed_elev
-48.0,28.6,-4408.28,ETOPO_2022_v1_15s_bed_elev
-47.9,28.6,-4648.18,ETOPO_2022_v1_15s_bed_elev
-47.8,28.6,-4320.0,ETOPO_2022_v1_15s_bed_elev
-47.7,28.6,-4166.2,ETOPO_2022_v1_15s_bed_elev
-47.6,28.6,-4176.87,ETOPO_2022_v1_15s_bed_elev
-47.5,28.6,-3855.43,ETOPO_2022_v1_15s_bed_elev
-47.4,28.6,-4206.79,ETOPO_2022_v1_15s_bed_elev
-47.3,28.6,-4859.25,ETOPO_2022_v1_15s_bed_elev
-47.2,28.6,-4462.77,ETOPO_2022_v1_15s_bed_elev
-47.1,28.6,-4153.38,ETOPO_2022_v1_15s_bed_elev
-47.0,28.6,-3964.24,ETOPO_2022_v1_15s_bed_elev
-46.9,28.6,-3851.65,ETOPO_2022_v1_15s_bed_elev
-46.8,28.6,-3902.16,ETOPO_2022_v1_15s_bed_elev
-46.7,28.6,-4145.25,ETOPO_2022_v1_15s_bed_elev
-46.6,28.6,-4268.58,ETOPO_2022_v1_15s_bed_elev
-46.5,28.6,-4168.66,ETOPO_2022_v1_15s_bed_elev
-46.4,28.6,-3761.18,ETOPO_2022_v1_15s_bed_elev
-46.3,28.6,-3881.45,ETOPO_2022_v1_15s_bed_elev
-46.2,28.6,-3848.21,ETOPO_2022_v1_15s_bed_elev
-46.1,28.6,-3878.94,ETOPO_2022_v1_15s_bed_elev
-46.0,28.6,-3940.48,ETOPO_2022_v1_15s_bed_elev
-45.9,28.6,-3939.85,ETOPO_2022_v1_15s_bed_elev
-45.8,28.6,-3998.2,ETOPO_2022_v1_15s_bed_elev
-45.7,28.6,-4083.77,ETOPO_2022_v1_15s_bed_elev
-45.6,28.6,-3874.54,ETOPO_2022_v1_15s_bed_elev
-45.5,28.6,-3981.45,ETOPO_2022_v1_15s_bed_elev
-45.4,28.6,-3640.82,ETOPO_2022_v1_15s_bed_elev
-45.3,28.6,-3618.48,ETOPO_2022_v1_15s_bed_elev
-45.2,28.6,-3707.44,ETOPO_2022_v1_15s_bed_elev
-45.1,28.6,-3472.66,ETOPO_2022_v1_15s_bed_elev
-45.0,28.6,-3668.83,ETOPO_2022_v1_15s_bed_elev
-44.9,28.6,-3496.55,ETOPO_2022_v1_15s_bed_elev
-44.8,28.6,-3719.78,ETOPO_2022_v1_15s_bed_elev
-44.7,28.6,-3536.73,ETOPO_2022_v1_15s_bed_elev
-44.6,28.6,-3257.05,ETOPO_2022_v1_15s_bed_elev
-44.5,28.6,-3374.65,ETOPO_2022_v1_15s_bed_elev
-44.4,28.6,-3202.7,ETOPO_2022_v1_15s_bed_elev
-44.3,28.6,-2714.47,ETOPO_2022_v1_15s_bed_elev
-44.2,28.6,-3033.27,ETOPO_2022_v1_15s_bed_elev
-44.1,28.6,-2960.76,ETOPO_2022_v1_15s_bed_elev
-44.0,28.6,-2899.52,ETOPO_2022_v1_15s_bed_elev
-43.9,28.6,-2734.49,ETOPO_2022_v1_15s_bed_elev
-43.8,28.6,-2905.62,ETOPO_2022_v1_15s_bed_elev
-43.7,28.6,-3280.86,ETOPO_2022_v1_15s_bed_elev
-43.6,28.6,-3281.86,ETOPO_2022_v1_15s_bed_elev
-43.5,28.6,-2774.28,ETOPO_2022_v1_15s_bed_elev
-43.4,28.6,-2755.63,ETOPO_2022_v1_15s_bed_elev
-43.3,28.6,-2722.29,ETOPO_2022_v1_15s_bed_elev
-43.2,28.6,-2527.3,ETOPO_2022_v1_15s_bed_elev
-43.1,28.6,-2843.55,ETOPO_2022_v1_15s_bed_elev
-43.0,28.6,-3006.64,ETOPO_2022_v1_15s_bed_elev
-42.9,28.6,-3049.2,ETOPO_2022_v1_15s_bed_elev
-42.8,28.6,-3209.14,ETOPO_2022_v1_15s_bed_elev
-42.7,28.6,-3197.64,ETOPO_2022_v1_15s_bed_elev
-42.6,28.6,-3223.89,ETOPO_2022_v1_15s_bed_elev
-42.5,28.6,-3166.9,ETOPO_2022_v1_15s_bed_elev
-42.4,28.6,-3304.56,ETOPO_2022_v1_15s_bed_elev
-42.3,28.6,-3008.1,ETOPO_2022_v1_15s_bed_elev
-42.2,28.6,-3355.39,ETOPO_2022_v1_15s_bed_elev
-42.1,28.6,-3466.16,ETOPO_2022_v1_15s_bed_elev
-42.0,28.6,-3518.36,ETOPO_2022_v1_15s_bed_elev
-41.9,28.6,-3398.66,ETOPO_2022_v1_15s_bed_elev
-41.8,28.6,-3519.11,ETOPO_2022_v1_15s_bed_elev
-41.7,28.6,-3550.88,ETOPO_2022_v1_15s_bed_elev
-41.6,28.6,-3594.07,ETOPO_2022_v1_15s_bed_elev
-41.5,28.6,-3601.86,ETOPO_2022_v1_15s_bed_elev
-41.4,28.6,-3757.12,ETOPO_2022_v1_15s_bed_elev
-41.3,28.6,-3607.82,ETOPO_2022_v1_15s_bed_elev
-41.2,28.6,-3654.72,ETOPO_2022_v1_15s_bed_elev
-41.1,28.6,-3550.37,ETOPO_2022_v1_15s_bed_elev
-41.0,28.6,-3636.03,ETOPO_2022_v1_15s_bed_elev
-40.9,28.6,-3638.06,ETOPO_2022_v1_15s_bed_elev
-40.8,28.6,-3916.54,ETOPO_2022_v1_15s_bed_elev
-40.7,28.6,-3670.21,ETOPO_2022_v1_15s_bed_elev
-40.6,28.6,-3529.66,ETOPO_2022_v1_15s_bed_elev
-40.5,28.6,-3591.59,ETOPO_2022_v1_15s_bed_elev
-40.4,28.6,-3820.32,ETOPO_2022_v1_15s_bed_elev
-40.3,28.6,-3918.66,ETOPO_2022_v1_15s_bed_elev
-40.2,28.6,-4125.94,ETOPO_2022_v1_15s_bed_elev
-40.1,28.6,-4054.87,ETOPO_2022_v1_15s_bed_elev
-40.0,28.6,-4187.43,ETOPO_2022_v1_15s_bed_elev
-39.9,28.6,-4034.11,ETOPO_2022_v1_15s_bed_elev
-39.8,28.6,-4181.38,ETOPO_2022_v1_15s_bed_elev
-39.7,28.6,-4006.03,ETOPO_2022_v1_15s_bed_elev
-39.6,28.6,-3788.93,ETOPO_2022_v1_15s_bed_elev
-39.5,28.6,-3760.5,ETOPO_2022_v1_15s_bed_elev
-39.4,28.6,-3995.47,ETOPO_2022_v1_15s_bed_elev
-39.3,28.6,-3898.33,ETOPO_2022_v1_15s_bed_elev
-39.2,28.6,-3792.88,ETOPO_2022_v1_15s_bed_elev
-39.1,28.6,-4094.34,ETOPO_2022_v1_15s_bed_elev
-39.0,28.6,-4216.84,ETOPO_2022_v1_15s_bed_elev
-38.9,28.6,-4169.46,ETOPO_2022_v1_15s_bed_elev
-38.8,28.6,-4227.18,ETOPO_2022_v1_15s_bed_elev
-38.7,28.6,-4221.64,ETOPO_2022_v1_15s_bed_elev
-38.6,28.6,-4145.54,ETOPO_2022_v1_15s_bed_elev
-38.5,28.6,-4205.44,ETOPO_2022_v1_15s_bed_elev
-38.4,28.6,-4388.42,ETOPO_2022_v1_15s_bed_elev
-38.3,28.6,-4312.05,ETOPO_2022_v1_15s_bed_elev
-38.2,28.6,-4465.76,ETOPO_2022_v1_15s_bed_elev
-38.1,28.6,-4396.87,ETOPO_2022_v1_15s_bed_elev
-38.0,28.6,-4502.95,ETOPO_2022_v1_15s_bed_elev
-37.9,28.6,-4815.17,ETOPO_2022_v1_15s_bed_elev
-37.8,28.6,-4616.98,ETOPO_2022_v1_15s_bed_elev
-37.7,28.6,-4794.12,ETOPO_2022_v1_15s_bed_elev
-37.6,28.6,-4682.85,ETOPO_2022_v1_15s_bed_elev
-37.5,28.6,-4698.16,ETOPO_2022_v1_15s_bed_elev
-37.4,28.6,-4561.48,ETOPO_2022_v1_15s_bed_elev
-37.3,28.6,-4726.16,ETOPO_2022_v1_15s_bed_elev
-37.2,28.6,-4816.73,ETOPO_2022_v1_15s_bed_elev
-37.1,28.6,-4574.3,ETOPO_2022_v1_15s_bed_elev
-37.0,28.6,-4611.78,ETOPO_2022_v1_15s_bed_elev
-36.9,28.6,-4658.32,ETOPO_2022_v1_15s_bed_elev
-36.8,28.6,-4715.96,ETOPO_2022_v1_15s_bed_elev
-36.7,28.6,-4436.34,ETOPO_2022_v1_15s_bed_elev
-36.6,28.6,-4686.52,ETOPO_2022_v1_15s_bed_elev
-36.5,28.6,-4639.35,ETOPO_2022_v1_15s_bed_elev
-36.4,28.6,-4452.48,ETOPO_2022_v1_15s_bed_elev
-36.3,28.6,-4573.65,ETOPO_2022_v1_15s_bed_elev
-36.2,28.6,-4566.24,ETOPO_2022_v1_15s_bed_elev
-36.1,28.6,-4781.56,ETOPO_2022_v1_15s_bed_elev
-36.0,28.6,-4641.5,ETOPO_2022_v1_15s_bed_elev
-35.9,28.6,-4499.74,ETOPO_2022_v1_15s_bed_elev
-35.8,28.6,-4766.38,ETOPO_2022_v1_15s_bed_elev
-35.7,28.6,-4639.13,ETOPO_2022_v1_15s_bed_elev
-35.6,28.6,-4565.4,ETOPO_2022_v1_15s_bed_elev
-35.5,28.6,-4505.69,ETOPO_2022_v1_15s_bed_elev
-35.4,28.6,-4450.86,ETOPO_2022_v1_15s_bed_elev
-35.3,28.6,-4412.5,ETOPO_2022_v1_15s_bed_elev
-35.2,28.6,-4459.67,ETOPO_2022_v1_15s_bed_elev
-35.1,28.6,-4411.86,ETOPO_2022_v1_15s_bed_elev
-35.0,28.6,-4359.43,ETOPO_2022_v1_15s_bed_elev
-51.0,28.7,-5355.03,ETOPO_2022_v1_15s_bed_elev
-50.9,28.7,-5268.4,ETOPO_2022_v1_15s_bed_elev
-50.8,28.7,-5485.15,ETOPO_2022_v1_15s_bed_elev
-50.7,28.7,-4789.13,ETOPO_2022_v1_15s_bed_elev
-50.6,28.7,-5102.04,ETOPO_2022_v1_15s_bed_elev
-50.5,28.7,-5316.76,ETOPO_2022_v1_15s_bed_elev
-50.4,28.7,-5169.85,ETOPO_2022_v1_15s_bed_elev
-50.3,28.7,-4892.67,ETOPO_2022_v1_15s_bed_elev
-50.2,28.7,-5055.56,ETOPO_2022_v1_15s_bed_elev
-50.1,28.7,-5222.08,ETOPO_2022_v1_15s_bed_elev
-50.0,28.7,-4930.84,ETOPO_2022_v1_15s_bed_elev
-49.9,28.7,-4790.35,ETOPO_2022_v1_15s_bed_elev
-49.8,28.7,-4971.38,ETOPO_2022_v1_15s_bed_elev
-49.7,28.7,-5044.99,ETOPO_2022_v1_15s_bed_elev
-49.6,28.7,-4945.64,ETOPO_2022_v1_15s_bed_elev
-49.5,28.7,-4909.22,ETOPO_2022_v1_15s_bed_elev
-49.4,28.7,-4783.59,ETOPO_2022_v1_15s_bed_elev
-49.3,28.7,-4720.29,ETOPO_2022_v1_15s_bed_elev
-49.2,28.7,-5046.08,ETOPO_2022_v1_15s_bed_elev
-49.1,28.7,-5092.1,ETOPO_2022_v1_15s_bed_elev
-49.0,28.7,-4554.51,ETOPO_2022_v1_15s_bed_elev
-48.9,28.7,-4675.14,ETOPO_2022_v1_15s_bed_elev
-48.8,28.7,-4553.16,ETOPO_2022_v1_15s_bed_elev
-48.7,28.7,-4547.47,ETOPO_2022_v1_15s_bed_elev
-48.6,28.7,-4435.54,ETOPO_2022_v1_15s_bed_elev
-48.5,28.7,-5031.91,ETOPO_2022_v1_15s_bed_elev
-48.4,28.7,-4799.84,ETOPO_2022_v1_15s_bed_elev
-48.3,28.7,-4461.8,ETOPO_2022_v1_15s_bed_elev
-48.2,28.7,-4339.43,ETOPO_2022_v1_15s_bed_elev
-48.1,28.7,-4546.82,ETOPO_2022_v1_15s_bed_elev
-48.0,28.7,-4520.88,ETOPO_2022_v1_15s_bed_elev
-47.9,28.7,-4775.17,ETOPO_2022_v1_15s_bed_elev
-47.8,28.7,-4477.35,ETOPO_2022_v1_15s_bed_elev
-47.7,28.7,-4285.19,ETOPO_2022_v1_15s_bed_elev
-47.6,28.7,-4272.9,ETOPO_2022_v1_15s_bed_elev
-47.5,28.7,-4373.56,ETOPO_2022_v1_15s_bed_elev
-47.4,28.7,-4190.02,ETOPO_2022_v1_15s_bed_elev
-47.3,28.7,-4844.39,ETOPO_2022_v1_15s_bed_elev
-47.2,28.7,-4311.59,ETOPO_2022_v1_15s_bed_elev
-47.1,28.7,-4056.01,ETOPO_2022_v1_15s_bed_elev
-47.0,28.7,-4208.14,ETOPO_2022_v1_15s_bed_elev
-46.9,28.7,-4176.94,ETOPO_2022_v1_15s_bed_elev
-46.8,28.7,-4085.02,ETOPO_2022_v1_15s_bed_elev
-46.7,28.7,-4125.66,ETOPO_2022_v1_15s_bed_elev
-46.6,28.7,-4411.09,ETOPO_2022_v1_15s_bed_elev
-46.5,28.7,-4428.12,ETOPO_2022_v1_15s_bed_elev
-46.4,28.7,-4040.31,ETOPO_2022_v1_15s_bed_elev
-46.3,28.7,-3677.6,ETOPO_2022_v1_15s_bed_elev
-46.2,28.7,-3510.83,ETOPO_2022_v1_15s_bed_elev
-46.1,28.7,-3873.88,ETOPO_2022_v1_15s_bed_elev
-46.0,28.7,-3760.71,ETOPO_2022_v1_15s_bed_elev
-45.9,28.7,-3871.28,ETOPO_2022_v1_15s_bed_elev
-45.8,28.7,-3937.56,ETOPO_2022_v1_15s_bed_elev
-45.7,28.7,-4026.02,ETOPO_2022_v1_15s_bed_elev
-45.6,28.7,-3955.05,ETOPO_2022_v1_15s_bed_elev
-45.5,28.7,-3989.63,ETOPO_2022_v1_15s_bed_elev
-45.4,28.7,-3641.98,ETOPO_2022_v1_15s_bed_elev
-45.3,28.7,-3807.54,ETOPO_2022_v1_15s_bed_elev
-45.2,28.7,-3865.75,ETOPO_2022_v1_15s_bed_elev
-45.1,28.7,-3524.97,ETOPO_2022_v1_15s_bed_elev
-45.0,28.7,-3887.76,ETOPO_2022_v1_15s_bed_elev
-44.9,28.7,-3895.38,ETOPO_2022_v1_15s_bed_elev
-44.8,28.7,-3677.76,ETOPO_2022_v1_15s_bed_elev
-44.7,28.7,-3341.94,ETOPO_2022_v1_15s_bed_elev
-44.6,28.7,-3528.42,ETOPO_2022_v1_15s_bed_elev
-44.5,28.7,-3320.66,ETOPO_2022_v1_15s_bed_elev
-44.4,28.7,-3663.04,ETOPO_2022_v1_15s_bed_elev
-44.3,28.7,-3695.15,ETOPO_2022_v1_15s_bed_elev
-44.2,28.7,-3374.03,ETOPO_2022_v1_15s_bed_elev
-44.1,28.7,-3338.39,ETOPO_2022_v1_15s_bed_elev
-44.0,28.7,-2981.78,ETOPO_2022_v1_15s_bed_elev
-43.9,28.7,-2495.57,ETOPO_2022_v1_15s_bed_elev
-43.8,28.7,-2680.4,ETOPO_2022_v1_15s_bed_elev
-43.7,28.7,-2854.41,ETOPO_2022_v1_15s_bed_elev
-43.6,28.7,-3159.43,ETOPO_2022_v1_15s_bed_elev
-43.5,28.7,-3427.84,ETOPO_2022_v1_15s_bed_elev
-43.4,28.7,-2881.3,ETOPO_2022_v1_15s_bed_elev
-43.3,28.7,-2468.64,ETOPO_2022_v1_15s_bed_elev
-43.2,28.7,-2648.73,ETOPO_2022_v1_15s_bed_elev
-43.1,28.7,-2020.43,ETOPO_2022_v1_15s_bed_elev
-43.0,28.7,-2631.57,ETOPO_2022_v1_15s_bed_elev
-42.9,28.7,-2688.83,ETOPO_2022_v1_15s_bed_elev
-42.8,28.7,-2755.42,ETOPO_2022_v1_15s_bed_elev
-42.7,28.7,-2828.53,ETOPO_2022_v1_15s_bed_elev
-42.6,28.7,-2851.95,ETOPO_2022_v1_15s_bed_elev
-42.5,28.7,-3047.77,ETOPO_2022_v1_15s_bed_elev
-42.4,28.7,-3086.41,ETOPO_2022_v1_15s_bed_elev
-42.3,28.7,-3245.69,ETOPO_2022_v1_15s_bed_elev
-42.2,28.7,-3304.9,ETOPO_2022_v1_15s_bed_elev
-42.1,28.7,-3260.74,ETOPO_2022_v1_15s_bed_elev
-42.0,28.7,-3439.26,ETOPO_2022_v1_15s_bed_elev
-41.9,28.7,-3551.1,ETOPO_2022_v1_15s_bed_elev
-41.8,28.7,-3531.61,ETOPO_2022_v1_15s_bed_elev
-41.7,28.7,-3281.09,ETOPO_2022_v1_15s_bed_elev
-41.6,28.7,-3408.88,ETOPO_2022_v1_15s_bed_elev
-41.5,28.7,-3380.51,ETOPO_2022_v1_15s_bed_elev
-41.4,28.7,-3635.4,ETOPO_2022_v1_15s_bed_elev
-41.3,28.7,-3730.02,ETOPO_2022_v1_15s_bed_elev
-41.2,28.7,-3681.95,ETOPO_2022_v1_15s_bed_elev
-41.1,28.7,-3343.25,ETOPO_2022_v1_15s_bed_elev
-41.0,28.7,-3385.85,ETOPO_2022_v1_15s_bed_elev
-40.9,28.7,-3393.56,ETOPO_2022_v1_15s_bed_elev
-40.8,28.7,-3772.42,ETOPO_2022_v1_15s_bed_elev
-40.7,28.7,-3973.07,ETOPO_2022_v1_15s_bed_elev
-40.6,28.7,-3806.89,ETOPO_2022_v1_15s_bed_elev
-40.5,28.7,-3648.25,ETOPO_2022_v1_15s_bed_elev
-40.4,28.7,-3615.9,ETOPO_2022_v1_15s_bed_elev
-40.3,28.7,-3445.57,ETOPO_2022_v1_15s_bed_elev
-40.2,28.7,-3770.22,ETOPO_2022_v1_15s_bed_elev
-40.1,28.7,-4157.37,ETOPO_2022_v1_15s_bed_elev
-40.0,28.7,-4239.84,ETOPO_2022_v1_15s_bed_elev
-39.9,28.7,-4346.59,ETOPO_2022_v1_15s_bed_elev
-39.8,28.7,-4313.57,ETOPO_2022_v1_15s_bed_elev
-39.7,28.7,-4174.38,ETOPO_2022_v1_15s_bed_elev
-39.6,28.7,-4052.41,ETOPO_2022_v1_15s_bed_elev
-39.5,28.7,-3974.96,ETOPO_2022_v1_15s_bed_elev
-39.4,28.7,-4055.9,ETOPO_2022_v1_15s_bed_elev
-39.3,28.7,-4154.4,ETOPO_2022_v1_15s_bed_elev
-39.2,28.7,-4274.86,ETOPO_2022_v1_15s_bed_elev
-39.1,28.7,-4195.03,ETOPO_2022_v1_15s_bed_elev
-39.0,28.7,-4201.2,ETOPO_2022_v1_15s_bed_elev
-38.9,28.7,-4149.03,ETOPO_2022_v1_15s_bed_elev
-38.8,28.7,-4111.59,ETOPO_2022_v1_15s_bed_elev
-38.7,28.7,-4197.86,ETOPO_2022_v1_15s_bed_elev
-38.6,28.7,-4117.21,ETOPO_2022_v1_15s_bed_elev
-38.5,28.7,-4262.27,ETOPO_2022_v1_15s_bed_elev
-38.4,28.7,-4381.01,ETOPO_2022_v1_15s_bed_elev
-38.3,28.7,-4332.52,ETOPO_2022_v1_15s_bed_elev
-38.2,28.7,-4611.76,ETOPO_2022_v1_15s_bed_elev
-38.1,28.7,-4669.77,ETOPO_2022_v1_15s_bed_elev
-38.0,28.7,-4762.96,ETOPO_2022_v1_15s_bed_elev
-37.9,28.7,-4882.67,ETOPO_2022_v1_15s_bed_elev
-37.8,28.7,-4848.63,ETOPO_2022_v1_15s_bed_elev
-37.7,28.7,-4804.07,ETOPO_2022_v1_15s_bed_elev
-37.6,28.7,-4545.04,ETOPO_2022_v1_15s_bed_elev
-37.5,28.7,-4595.72,ETOPO_2022_v1_15s_bed_elev
-37.4,28.7,-4451.45,ETOPO_2022_v1_15s_bed_elev
-37.3,28.7,-4589.17,ETOPO_2022_v1_15s_bed_elev
-37.2,28.7,-4704.28,ETOPO_2022_v1_15s_bed_elev
-37.1,28.7,-4484.37,ETOPO_2022_v1_15s_bed_elev
-37.0,28.7,-4335.26,ETOPO_2022_v1_15s_bed_elev
-36.9,28.7,-4463.27,ETOPO_2022_v1_15s_bed_elev
-36.8,28.7,-4401.42,ETOPO_2022_v1_15s_bed_elev
-36.7,28.7,-4194.57,ETOPO_2022_v1_15s_bed_elev
-36.6,28.7,-4525.24,ETOPO_2022_v1_15s_bed_elev
-36.5,28.7,-4620.51,ETOPO_2022_v1_15s_bed_elev
-36.4,28.7,-4128.53,ETOPO_2022_v1_15s_bed_elev
-36.3,28.7,-4316.63,ETOPO_2022_v1_15s_bed_elev
-36.2,28.7,-4443.72,ETOPO_2022_v1_15s_bed_elev
-36.1,28.7,-4954.83,ETOPO_2022_v1_15s_bed_elev
-36.0,28.7,-4367.83,ETOPO_2022_v1_15s_bed_elev
-35.9,28.7,-4479.89,ETOPO_2022_v1_15s_bed_elev
-35.8,28.7,-4870.08,ETOPO_2022_v1_15s_bed_elev
-35.7,28.7,-4711.35,ETOPO_2022_v1_15s_bed_elev
-35.6,28.7,-4776.76,ETOPO_2022_v1_15s_bed_elev
-35.5,28.7,-4722.05,ETOPO_2022_v1_15s_bed_elev
-35.4,28.7,-4499.69,ETOPO_2022_v1_15s_bed_elev
-35.3,28.7,-4327.14,ETOPO_2022_v1_15s_bed_elev
-35.2,28.7,-4422.23,ETOPO_2022_v1_15s_bed_elev
-35.1,28.7,-4163.13,ETOPO_2022_v1_15s_bed_elev
-35.0,28.7,-4216.18,ETOPO_2022_v1_15s_bed_elev
-51.0,28.8,-5267.71,ETOPO_2022_v1_15s_bed_elev
-50.9,28.8,-5205.84,ETOPO_2022_v1_15s_bed_elev
-50.8,28.8,-5345.54,ETOPO_2022_v1_15s_bed_elev
-50.7,28.8,-5123.6,ETOPO_2022_v1_15s_bed_elev
-50.6,28.8,-5055.95,ETOPO_2022_v1_15s_bed_elev
-50.5,28.8,-4986.08,ETOPO_2022_v1_15s_bed_elev
-50.4,28.8,-4950.1,ETOPO_2022_v1_15s_bed_elev
-50.3,28.8,-4828.14,ETOPO_2022_v1_15s_bed_elev
-50.2,28.8,-4992.78,ETOPO_2022_v1_15s_bed_elev
-50.1,28.8,-5019.25,ETOPO_2022_v1_15s_bed_elev
-50.0,28.8,-4878.68,ETOPO_2022_v1_15s_bed_elev
-49.9,28.8,-4885.94,ETOPO_2022_v1_15s_bed_elev
-49.8,28.8,-4933.53,ETOPO_2022_v1_15s_bed_elev
-49.7,28.8,-4981.16,ETOPO_2022_v1_15s_bed_elev
-49.6,28.8,-5017.42,ETOPO_2022_v1_15s_bed_elev
-49.5,28.8,-5261.96,ETOPO_2022_v1_15s_bed_elev
-49.4,28.8,-5216.59,ETOPO_2022_v1_15s_bed_elev
-49.3,28.8,-4858.04,ETOPO_2022_v1_15s_bed_elev
-49.2,28.8,-4876.61,ETOPO_2022_v1_15s_bed_elev
-49.1,28.8,-5211.44,ETOPO_2022_v1_15s_bed_elev
-49.0,28.8,-4524.51,ETOPO_2022_v1_15s_bed_elev
-48.9,28.8,-4701.03,ETOPO_2022_v1_15s_bed_elev
-48.8,28.8,-4651.62,ETOPO_2022_v1_15s_bed_elev
-48.7,28.8,-4729.32,ETOPO_2022_v1_15s_bed_elev
-48.6,28.8,-4773.19,ETOPO_2022_v1_15s_bed_elev
-48.5,28.8,-5187.95,ETOPO_2022_v1_15s_bed_elev
-48.4,28.8,-4822.91,ETOPO_2022_v1_15s_bed_elev
-48.3,28.8,-4228.09,ETOPO_2022_v1_15s_bed_elev
-48.2,28.8,-4277.87,ETOPO_2022_v1_15s_bed_elev
-48.1,28.8,-4401.9,ETOPO_2022_v1_15s_bed_elev
-48.0,28.8,-4529.21,ETOPO_2022_v1_15s_bed_elev
-47.9,28.8,-4671.97,ETOPO_2022_v1_15s_bed_elev
-47.8,28.8,-4421.29,ETOPO_2022_v1_15s_bed_elev
-47.7,28.8,-4298.31,ETOPO_2022_v1_15s_bed_elev
-47.6,28.8,-4523.08,ETOPO_2022_v1_15s_bed_elev
-47.5,28.8,-4412.76,ETOPO_2022_v1_15s_bed_elev
-47.4,28.8,-4301.44,ETOPO_2022_v1_15s_bed_elev
-47.3,28.8,-4722.15,ETOPO_2022_v1_15s_bed_elev
-47.2,28.8,-4485.51,ETOPO_2022_v1_15s_bed_elev
-47.1,28.8,-4306.84,ETOPO_2022_v1_15s_bed_elev
-47.0,28.8,-4288.6,ETOPO_2022_v1_15s_bed_elev
-46.9,28.8,-4293.84,ETOPO_2022_v1_15s_bed_elev
-46.8,28.8,-4403.61,ETOPO_2022_v1_15s_bed_elev
-46.7,28.8,-4266.54,ETOPO_2022_v1_15s_bed_elev
-46.6,28.8,-4183.35,ETOPO_2022_v1_15s_bed_elev
-46.5,28.8,-4051.14,ETOPO_2022_v1_15s_bed_elev
-46.4,28.8,-4158.86,ETOPO_2022_v1_15s_bed_elev
-46.3,28.8,-3973.51,ETOPO_2022_v1_15s_bed_elev
-46.2,28.8,-3684.63,ETOPO_2022_v1_15s_bed_elev
-46.1,28.8,-3806.54,ETOPO_2022_v1_15s_bed_elev
-46.0,28.8,-3991.26,ETOPO_2022_v1_15s_bed_elev
-45.9,28.8,-3928.56,ETOPO_2022_v1_15s_bed_elev
-45.8,28.8,-3828.05,ETOPO_2022_v1_15s_bed_elev
-45.7,28.8,-3472.46,ETOPO_2022_v1_15s_bed_elev
-45.6,28.8,-3871.71,ETOPO_2022_v1_15s_bed_elev
-45.5,28.8,-3568.97,ETOPO_2022_v1_15s_bed_elev
-45.4,28.8,-3580.3,ETOPO_2022_v1_15s_bed_elev
-45.3,28.8,-3868.86,ETOPO_2022_v1_15s_bed_elev
-45.2,28.8,-3727.59,ETOPO_2022_v1_15s_bed_elev
-45.1,28.8,-3526.08,ETOPO_2022_v1_15s_bed_elev
-45.0,28.8,-3791.57,ETOPO_2022_v1_15s_bed_elev
-44.9,28.8,-3730.05,ETOPO_2022_v1_15s_bed_elev
-44.8,28.8,-3479.51,ETOPO_2022_v1_15s_bed_elev
-44.7,28.8,-3557.91,ETOPO_2022_v1_15s_bed_elev
-44.6,28.8,-3485.71,ETOPO_2022_v1_15s_bed_elev
-44.5,28.8,-3565.65,ETOPO_2022_v1_15s_bed_elev
-44.4,28.8,-3553.18,ETOPO_2022_v1_15s_bed_elev
-44.3,28.8,-3494.02,ETOPO_2022_v1_15s_bed_elev
-44.2,28.8,-3315.99,ETOPO_2022_v1_15s_bed_elev
-44.1,28.8,-2999.44,ETOPO_2022_v1_15s_bed_elev
-44.0,28.8,-2771.1,ETOPO_2022_v1_15s_bed_elev
-43.9,28.8,-2904.79,ETOPO_2022_v1_15s_bed_elev
-43.8,28.8,-2702.14,ETOPO_2022_v1_15s_bed_elev
-43.7,28.8,-2858.03,ETOPO_2022_v1_15s_bed_elev
-43.6,28.8,-2654.85,ETOPO_2022_v1_15s_bed_elev
-43.5,28.8,-3566.33,ETOPO_2022_v1_15s_bed_elev
-43.4,28.8,-3555.71,ETOPO_2022_v1_15s_bed_elev
-43.3,28.8,-3151.75,ETOPO_2022_v1_15s_bed_elev
-43.2,28.8,-2951.77,ETOPO_2022_v1_15s_bed_elev
-43.1,28.8,-3108.69,ETOPO_2022_v1_15s_bed_elev
-43.0,28.8,-3087.07,ETOPO_2022_v1_15s_bed_elev
-42.9,28.8,-3106.2,ETOPO_2022_v1_15s_bed_elev
-42.8,28.8,-3264.06,ETOPO_2022_v1_15s_bed_elev
-42.7,28.8,-3487.36,ETOPO_2022_v1_15s_bed_elev
-42.6,28.8,-3333.32,ETOPO_2022_v1_15s_bed_elev
-42.5,28.8,-3539.28,ETOPO_2022_v1_15s_bed_elev
-42.4,28.8,-3454.19,ETOPO_2022_v1_15s_bed_elev
-42.3,28.8,-3587.58,ETOPO_2022_v1_15s_bed_elev
-42.2,28.8,-3537.37,ETOPO_2022_v1_15s_bed_elev
-42.1,28.8,-3147.59,ETOPO_2022_v1_15s_bed_elev
-42.0,28.8,-3380.67,ETOPO_2022_v1_15s_bed_elev
-41.9,28.8,-3491.68,ETOPO_2022_v1_15s_bed_elev
-41.8,28.8,-3697.86,ETOPO_2022_v1_15s_bed_elev
-41.7,28.8,-3638.14,ETOPO_2022_v1_15s_bed_elev
-41.6,28.8,-3448.68,ETOPO_2022_v1_15s_bed_elev
-41.5,28.8,-3262.26,ETOPO_2022_v1_15s_bed_elev
-41.4,28.8,-3437.08,ETOPO_2022_v1_15s_bed_elev
-41.3,28.8,-3340.59,ETOPO_2022_v1_15s_bed_elev
-41.2,28.8,-3457.19,ETOPO_2022_v1_15s_bed_elev
-41.1,28.8,-3494.84,ETOPO_2022_v1_15s_bed_elev
-41.0,28.8,-3428.63,ETOPO_2022_v1_15s_bed_elev
-40.9,28.8,-3275.09,ETOPO_2022_v1_15s_bed_elev
-40.8,28.8,-3336.2,ETOPO_2022_v1_15s_bed_elev
-40.7,28.8,-3542.12,ETOPO_2022_v1_15s_bed_elev
-40.6,28.8,-3891.16,ETOPO_2022_v1_15s_bed_elev
-40.5,28.8,-3976.74,ETOPO_2022_v1_15s_bed_elev
-40.4,28.8,-3865.82,ETOPO_2022_v1_15s_bed_elev
-40.3,28.8,-3524.34,ETOPO_2022_v1_15s_bed_elev
-40.2,28.8,-3451.73,ETOPO_2022_v1_15s_bed_elev
-40.1,28.8,-3773.53,ETOPO_2022_v1_15s_bed_elev
-40.0,28.8,-3856.56,ETOPO_2022_v1_15s_bed_elev
-39.9,28.8,-3970.28,ETOPO_2022_v1_15s_bed_elev
-39.8,28.8,-4241.07,ETOPO_2022_v1_15s_bed_elev
-39.7,28.8,-4192.1,ETOPO_2022_v1_15s_bed_elev
-39.6,28.8,-4056.92,ETOPO_2022_v1_15s_bed_elev
-39.5,28.8,-4043.27,ETOPO_2022_v1_15s_bed_elev
-39.4,28.8,-3987.5,ETOPO_2022_v1_15s_bed_elev
-39.3,28.8,-4245.62,ETOPO_2022_v1_15s_bed_elev
-39.2,28.8,-4380.82,ETOPO_2022_v1_15s_bed_elev
-39.1,28.8,-4393.46,ETOPO_2022_v1_15s_bed_elev
-39.0,28.8,-4227.03,ETOPO_2022_v1_15s_bed_elev
-38.9,28.8,-3927.06,ETOPO_2022_v1_15s_bed_elev
-38.8,28.8,-4066.64,ETOPO_2022_v1_15s_bed_elev
-38.7,28.8,-4095.85,ETOPO_2022_v1_15s_bed_elev
-38.6,28.8,-4097.75,ETOPO_2022_v1_15s_bed_elev
-38.5,28.8,-4482.08,ETOPO_2022_v1_15s_bed_elev
-38.4,28.8,-4444.52,ETOPO_2022_v1_15s_bed_elev
-38.3,28.8,-4425.65,ETOPO_2022_v1_15s_bed_elev
-38.2,28.8,-4512.36,ETOPO_2022_v1_15s_bed_elev
-38.1,28.8,-4549.85,ETOPO_2022_v1_15s_bed_elev
-38.0,28.8,-4675.39,ETOPO_2022_v1_15s_bed_elev
-37.9,28.8,-4803.12,ETOPO_2022_v1_15s_bed_elev
-37.8,28.8,-4772.3,ETOPO_2022_v1_15s_bed_elev
-37.7,28.8,-4684.57,ETOPO_2022_v1_15s_bed_elev
-37.6,28.8,-4300.62,ETOPO_2022_v1_15s_bed_elev
-37.5,28.8,-4758.62,ETOPO_2022_v1_15s_bed_elev
-37.4,28.8,-4316.29,ETOPO_2022_v1_15s_bed_elev
-37.3,28.8,-4432.34,ETOPO_2022_v1_15s_bed_elev
-37.2,28.8,-4443.62,ETOPO_2022_v1_15s_bed_elev
-37.1,28.8,-4330.87,ETOPO_2022_v1_15s_bed_elev
-37.0,28.8,-4774.59,ETOPO_2022_v1_15s_bed_elev
-36.9,28.8,-5059.16,ETOPO_2022_v1_15s_bed_elev
-36.8,28.8,-4899.58,ETOPO_2022_v1_15s_bed_elev
-36.7,28.8,-4667.6,ETOPO_2022_v1_15s_bed_elev
-36.6,28.8,-4461.12,ETOPO_2022_v1_15s_bed_elev
-36.5,28.8,-4575.73,ETOPO_2022_v1_15s_bed_elev
-36.4,28.8,-4666.72,ETOPO_2022_v1_15s_bed_elev
-36.3,28.8,-4714.81,ETOPO_2022_v1_15s_bed_elev
-36.2,28.8,-4908.18,ETOPO_2022_v1_15s_bed_elev
-36.1,28.8,-5146.5,ETOPO_2022_v1_15s_bed_elev
-36.0,28.8,-5046.66,ETOPO_2022_v1_15s_bed_elev
-35.9,28.8,-5181.98,ETOPO_2022_v1_15s_bed_elev
-35.8,28.8,-5183.5,ETOPO_2022_v1_15s_bed_elev
-35.7,28.8,-5122.61,ETOPO_2022_v1_15s_bed_elev
-35.6,28.8,-5334.71,ETOPO_2022_v1_15s_bed_elev
-35.5,28.8,-5239.29,ETOPO_2022_v1_15s_bed_elev
-35.4,28.8,-5132.77,ETOPO_2022_v1_15s_bed_elev
-35.3,28.8,-4607.73,ETOPO_2022_v1_15s_bed_elev
-35.2,28.8,-4895.48,ETOPO_2022_v1_15s_bed_elev
-35.1,28.8,-4979.82,ETOPO_2022_v1_15s_bed_elev
-35.0,28.8,-4976.14,ETOPO_2022_v1_15s_bed_elev
-51.0,28.9,-5018.58,ETOPO_2022_v1_15s_bed_elev
-50.9,28.9,-4794.48,ETOPO_2022_v1_15s_bed_elev
-50.8,28.9,-4905.53,ETOPO_2022_v1_15s_bed_elev
-50.7,28.9,-5322.45,ETOPO_2022_v1_15s_bed_elev
-50.6,28.9,-5183.83,ETOPO_2022_v1_15s_bed_elev
-50.5,28.9,-5000.86,ETOPO_2022_v1_15s_bed_elev
-50.4,28.9,-4938.14,ETOPO_2022_v1_15s_bed_elev
-50.3,28.9,-4970.42,ETOPO_2022_v1_15s_bed_elev
-50.2,28.9,-4851.5,ETOPO_2022_v1_15s_bed_elev
-50.1,28.9,-4973.71,ETOPO_2022_v1_15s_bed_elev
-50.0,28.9,-5002.97,ETOPO_2022_v1_15s_bed_elev
-49.9,28.9,-5065.04,ETOPO_2022_v1_15s_bed_elev
-49.8,28.9,-4747.01,ETOPO_2022_v1_15s_bed_elev
-49.7,28.9,-4705.9,ETOPO_2022_v1_15s_bed_elev
-49.6,28.9,-4894.91,ETOPO_2022_v1_15s_bed_elev
-49.5,28.9,-5120.06,ETOPO_2022_v1_15s_bed_elev
-49.4,28.9,-4965.98,ETOPO_2022_v1_15s_bed_elev
-49.3,28.9,-5112.78,ETOPO_2022_v1_15s_bed_elev
-49.2,28.9,-4921.66,ETOPO_2022_v1_15s_bed_elev
-49.1,28.9,-4799.83,ETOPO_2022_v1_15s_bed_elev
-49.0,28.9,-4625.51,ETOPO_2022_v1_15s_bed_elev
-48.9,28.9,-4643.21,ETOPO_2022_v1_15s_bed_elev
-48.8,28.9,-4817.92,ETOPO_2022_v1_15s_bed_elev
-48.7,28.9,-4614.03,ETOPO_2022_v1_15s_bed_elev
-48.6,28.9,-4710.11,ETOPO_2022_v1_15s_bed_elev
-48.5,28.9,-5098.78,ETOPO_2022_v1_15s_bed_elev
-48.4,28.9,-4878.97,ETOPO_2022_v1_15s_bed_elev
-48.3,28.9,-4482.85,ETOPO_2022_v1_15s_bed_elev
-48.2,28.9,-4544.43,ETOPO_2022_v1_15s_bed_elev
-48.1,28.9,-4370.46,ETOPO_2022_v1_15s_bed_elev
-48.0,28.9,-4420.4,ETOPO_2022_v1_15s_bed_elev
-47.9,28.9,-4575.41,ETOPO_2022_v1_15s_bed_elev
-47.8,28.9,-4485.67,ETOPO_2022_v1_15s_bed_elev
-47.7,28.9,-4566.33,ETOPO_2022_v1_15s_bed_elev
-47.6,28.9,-4507.59,ETOPO_2022_v1_15s_bed_elev
-47.5,28.9,-4433.91,ETOPO_2022_v1_15s_bed_elev
-47.4,28.9,-4548.99,ETOPO_2022_v1_15s_bed_elev
-47.3,28.9,-4717.82,ETOPO_2022_v1_15s_bed_elev
-47.2,28.9,-4473.26,ETOPO_2022_v1_15s_bed_elev
-47.1,28.9,-4413.67,ETOPO_2022_v1_15s_bed_elev
-47.0,28.9,-4418.16,ETOPO_2022_v1_15s_bed_elev
-46.9,28.9,-4226.55,ETOPO_2022_v1_15s_bed_elev
-46.8,28.9,-4275.69,ETOPO_2022_v1_15s_bed_elev
-46.7,28.9,-4241.19,ETOPO_2022_v1_15s_bed_elev
-46.6,28.9,-3996.77,ETOPO_2022_v1_15s_bed_elev
-46.5,28.9,-3896.46,ETOPO_2022_v1_15s_bed_elev
-46.4,28.9,-4121.17,ETOPO_2022_v1_15s_bed_elev
-46.3,28.9,-4255.85,ETOPO_2022_v1_15s_bed_elev
-46.2,28.9,-4045.52,ETOPO_2022_v1_15s_bed_elev
-46.1,28.9,-3926.78,ETOPO_2022_v1_15s_bed_elev
-46.0,28.9,-3680.81,ETOPO_2022_v1_15s_bed_elev
-45.9,28.9,-3920.63,ETOPO_2022_v1_15s_bed_elev
-45.8,28.9,-3944.6,ETOPO_2022_v1_15s_bed_elev
-45.7,28.9,-3777.33,ETOPO_2022_v1_15s_bed_elev
-45.6,28.9,-3925.05,ETOPO_2022_v1_15s_bed_elev
-45.5,28.9,-3727.83,ETOPO_2022_v1_15s_bed_elev
-45.4,28.9,-3715.4,ETOPO_2022_v1_15s_bed_elev
-45.3,28.9,-3940.24,ETOPO_2022_v1_15s_bed_elev
-45.2,28.9,-3482.99,ETOPO_2022_v1_15s_bed_elev
-45.1,28.9,-3446.01,ETOPO_2022_v1_15s_bed_elev
-45.0,28.9,-3615.47,ETOPO_2022_v1_15s_bed_elev
-44.9,28.9,-3570.8,ETOPO_2022_v1_15s_bed_elev
-44.8,28.9,-3397.51,ETOPO_2022_v1_15s_bed_elev
-44.7,28.9,-3420.38,ETOPO_2022_v1_15s_bed_elev
-44.6,28.9,-3116.63,ETOPO_2022_v1_15s_bed_elev
-44.5,28.9,-2892.24,ETOPO_2022_v1_15s_bed_elev
-44.4,28.9,-3155.09,ETOPO_2022_v1_15s_bed_elev
-44.3,28.9,-2781.98,ETOPO_2022_v1_15s_bed_elev
-44.2,28.9,-2595.14,ETOPO_2022_v1_15s_bed_elev
-44.1,28.9,-2885.52,ETOPO_2022_v1_15s_bed_elev
-44.0,28.9,-2809.75,ETOPO_2022_v1_15s_bed_elev
-43.9,28.9,-3213.47,ETOPO_2022_v1_15s_bed_elev
-43.8,28.9,-3176.17,ETOPO_2022_v1_15s_bed_elev
-43.7,28.9,-3082.61,ETOPO_2022_v1_15s_bed_elev
-43.6,28.9,-2934.88,ETOPO_2022_v1_15s_bed_elev
-43.5,28.9,-2820.9,ETOPO_2022_v1_15s_bed_elev
-43.4,28.9,-3034.5,ETOPO_2022_v1_15s_bed_elev
-43.3,28.9,-3311.91,ETOPO_2022_v1_15s_bed_elev
-43.2,28.9,-3435.43,ETOPO_2022_v1_15s_bed_elev
-43.1,28.9,-3007.8,ETOPO_2022_v1_15s_bed_elev
-43.0,28.9,-2951.38,ETOPO_2022_v1_15s_bed_elev
-42.9,28.9,-3114.74,ETOPO_2022_v1_15s_bed_elev
-42.8,28.9,-3185.96,ETOPO_2022_v1_15s_bed_elev
-42.7,28.9,-3486.91,ETOPO_2022_v1_15s_bed_elev
-42.6,28.9,-3307.73,ETOPO_2022_v1_15s_bed_elev
-42.5,28.9,-3414.56,ETOPO_2022_v1_15s_bed_elev
-42.4,28.9,-3364.98,ETOPO_2022_v1_15s_bed_elev
-42.3,28.9,-3495.21,ETOPO_2022_v1_15s_bed_elev
-42.2,28.9,-3421.19,ETOPO_2022_v1_15s_bed_elev
-42.1,28.9,-3518.6,ETOPO_2022_v1_15s_bed_elev
-42.0,28.9,-3433.73,ETOPO_2022_v1_15s_bed_elev
-41.9,28.9,-3431.97,ETOPO_2022_v1_15s_bed_elev
-41.8,28.9,-3410.16,ETOPO_2022_v1_15s_bed_elev
-41.7,28.9,-3673.31,ETOPO_2022_v1_15s_bed_elev
-41.6,28.9,-3473.28,ETOPO_2022_v1_15s_bed_elev
-41.5,28.9,-3184.27,ETOPO_2022_v1_15s_bed_elev
-41.4,28.9,-3192.51,ETOPO_2022_v1_15s_bed_elev
-41.3,28.9,-3196.11,ETOPO_2022_v1_15s_bed_elev
-41.2,28.9,-3032.4,ETOPO_2022_v1_15s_bed_elev
-41.1,28.9,-3507.68,ETOPO_2022_v1_15s_bed_elev
-41.0,28.9,-3853.49,ETOPO_2022_v1_15s_bed_elev
-40.9,28.9,-3702.66,ETOPO_2022_v1_15s_bed_elev
-40.8,28.9,-3644.72,ETOPO_2022_v1_15s_bed_elev
-40.7,28.9,-3329.19,ETOPO_2022_v1_15s_bed_elev
-40.6,28.9,-3339.77,ETOPO_2022_v1_15s_bed_elev
-40.5,28.9,-3644.92,ETOPO_2022_v1_15s_bed_elev
-40.4,28.9,-3673.25,ETOPO_2022_v1_15s_bed_elev
-40.3,28.9,-3697.16,ETOPO_2022_v1_15s_bed_elev
-40.2,28.9,-3796.6,ETOPO_2022_v1_15s_bed_elev
-40.1,28.9,-3591.66,ETOPO_2022_v1_15s_bed_elev
-40.0,28.9,-3484.68,ETOPO_2022_v1_15s_bed_elev
-39.9,28.9,-3432.41,ETOPO_2022_v1_15s_bed_elev
-39.8,28.9,-3833.76,ETOPO_2022_v1_15s_bed_elev
-39.7,28.9,-4259.8,ETOPO_2022_v1_15s_bed_elev
-39.6,28.9,-4101.25,ETOPO_2022_v1_15s_bed_elev
-39.5,28.9,-4035.28,ETOPO_2022_v1_15s_bed_elev
-39.4,28.9,-4036.58,ETOPO_2022_v1_15s_bed_elev
-39.3,28.9,-4271.82,ETOPO_2022_v1_15s_bed_elev
-39.2,28.9,-4190.18,ETOPO_2022_v1_15s_bed_elev
-39.1,28.9,-4343.68,ETOPO_2022_v1_15s_bed_elev
-39.0,28.9,-4111.94,ETOPO_2022_v1_15s_bed_elev
-38.9,28.9,-3954.55,ETOPO_2022_v1_15s_bed_elev
-38.8,28.9,-4035.29,ETOPO_2022_v1_15s_bed_elev
-38.7,28.9,-4165.36,ETOPO_2022_v1_15s_bed_elev
-38.6,28.9,-4063.49,ETOPO_2022_v1_15s_bed_elev
-38.5,28.9,-4439.48,ETOPO_2022_v1_15s_bed_elev
-38.4,28.9,-4304.54,ETOPO_2022_v1_15s_bed_elev
-38.3,28.9,-4164.21,ETOPO_2022_v1_15s_bed_elev
-38.2,28.9,-4075.82,ETOPO_2022_v1_15s_bed_elev
-38.1,28.9,-4121.42,ETOPO_2022_v1_15s_bed_elev
-38.0,28.9,-4064.6,ETOPO_2022_v1_15s_bed_elev
-37.9,28.9,-4249.07,ETOPO_2022_v1_15s_bed_elev
-37.8,28.9,-3942.17,ETOPO_2022_v1_15s_bed_elev
-37.7,28.9,-3669.19,ETOPO_2022_v1_15s_bed_elev
-37.6,28.9,-3698.91,ETOPO_2022_v1_15s_bed_elev
-37.5,28.9,-4617.22,ETOPO_2022_v1_15s_bed_elev
-37.4,28.9,-4821.34,ETOPO_2022_v1_15s_bed_elev
-37.3,28.9,-4973.91,ETOPO_2022_v1_15s_bed_elev
-37.2,28.9,-4907.33,ETOPO_2022_v1_15s_bed_elev
-37.1,28.9,-5018.2,ETOPO_2022_v1_15s_bed_elev
-37.0,28.9,-5136.34,ETOPO_2022_v1_15s_bed_elev
-36.9,28.9,-5202.82,ETOPO_2022_v1_15s_bed_elev
-36.8,28.9,-5206.81,ETOPO_2022_v1_15s_bed_elev
-36.7,28.9,-4962.42,ETOPO_2022_v1_15s_bed_elev
-36.6,28.9,-5024.87,ETOPO_2022_v1_15s_bed_elev
-36.5,28.9,-5173.94,ETOPO_2022_v1_15s_bed_elev
-36.4,28.9,-5247.59,ETOPO_2022_v1_15s_bed_elev
-36.3,28.9,-5013.9,ETOPO_2022_v1_15s_bed_elev
-36.2,28.9,-4982.12,ETOPO_2022_v1_15s_bed_elev
-36.1,28.9,-4773.25,ETOPO_2022_v1_15s_bed_elev
-36.0,28.9,-4958.21,ETOPO_2022_v1_15s_bed_elev
-35.9,28.9,-5227.83,ETOPO_2022_v1_15s_bed_elev
-35.8,28.9,-5230.35,ETOPO_2022_v1_15s_bed_elev
-35.7,28.9,-5304.85,ETOPO_2022_v1_15s_bed_elev
-35.6,28.9,-5192.21,ETOPO_2022_v1_15s_bed_elev
-35.5,28.9,-5153.71,ETOPO_2022_v1_15s_bed_elev
-35.4,28.9,-5241.7,ETOPO_2022_v1_15s_bed_elev
-35.3,28.9,-5145.23,ETOPO_2022_v1_15s_bed_elev
-35.2,28.9,-5062.25,ETOPO_2022_v1_15s_bed_elev
-35.1,28.9,-5435.55,ETOPO_2022_v1_15s_bed_elev
-35.0,28.9,-5513.63,ETOPO_2022_v1_15s_bed_elev
-51.0,29.0,-5097.68,ETOPO_2022_v1_15s_bed_elev
-50.9,29.0,-4767.54,ETOPO_2022_v1_15s_bed_elev
-50.8,29.0,-5040.58,ETOPO_2022_v1_15s_bed_elev
-50.7,29.0,-5296.35,ETOPO_2022_v1_15s_bed_elev
-50.6,29.0,-5063.79,ETOPO_2022_v1_15s_bed_elev
-50.5,29.0,-4921.91,ETOPO_2022_v1_15s_bed_elev
-50.4,29.0,-4896.69,ETOPO_2022_v1_15s_bed_elev
-50.3,29.0,-5262.59,ETOPO_2022_v1_15s_bed_elev
-50.2,29.0,-4986.93,ETOPO_2022_v1_15s_bed_elev
-50.1,29.0,-4997.88,ETOPO_2022_v1_15s_bed_elev
-50.0,29.0,-5012.95,ETOPO_2022_v1_15s_bed_elev
-49.9,29.0,-4627.85,ETOPO_2022_v1_15s_bed_elev
-49.8,29.0,-4770.67,ETOPO_2022_v1_15s_bed_elev
-49.7,29.0,-4771.27,ETOPO_2022_v1_15s_bed_elev
-49.6,29.0,-4944.25,ETOPO_2022_v1_15s_bed_elev
-49.5,29.0,-4876.44,ETOPO_2022_v1_15s_bed_elev
-49.4,29.0,-4951.08,ETOPO_2022_v1_15s_bed_elev
-49.3,29.0,-4793.12,ETOPO_2022_v1_15s_bed_elev
-49.2,29.0,-4843.18,ETOPO_2022_v1_15s_bed_elev
-49.1,29.0,-4834.08,ETOPO_2022_v1_15s_bed_elev
-49.0,29.0,-4890.91,ETOPO_2022_v1_15s_bed_elev
-48.9,29.0,-4843.34,ETOPO_2022_v1_15s_bed_elev
-48.8,29.0,-4820.71,ETOPO_2022_v1_15s_bed_elev
-48.7,29.0,-4437.52,ETOPO_2022_v1_15s_bed_elev
-48.6,29.0,-4627.15,ETOPO_2022_v1_15s_bed_elev
-48.5,29.0,-4993.34,ETOPO_2022_v1_15s_bed_elev
-48.4,29.0,-4797.52,ETOPO_2022_v1_15s_bed_elev
-48.3,29.0,-4920.94,ETOPO_2022_v1_15s_bed_elev
-48.2,29.0,-4658.4,ETOPO_2022_v1_15s_bed_elev
-48.1,29.0,-4587.4,ETOPO_2022_v1_15s_bed_elev
-48.0,29.0,-4522.21,ETOPO_2022_v1_15s_bed_elev
-47.9,29.0,-4562.42,ETOPO_2022_v1_15s_bed_elev
-47.8,29.0,-4452.6,ETOPO_2022_v1_15s_bed_elev
-47.7,29.0,-4568.08,ETOPO_2022_v1_15s_bed_elev
-47.6,29.0,-4402.31,ETOPO_2022_v1_15s_bed_elev
-47.5,29.0,-4283.47,ETOPO_2022_v1_15s_bed_elev
-47.4,29.0,-4491.36,ETOPO_2022_v1_15s_bed_elev
-47.3,29.0,-4747.6,ETOPO_2022_v1_15s_bed_elev
-47.2,29.0,-4475.12,ETOPO_2022_v1_15s_bed_elev
-47.1,29.0,-4301.7,ETOPO_2022_v1_15s_bed_elev
-47.0,29.0,-4206.46,ETOPO_2022_v1_15s_bed_elev
-46.9,29.0,-4092.6,ETOPO_2022_v1_15s_bed_elev
-46.8,29.0,-3841.09,ETOPO_2022_v1_15s_bed_elev
-46.7,29.0,-4036.78,ETOPO_2022_v1_15s_bed_elev
-46.6,29.0,-3903.53,ETOPO_2022_v1_15s_bed_elev
-46.5,29.0,-3809.81,ETOPO_2022_v1_15s_bed_elev
-46.4,29.0,-3819.61,ETOPO_2022_v1_15s_bed_elev
-46.3,29.0,-4002.92,ETOPO_2022_v1_15s_bed_elev
-46.2,29.0,-4182.25,ETOPO_2022_v1_15s_bed_elev
-46.1,29.0,-4077.23,ETOPO_2022_v1_15s_bed_elev
-46.0,29.0,-3632.24,ETOPO_2022_v1_15s_bed_elev
-45.9,29.0,-3506.89,ETOPO_2022_v1_15s_bed_elev
-45.8,29.0,-3896.35,ETOPO_2022_v1_15s_bed_elev
-45.7,29.0,-4015.1,ETOPO_2022_v1_15s_bed_elev
-45.6,29.0,-3807.49,ETOPO_2022_v1_15s_bed_elev
-45.5,29.0,-3858.49,ETOPO_2022_v1_15s_bed_elev
-45.4,29.0,-3908.03,ETOPO_2022_v1_15s_bed_elev
-45.3,29.0,-4106.05,ETOPO_2022_v1_15s_bed_elev
-45.2,29.0,-3966.72,ETOPO_2022_v1_15s_bed_elev
-45.1,29.0,-3958.6,ETOPO_2022_v1_15s_bed_elev
-45.0,29.0,-3874.99,ETOPO_2022_v1_15s_bed_elev
-44.9,29.0,-3765.03,ETOPO_2022_v1_15s_bed_elev
-44.8,29.0,-3555.74,ETOPO_2022_v1_15s_bed_elev
-44.7,29.0,-3482.57,ETOPO_2022_v1_15s_bed_elev
-44.6,29.0,-3182.87,ETOPO_2022_v1_15s_bed_elev
-44.5,29.0,-3224.23,ETOPO_2022_v1_15s_bed_elev
-44.4,29.0,-3166.93,ETOPO_2022_v1_15s_bed_elev
-44.3,29.0,-3058.81,ETOPO_2022_v1_15s_bed_elev
-44.2,29.0,-3148.59,ETOPO_2022_v1_15s_bed_elev
-44.1,29.0,-3382.67,ETOPO_2022_v1_15s_bed_elev
-44.0,29.0,-3361.27,ETOPO_2022_v1_15s_bed_elev
-43.9,29.0,-3274.23,ETOPO_2022_v1_15s_bed_elev
-43.8,29.0,-3316.83,ETOPO_2022_v1_15s_bed_elev
-43.7,29.0,-3180.1,ETOPO_2022_v1_15s_bed_elev
-43.6,29.0,-2819.85,ETOPO_2022_v1_15s_bed_elev
-43.5,29.0,-3095.07,ETOPO_2022_v1_15s_bed_elev
-43.4,29.0,-2625.71,ETOPO_2022_v1_15s_bed_elev
-43.3,29.0,-2903.64,ETOPO_2022_v1_15s_bed_elev
-43.2,29.0,-3177.97,ETOPO_2022_v1_15s_bed_elev
-43.1,29.0,-2902.09,ETOPO_2022_v1_15s_bed_elev
-43.0,29.0,-2632.22,ETOPO_2022_v1_15s_bed_elev
-42.9,29.0,-2619.98,ETOPO_2022_v1_15s_bed_elev
-42.8,29.0,-2524.96,ETOPO_2022_v1_15s_bed_elev
-42.7,29.0,-2680.2,ETOPO_2022_v1_15s_bed_elev
-42.6,29.0,-2803.82,ETOPO_2022_v1_15s_bed_elev
-42.5,29.0,-2899.69,ETOPO_2022_v1_15s_bed_elev
-42.4,29.0,-3029.88,ETOPO_2022_v1_15s_bed_elev
-42.3,29.0,-3183.89,ETOPO_2022_v1_15s_bed_elev
-42.2,29.0,-3023.79,ETOPO_2022_v1_15s_bed_elev
-42.1,29.0,-3145.58,ETOPO_2022_v1_15s_bed_elev
-42.0,29.0,-3322.11,ETOPO_2022_v1_15s_bed_elev
-41.9,29.0,-3352.55,ETOPO_2022_v1_15s_bed_elev
-41.8,29.0,-3360.03,ETOPO_2022_v1_15s_bed_elev
-41.7,29.0,-3361.6,ETOPO_2022_v1_15s_bed_elev
-41.6,29.0,-3196.68,ETOPO_2022_v1_15s_bed_elev
-41.5,29.0,-3125.01,ETOPO_2022_v1_15s_bed_elev
-41.4,29.0,-3202.9,ETOPO_2022_v1_15s_bed_elev
-41.3,29.0,-3336.15,ETOPO_2022_v1_15s_bed_elev
-41.2,29.0,-3760.92,ETOPO_2022_v1_15s_bed_elev
-41.1,29.0,-3979.29,ETOPO_2022_v1_15s_bed_elev
-41.0,29.0,-3956.92,ETOPO_2022_v1_15s_bed_elev
-40.9,29.0,-3799.39,ETOPO_2022_v1_15s_bed_elev
-40.8,29.0,-3881.95,ETOPO_2022_v1_15s_bed_elev
-40.7,29.0,-3898.27,ETOPO_2022_v1_15s_bed_elev
-40.6,29.0,-3653.76,ETOPO_2022_v1_15s_bed_elev
-40.5,29.0,-3522.68,ETOPO_2022_v1_15s_bed_elev
-40.4,29.0,-3533.53,ETOPO_2022_v1_15s_bed_elev
-40.3,29.0,-3677.36,ETOPO_2022_v1_15s_bed_elev
-40.2,29.0,-3921.31,ETOPO_2022_v1_15s_bed_elev
-40.1,29.0,-3778.34,ETOPO_2022_v1_15s_bed_elev
-40.0,29.0,-3537.95,ETOPO_2022_v1_15s_bed_elev
-39.9,29.0,-3522.04,ETOPO_2022_v1_15s_bed_elev
-39.8,29.0,-3722.6,ETOPO_2022_v1_15s_bed_elev
-39.7,29.0,-3990.96,ETOPO_2022_v1_15s_bed_elev
-39.6,29.0,-3968.4,ETOPO_2022_v1_15s_bed_elev
-39.5,29.0,-3911.98,ETOPO_2022_v1_15s_bed_elev
-39.4,29.0,-3992.12,ETOPO_2022_v1_15s_bed_elev
-39.3,29.0,-3925.72,ETOPO_2022_v1_15s_bed_elev
-39.2,29.0,-3609.85,ETOPO_2022_v1_15s_bed_elev
-39.1,29.0,-4054.29,ETOPO_2022_v1_15s_bed_elev
-39.0,29.0,-3782.72,ETOPO_2022_v1_15s_bed_elev
-38.9,29.0,-3813.79,ETOPO_2022_v1_15s_bed_elev
-38.8,29.0,-3825.65,ETOPO_2022_v1_15s_bed_elev
-38.7,29.0,-4046.01,ETOPO_2022_v1_15s_bed_elev
-38.6,29.0,-3989.08,ETOPO_2022_v1_15s_bed_elev
-38.5,29.0,-4146.37,ETOPO_2022_v1_15s_bed_elev
-38.4,29.0,-4161.9,ETOPO_2022_v1_15s_bed_elev
-38.3,29.0,-4074.51,ETOPO_2022_v1_15s_bed_elev
-38.2,29.0,-4219.47,ETOPO_2022_v1_15s_bed_elev
-38.1,29.0,-4276.34,ETOPO_2022_v1_15s_bed_elev
-38.0,29.0,-4465.66,ETOPO_2022_v1_15s_bed_elev
-37.9,29.0,-4289.39,ETOPO_2022_v1_15s_bed_elev
-37.8,29.0,-4616.76,ETOPO_2022_v1_15s_bed_elev
-37.7,29.0,-4442.84,ETOPO_2022_v1_15s_bed_elev
-37.6,29.0,-4542.15,ETOPO_2022_v1_15s_bed_elev
-37.5,29.0,-4903.79,ETOPO_2022_v1_15s_bed_elev
-37.4,29.0,-4926.12,ETOPO_2022_v1_15s_bed_elev
-37.3,29.0,-5006.69,ETOPO_2022_v1_15s_bed_elev
-37.2,29.0,-4603.59,ETOPO_2022_v1_15s_bed_elev
-37.1,29.0,-4685.48,ETOPO_2022_v1_15s_bed_elev
-37.0,29.0,-4511.15,ETOPO_2022_v1_15s_bed_elev
-36.9,29.0,-4426.46,ETOPO_2022_v1_15s_bed_elev
-36.8,29.0,-4595.54,ETOPO_2022_v1_15s_bed_elev
-36.7,29.0,-4401.06,ETOPO_2022_v1_15s_bed_elev
-36.6,29.0,-4295.78,ETOPO_2022_v1_15s_bed_elev
-36.5,29.0,-4709.69,ETOPO_2022_v1_15s_bed_elev
-36.4,29.0,-4800.33,ETOPO_2022_v1_15s_bed_elev
-36.3,29.0,-4697.75,ETOPO_2022_v1_15s_bed_elev
-36.2,29.0,-4608.48,ETOPO_2022_v1_15s_bed_elev
-36.1,29.0,-4599.08,ETOPO_2022_v1_15s_bed_elev
-36.0,29.0,-4751.06,ETOPO_2022_v1_15s_bed_elev
-35.9,29.0,-4703.8,ETOPO_2022_v1_15s_bed_elev
-35.8,29.0,-4624.56,ETOPO_2022_v1_15s_bed_elev
-35.7,29.0,-4611.25,ETOPO_2022_v1_15s_bed_elev
-35.6,29.0,-4532.93,ETOPO_2022_v1_15s_bed_elev
-35.5,29.0,-4666.4,ETOPO_2022_v1_15s_bed_elev
-35.4,29.0,-4539.98,ETOPO_2022_v1_15s_bed_elev
-35.3,29.0,-4693.56,ETOPO_2022_v1_15s_bed_elev
-35.2,29.0,-4456.83,ETOPO_2022_v1_15s_bed_elev
-35.1,29.0,-4858.7,ETOPO_2022_v1_15s_bed_elev
-35.0,29.0,-5017.0,ETOPO_2022_v1_15s_bed_elev
-51.0,29.1,-5334.3,ETOPO_2022_v1_15s_bed_elev
-50.9,29.1,-4818.02,ETOPO_2022_v1_15s_bed_elev
-50.8,29.1,-5018.02,ETOPO_2022_v1_15s_bed_elev
-50.7,29.1,-5310.03,ETOPO_2022_v1_15s_bed_elev
-50.6,29.1,-5176.89,ETOPO_2022_v1_15s_bed_elev
-50.5,29.1,-4865.2,ETOPO_2022_v1_15s_bed_elev
-50.4,29.1,-4795.95,ETOPO_2022_v1_15s_bed_elev
-50.3,29.1,-5413.61,ETOPO_2022_v1_15s_bed_elev
-50.2,29.1,-5122.98,ETOPO_2022_v1_15s_bed_elev
-50.1,29.1,-4964.8,ETOPO_2022_v1_15s_bed_elev
-50.0,29.1,-5067.7,ETOPO_2022_v1_15s_bed_elev
-49.9,29.1,-4829.77,ETOPO_2022_v1_15s_bed_elev
-49.8,29.1,-5067.36,ETOPO_2022_v1_15s_bed_elev
-49.7,29.1,-4713.55,ETOPO_2022_v1_15s_bed_elev
-49.6,29.1,-4807.03,ETOPO_2022_v1_15s_bed_elev
-49.5,29.1,-4869.27,ETOPO_2022_v1_15s_bed_elev
-49.4,29.1,-4865.37,ETOPO_2022_v1_15s_bed_elev
-49.3,29.1,-4914.26,ETOPO_2022_v1_15s_bed_elev
-49.2,29.1,-4800.18,ETOPO_2022_v1_15s_bed_elev
-49.1,29.1,-4686.28,ETOPO_2022_v1_15s_bed_elev
-49.0,29.1,-4703.19,ETOPO_2022_v1_15s_bed_elev
-48.9,29.1,-4798.41,ETOPO_2022_v1_15s_bed_elev
-48.8,29.1,-4861.28,ETOPO_2022_v1_15s_bed_elev
-48.7,29.1,-4733.44,ETOPO_2022_v1_15s_bed_elev
-48.6,29.1,-4797.79,ETOPO_2022_v1_15s_bed_elev
-48.5,29.1,-4874.92,ETOPO_2022_v1_15s_bed_elev
-48.4,29.1,-4908.39,ETOPO_2022_v1_15s_bed_elev
-48.3,29.1,-4904.66,ETOPO_2022_v1_15s_bed_elev
-48.2,29.1,-4484.62,ETOPO_2022_v1_15s_bed_elev
-48.1,29.1,-4399.36,ETOPO_2022_v1_15s_bed_elev
-48.0,29.1,-4608.91,ETOPO_2022_v1_15s_bed_elev
-47.9,29.1,-4588.17,ETOPO_2022_v1_15s_bed_elev
-47.8,29.1,-4576.71,ETOPO_2022_v1_15s_bed_elev
-47.7,29.1,-4440.0,ETOPO_2022_v1_15s_bed_elev
-47.6,29.1,-4345.43,ETOPO_2022_v1_15s_bed_elev
-47.5,29.1,-4289.33,ETOPO_2022_v1_15s_bed_elev
-47.4,29.1,-4466.88,ETOPO_2022_v1_15s_bed_elev
-47.3,29.1,-4690.25,ETOPO_2022_v1_15s_bed_elev
-47.2,29.1,-4377.93,ETOPO_2022_v1_15s_bed_elev
-47.1,29.1,-4009.81,ETOPO_2022_v1_15s_bed_elev
-47.0,29.1,-3745.77,ETOPO_2022_v1_15s_bed_elev
-46.9,29.1,-3932.51,ETOPO_2022_v1_15s_bed_elev
-46.8,29.1,-3725.66,ETOPO_2022_v1_15s_bed_elev
-46.7,29.1,-3866.49,ETOPO_2022_v1_15s_bed_elev
-46.6,29.1,-3865.87,ETOPO_2022_v1_15s_bed_elev
-46.5,29.1,-3642.94,ETOPO_2022_v1_15s_bed_elev
-46.4,29.1,-3560.44,ETOPO_2022_v1_15s_bed_elev
-46.3,29.1,-3636.31,ETOPO_2022_v1_15s_bed_elev
-46.2,29.1,-3871.2,ETOPO_2022_v1_15s_bed_elev
-46.1,29.1,-3978.93,ETOPO_2022_v1_15s_bed_elev
-46.0,29.1,-3898.4,ETOPO_2022_v1_15s_bed_elev
-45.9,29.1,-4101.02,ETOPO_2022_v1_15s_bed_elev
-45.8,29.1,-4288.13,ETOPO_2022_v1_15s_bed_elev
-45.7,29.1,-4236.32,ETOPO_2022_v1_15s_bed_elev
-45.6,29.1,-4035.61,ETOPO_2022_v1_15s_bed_elev
-45.5,29.1,-3756.16,ETOPO_2022_v1_15s_bed_elev
-45.4,29.1,-3591.09,ETOPO_2022_v1_15s_bed_elev
-45.3,29.1,-4132.9,ETOPO_2022_v1_15s_bed_elev
-45.2,29.1,-3705.94,ETOPO_2022_v1_15s_bed_elev
-45.1,29.1,-3702.19,ETOPO_2022_v1_15s_bed_elev
-45.0,29.1,-3441.97,ETOPO_2022_v1_15s_bed_elev
-44.9,29.1,-3537.55,ETOPO_2022_v1_15s_bed_elev
-44.8,29.1,-3400.1,ETOPO_2022_v1_15s_bed_elev
-44.7,29.1,-3450.29,ETOPO_2022_v1_15s_bed_elev
-44.6,29.1,-3539.74,ETOPO_2022_v1_15s_bed_elev
-44.5,29.1,-3367.09,ETOPO_2022_v1_15s_bed_elev
-44.4,29.1,-3232.24,ETOPO_2022_v1_15s_bed_elev
-44.3,29.1,-3562.57,ETOPO_2022_v1_15s_bed_elev
-44.2,29.1,-3743.21,ETOPO_2022_v1_15s_bed_elev
-44.1,29.1,-3584.32,ETOPO_2022_v1_15s_bed_elev
-44.0,29.1,-3183.87,ETOPO_2022_v1_15s_bed_elev
-43.9,29.1,-3215.93,ETOPO_2022_v1_15s_bed_elev
-43.8,29.1,-3001.07,ETOPO_2022_v1_15s_bed_elev
-43.7,29.1,-2574.52,ETOPO_2022_v1_15s_bed_elev
-43.6,29.1,-2496.3,ETOPO_2022_v1_15s_bed_elev
-43.5,29.1,-2582.55,ETOPO_2022_v1_15s_bed_elev
-43.4,29.1,-2344.26,ETOPO_2022_v1_15s_bed_elev
-43.3,29.1,-2596.58,ETOPO_2022_v1_15s_bed_elev
-43.2,29.1,-3035.02,ETOPO_2022_v1_15s_bed_elev
-43.1,29.1,-2707.34,ETOPO_2022_v1_15s_bed_elev
-43.0,29.1,-2184.75,ETOPO_2022_v1_15s_bed_elev
-42.9,29.1,-2343.72,ETOPO_2022_v1_15s_bed_elev
-42.8,29.1,-2244.68,ETOPO_2022_v1_15s_bed_elev
-42.7,29.1,-2224.99,ETOPO_2022_v1_15s_bed_elev
-42.6,29.1,-2585.67,ETOPO_2022_v1_15s_bed_elev
-42.5,29.1,-2484.29,ETOPO_2022_v1_15s_bed_elev
-42.4,29.1,-2701.64,ETOPO_2022_v1_15s_bed_elev
-42.3,29.1,-2841.35,ETOPO_2022_v1_15s_bed_elev
-42.2,29.1,-2962.78,ETOPO_2022_v1_15s_bed_elev
-42.1,29.1,-2836.33,ETOPO_2022_v1_15s_bed_elev
-42.0,29.1,-2944.33,ETOPO_2022_v1_15s_bed_elev
-41.9,29.1,-2994.64,ETOPO_2022_v1_15s_bed_elev
-41.8,29.1,-3207.35,ETOPO_2022_v1_15s_bed_elev
-41.7,29.1,-3161.74,ETOPO_2022_v1_15s_bed_elev
-41.6,29.1,-3095.87,ETOPO_2022_v1_15s_bed_elev
-41.5,29.1,-3366.86,ETOPO_2022_v1_15s_bed_elev
-41.4,29.1,-3575.22,ETOPO_2022_v1_15s_bed_elev
-41.3,29.1,-3917.98,ETOPO_2022_v1_15s_bed_elev
-41.2,29.1,-4051.4,ETOPO_2022_v1_15s_bed_elev
-41.1,29.1,-3695.75,ETOPO_2022_v1_15s_bed_elev
-41.0,29.1,-3796.47,ETOPO_2022_v1_15s_bed_elev
-40.9,29.1,-3537.2,ETOPO_2022_v1_15s_bed_elev
-40.8,29.1,-3562.3,ETOPO_2022_v1_15s_bed_elev
-40.7,29.1,-3878.65,ETOPO_2022_v1_15s_bed_elev
-40.6,29.1,-3972.04,ETOPO_2022_v1_15s_bed_elev
-40.5,29.1,-4047.34,ETOPO_2022_v1_15s_bed_elev
-40.4,29.1,-3895.37,ETOPO_2022_v1_15s_bed_elev
-40.3,29.1,-3892.83,ETOPO_2022_v1_15s_bed_elev
-40.2,29.1,-3898.7,ETOPO_2022_v1_15s_bed_elev
-40.1,29.1,-3825.52,ETOPO_2022_v1_15s_bed_elev
-40.0,29.1,-3875.46,ETOPO_2022_v1_15s_bed_elev
-39.9,29.1,-3678.07,ETOPO_2022_v1_15s_bed_elev
-39.8,29.1,-3861.58,ETOPO_2022_v1_15s_bed_elev
-39.7,29.1,-3843.8,ETOPO_2022_v1_15s_bed_elev
-39.6,29.1,-4080.64,ETOPO_2022_v1_15s_bed_elev
-39.5,29.1,-3527.81,ETOPO_2022_v1_15s_bed_elev
-39.4,29.1,-3574.9,ETOPO_2022_v1_15s_bed_elev
-39.3,29.1,-3491.03,ETOPO_2022_v1_15s_bed_elev
-39.2,29.1,-3452.03,ETOPO_2022_v1_15s_bed_elev
-39.1,29.1,-3792.57,ETOPO_2022_v1_15s_bed_elev
-39.0,29.1,-3668.96,ETOPO_2022_v1_15s_bed_elev
-38.9,29.1,-3718.65,ETOPO_2022_v1_15s_bed_elev
-38.8,29.1,-3723.6,ETOPO_2022_v1_15s_bed_elev
-38.7,29.1,-3855.02,ETOPO_2022_v1_15s_bed_elev
-38.6,29.1,-3658.11,ETOPO_2022_v1_15s_bed_elev
-38.5,29.1,-3999.46,ETOPO_2022_v1_15s_bed_elev
-38.4,29.1,-4434.86,ETOPO_2022_v1_15s_bed_elev
-38.3,29.1,-4498.63,ETOPO_2022_v1_15s_bed_elev
-38.2,29.1,-4424.93,ETOPO_2022_v1_15s_bed_elev
-38.1,29.1,-4559.89,ETOPO_2022_v1_15s_bed_elev
-38.0,29.1,-4521.22,ETOPO_2022_v1_15s_bed_elev
-37.9,29.1,-4131.8,ETOPO_2022_v1_15s_bed_elev
-37.8,29.1,-4081.2,ETOPO_2022_v1_15s_bed_elev
-37.7,29.1,-4170.57,ETOPO_2022_v1_15s_bed_elev
-37.6,29.1,-4168.85,ETOPO_2022_v1_15s_bed_elev
-37.5,29.1,-3782.22,ETOPO_2022_v1_15s_bed_elev
-37.4,29.1,-3814.21,ETOPO_2022_v1_15s_bed_elev
-37.3,29.1,-4154.55,ETOPO_2022_v1_15s_bed_elev
-37.2,29.1,-4192.5,ETOPO_2022_v1_15s_bed_elev
-37.1,29.1,-4381.9,ETOPO_2022_v1_15s_bed_elev
-37.0,29.1,-4400.48,ETOPO_2022_v1_15s_bed_elev
-36.9,29.1,-4401.93,ETOPO_2022_v1_15s_bed_elev
-36.8,29.1,-4440.75,ETOPO_2022_v1_15s_bed_elev
-36.7,29.1,-4671.6,ETOPO_2022_v1_15s_bed_elev
-36.6,29.1,-4636.45,ETOPO_2022_v1_15s_bed_elev
-36.5,29.1,-4585.64,ETOPO_2022_v1_15s_bed_elev
-36.4,29.1,-4621.66,ETOPO_2022_v1_15s_bed_elev
-36.3,29.1,-4665.82,ETOPO_2022_v1_15s_bed_elev
-36.2,29.1,-4597.82,ETOPO_2022_v1_15s_bed_elev
-36.1,29.1,-4714.42,ETOPO_2022_v1_15s_bed_elev
-36.0,29.1,-4665.0,ETOPO_2022_v1_15s_bed_elev
-35.9,29.1,-4719.68,ETOPO_2022_v1_15s_bed_elev
-35.8,29.1,-4520.23,ETOPO_2022_v1_15s_bed_elev
-35.7,29.1,-4516.03,ETOPO_2022_v1_15s_bed_elev
-35.6,29.1,-4416.29,ETOPO_2022_v1_15s_bed_elev
-35.5,29.1,-4629.92,ETOPO_2022_v1_15s_bed_elev
-35.4,29.1,-4245.97,ETOPO_2022_v1_15s_bed_elev
-35.3,29.1,-4461.09,ETOPO_2022_v1_15s_bed_elev
-35.2,29.1,-4401.19,ETOPO_2022_v1_15s_bed_elev
-35.1,29.1,-4669.38,ETOPO_2022_v1_15s_bed_elev
-35.0,29.1,-4749.85,ETOPO_2022_v1_15s_bed_elev
-51.0,29.2,-5381.35,ETOPO_2022_v1_15s_bed_elev
-50.9,29.2,-4950.76,ETOPO_2022_v1_15s_bed_elev
-50.8,29.2,-5180.88,ETOPO_2022_v1_15s_bed_elev
-50.7,29.2,-5362.98,ETOPO_2022_v1_15s_bed_elev
-50.6,29.2,-5197.58,ETOPO_2022_v1_15s_bed_elev
-50.5,29.2,-4996.25,ETOPO_2022_v1_15s_bed_elev
-50.4,29.2,-4865.43,ETOPO_2022_v1_15s_bed_elev
-50.3,29.2,-5327.87,ETOPO_2022_v1_15s_bed_elev
-50.2,29.2,-5319.8,ETOPO_2022_v1_15s_bed_elev
-50.1,29.2,-4961.1,ETOPO_2022_v1_15s_bed_elev
-50.0,29.2,-4955.5,ETOPO_2022_v1_15s_bed_elev
-49.9,29.2,-4894.95,ETOPO_2022_v1_15s_bed_elev
-49.8,29.2,-5081.79,ETOPO_2022_v1_15s_bed_elev
-49.7,29.2,-4862.56,ETOPO_2022_v1_15s_bed_elev
-49.6,29.2,-4786.77,ETOPO_2022_v1_15s_bed_elev
-49.5,29.2,-4927.55,ETOPO_2022_v1_15s_bed_elev
-49.4,29.2,-4856.29,ETOPO_2022_v1_15s_bed_elev
-49.3,29.2,-4702.44,ETOPO_2022_v1_15s_bed_elev
-49.2,29.2,-4630.86,ETOPO_2022_v1_15s_bed_elev
-49.1,29.2,-4580.89,ETOPO_2022_v1_15s_bed_elev
-49.0,29.2,-4785.85,ETOPO_2022_v1_15s_bed_elev
-48.9,29.2,-4645.47,ETOPO_2022_v1_15s_bed_elev
-48.8,29.2,-4658.11,ETOPO_2022_v1_15s_bed_elev
-48.7,29.2,-4626.74,ETOPO_2022_v1_15s_bed_elev
-48.6,29.2,-4823.72,ETOPO_2022_v1_15s_bed_elev
-48.5,29.2,-4618.09,ETOPO_2022_v1_15s_bed_elev
-48.4,29.2,-4904.94,ETOPO_2022_v1_15s_bed_elev
-48.3,29.2,-4844.82,ETOPO_2022_v1_15s_bed_elev
-48.2,29.2,-4618.14,ETOPO_2022_v1_15s_bed_elev
-48.1,29.2,-4403.91,ETOPO_2022_v1_15s_bed_elev
-48.0,29.2,-4467.63,ETOPO_2022_v1_15s_bed_elev
-47.9,29.2,-4577.99,ETOPO_2022_v1_15s_bed_elev
-47.8,29.2,-4805.92,ETOPO_2022_v1_15s_bed_elev
-47.7,29.2,-4369.63,ETOPO_2022_v1_15s_bed_elev
-47.6,29.2,-4216.82,ETOPO_2022_v1_15s_bed_elev
-47.5,29.2,-4384.06,ETOPO_2022_v1_15s_bed_elev
-47.4,29.2,-4313.9,ETOPO_2022_v1_15s_bed_elev
-47.3,29.2,-4496.1,ETOPO_2022_v1_15s_bed_elev
-47.2,29.2,-4209.54,ETOPO_2022_v1_15s_bed_elev
-47.1,29.2,-4097.71,ETOPO_2022_v1_15s_bed_elev
-47.0,29.2,-3818.15,ETOPO_2022_v1_15s_bed_elev
-46.9,29.2,-3875.19,ETOPO_2022_v1_15s_bed_elev
-46.8,29.2,-4099.03,ETOPO_2022_v1_15s_bed_elev
-46.7,29.2,-4121.82,ETOPO_2022_v1_15s_bed_elev
-46.6,29.2,-3937.4,ETOPO_2022_v1_15s_bed_elev
-46.5,29.2,-3887.58,ETOPO_2022_v1_15s_bed_elev
-46.4,29.2,-3748.93,ETOPO_2022_v1_15s_bed_elev
-46.3,29.2,-3844.0,ETOPO_2022_v1_15s_bed_elev
-46.2,29.2,-4004.18,ETOPO_2022_v1_15s_bed_elev
-46.1,29.2,-4157.96,ETOPO_2022_v1_15s_bed_elev
-46.0,29.2,-4032.36,ETOPO_2022_v1_15s_bed_elev
-45.9,29.2,-3703.93,ETOPO_2022_v1_15s_bed_elev
-45.8,29.2,-4146.0,ETOPO_2022_v1_15s_bed_elev
-45.7,29.2,-4359.0,ETOPO_2022_v1_15s_bed_elev
-45.6,29.2,-3563.26,ETOPO_2022_v1_15s_bed_elev
-45.5,29.2,-3582.17,ETOPO_2022_v1_15s_bed_elev
-45.4,29.2,-3449.66,ETOPO_2022_v1_15s_bed_elev
-45.3,29.2,-3813.31,ETOPO_2022_v1_15s_bed_elev
-45.2,29.2,-3617.51,ETOPO_2022_v1_15s_bed_elev
-45.1,29.2,-3245.57,ETOPO_2022_v1_15s_bed_elev
-45.0,29.2,-3419.86,ETOPO_2022_v1_15s_bed_elev
-44.9,29.2,-3775.24,ETOPO_2022_v1_15s_bed_elev
-44.8,29.2,-3600.56,ETOPO_2022_v1_15s_bed_elev
-44.7,29.2,-3706.54,ETOPO_2022_v1_15s_bed_elev
-44.6,29.2,-3673.27,ETOPO_2022_v1_15s_bed_elev
-44.5,29.2,-3746.1,ETOPO_2022_v1_15s_bed_elev
-44.4,29.2,-3315.37,ETOPO_2022_v1_15s_bed_elev
-44.3,29.2,-3523.94,ETOPO_2022_v1_15s_bed_elev
-44.2,29.2,-3362.05,ETOPO_2022_v1_15s_bed_elev
-44.1,29.2,-2773.79,ETOPO_2022_v1_15s_bed_elev
-44.0,29.2,-3072.65,ETOPO_2022_v1_15s_bed_elev
-43.9,29.2,-2972.46,ETOPO_2022_v1_15s_bed_elev
-43.8,29.2,-2459.35,ETOPO_2022_v1_15s_bed_elev
-43.7,29.2,-2388.51,ETOPO_2022_v1_15s_bed_elev
-43.6,29.2,-2421.94,ETOPO_2022_v1_15s_bed_elev
-43.5,29.2,-2501.67,ETOPO_2022_v1_15s_bed_elev
-43.4,29.2,-2401.22,ETOPO_2022_v1_15s_bed_elev
-43.3,29.2,-2430.93,ETOPO_2022_v1_15s_bed_elev
-43.2,29.2,-2903.34,ETOPO_2022_v1_15s_bed_elev
-43.1,29.2,-2675.58,ETOPO_2022_v1_15s_bed_elev
-43.0,29.2,-2077.63,ETOPO_2022_v1_15s_bed_elev
-42.9,29.2,-2314.18,ETOPO_2022_v1_15s_bed_elev
-42.8,29.2,-2427.39,ETOPO_2022_v1_15s_bed_elev
-42.7,29.2,-2332.8,ETOPO_2022_v1_15s_bed_elev
-42.6,29.2,-2794.1,ETOPO_2022_v1_15s_bed_elev
-42.5,29.2,-2629.8,ETOPO_2022_v1_15s_bed_elev
-42.4,29.2,-2709.57,ETOPO_2022_v1_15s_bed_elev
-42.3,29.2,-2605.41,ETOPO_2022_v1_15s_bed_elev
-42.2,29.2,-2796.84,ETOPO_2022_v1_15s_bed_elev
-42.1,29.2,-2711.78,ETOPO_2022_v1_15s_bed_elev
-42.0,29.2,-2904.67,ETOPO_2022_v1_15s_bed_elev
-41.9,29.2,-3349.03,ETOPO_2022_v1_15s_bed_elev
-41.8,29.2,-3670.46,ETOPO_2022_v1_15s_bed_elev
-41.7,29.2,-3563.2,ETOPO_2022_v1_15s_bed_elev
-41.6,29.2,-3645.91,ETOPO_2022_v1_15s_bed_elev
-41.5,29.2,-3944.5,ETOPO_2022_v1_15s_bed_elev
-41.4,29.2,-3920.18,ETOPO_2022_v1_15s_bed_elev
-41.3,29.2,-3858.04,ETOPO_2022_v1_15s_bed_elev
-41.2,29.2,-3744.5,ETOPO_2022_v1_15s_bed_elev
-41.1,29.2,-3165.01,ETOPO_2022_v1_15s_bed_elev
-41.0,29.2,-3432.59,ETOPO_2022_v1_15s_bed_elev
-40.9,29.2,-3130.08,ETOPO_2022_v1_15s_bed_elev
-40.8,29.2,-3203.36,ETOPO_2022_v1_15s_bed_elev
-40.7,29.2,-3448.63,ETOPO_2022_v1_15s_bed_elev
-40.6,29.2,-3615.86,ETOPO_2022_v1_15s_bed_elev
-40.5,29.2,-3761.83,ETOPO_2022_v1_15s_bed_elev
-40.4,29.2,-3937.16,ETOPO_2022_v1_15s_bed_elev
-40.3,29.2,-3750.6,ETOPO_2022_v1_15s_bed_elev
-40.2,29.2,-3571.22,ETOPO_2022_v1_15s_bed_elev
-40.1,29.2,-3712.13,ETOPO_2022_v1_15s_bed_elev
-40.0,29.2,-3834.71,ETOPO_2022_v1_15s_bed_elev
-39.9,29.2,-3848.93,ETOPO_2022_v1_15s_bed_elev
-39.8,29.2,-3625.59,ETOPO_2022_v1_15s_bed_elev
-39.7,29.2,-3502.41,ETOPO_2022_v1_15s_bed_elev
-39.6,29.2,-3771.88,ETOPO_2022_v1_15s_bed_elev
-39.5,29.2,-3784.54,ETOPO_2022_v1_15s_bed_elev
-39.4,29.2,-3738.16,ETOPO_2022_v1_15s_bed_elev
-39.3,29.2,-3749.94,ETOPO_2022_v1_15s_bed_elev
-39.2,29.2,-3438.79,ETOPO_2022_v1_15s_bed_elev
-39.1,29.2,-3707.65,ETOPO_2022_v1_15s_bed_elev
-39.0,29.2,-3400.44,ETOPO_2022_v1_15s_bed_elev
-38.9,29.2,-3847.93,ETOPO_2022_v1_15s_bed_elev
-38.8,29.2,-3971.96,ETOPO_2022_v1_15s_bed_elev
-38.7,29.2,-4076.51,ETOPO_2022_v1_15s_bed_elev
-38.6,29.2,-4118.31,ETOPO_2022_v1_15s_bed_elev
-38.5,29.2,-4287.96,ETOPO_2022_v1_15s_bed_elev
-38.4,29.2,-4325.35,ETOPO_2022_v1_15s_bed_elev
-38.3,29.2,-4289.03,ETOPO_2022_v1_15s_bed_elev
-38.2,29.2,-4311.13,ETOPO_2022_v1_15s_bed_elev
-38.1,29.2,-4212.42,ETOPO_2022_v1_15s_bed_elev
-38.0,29.2,-4281.98,ETOPO_2022_v1_15s_bed_elev
-37.9,29.2,-4288.06,ETOPO_2022_v1_15s_bed_elev
-37.8,29.2,-4288.51,ETOPO_2022_v1_15s_bed_elev
-37.7,29.2,-4284.08,ETOPO_2022_v1_15s_bed_elev
-37.6,29.2,-4409.45,ETOPO_2022_v1_15s_bed_elev
-37.5,29.2,-4087.4,ETOPO_2022_v1_15s_bed_elev
-37.4,29.2,-4165.22,ETOPO_2022_v1_15s_bed_elev
-37.3,29.2,-4410.93,ETOPO_2022_v1_15s_bed_elev
-37.2,29.2,-4620.19,ETOPO_2022_v1_15s_bed_elev
-37.1,29.2,-4499.13,ETOPO_2022_v1_15s_bed_elev
-37.0,29.2,-4547.39,ETOPO_2022_v1_15s_bed_elev
-36.9,29.2,-4717.05,ETOPO_2022_v1_15s_bed_elev
-36.8,29.2,-4582.77,ETOPO_2022_v1_15s_bed_elev
-36.7,29.2,-4608.58,ETOPO_2022_v1_15s_bed_elev
-36.6,29.2,-4694.02,ETOPO_2022_v1_15s_bed_elev
-36.5,29.2,-4727.08,ETOPO_2022_v1_15s_bed_elev
-36.4,29.2,-4745.7,ETOPO_2022_v1_15s_bed_elev
-36.3,29.2,-4706.49,ETOPO_2022_v1_15s_bed_elev
-36.2,29.2,-4713.88,ETOPO_2022_v1_15s_bed_elev
-36.1,29.2,-4614.85,ETOPO_2022_v1_15s_bed_elev
-36.0,29.2,-4576.71,ETOPO_2022_v1_15s_bed_elev
-35.9,29.2,-4531.83,ETOPO_2022_v1_15s_bed_elev
-35.8,29.2,-4375.24,ETOPO_2022_v1_15s_bed_elev
-35.7,29.2,-4357.26,ETOPO_2022_v1_15s_bed_elev
-35.6,29.2,-4474.56,ETOPO_2022_v1_15s_bed_elev
-35.5,29.2,-4423.7,ETOPO_2022_v1_15s_bed_elev
-35.4,29.2,-4391.04,ETOPO_2022_v1_15s_bed_elev
-35.3,29.2,-4494.5,ETOPO_2022_v1_15s_bed_elev
-35.2,29.2,-4472.89,ETOPO_2022_v1_15s_bed_elev
-35.1,29.2,-4639.62,ETOPO_2022_v1_15s_bed_elev
-35.0,29.2,-4834.82,ETOPO_2022_v1_15s_bed_elev
-51.0,29.3,-5450.16,ETOPO_2022_v1_15s_bed_elev
-50.9,29.3,-5297.2,ETOPO_2022_v1_15s_bed_elev
-50.8,29.3,-5152.42,ETOPO_2022_v1_15s_bed_elev
-50.7,29.3,-5336.67,ETOPO_2022_v1_15s_bed_elev
-50.6,29.3,-5069.51,ETOPO_2022_v1_15s_bed_elev
-50.5,29.3,-4942.5,ETOPO_2022_v1_15s_bed_elev
-50.4,29.3,-4967.7,ETOPO_2022_v1_15s_bed_elev
-50.3,29.3,-5268.42,ETOPO_2022_v1_15s_bed_elev
-50.2,29.3,-5326.77,ETOPO_2022_v1_15s_bed_elev
-50.1,29.3,-4840.94,ETOPO_2022_v1_15s_bed_elev
-50.0,29.3,-4947.43,ETOPO_2022_v1_15s_bed_elev
-49.9,29.3,-4802.67,ETOPO_2022_v1_15s_bed_elev
-49.8,29.3,-4993.76,ETOPO_2022_v1_15s_bed_elev
-49.7,29.3,-4949.32,ETOPO_2022_v1_15s_bed_elev
-49.6,29.3,-4861.91,ETOPO_2022_v1_15s_bed_elev
-49.5,29.3,-4732.23,ETOPO_2022_v1_15s_bed_elev
-49.4,29.3,-4830.72,ETOPO_2022_v1_15s_bed_elev
-49.3,29.3,-4556.25,ETOPO_2022_v1_15s_bed_elev
-49.2,29.3,-4543.47,ETOPO_2022_v1_15s_bed_elev
-49.1,29.3,-4562.74,ETOPO_2022_v1_15s_bed_elev
-49.0,29.3,-4607.36,ETOPO_2022_v1_15s_bed_elev
-48.9,29.3,-4642.81,ETOPO_2022_v1_15s_bed_elev
-48.8,29.3,-4629.04,ETOPO_2022_v1_15s_bed_elev
-48.7,29.3,-4266.5,ETOPO_2022_v1_15s_bed_elev
-48.6,29.3,-4870.08,ETOPO_2022_v1_15s_bed_elev
-48.5,29.3,-4552.59,ETOPO_2022_v1_15s_bed_elev
-48.4,29.3,-4665.35,ETOPO_2022_v1_15s_bed_elev
-48.3,29.3,-4745.36,ETOPO_2022_v1_15s_bed_elev
-48.2,29.3,-4635.24,ETOPO_2022_v1_15s_bed_elev
-48.1,29.3,-4340.39,ETOPO_2022_v1_15s_bed_elev
-48.0,29.3,-4417.2,ETOPO_2022_v1_15s_bed_elev
-47.9,29.3,-4316.78,ETOPO_2022_v1_15s_bed_elev
-47.8,29.3,-4682.59,ETOPO_2022_v1_15s_bed_elev
-47.7,29.3,-4505.7,ETOPO_2022_v1_15s_bed_elev
-47.6,29.3,-4198.2,ETOPO_2022_v1_15s_bed_elev
-47.5,29.3,-4255.29,ETOPO_2022_v1_15s_bed_elev
-47.4,29.3,-4133.59,ETOPO_2022_v1_15s_bed_elev
-47.3,29.3,-4131.03,ETOPO_2022_v1_15s_bed_elev
-47.2,29.3,-4047.05,ETOPO_2022_v1_15s_bed_elev
-47.1,29.3,-4248.25,ETOPO_2022_v1_15s_bed_elev
-47.0,29.3,-3881.92,ETOPO_2022_v1_15s_bed_elev
-46.9,29.3,-3837.86,ETOPO_2022_v1_15s_bed_elev
-46.8,29.3,-4187.12,ETOPO_2022_v1_15s_bed_elev
-46.7,29.3,-4315.13,ETOPO_2022_v1_15s_bed_elev
-46.6,29.3,-3943.73,ETOPO_2022_v1_15s_bed_elev
-46.5,29.3,-4042.86,ETOPO_2022_v1_15s_bed_elev
-46.4,29.3,-3909.62,ETOPO_2022_v1_15s_bed_elev
-46.3,29.3,-4159.41,ETOPO_2022_v1_15s_bed_elev
-46.2,29.3,-4130.06,ETOPO_2022_v1_15s_bed_elev
-46.1,29.3,-4149.77,ETOPO_2022_v1_15s_bed_elev
-46.0,29.3,-3914.67,ETOPO_2022_v1_15s_bed_elev
-45.9,29.3,-3391.79,ETOPO_2022_v1_15s_bed_elev
-45.8,29.3,-3639.48,ETOPO_2022_v1_15s_bed_elev
-45.7,29.3,-4011.53,ETOPO_2022_v1_15s_bed_elev
-45.6,29.3,-3529.13,ETOPO_2022_v1_15s_bed_elev
-45.5,29.3,-3456.22,ETOPO_2022_v1_15s_bed_elev
-45.4,29.3,-3534.84,ETOPO_2022_v1_15s_bed_elev
-45.3,29.3,-3639.67,ETOPO_2022_v1_15s_bed_elev
-45.2,29.3,-3725.08,ETOPO_2022_v1_15s_bed_elev
-45.1,29.3,-3558.04,ETOPO_2022_v1_15s_bed_elev
-45.0,29.3,-3474.24,ETOPO_2022_v1_15s_bed_elev
-44.9,29.3,-3736.63,ETOPO_2022_v1_15s_bed_elev
-44.8,29.3,-3731.59,ETOPO_2022_v1_15s_bed_elev
-44.7,29.3,-3588.66,ETOPO_2022_v1_15s_bed_elev
-44.6,29.3,-3217.73,ETOPO_2022_v1_15s_bed_elev
-44.5,29.3,-3740.35,ETOPO_2022_v1_15s_bed_elev
-44.4,29.3,-3732.58,ETOPO_2022_v1_15s_bed_elev
-44.3,29.3,-3478.22,ETOPO_2022_v1_15s_bed_elev
-44.2,29.3,-3106.52,ETOPO_2022_v1_15s_bed_elev
-44.1,29.3,-2900.86,ETOPO_2022_v1_15s_bed_elev
-44.0,29.3,-3166.01,ETOPO_2022_v1_15s_bed_elev
-43.9,29.3,-3064.66,ETOPO_2022_v1_15s_bed_elev
-43.8,29.3,-2670.96,ETOPO_2022_v1_15s_bed_elev
-43.7,29.3,-2476.79,ETOPO_2022_v1_15s_bed_elev
-43.6,29.3,-2641.3,ETOPO_2022_v1_15s_bed_elev
-43.5,29.3,-2725.52,ETOPO_2022_v1_15s_bed_elev
-43.4,29.3,-2852.02,ETOPO_2022_v1_15s_bed_elev
-43.3,29.3,-2773.71,ETOPO_2022_v1_15s_bed_elev
-43.2,29.3,-2915.23,ETOPO_2022_v1_15s_bed_elev
-43.1,29.3,-3330.07,ETOPO_2022_v1_15s_bed_elev
-43.0,29.3,-2594.75,ETOPO_2022_v1_15s_bed_elev
-42.9,29.3,-3240.29,ETOPO_2022_v1_15s_bed_elev
-42.8,29.3,-3114.13,ETOPO_2022_v1_15s_bed_elev
-42.7,29.3,-3032.11,ETOPO_2022_v1_15s_bed_elev
-42.6,29.3,-2974.69,ETOPO_2022_v1_15s_bed_elev
-42.5,29.3,-2991.81,ETOPO_2022_v1_15s_bed_elev
-42.4,29.3,-3217.6,ETOPO_2022_v1_15s_bed_elev
-42.3,29.3,-3262.07,ETOPO_2022_v1_15s_bed_elev
-42.2,29.3,-3527.4,ETOPO_2022_v1_15s_bed_elev
-42.1,29.3,-3301.36,ETOPO_2022_v1_15s_bed_elev
-42.0,29.3,-3498.35,ETOPO_2022_v1_15s_bed_elev
-41.9,29.3,-3597.65,ETOPO_2022_v1_15s_bed_elev
-41.8,29.3,-3611.57,ETOPO_2022_v1_15s_bed_elev
-41.7,29.3,-3530.79,ETOPO_2022_v1_15s_bed_elev
-41.6,29.3,-3272.29,ETOPO_2022_v1_15s_bed_elev
-41.5,29.3,-3610.39,ETOPO_2022_v1_15s_bed_elev
-41.4,29.3,-3695.47,ETOPO_2022_v1_15s_bed_elev
-41.3,29.3,-3084.72,ETOPO_2022_v1_15s_bed_elev
-41.2,29.3,-3073.29,ETOPO_2022_v1_15s_bed_elev
-41.1,29.3,-3237.99,ETOPO_2022_v1_15s_bed_elev
-41.0,29.3,-2998.5,ETOPO_2022_v1_15s_bed_elev
-40.9,29.3,-3049.82,ETOPO_2022_v1_15s_bed_elev
-40.8,29.3,-3119.79,ETOPO_2022_v1_15s_bed_elev
-40.7,29.3,-3302.7,ETOPO_2022_v1_15s_bed_elev
-40.6,29.3,-3388.55,ETOPO_2022_v1_15s_bed_elev
-40.5,29.3,-3336.85,ETOPO_2022_v1_15s_bed_elev
-40.4,29.3,-3589.67,ETOPO_2022_v1_15s_bed_elev
-40.3,29.3,-3587.31,ETOPO_2022_v1_15s_bed_elev
-40.2,29.3,-3395.37,ETOPO_2022_v1_15s_bed_elev
-40.1,29.3,-3478.63,ETOPO_2022_v1_15s_bed_elev
-40.0,29.3,-3430.79,ETOPO_2022_v1_15s_bed_elev
-39.9,29.3,-3733.87,ETOPO_2022_v1_15s_bed_elev
-39.8,29.3,-3490.39,ETOPO_2022_v1_15s_bed_elev
-39.7,29.3,-3388.53,ETOPO_2022_v1_15s_bed_elev
-39.6,29.3,-3268.09,ETOPO_2022_v1_15s_bed_elev
-39.5,29.3,-3989.12,ETOPO_2022_v1_15s_bed_elev
-39.4,29.3,-3496.3,ETOPO_2022_v1_15s_bed_elev
-39.3,29.3,-3343.48,ETOPO_2022_v1_15s_bed_elev
-39.2,29.3,-3858.16,ETOPO_2022_v1_15s_bed_elev
-39.1,29.3,-4135.36,ETOPO_2022_v1_15s_bed_elev
-39.0,29.3,-4071.09,ETOPO_2022_v1_15s_bed_elev
-38.9,29.3,-4100.1,ETOPO_2022_v1_15s_bed_elev
-38.8,29.3,-4255.56,ETOPO_2022_v1_15s_bed_elev
-38.7,29.3,-4192.22,ETOPO_2022_v1_15s_bed_elev
-38.6,29.3,-4226.4,ETOPO_2022_v1_15s_bed_elev
-38.5,29.3,-4140.66,ETOPO_2022_v1_15s_bed_elev
-38.4,29.3,-4071.58,ETOPO_2022_v1_15s_bed_elev
-38.3,29.3,-4331.56,ETOPO_2022_v1_15s_bed_elev
-38.2,29.3,-4512.51,ETOPO_2022_v1_15s_bed_elev
-38.1,29.3,-4437.79,ETOPO_2022_v1_15s_bed_elev
-38.0,29.3,-4462.49,ETOPO_2022_v1_15s_bed_elev
-37.9,29.3,-4480.45,ETOPO_2022_v1_15s_bed_elev
-37.8,29.3,-4381.69,ETOPO_2022_v1_15s_bed_elev
-37.7,29.3,-4213.73,ETOPO_2022_v1_15s_bed_elev
-37.6,29.3,-4266.31,ETOPO_2022_v1_15s_bed_elev
-37.5,29.3,-4312.12,ETOPO_2022_v1_15s_bed_elev
-37.4,29.3,-4290.7,ETOPO_2022_v1_15s_bed_elev
-37.3,29.3,-4258.47,ETOPO_2022_v1_15s_bed_elev
-37.2,29.3,-4179.3,ETOPO_2022_v1_15s_bed_elev
-37.1,29.3,-4038.39,ETOPO_2022_v1_15s_bed_elev
-37.0,29.3,-4276.05,ETOPO_2022_v1_15s_bed_elev
-36.9,29.3,-4662.95,ETOPO_2022_v1_15s_bed_elev
-36.8,29.3,-4412.51,ETOPO_2022_v1_15s_bed_elev
-36.7,29.3,-4110.09,ETOPO_2022_v1_15s_bed_elev
-36.6,29.3,-4034.51,ETOPO_2022_v1_15s_bed_elev
-36.5,29.3,-4443.46,ETOPO_2022_v1_15s_bed_elev
-36.4,29.3,-4754.26,ETOPO_2022_v1_15s_bed_elev
-36.3,29.3,-4636.76,ETOPO_2022_v1_15s_bed_elev
-36.2,29.3,-4473.65,ETOPO_2022_v1_15s_bed_elev
-36.1,29.3,-4523.38,ETOPO_2022_v1_15s_bed_elev
-36.0,29.3,-4549.57,ETOPO_2022_v1_15s_bed_elev
-35.9,29.3,-4496.2,ETOPO_2022_v1_15s_bed_elev
-35.8,29.3,-4433.17,ETOPO_2022_v1_15s_bed_elev
-35.7,29.3,-4315.77,ETOPO_2022_v1_15s_bed_elev
-35.6,29.3,-4611.69,ETOPO_2022_v1_15s_bed_elev
-35.5,29.3,-4710.35,ETOPO_2022_v1_15s_bed_elev
-35.4,29.3,-4645.25,ETOPO_2022_v1_15s_bed_elev
-35.3,29.3,-4241.6,ETOPO_2022_v1_15s_bed_elev
-35.2,29.3,-4398.94,ETOPO_2022_v1_15s_bed_elev
-35.1,29.3,-4479.55,ETOPO_2022_v1_15s_bed_elev
-35.0,29.3,-4828.31,ETOPO_2022_v1_15s_bed_elev
-51.0,29.4,-5074.41,ETOPO_2022_v1_15s_bed_elev
-50.9,29.4,-5156.59,ETOPO_2022_v1_15s_bed_elev
-50.8,29.4,-5278.13,ETOPO_2022_v1_15s_bed_elev
-50.7,29.4,-5413.29,ETOPO_2022_v1_15s_bed_elev
-50.6,29.4,-5232.25,ETOPO_2022_v1_15s_bed_elev
-50.5,29.4,-5209.45,ETOPO_2022_v1_15s_bed_elev
-50.4,29.4,-5040.49,ETOPO_2022_v1_15s_bed_elev
-50.3,29.4,-5383.36,ETOPO_2022_v1_15s_bed_elev
-50.2,29.4,-5168.7,ETOPO_2022_v1_15s_bed_elev
-50.1,29.4,-5074.57,ETOPO_2022_v1_15s_bed_elev
-50.0,29.4,-4977.4,ETOPO_2022_v1_15s_bed_elev
-49.9,29.4,-4740.67,ETOPO_2022_v1_15s_bed_elev
-49.8,29.4,-4908.08,ETOPO_2022_v1_15s_bed_elev
-49.7,29.4,-4965.84,ETOPO_2022_v1_15s_bed_elev
-49.6,29.4,-4980.48,ETOPO_2022_v1_15s_bed_elev
-49.5,29.4,-4828.21,ETOPO_2022_v1_15s_bed_elev
-49.4,29.4,-4991.95,ETOPO_2022_v1_15s_bed_elev
-49.3,29.4,-4701.13,ETOPO_2022_v1_15s_bed_elev
-49.2,29.4,-4726.98,ETOPO_2022_v1_15s_bed_elev
-49.1,29.4,-4930.1,ETOPO_2022_v1_15s_bed_elev
-49.0,29.4,-4701.94,ETOPO_2022_v1_15s_bed_elev
-48.9,29.4,-4594.76,ETOPO_2022_v1_15s_bed_elev
-48.8,29.4,-4680.16,ETOPO_2022_v1_15s_bed_elev
-48.7,29.4,-4676.55,ETOPO_2022_v1_15s_bed_elev
-48.6,29.4,-4716.51,ETOPO_2022_v1_15s_bed_elev
-48.5,29.4,-4872.49,ETOPO_2022_v1_15s_bed_elev
-48.4,29.4,-4669.41,ETOPO_2022_v1_15s_bed_elev
-48.3,29.4,-4601.75,ETOPO_2022_v1_15s_bed_elev
-48.2,29.4,-4384.0,ETOPO_2022_v1_15s_bed_elev
-48.1,29.4,-4065.47,ETOPO_2022_v1_15s_bed_elev
-48.0,29.4,-4278.55,ETOPO_2022_v1_15s_bed_elev
-47.9,29.4,-4017.21,ETOPO_2022_v1_15s_bed_elev
-47.8,29.4,-4446.38,ETOPO_2022_v1_15s_bed_elev
-47.7,29.4,-4592.5,ETOPO_2022_v1_15s_bed_elev
-47.6,29.4,-4431.74,ETOPO_2022_v1_15s_bed_elev
-47.5,29.4,-4302.59,ETOPO_2022_v1_15s_bed_elev
-47.4,29.4,-4267.65,ETOPO_2022_v1_15s_bed_elev
-47.3,29.4,-4348.77,ETOPO_2022_v1_15s_bed_elev
-47.2,29.4,-4169.5,ETOPO_2022_v1_15s_bed_elev
-47.1,29.4,-4351.63,ETOPO_2022_v1_15s_bed_elev
-47.0,29.4,-4278.43,ETOPO_2022_v1_15s_bed_elev
-46.9,29.4,-3999.35,ETOPO_2022_v1_15s_bed_elev
-46.8,29.4,-4110.08,ETOPO_2022_v1_15s_bed_elev
-46.7,29.4,-4248.26,ETOPO_2022_v1_15s_bed_elev
-46.6,29.4,-3964.61,ETOPO_2022_v1_15s_bed_elev
-46.5,29.4,-3921.96,ETOPO_2022_v1_15s_bed_elev
-46.4,29.4,-4011.19,ETOPO_2022_v1_15s_bed_elev
-46.3,29.4,-4250.52,ETOPO_2022_v1_15s_bed_elev
-46.2,29.4,-4159.9,ETOPO_2022_v1_15s_bed_elev
-46.1,29.4,-4008.3,ETOPO_2022_v1_15s_bed_elev
-46.0,29.4,-3821.4,ETOPO_2022_v1_15s_bed_elev
-45.9,29.4,-3632.39,ETOPO_2022_v1_15s_bed_elev
-45.8,29.4,-3850.44,ETOPO_2022_v1_15s_bed_elev
-45.7,29.4,-3914.3,ETOPO_2022_v1_15s_bed_elev
-45.6,29.4,-3715.3,ETOPO_2022_v1_15s_bed_elev
-45.5,29.4,-3619.31,ETOPO_2022_v1_15s_bed_elev
-45.4,29.4,-3623.9,ETOPO_2022_v1_15s_bed_elev
-45.3,29.4,-3690.57,ETOPO_2022_v1_15s_bed_elev
-45.2,29.4,-3747.24,ETOPO_2022_v1_15s_bed_elev
-45.1,29.4,-3617.56,ETOPO_2022_v1_15s_bed_elev
-45.0,29.4,-3466.1,ETOPO_2022_v1_15s_bed_elev
-44.9,29.4,-3533.37,ETOPO_2022_v1_15s_bed_elev
-44.8,29.4,-3413.08,ETOPO_2022_v1_15s_bed_elev
-44.7,29.4,-3273.05,ETOPO_2022_v1_15s_bed_elev
-44.6,29.4,-3221.87,ETOPO_2022_v1_15s_bed_elev
-44.5,29.4,-3276.18,ETOPO_2022_v1_15s_bed_elev
-44.4,29.4,-3529.67,ETOPO_2022_v1_15s_bed_elev
-44.3,29.4,-3582.13,ETOPO_2022_v1_15s_bed_elev
-44.2,29.4,-3109.38,ETOPO_2022_v1_15s_bed_elev
-44.1,29.4,-3008.26,ETOPO_2022_v1_15s_bed_elev
-44.0,29.4,-3089.46,ETOPO_2022_v1_15s_bed_elev
-43.9,29.4,-2978.61,ETOPO_2022_v1_15s_bed_elev
-43.8,29.4,-2962.11,ETOPO_2022_v1_15s_bed_elev
-43.7,29.4,-2722.74,ETOPO_2022_v1_15s_bed_elev
-43.6,29.4,-3036.06,ETOPO_2022_v1_15s_bed_elev
-43.5,29.4,-2806.98,ETOPO_2022_v1_15s_bed_elev
-43.4,29.4,-3041.99,ETOPO_2022_v1_15s_bed_elev
-43.3,29.4,-2857.63,ETOPO_2022_v1_15s_bed_elev
-43.2,29.4,-2980.58,ETOPO_2022_v1_15s_bed_elev
-43.1,29.4,-3261.39,ETOPO_2022_v1_15s_bed_elev
-43.0,29.4,-2969.84,ETOPO_2022_v1_15s_bed_elev
-42.9,29.4,-3734.31,ETOPO_2022_v1_15s_bed_elev
-42.8,29.4,-2811.34,ETOPO_2022_v1_15s_bed_elev
-42.7,29.4,-2839.26,ETOPO_2022_v1_15s_bed_elev
-42.6,29.4,-2787.21,ETOPO_2022_v1_15s_bed_elev
-42.5,29.4,-2814.6,ETOPO_2022_v1_15s_bed_elev
-42.4,29.4,-3123.2,ETOPO_2022_v1_15s_bed_elev
-42.3,29.4,-3304.03,ETOPO_2022_v1_15s_bed_elev
-42.2,29.4,-3526.19,ETOPO_2022_v1_15s_bed_elev
-42.1,29.4,-3618.69,ETOPO_2022_v1_15s_bed_elev
-42.0,29.4,-3374.31,ETOPO_2022_v1_15s_bed_elev
-41.9,29.4,-3502.79,ETOPO_2022_v1_15s_bed_elev
-41.8,29.4,-3444.22,ETOPO_2022_v1_15s_bed_elev
-41.7,29.4,-3067.21,ETOPO_2022_v1_15s_bed_elev
-41.6,29.4,-2960.06,ETOPO_2022_v1_15s_bed_elev
-41.5,29.4,-3511.67,ETOPO_2022_v1_15s_bed_elev
-41.4,29.4,-3520.29,ETOPO_2022_v1_15s_bed_elev
-41.3,29.4,-2756.04,ETOPO_2022_v1_15s_bed_elev
-41.2,29.4,-2872.78,ETOPO_2022_v1_15s_bed_elev
-41.1,29.4,-3046.98,ETOPO_2022_v1_15s_bed_elev
-41.0,29.4,-3144.46,ETOPO_2022_v1_15s_bed_elev
-40.9,29.4,-3241.28,ETOPO_2022_v1_15s_bed_elev
-40.8,29.4,-3311.98,ETOPO_2022_v1_15s_bed_elev
-40.7,29.4,-3385.67,ETOPO_2022_v1_15s_bed_elev
-40.6,29.4,-3313.73,ETOPO_2022_v1_15s_bed_elev
-40.5,29.4,-3175.2,ETOPO_2022_v1_15s_bed_elev
-40.4,29.4,-3242.72,ETOPO_2022_v1_15s_bed_elev
-40.3,29.4,-3357.26,ETOPO_2022_v1_15s_bed_elev
-40.2,29.4,-3324.36,ETOPO_2022_v1_15s_bed_elev
-40.1,29.4,-3331.79,ETOPO_2022_v1_15s_bed_elev
-40.0,29.4,-3443.48,ETOPO_2022_v1_15s_bed_elev
-39.9,29.4,-3134.63,ETOPO_2022_v1_15s_bed_elev
-39.8,29.4,-3387.85,ETOPO_2022_v1_15s_bed_elev
-39.7,29.4,-3243.96,ETOPO_2022_v1_15s_bed_elev
-39.6,29.4,-3300.74,ETOPO_2022_v1_15s_bed_elev
-39.5,29.4,-3655.54,ETOPO_2022_v1_15s_bed_elev
-39.4,29.4,-3696.56,ETOPO_2022_v1_15s_bed_elev
-39.3,29.4,-3794.05,ETOPO_2022_v1_15s_bed_elev
-39.2,29.4,-4302.75,ETOPO_2022_v1_15s_bed_elev
-39.1,29.4,-4291.57,ETOPO_2022_v1_15s_bed_elev
-39.0,29.4,-3986.02,ETOPO_2022_v1_15s_bed_elev
-38.9,29.4,-4079.8,ETOPO_2022_v1_15s_bed_elev
-38.8,29.4,-4256.14,ETOPO_2022_v1_15s_bed_elev
-38.7,29.4,-4221.74,ETOPO_2022_v1_15s_bed_elev
-38.6,29.4,-4239.77,ETOPO_2022_v1_15s_bed_elev
-38.5,29.4,-4253.83,ETOPO_2022_v1_15s_bed_elev
-38.4,29.4,-4275.85,ETOPO_2022_v1_15s_bed_elev
-38.3,29.4,-4262.92,ETOPO_2022_v1_15s_bed_elev
-38.2,29.4,-4263.93,ETOPO_2022_v1_15s_bed_elev
-38.1,29.4,-4143.81,ETOPO_2022_v1_15s_bed_elev
-38.0,29.4,-4196.67,ETOPO_2022_v1_15s_bed_elev
-37.9,29.4,-4044.85,ETOPO_2022_v1_15s_bed_elev
-37.8,29.4,-3875.34,ETOPO_2022_v1_15s_bed_elev
-37.7,29.4,-3676.8,ETOPO_2022_v1_15s_bed_elev
-37.6,29.4,-3713.35,ETOPO_2022_v1_15s_bed_elev
-37.5,29.4,-3745.2,ETOPO_2022_v1_15s_bed_elev
-37.4,29.4,-3839.19,ETOPO_2022_v1_15s_bed_elev
-37.3,29.4,-3864.31,ETOPO_2022_v1_15s_bed_elev
-37.2,29.4,-3938.36,ETOPO_2022_v1_15s_bed_elev
-37.1,29.4,-3777.76,ETOPO_2022_v1_15s_bed_elev
-37.0,29.4,-3939.3,ETOPO_2022_v1_15s_bed_elev
-36.9,29.4,-4439.71,ETOPO_2022_v1_15s_bed_elev
-36.8,29.4,-4394.43,ETOPO_2022_v1_15s_bed_elev
-36.7,29.4,-4417.26,ETOPO_2022_v1_15s_bed_elev
-36.6,29.4,-4250.4,ETOPO_2022_v1_15s_bed_elev
-36.5,29.4,-3979.5,ETOPO_2022_v1_15s_bed_elev
-36.4,29.4,-4517.99,ETOPO_2022_v1_15s_bed_elev
-36.3,29.4,-4724.97,ETOPO_2022_v1_15s_bed_elev
-36.2,29.4,-4483.59,ETOPO_2022_v1_15s_bed_elev
-36.1,29.4,-4332.65,ETOPO_2022_v1_15s_bed_elev
-36.0,29.4,-4432.47,ETOPO_2022_v1_15s_bed_elev
-35.9,29.4,-4804.37,ETOPO_2022_v1_15s_bed_elev
-35.8,29.4,-4671.37,ETOPO_2022_v1_15s_bed_elev
-35.7,29.4,-4578.44,ETOPO_2022_v1_15s_bed_elev
-35.6,29.4,-4878.55,ETOPO_2022_v1_15s_bed_elev
-35.5,29.4,-4683.32,ETOPO_2022_v1_15s_bed_elev
-35.4,29.4,-4635.76,ETOPO_2022_v1_15s_bed_elev
-35.3,29.4,-4904.72,ETOPO_2022_v1_15s_bed_elev
-35.2,29.4,-4887.07,ETOPO_2022_v1_15s_bed_elev
-35.1,29.4,-4436.42,ETOPO_2022_v1_15s_bed_elev
-35.0,29.4,-4838.1,ETOPO_2022_v1_15s_bed_elev
-51.0,29.5,-4725.29,ETOPO_2022_v1_15s_bed_elev
-50.9,29.5,-4550.1,ETOPO_2022_v1_15s_bed_elev
-50.8,29.5,-4803.11,ETOPO_2022_v1_15s_bed_elev
-50.7,29.5,-5176.11,ETOPO_2022_v1_15s_bed_elev
-50.6,29.5,-4875.35,ETOPO_2022_v1_15s_bed_elev
-50.5,29.5,-5463.2,ETOPO_2022_v1_15s_bed_elev
-50.4,29.5,-5012.9,ETOPO_2022_v1_15s_bed_elev
-50.3,29.5,-5177.89,ETOPO_2022_v1_15s_bed_elev
-50.2,29.5,-5295.0,ETOPO_2022_v1_15s_bed_elev
-50.1,29.5,-5116.44,ETOPO_2022_v1_15s_bed_elev
-50.0,29.5,-4967.74,ETOPO_2022_v1_15s_bed_elev
-49.9,29.5,-4715.46,ETOPO_2022_v1_15s_bed_elev
-49.8,29.5,-4746.02,ETOPO_2022_v1_15s_bed_elev
-49.7,29.5,-4947.04,ETOPO_2022_v1_15s_bed_elev
-49.6,29.5,-5055.74,ETOPO_2022_v1_15s_bed_elev
-49.5,29.5,-4940.36,ETOPO_2022_v1_15s_bed_elev
-49.4,29.5,-4886.91,ETOPO_2022_v1_15s_bed_elev
-49.3,29.5,-5017.93,ETOPO_2022_v1_15s_bed_elev
-49.2,29.5,-4984.23,ETOPO_2022_v1_15s_bed_elev
-49.1,29.5,-5202.25,ETOPO_2022_v1_15s_bed_elev
-49.0,29.5,-4918.98,ETOPO_2022_v1_15s_bed_elev
-48.9,29.5,-4737.92,ETOPO_2022_v1_15s_bed_elev
-48.8,29.5,-4731.19,ETOPO_2022_v1_15s_bed_elev
-48.7,29.5,-4481.25,ETOPO_2022_v1_15s_bed_elev
-48.6,29.5,-4433.82,ETOPO_2022_v1_15s_bed_elev
-48.5,29.5,-4394.55,ETOPO_2022_v1_15s_bed_elev
-48.4,29.5,-4304.73,ETOPO_2022_v1_15s_bed_elev
-48.3,29.5,-4428.03,ETOPO_2022_v1_15s_bed_elev
-48.2,29.5,-4508.73,ETOPO_2022_v1_15s_bed_elev
-48.1,29.5,-4529.46,ETOPO_2022_v1_15s_bed_elev
-48.0,29.5,-4542.92,ETOPO_2022_v1_15s_bed_elev
-47.9,29.5,-4262.68,ETOPO_2022_v1_15s_bed_elev
-47.8,29.5,-4197.38,ETOPO_2022_v1_15s_bed_elev
-47.7,29.5,-4560.11,ETOPO_2022_v1_15s_bed_elev
-47.6,29.5,-4429.97,ETOPO_2022_v1_15s_bed_elev
-47.5,29.5,-4595.79,ETOPO_2022_v1_15s_bed_elev
-47.4,29.5,-4047.52,ETOPO_2022_v1_15s_bed_elev
-47.3,29.5,-4514.34,ETOPO_2022_v1_15s_bed_elev
-47.2,29.5,-4303.24,ETOPO_2022_v1_15s_bed_elev
-47.1,29.5,-4691.38,ETOPO_2022_v1_15s_bed_elev
-47.0,29.5,-4349.4,ETOPO_2022_v1_15s_bed_elev
-46.9,29.5,-4433.68,ETOPO_2022_v1_15s_bed_elev
-46.8,29.5,-4268.64,ETOPO_2022_v1_15s_bed_elev
-46.7,29.5,-4387.41,ETOPO_2022_v1_15s_bed_elev
-46.6,29.5,-3768.86,ETOPO_2022_v1_15s_bed_elev
-46.5,29.5,-3876.57,ETOPO_2022_v1_15s_bed_elev
-46.4,29.5,-3854.96,ETOPO_2022_v1_15s_bed_elev
-46.3,29.5,-3874.98,ETOPO_2022_v1_15s_bed_elev
-46.2,29.5,-4102.11,ETOPO_2022_v1_15s_bed_elev
-46.1,29.5,-4035.37,ETOPO_2022_v1_15s_bed_elev
-46.0,29.5,-3925.1,ETOPO_2022_v1_15s_bed_elev
-45.9,29.5,-4034.78,ETOPO_2022_v1_15s_bed_elev
-45.8,29.5,-4116.8,ETOPO_2022_v1_15s_bed_elev
-45.7,29.5,-4089.9,ETOPO_2022_v1_15s_bed_elev
-45.6,29.5,-3919.13,ETOPO_2022_v1_15s_bed_elev
-45.5,29.5,-3723.1,ETOPO_2022_v1_15s_bed_elev
-45.4,29.5,-3640.92,ETOPO_2022_v1_15s_bed_elev
-45.3,29.5,-3729.6,ETOPO_2022_v1_15s_bed_elev
-45.2,29.5,-3680.33,ETOPO_2022_v1_15s_bed_elev
-45.1,29.5,-3722.8,ETOPO_2022_v1_15s_bed_elev
-45.0,29.5,-3568.3,ETOPO_2022_v1_15s_bed_elev
-44.9,29.5,-3557.54,ETOPO_2022_v1_15s_bed_elev
-44.8,29.5,-3365.82,ETOPO_2022_v1_15s_bed_elev
-44.7,29.5,-3215.5,ETOPO_2022_v1_15s_bed_elev
-44.6,29.5,-3447.64,ETOPO_2022_v1_15s_bed_elev
-44.5,29.5,-3448.12,ETOPO_2022_v1_15s_bed_elev
-44.4,29.5,-3467.34,ETOPO_2022_v1_15s_bed_elev
-44.3,29.5,-3587.62,ETOPO_2022_v1_15s_bed_elev
-44.2,29.5,-3498.24,ETOPO_2022_v1_15s_bed_elev
-44.1,29.5,-3346.97,ETOPO_2022_v1_15s_bed_elev
-44.0,29.5,-3325.52,ETOPO_2022_v1_15s_bed_elev
-43.9,29.5,-3300.9,ETOPO_2022_v1_15s_bed_elev
-43.8,29.5,-3453.37,ETOPO_2022_v1_15s_bed_elev
-43.7,29.5,-3333.06,ETOPO_2022_v1_15s_bed_elev
-43.6,29.5,-3387.46,ETOPO_2022_v1_15s_bed_elev
-43.5,29.5,-3281.8,ETOPO_2022_v1_15s_bed_elev
-43.4,29.5,-2987.7,ETOPO_2022_v1_15s_bed_elev
-43.3,29.5,-2678.36,ETOPO_2022_v1_15s_bed_elev
-43.2,29.5,-2444.91,ETOPO_2022_v1_15s_bed_elev
-43.1,29.5,-2512.35,ETOPO_2022_v1_15s_bed_elev
-43.0,29.5,-2441.87,ETOPO_2022_v1_15s_bed_elev
-42.9,29.5,-3448.21,ETOPO_2022_v1_15s_bed_elev
-42.8,29.5,-2753.48,ETOPO_2022_v1_15s_bed_elev
-42.7,29.5,-2084.61,ETOPO_2022_v1_15s_bed_elev
-42.6,29.5,-2511.55,ETOPO_2022_v1_15s_bed_elev
-42.5,29.5,-2374.56,ETOPO_2022_v1_15s_bed_elev
-42.4,29.5,-2575.88,ETOPO_2022_v1_15s_bed_elev
-42.3,29.5,-2932.33,ETOPO_2022_v1_15s_bed_elev
-42.2,29.5,-3147.47,ETOPO_2022_v1_15s_bed_elev
-42.1,29.5,-3472.97,ETOPO_2022_v1_15s_bed_elev
-42.0,29.5,-3100.93,ETOPO_2022_v1_15s_bed_elev
-41.9,29.5,-3245.59,ETOPO_2022_v1_15s_bed_elev
-41.8,29.5,-3021.76,ETOPO_2022_v1_15s_bed_elev
-41.7,29.5,-3238.11,ETOPO_2022_v1_15s_bed_elev
-41.6,29.5,-3258.56,ETOPO_2022_v1_15s_bed_elev
-41.5,29.5,-3422.21,ETOPO_2022_v1_15s_bed_elev
-41.4,29.5,-3511.56,ETOPO_2022_v1_15s_bed_elev
-41.3,29.5,-3158.54,ETOPO_2022_v1_15s_bed_elev
-41.2,29.5,-3053.39,ETOPO_2022_v1_15s_bed_elev
-41.1,29.5,-3163.35,ETOPO_2022_v1_15s_bed_elev
-41.0,29.5,-3287.79,ETOPO_2022_v1_15s_bed_elev
-40.9,29.5,-3242.15,ETOPO_2022_v1_15s_bed_elev
-40.8,29.5,-3251.99,ETOPO_2022_v1_15s_bed_elev
-40.7,29.5,-3273.15,ETOPO_2022_v1_15s_bed_elev
-40.6,29.5,-3304.39,ETOPO_2022_v1_15s_bed_elev
-40.5,29.5,-3272.17,ETOPO_2022_v1_15s_bed_elev
-40.4,29.5,-3170.38,ETOPO_2022_v1_15s_bed_elev
-40.3,29.5,-3068.0,ETOPO_2022_v1_15s_bed_elev
-40.2,29.5,-3388.3,ETOPO_2022_v1_15s_bed_elev
-40.1,29.5,-3617.1,ETOPO_2022_v1_15s_bed_elev
-40.0,29.5,-3546.4,ETOPO_2022_v1_15s_bed_elev
-39.9,29.5,-3487.57,ETOPO_2022_v1_15s_bed_elev
-39.8,29.5,-3506.65,ETOPO_2022_v1_15s_bed_elev
-39.7,29.5,-3692.59,ETOPO_2022_v1_15s_bed_elev
-39.6,29.5,-4017.28,ETOPO_2022_v1_15s_bed_elev
-39.5,29.5,-4201.74,ETOPO_2022_v1_15s_bed_elev
-39.4,29.5,-4078.22,ETOPO_2022_v1_15s_bed_elev
-39.3,29.5,-3841.11,ETOPO_2022_v1_15s_bed_elev
-39.2,29.5,-4068.62,ETOPO_2022_v1_15s_bed_elev
-39.1,29.5,-4145.27,ETOPO_2022_v1_15s_bed_elev
-39.0,29.5,-4197.8,ETOPO_2022_v1_15s_bed_elev
-38.9,29.5,-4339.52,ETOPO_2022_v1_15s_bed_elev
-38.8,29.5,-4190.01,ETOPO_2022_v1_15s_bed_elev
-38.7,29.5,-4134.91,ETOPO_2022_v1_15s_bed_elev
-38.6,29.5,-4074.34,ETOPO_2022_v1_15s_bed_elev
-38.5,29.5,-4092.34,ETOPO_2022_v1_15s_bed_elev
-38.4,29.5,-3859.12,ETOPO_2022_v1_15s_bed_elev
-38.3,29.5,-3724.79,ETOPO_2022_v1_15s_bed_elev
-38.2,29.5,-3723.68,ETOPO_2022_v1_15s_bed_elev
-38.1,29.5,-3659.34,ETOPO_2022_v1_15s_bed_elev
-38.0,29.5,-3627.56,ETOPO_2022_v1_15s_bed_elev
-37.9,29.5,-3568.31,ETOPO_2022_v1_15s_bed_elev
-37.8,29.5,-3425.81,ETOPO_2022_v1_15s_bed_elev
-37.7,29.5,-3407.61,ETOPO_2022_v1_15s_bed_elev
-37.6,29.5,-3576.18,ETOPO_2022_v1_15s_bed_elev
-37.5,29.5,-3900.5,ETOPO_2022_v1_15s_bed_elev
-37.4,29.5,-3980.35,ETOPO_2022_v1_15s_bed_elev
-37.3,29.5,-4004.79,ETOPO_2022_v1_15s_bed_elev
-37.2,29.5,-4266.83,ETOPO_2022_v1_15s_bed_elev
-37.1,29.5,-4327.1,ETOPO_2022_v1_15s_bed_elev
-37.0,29.5,-4260.08,ETOPO_2022_v1_15s_bed_elev
-36.9,29.5,-4243.47,ETOPO_2022_v1_15s_bed_elev
-36.8,29.5,-4249.76,ETOPO_2022_v1_15s_bed_elev
-36.7,29.5,-4600.32,ETOPO_2022_v1_15s_bed_elev
-36.6,29.5,-4506.08,ETOPO_2022_v1_15s_bed_elev
-36.5,29.5,-4266.38,ETOPO_2022_v1_15s_bed_elev
-36.4,29.5,-4203.02,ETOPO_2022_v1_15s_bed_elev
-36.3,29.5,-4236.85,ETOPO_2022_v1_15s_bed_elev
-36.2,29.5,-4584.63,ETOPO_2022_v1_15s_bed_elev
-36.1,29.5,-4213.96,ETOPO_2022_v1_15s_bed_elev
-36.0,29.5,-4354.57,ETOPO_2022_v1_15s_bed_elev
-35.9,29.5,-4665.22,ETOPO_2022_v1_15s_bed_elev
-35.8,29.5,-4747.86,ETOPO_2022_v1_15s_bed_elev
-35.7,29.5,-4835.6,ETOPO_2022_v1_15s_bed_elev
-35.6,29.5,-4700.84,ETOPO_2022_v1_15s_bed_elev
-35.5,29.5,-4598.7,ETOPO_2022_v1_15s_bed_elev
-35.4,29.5,-4514.86,ETOPO_2022_v1_15s_bed_elev
-35.3,29.5,-4768.15,ETOPO_2022_v1_15s_bed_elev
-35.2,29.5,-4841.76,ETOPO_2022_v1_15s_bed_elev
-35.1,29.5,-4280.16,ETOPO_2022_v1_15s_bed_elev
-35.0,29.5,-4785.71,ETOPO_2022_v1_15s_bed_elev
-51.0,29.6,-5073.42,ETOPO_2022_v1_15s_bed_elev
-50.9,29.6,-4623.58,ETOPO_2022_v1_15s_bed_elev
-50.8,29.6,-4780.87,ETOPO_2022_v1_15s_bed_elev
-50.7,29.6,-5155.29,ETOPO_2022_v1_15s_bed_elev
-50.6,29.6,-4830.5,ETOPO_2022_v1_15s_bed_elev
-50.5,29.6,-5316.35,ETOPO_2022_v1_15s_bed_elev
-50.4,29.6,-5112.96,ETOPO_2022_v1_15s_bed_elev
-50.3,29.6,-5163.36,ETOPO_2022_v1_15s_bed_elev
-50.2,29.6,-5271.11,ETOPO_2022_v1_15s_bed_elev
-50.1,29.6,-5124.89,ETOPO_2022_v1_15s_bed_elev
-50.0,29.6,-5088.49,ETOPO_2022_v1_15s_bed_elev
-49.9,29.6,-4911.74,ETOPO_2022_v1_15s_bed_elev
-49.8,29.6,-4818.83,ETOPO_2022_v1_15s_bed_elev
-49.7,29.6,-4939.29,ETOPO_2022_v1_15s_bed_elev
-49.6,29.6,-4994.34,ETOPO_2022_v1_15s_bed_elev
-49.5,29.6,-4959.48,ETOPO_2022_v1_15s_bed_elev
-49.4,29.6,-4821.69,ETOPO_2022_v1_15s_bed_elev
-49.3,29.6,-5045.23,ETOPO_2022_v1_15s_bed_elev
-49.2,29.6,-4983.63,ETOPO_2022_v1_15s_bed_elev
-49.1,29.6,-4886.19,ETOPO_2022_v1_15s_bed_elev
-49.0,29.6,-4884.4,ETOPO_2022_v1_15s_bed_elev
-48.9,29.6,-4795.27,ETOPO_2022_v1_15s_bed_elev
-48.8,29.6,-4770.9,ETOPO_2022_v1_15s_bed_elev
-48.7,29.6,-4512.29,ETOPO_2022_v1_15s_bed_elev
-48.6,29.6,-4441.9,ETOPO_2022_v1_15s_bed_elev
-48.5,29.6,-4634.3,ETOPO_2022_v1_15s_bed_elev
-48.4,29.6,-4720.81,ETOPO_2022_v1_15s_bed_elev
-48.3,29.6,-4910.17,ETOPO_2022_v1_15s_bed_elev
-48.2,29.6,-4808.25,ETOPO_2022_v1_15s_bed_elev
-48.1,29.6,-4736.96,ETOPO_2022_v1_15s_bed_elev
-48.0,29.6,-4515.98,ETOPO_2022_v1_15s_bed_elev
-47.9,29.6,-4204.44,ETOPO_2022_v1_15s_bed_elev
-47.8,29.6,-4261.53,ETOPO_2022_v1_15s_bed_elev
-47.7,29.6,-4690.35,ETOPO_2022_v1_15s_bed_elev
-47.6,29.6,-4553.28,ETOPO_2022_v1_15s_bed_elev
-47.5,29.6,-4525.27,ETOPO_2022_v1_15s_bed_elev
-47.4,29.6,-4485.66,ETOPO_2022_v1_15s_bed_elev
-47.3,29.6,-4566.54,ETOPO_2022_v1_15s_bed_elev
-47.2,29.6,-4626.87,ETOPO_2022_v1_15s_bed_elev
-47.1,29.6,-4438.73,ETOPO_2022_v1_15s_bed_elev
-47.0,29.6,-4293.26,ETOPO_2022_v1_15s_bed_elev
-46.9,29.6,-4007.9,ETOPO_2022_v1_15s_bed_elev
-46.8,29.6,-4355.17,ETOPO_2022_v1_15s_bed_elev
-46.7,29.6,-4215.5,ETOPO_2022_v1_15s_bed_elev
-46.6,29.6,-4150.35,ETOPO_2022_v1_15s_bed_elev
-46.5,29.6,-4182.7,ETOPO_2022_v1_15s_bed_elev
-46.4,29.6,-4020.36,ETOPO_2022_v1_15s_bed_elev
-46.3,29.6,-3867.85,ETOPO_2022_v1_15s_bed_elev
-46.2,29.6,-4121.63,ETOPO_2022_v1_15s_bed_elev
-46.1,29.6,-4079.84,ETOPO_2022_v1_15s_bed_elev
-46.0,29.6,-3799.43,ETOPO_2022_v1_15s_bed_elev
-45.9,29.6,-4154.15,ETOPO_2022_v1_15s_bed_elev
-45.8,29.6,-4247.49,ETOPO_2022_v1_15s_bed_elev
-45.7,29.6,-3901.46,ETOPO_2022_v1_15s_bed_elev
-45.6,29.6,-3830.28,ETOPO_2022_v1_15s_bed_elev
-45.5,29.6,-3703.07,ETOPO_2022_v1_15s_bed_elev
-45.4,29.6,-3612.71,ETOPO_2022_v1_15s_bed_elev
-45.3,29.6,-3907.99,ETOPO_2022_v1_15s_bed_elev
-45.2,29.6,-3885.43,ETOPO_2022_v1_15s_bed_elev
-45.1,29.6,-3893.09,ETOPO_2022_v1_15s_bed_elev
-45.0,29.6,-3847.42,ETOPO_2022_v1_15s_bed_elev
-44.9,29.6,-3825.97,ETOPO_2022_v1_15s_bed_elev
-44.8,29.6,-3706.78,ETOPO_2022_v1_15s_bed_elev
-44.7,29.6,-3628.04,ETOPO_2022_v1_15s_bed_elev
-44.6,29.6,-3791.93,ETOPO_2022_v1_15s_bed_elev
-44.5,29.6,-3913.21,ETOPO_2022_v1_15s_bed_elev
-44.4,29.6,-3925.86,ETOPO_2022_v1_15s_bed_elev
-44.3,29.6,-3889.33,ETOPO_2022_v1_15s_bed_elev
-44.2,29.6,-3845.07,ETOPO_2022_v1_15s_bed_elev
-44.1,29.6,-3767.56,ETOPO_2022_v1_15s_bed_elev
-44.0,29.6,-3672.63,ETOPO_2022_v1_15s_bed_elev
-43.9,29.6,-3750.97,ETOPO_2022_v1_15s_bed_elev
-43.8,29.6,-3794.2,ETOPO_2022_v1_15s_bed_elev
-43.7,29.6,-3256.27,ETOPO_2022_v1_15s_bed_elev
-43.6,29.6,-3338.66,ETOPO_2022_v1_15s_bed_elev
-43.5,29.6,-3227.55,ETOPO_2022_v1_15s_bed_elev
-43.4,29.6,-2708.26,ETOPO_2022_v1_15s_bed_elev
-43.3,29.6,-2972.72,ETOPO_2022_v1_15s_bed_elev
-43.2,29.6,-2427.95,ETOPO_2022_v1_15s_bed_elev
-43.1,29.6,-2552.99,ETOPO_2022_v1_15s_bed_elev
-43.0,29.6,-2194.61,ETOPO_2022_v1_15s_bed_elev
-42.9,29.6,-2814.43,ETOPO_2022_v1_15s_bed_elev
-42.8,29.6,-3049.49,ETOPO_2022_v1_15s_bed_elev
-42.7,29.6,-2340.81,ETOPO_2022_v1_15s_bed_elev
-42.6,29.6,-2376.09,ETOPO_2022_v1_15s_bed_elev
-42.5,29.6,-2325.59,ETOPO_2022_v1_15s_bed_elev
-42.4,29.6,-2548.88,ETOPO_2022_v1_15s_bed_elev
-42.3,29.6,-2449.39,ETOPO_2022_v1_15s_bed_elev
-42.2,29.6,-2707.93,ETOPO_2022_v1_15s_bed_elev
-42.1,29.6,-3050.42,ETOPO_2022_v1_15s_bed_elev
-42.0,29.6,-2848.7,ETOPO_2022_v1_15s_bed_elev
-41.9,29.6,-3019.69,ETOPO_2022_v1_15s_bed_elev
-41.8,29.6,-2788.96,ETOPO_2022_v1_15s_bed_elev
-41.7,29.6,-2889.76,ETOPO_2022_v1_15s_bed_elev
-41.6,29.6,-3189.65,ETOPO_2022_v1_15s_bed_elev
-41.5,29.6,-3247.11,ETOPO_2022_v1_15s_bed_elev
-41.4,29.6,-3192.91,ETOPO_2022_v1_15s_bed_elev
-41.3,29.6,-3294.23,ETOPO_2022_v1_15s_bed_elev
-41.2,29.6,-3070.78,ETOPO_2022_v1_15s_bed_elev
-41.1,29.6,-3076.36,ETOPO_2022_v1_15s_bed_elev
-41.0,29.6,-3119.08,ETOPO_2022_v1_15s_bed_elev
-40.9,29.6,-3096.17,ETOPO_2022_v1_15s_bed_elev
-40.8,29.6,-3318.12,ETOPO_2022_v1_15s_bed_elev
-40.7,29.6,-3208.59,ETOPO_2022_v1_15s_bed_elev
-40.6,29.6,-3556.96,ETOPO_2022_v1_15s_bed_elev
-40.5,29.6,-3455.32,ETOPO_2022_v1_15s_bed_elev
-40.4,29.6,-3285.7,ETOPO_2022_v1_15s_bed_elev
-40.3,29.6,-3372.5,ETOPO_2022_v1_15s_bed_elev
-40.2,29.6,-3516.38,ETOPO_2022_v1_15s_bed_elev
-40.1,29.6,-3807.04,ETOPO_2022_v1_15s_bed_elev
-40.0,29.6,-3782.08,ETOPO_2022_v1_15s_bed_elev
-39.9,29.6,-3843.14,ETOPO_2022_v1_15s_bed_elev
-39.8,29.6,-3898.54,ETOPO_2022_v1_15s_bed_elev
-39.7,29.6,-4014.19,ETOPO_2022_v1_15s_bed_elev
-39.6,29.6,-4203.55,ETOPO_2022_v1_15s_bed_elev
-39.5,29.6,-4298.2,ETOPO_2022_v1_15s_bed_elev
-39.4,29.6,-4264.89,ETOPO_2022_v1_15s_bed_elev
-39.3,29.6,-4141.37,ETOPO_2022_v1_15s_bed_elev
-39.2,29.6,-4000.96,ETOPO_2022_v1_15s_bed_elev
-39.1,29.6,-4046.01,ETOPO_2022_v1_15s_bed_elev
-39.0,29.6,-3994.77,ETOPO_2022_v1_15s_bed_elev
-38.9,29.6,-4092.98,ETOPO_2022_v1_15s_bed_elev
-38.8,29.6,-3823.68,ETOPO_2022_v1_15s_bed_elev
-38.7,29.6,-3711.63,ETOPO_2022_v1_15s_bed_elev
-38.6,29.6,-3616.38,ETOPO_2022_v1_15s_bed_elev
-38.5,29.6,-3594.86,ETOPO_2022_v1_15s_bed_elev
-38.4,29.6,-3501.34,ETOPO_2022_v1_15s_bed_elev
-38.3,29.6,-3393.2,ETOPO_2022_v1_15s_bed_elev
-38.2,29.6,-3435.31,ETOPO_2022_v1_15s_bed_elev
-38.1,29.6,-3577.84,ETOPO_2022_v1_15s_bed_elev
-38.0,29.6,-3695.92,ETOPO_2022_v1_15s_bed_elev
-37.9,29.6,-3747.21,ETOPO_2022_v1_15s_bed_elev
-37.8,29.6,-4143.81,ETOPO_2022_v1_15s_bed_elev
-37.7,29.6,-4166.82,ETOPO_2022_v1_15s_bed_elev
-37.6,29.6,-4313.65,ETOPO_2022_v1_15s_bed_elev
-37.5,29.6,-4489.6,ETOPO_2022_v1_15s_bed_elev
-37.4,29.6,-4382.23,ETOPO_2022_v1_15s_bed_elev
-37.3,29.6,-4417.5,ETOPO_2022_v1_15s_bed_elev
-37.2,29.6,-4354.22,ETOPO_2022_v1_15s_bed_elev
-37.1,29.6,-4262.96,ETOPO_2022_v1_15s_bed_elev
-37.0,29.6,-4281.94,ETOPO_2022_v1_15s_bed_elev
-36.9,29.6,-4380.09,ETOPO_2022_v1_15s_bed_elev
-36.8,29.6,-4137.21,ETOPO_2022_v1_15s_bed_elev
-36.7,29.6,-4267.22,ETOPO_2022_v1_15s_bed_elev
-36.6,29.6,-4484.33,ETOPO_2022_v1_15s_bed_elev
-36.5,29.6,-4276.75,ETOPO_2022_v1_15s_bed_elev
-36.4,29.6,-4399.76,ETOPO_2022_v1_15s_bed_elev
-36.3,29.6,-4449.79,ETOPO_2022_v1_15s_bed_elev
-36.2,29.6,-4706.07,ETOPO_2022_v1_15s_bed_elev
-36.1,29.6,-4589.74,ETOPO_2022_v1_15s_bed_elev
-36.0,29.6,-4589.4,ETOPO_2022_v1_15s_bed_elev
-35.9,29.6,-4615.46,ETOPO_2022_v1_15s_bed_elev
-35.8,29.6,-4591.78,ETOPO_2022_v1_15s_bed_elev
-35.7,29.6,-4531.1,ETOPO_2022_v1_15s_bed_elev
-35.6,29.6,-4515.31,ETOPO_2022_v1_15s_bed_elev
-35.5,29.6,-4615.15,ETOPO_2022_v1_15s_bed_elev
-35.4,29.6,-4698.15,ETOPO_2022_v1_15s_bed_elev
-35.3,29.6,-4825.26,ETOPO_2022_v1_15s_bed_elev
-35.2,29.6,-4928.6,ETOPO_2022_v1_15s_bed_elev
-35.1,29.6,-4892.65,ETOPO_2022_v1_15s_bed_elev
-35.0,29.6,-4758.39,ETOPO_2022_v1_15s_bed_elev
-51.0,29.7,-5391.01,ETOPO_2022_v1_15s_bed_elev
-50.9,29.7,-5209.8,ETOPO_2022_v1_15s_bed_elev
-50.8,29.7,-5166.22,ETOPO_2022_v1_15s_bed_elev
-50.7,29.7,-4939.61,ETOPO_2022_v1_15s_bed_elev
-50.6,29.7,-5254.71,ETOPO_2022_v1_15s_bed_elev
-50.5,29.7,-5556.52,ETOPO_2022_v1_15s_bed_elev
-50.4,29.7,-5151.34,ETOPO_2022_v1_15s_bed_elev
-50.3,29.7,-5325.24,ETOPO_2022_v1_15s_bed_elev
-50.2,29.7,-5180.43,ETOPO_2022_v1_15s_bed_elev
-50.1,29.7,-4998.85,ETOPO_2022_v1_15s_bed_elev
-50.0,29.7,-4938.71,ETOPO_2022_v1_15s_bed_elev
-49.9,29.7,-4969.13,ETOPO_2022_v1_15s_bed_elev
-49.8,29.7,-4868.38,ETOPO_2022_v1_15s_bed_elev
-49.7,29.7,-5135.03,ETOPO_2022_v1_15s_bed_elev
-49.6,29.7,-5113.87,ETOPO_2022_v1_15s_bed_elev
-49.5,29.7,-5005.62,ETOPO_2022_v1_15s_bed_elev
-49.4,29.7,-4763.67,ETOPO_2022_v1_15s_bed_elev
-49.3,29.7,-4931.75,ETOPO_2022_v1_15s_bed_elev
-49.2,29.7,-4905.69,ETOPO_2022_v1_15s_bed_elev
-49.1,29.7,-4558.4,ETOPO_2022_v1_15s_bed_elev
-49.0,29.7,-4619.27,ETOPO_2022_v1_15s_bed_elev
-48.9,29.7,-4957.35,ETOPO_2022_v1_15s_bed_elev
-48.8,29.7,-4941.93,ETOPO_2022_v1_15s_bed_elev
-48.7,29.7,-4811.41,ETOPO_2022_v1_15s_bed_elev
-48.6,29.7,-4756.32,ETOPO_2022_v1_15s_bed_elev
-48.5,29.7,-4830.82,ETOPO_2022_v1_15s_bed_elev
-48.4,29.7,-4888.92,ETOPO_2022_v1_15s_bed_elev
-48.3,29.7,-5003.77,ETOPO_2022_v1_15s_bed_elev
-48.2,29.7,-4791.37,ETOPO_2022_v1_15s_bed_elev
-48.1,29.7,-4549.02,ETOPO_2022_v1_15s_bed_elev
-48.0,29.7,-4342.13,ETOPO_2022_v1_15s_bed_elev
-47.9,29.7,-4331.81,ETOPO_2022_v1_15s_bed_elev
-47.8,29.7,-4379.64,ETOPO_2022_v1_15s_bed_elev
-47.7,29.7,-4633.41,ETOPO_2022_v1_15s_bed_elev
-47.6,29.7,-4641.13,ETOPO_2022_v1_15s_bed_elev
-47.5,29.7,-4521.6,ETOPO_2022_v1_15s_bed_elev
-47.4,29.7,-4615.58,ETOPO_2022_v1_15s_bed_elev
-47.3,29.7,-4462.36,ETOPO_2022_v1_15s_bed_elev
-47.2,29.7,-4476.14,ETOPO_2022_v1_15s_bed_elev
-47.1,29.7,-3916.06,ETOPO_2022_v1_15s_bed_elev
-47.0,29.7,-4165.07,ETOPO_2022_v1_15s_bed_elev
-46.9,29.7,-4263.54,ETOPO_2022_v1_15s_bed_elev
-46.8,29.7,-4158.53,ETOPO_2022_v1_15s_bed_elev
-46.7,29.7,-3849.74,ETOPO_2022_v1_15s_bed_elev
-46.6,29.7,-3953.05,ETOPO_2022_v1_15s_bed_elev
-46.5,29.7,-4279.02,ETOPO_2022_v1_15s_bed_elev
-46.4,29.7,-4230.61,ETOPO_2022_v1_15s_bed_elev
-46.3,29.7,-4131.04,ETOPO_2022_v1_15s_bed_elev
-46.2,29.7,-4373.16,ETOPO_2022_v1_15s_bed_elev
-46.1,29.7,-4281.43,ETOPO_2022_v1_15s_bed_elev
-46.0,29.7,-3802.75,ETOPO_2022_v1_15s_bed_elev
-45.9,29.7,-4024.52,ETOPO_2022_v1_15s_bed_elev
-45.8,29.7,-4004.82,ETOPO_2022_v1_15s_bed_elev
-45.7,29.7,-3713.0,ETOPO_2022_v1_15s_bed_elev
-45.6,29.7,-3628.62,ETOPO_2022_v1_15s_bed_elev
-45.5,29.7,-3887.19,ETOPO_2022_v1_15s_bed_elev
-45.4,29.7,-3837.74,ETOPO_2022_v1_15s_bed_elev
-45.3,29.7,-4173.11,ETOPO_2022_v1_15s_bed_elev
-45.2,29.7,-4169.04,ETOPO_2022_v1_15s_bed_elev
-45.1,29.7,-4156.08,ETOPO_2022_v1_15s_bed_elev
-45.0,29.7,-4120.13,ETOPO_2022_v1_15s_bed_elev
-44.9,29.7,-4111.76,ETOPO_2022_v1_15s_bed_elev
-44.8,29.7,-3953.48,ETOPO_2022_v1_15s_bed_elev
-44.7,29.7,-4050.57,ETOPO_2022_v1_15s_bed_elev
-44.6,29.7,-4164.98,ETOPO_2022_v1_15s_bed_elev
-44.5,29.7,-4141.23,ETOPO_2022_v1_15s_bed_elev
-44.4,29.7,-4105.33,ETOPO_2022_v1_15s_bed_elev
-44.3,29.7,-4031.45,ETOPO_2022_v1_15s_bed_elev
-44.2,29.7,-3653.3,ETOPO_2022_v1_15s_bed_elev
-44.1,29.7,-3718.77,ETOPO_2022_v1_15s_bed_elev
-44.0,29.7,-3507.97,ETOPO_2022_v1_15s_bed_elev
-43.9,29.7,-3725.13,ETOPO_2022_v1_15s_bed_elev
-43.8,29.7,-3425.47,ETOPO_2022_v1_15s_bed_elev
-43.7,29.7,-2874.0,ETOPO_2022_v1_15s_bed_elev
-43.6,29.7,-2960.65,ETOPO_2022_v1_15s_bed_elev
-43.5,29.7,-2937.2,ETOPO_2022_v1_15s_bed_elev
-43.4,29.7,-2618.57,ETOPO_2022_v1_15s_bed_elev
-43.3,29.7,-2861.05,ETOPO_2022_v1_15s_bed_elev
-43.2,29.7,-2427.76,ETOPO_2022_v1_15s_bed_elev
-43.1,29.7,-2619.73,ETOPO_2022_v1_15s_bed_elev
-43.0,29.7,-2227.53,ETOPO_2022_v1_15s_bed_elev
-42.9,29.7,-2754.54,ETOPO_2022_v1_15s_bed_elev
-42.8,29.7,-3073.4,ETOPO_2022_v1_15s_bed_elev
-42.7,29.7,-2453.07,ETOPO_2022_v1_15s_bed_elev
-42.6,29.7,-2371.56,ETOPO_2022_v1_15s_bed_elev
-42.5,29.7,-2023.88,ETOPO_2022_v1_15s_bed_elev
-42.4,29.7,-2466.1,ETOPO_2022_v1_15s_bed_elev
-42.3,29.7,-2194.23,ETOPO_2022_v1_15s_bed_elev
-42.2,29.7,-2342.07,ETOPO_2022_v1_15s_bed_elev
-42.1,29.7,-2755.69,ETOPO_2022_v1_15s_bed_elev
-42.0,29.7,-2582.72,ETOPO_2022_v1_15s_bed_elev
-41.9,29.7,-2877.76,ETOPO_2022_v1_15s_bed_elev
-41.8,29.7,-2680.51,ETOPO_2022_v1_15s_bed_elev
-41.7,29.7,-2613.39,ETOPO_2022_v1_15s_bed_elev
-41.6,29.7,-2881.66,ETOPO_2022_v1_15s_bed_elev
-41.5,29.7,-3010.58,ETOPO_2022_v1_15s_bed_elev
-41.4,29.7,-3142.8,ETOPO_2022_v1_15s_bed_elev
-41.3,29.7,-3401.98,ETOPO_2022_v1_15s_bed_elev
-41.2,29.7,-2819.06,ETOPO_2022_v1_15s_bed_elev
-41.1,29.7,-2943.63,ETOPO_2022_v1_15s_bed_elev
-41.0,29.7,-3273.83,ETOPO_2022_v1_15s_bed_elev
-40.9,29.7,-3339.25,ETOPO_2022_v1_15s_bed_elev
-40.8,29.7,-3716.66,ETOPO_2022_v1_15s_bed_elev
-40.7,29.7,-4019.59,ETOPO_2022_v1_15s_bed_elev
-40.6,29.7,-3839.9,ETOPO_2022_v1_15s_bed_elev
-40.5,29.7,-3851.29,ETOPO_2022_v1_15s_bed_elev
-40.4,29.7,-4098.01,ETOPO_2022_v1_15s_bed_elev
-40.3,29.7,-4143.72,ETOPO_2022_v1_15s_bed_elev
-40.2,29.7,-4143.34,ETOPO_2022_v1_15s_bed_elev
-40.1,29.7,-4116.66,ETOPO_2022_v1_15s_bed_elev
-40.0,29.7,-4106.28,ETOPO_2022_v1_15s_bed_elev
-39.9,29.7,-4118.27,ETOPO_2022_v1_15s_bed_elev
-39.8,29.7,-4076.64,ETOPO_2022_v1_15s_bed_elev
-39.7,29.7,-4079.07,ETOPO_2022_v1_15s_bed_elev
-39.6,29.7,-3974.94,ETOPO_2022_v1_15s_bed_elev
-39.5,29.7,-4106.29,ETOPO_2022_v1_15s_bed_elev
-39.4,29.7,-4115.01,ETOPO_2022_v1_15s_bed_elev
-39.3,29.7,-3651.45,ETOPO_2022_v1_15s_bed_elev
-39.2,29.7,-3454.93,ETOPO_2022_v1_15s_bed_elev
-39.1,29.7,-3874.46,ETOPO_2022_v1_15s_bed_elev
-39.0,29.7,-3626.73,ETOPO_2022_v1_15s_bed_elev
-38.9,29.7,-3692.48,ETOPO_2022_v1_15s_bed_elev
-38.8,29.7,-3680.73,ETOPO_2022_v1_15s_bed_elev
-38.7,29.7,-3726.83,ETOPO_2022_v1_15s_bed_elev
-38.6,29.7,-3529.18,ETOPO_2022_v1_15s_bed_elev
-38.5,29.7,-3388.9,ETOPO_2022_v1_15s_bed_elev
-38.4,29.7,-3358.43,ETOPO_2022_v1_15s_bed_elev
-38.3,29.7,-3391.39,ETOPO_2022_v1_15s_bed_elev
-38.2,29.7,-3751.73,ETOPO_2022_v1_15s_bed_elev
-38.1,29.7,-4171.54,ETOPO_2022_v1_15s_bed_elev
-38.0,29.7,-4366.86,ETOPO_2022_v1_15s_bed_elev
-37.9,29.7,-4521.25,ETOPO_2022_v1_15s_bed_elev
-37.8,29.7,-4468.91,ETOPO_2022_v1_15s_bed_elev
-37.7,29.7,-4407.81,ETOPO_2022_v1_15s_bed_elev
-37.6,29.7,-4319.0,ETOPO_2022_v1_15s_bed_elev
-37.5,29.7,-4180.78,ETOPO_2022_v1_15s_bed_elev
-37.4,29.7,-4022.92,ETOPO_2022_v1_15s_bed_elev
-37.3,29.7,-4029.57,ETOPO_2022_v1_15s_bed_elev
-37.2,29.7,-4023.43,ETOPO_2022_v1_15s_bed_elev
-37.1,29.7,-3983.63,ETOPO_2022_v1_15s_bed_elev
-37.0,29.7,-4054.98,ETOPO_2022_v1_15s_bed_elev
-36.9,29.7,-4335.02,ETOPO_2022_v1_15s_bed_elev
-36.8,29.7,-4329.18,ETOPO_2022_v1_15s_bed_elev
-36.7,29.7,-4315.47,ETOPO_2022_v1_15s_bed_elev
-36.6,29.7,-4219.96,ETOPO_2022_v1_15s_bed_elev
-36.5,29.7,-4544.65,ETOPO_2022_v1_15s_bed_elev
-36.4,29.7,-4520.87,ETOPO_2022_v1_15s_bed_elev
-36.3,29.7,-4684.3,ETOPO_2022_v1_15s_bed_elev
-36.2,29.7,-4499.49,ETOPO_2022_v1_15s_bed_elev
-36.1,29.7,-4762.98,ETOPO_2022_v1_15s_bed_elev
-36.0,29.7,-4779.75,ETOPO_2022_v1_15s_bed_elev
-35.9,29.7,-4573.09,ETOPO_2022_v1_15s_bed_elev
-35.8,29.7,-4507.63,ETOPO_2022_v1_15s_bed_elev
-35.7,29.7,-4517.75,ETOPO_2022_v1_15s_bed_elev
-35.6,29.7,-4698.53,ETOPO_2022_v1_15s_bed_elev
-35.5,29.7,-4699.27,ETOPO_2022_v1_15s_bed_elev
-35.4,29.7,-4877.81,ETOPO_2022_v1_15s_bed_elev
-35.3,29.7,-4851.23,ETOPO_2022_v1_15s_bed_elev
-35.2,29.7,-4515.96,ETOPO_2022_v1_15s_bed_elev
-35.1,29.7,-4691.9,ETOPO_2022_v1_15s_bed_elev
-35.0,29.7,-4892.26,ETOPO_2022_v1_15s_bed_elev
-51.0,29.8,-5366.11,ETOPO_2022_v1_15s_bed_elev
-50.9,29.8,-5091.49,ETOPO_2022_v1_15s_bed_elev
-50.8,29.8,-5277.33,ETOPO_2022_v1_15s_bed_elev
-50.7,29.8,-5149.14,ETOPO_2022_v1_15s_bed_elev
-50.6,29.8,-5441.0,ETOPO_2022_v1_15s_bed_elev
-50.5,29.8,-5352.25,ETOPO_2022_v1_15s_bed_elev
-50.4,29.8,-5015.46,ETOPO_2022_v1_15s_bed_elev
-50.3,29.8,-5385.66,ETOPO_2022_v1_15s_bed_elev
-50.2,29.8,-4938.42,ETOPO_2022_v1_15s_bed_elev
-50.1,29.8,-4909.97,ETOPO_2022_v1_15s_bed_elev
-50.0,29.8,-5014.01,ETOPO_2022_v1_15s_bed_elev
-49.9,29.8,-4901.02,ETOPO_2022_v1_15s_bed_elev
-49.8,29.8,-4955.29,ETOPO_2022_v1_15s_bed_elev
-49.7,29.8,-5046.3,ETOPO_2022_v1_15s_bed_elev
-49.6,29.8,-4761.72,ETOPO_2022_v1_15s_bed_elev
-49.5,29.8,-4933.25,ETOPO_2022_v1_15s_bed_elev
-49.4,29.8,-4988.07,ETOPO_2022_v1_15s_bed_elev
-49.3,29.8,-4967.42,ETOPO_2022_v1_15s_bed_elev
-49.2,29.8,-4909.02,ETOPO_2022_v1_15s_bed_elev
-49.1,29.8,-4774.39,ETOPO_2022_v1_15s_bed_elev
-49.0,29.8,-4829.88,ETOPO_2022_v1_15s_bed_elev
-48.9,29.8,-4816.04,ETOPO_2022_v1_15s_bed_elev
-48.8,29.8,-4885.11,ETOPO_2022_v1_15s_bed_elev
-48.7,29.8,-4882.73,ETOPO_2022_v1_15s_bed_elev
-48.6,29.8,-4769.57,ETOPO_2022_v1_15s_bed_elev
-48.5,29.8,-4699.51,ETOPO_2022_v1_15s_bed_elev
-48.4,29.8,-4514.49,ETOPO_2022_v1_15s_bed_elev
-48.3,29.8,-4602.72,ETOPO_2022_v1_15s_bed_elev
-48.2,29.8,-4551.35,ETOPO_2022_v1_15s_bed_elev
-48.1,29.8,-4240.18,ETOPO_2022_v1_15s_bed_elev
-48.0,29.8,-4059.69,ETOPO_2022_v1_15s_bed_elev
-47.9,29.8,-4244.81,ETOPO_2022_v1_15s_bed_elev
-47.8,29.8,-4536.52,ETOPO_2022_v1_15s_bed_elev
-47.7,29.8,-4651.63,ETOPO_2022_v1_15s_bed_elev
-47.6,29.8,-4526.0,ETOPO_2022_v1_15s_bed_elev
-47.5,29.8,-4650.36,ETOPO_2022_v1_15s_bed_elev
-47.4,29.8,-4575.66,ETOPO_2022_v1_15s_bed_elev
-47.3,29.8,-4366.85,ETOPO_2022_v1_15s_bed_elev
-47.2,29.8,-4500.66,ETOPO_2022_v1_15s_bed_elev
-47.1,29.8,-4196.73,ETOPO_2022_v1_15s_bed_elev
-47.0,29.8,-4110.21,ETOPO_2022_v1_15s_bed_elev
-46.9,29.8,-3934.5,ETOPO_2022_v1_15s_bed_elev
-46.8,29.8,-4290.6,ETOPO_2022_v1_15s_bed_elev
-46.7,29.8,-3941.97,ETOPO_2022_v1_15s_bed_elev
-46.6,29.8,-3799.79,ETOPO_2022_v1_15s_bed_elev
-46.5,29.8,-4019.39,ETOPO_2022_v1_15s_bed_elev
-46.4,29.8,-4111.92,ETOPO_2022_v1_15s_bed_elev
-46.3,29.8,-4323.42,ETOPO_2022_v1_15s_bed_elev
-46.2,29.8,-4293.01,ETOPO_2022_v1_15s_bed_elev
-46.1,29.8,-4107.27,ETOPO_2022_v1_15s_bed_elev
-46.0,29.8,-3969.78,ETOPO_2022_v1_15s_bed_elev
-45.9,29.8,-4092.86,ETOPO_2022_v1_15s_bed_elev
-45.8,29.8,-4149.28,ETOPO_2022_v1_15s_bed_elev
-45.7,29.8,-3854.48,ETOPO_2022_v1_15s_bed_elev
-45.6,29.8,-3695.18,ETOPO_2022_v1_15s_bed_elev
-45.5,29.8,-3895.1,ETOPO_2022_v1_15s_bed_elev
-45.4,29.8,-4081.44,ETOPO_2022_v1_15s_bed_elev
-45.3,29.8,-4225.47,ETOPO_2022_v1_15s_bed_elev
-45.2,29.8,-3588.6,ETOPO_2022_v1_15s_bed_elev
-45.1,29.8,-3602.63,ETOPO_2022_v1_15s_bed_elev
-45.0,29.8,-3547.41,ETOPO_2022_v1_15s_bed_elev
-44.9,29.8,-3673.17,ETOPO_2022_v1_15s_bed_elev
-44.8,29.8,-3399.51,ETOPO_2022_v1_15s_bed_elev
-44.7,29.8,-3644.66,ETOPO_2022_v1_15s_bed_elev
-44.6,29.8,-3901.28,ETOPO_2022_v1_15s_bed_elev
-44.5,29.8,-3626.77,ETOPO_2022_v1_15s_bed_elev
-44.4,29.8,-3395.0,ETOPO_2022_v1_15s_bed_elev
-44.3,29.8,-2949.12,ETOPO_2022_v1_15s_bed_elev
-44.2,29.8,-3117.55,ETOPO_2022_v1_15s_bed_elev
-44.1,29.8,-3410.72,ETOPO_2022_v1_15s_bed_elev
-44.0,29.8,-3261.53,ETOPO_2022_v1_15s_bed_elev
-43.9,29.8,-3330.49,ETOPO_2022_v1_15s_bed_elev
-43.8,29.8,-2849.43,ETOPO_2022_v1_15s_bed_elev
-43.7,29.8,-2958.08,ETOPO_2022_v1_15s_bed_elev
-43.6,29.8,-2985.76,ETOPO_2022_v1_15s_bed_elev
-43.5,29.8,-2982.58,ETOPO_2022_v1_15s_bed_elev
-43.4,29.8,-2842.68,ETOPO_2022_v1_15s_bed_elev
-43.3,29.8,-2661.36,ETOPO_2022_v1_15s_bed_elev
-43.2,29.8,-2769.22,ETOPO_2022_v1_15s_bed_elev
-43.1,29.8,-2535.5,ETOPO_2022_v1_15s_bed_elev
-43.0,29.8,-2480.34,ETOPO_2022_v1_15s_bed_elev
-42.9,29.8,-2730.87,ETOPO_2022_v1_15s_bed_elev
-42.8,29.8,-2881.19,ETOPO_2022_v1_15s_bed_elev
-42.7,29.8,-1919.59,ETOPO_2022_v1_15s_bed_elev
-42.6,29.8,-2581.86,ETOPO_2022_v1_15s_bed_elev
-42.5,29.8,-2661.02,ETOPO_2022_v1_15s_bed_elev
-42.4,29.8,-2451.57,ETOPO_2022_v1_15s_bed_elev
-42.3,29.8,-2490.01,ETOPO_2022_v1_15s_bed_elev
-42.2,29.8,-2474.75,ETOPO_2022_v1_15s_bed_elev
-42.1,29.8,-2808.12,ETOPO_2022_v1_15s_bed_elev
-42.0,29.8,-2838.9,ETOPO_2022_v1_15s_bed_elev
-41.9,29.8,-2992.06,ETOPO_2022_v1_15s_bed_elev
-41.8,29.8,-2819.35,ETOPO_2022_v1_15s_bed_elev
-41.7,29.8,-2793.98,ETOPO_2022_v1_15s_bed_elev
-41.6,29.8,-2826.7,ETOPO_2022_v1_15s_bed_elev
-41.5,29.8,-2580.57,ETOPO_2022_v1_15s_bed_elev
-41.4,29.8,-3304.24,ETOPO_2022_v1_15s_bed_elev
-41.3,29.8,-3657.11,ETOPO_2022_v1_15s_bed_elev
-41.2,29.8,-3268.33,ETOPO_2022_v1_15s_bed_elev
-41.1,29.8,-3381.7,ETOPO_2022_v1_15s_bed_elev
-41.0,29.8,-3790.06,ETOPO_2022_v1_15s_bed_elev
-40.9,29.8,-4048.07,ETOPO_2022_v1_15s_bed_elev
-40.8,29.8,-4127.78,ETOPO_2022_v1_15s_bed_elev
-40.7,29.8,-4046.54,ETOPO_2022_v1_15s_bed_elev
-40.6,29.8,-4068.83,ETOPO_2022_v1_15s_bed_elev
-40.5,29.8,-4073.17,ETOPO_2022_v1_15s_bed_elev
-40.4,29.8,-3918.31,ETOPO_2022_v1_15s_bed_elev
-40.3,29.8,-3912.1,ETOPO_2022_v1_15s_bed_elev
-40.2,29.8,-3786.11,ETOPO_2022_v1_15s_bed_elev
-40.1,29.8,-3849.21,ETOPO_2022_v1_15s_bed_elev
-40.0,29.8,-3749.38,ETOPO_2022_v1_15s_bed_elev
-39.9,29.8,-3718.62,ETOPO_2022_v1_15s_bed_elev
-39.8,29.8,-3585.74,ETOPO_2022_v1_15s_bed_elev
-39.7,29.8,-3728.27,ETOPO_2022_v1_15s_bed_elev
-39.6,29.8,-3664.52,ETOPO_2022_v1_15s_bed_elev
-39.5,29.8,-3521.17,ETOPO_2022_v1_15s_bed_elev
-39.4,29.8,-3563.17,ETOPO_2022_v1_15s_bed_elev
-39.3,29.8,-3488.39,ETOPO_2022_v1_15s_bed_elev
-39.2,29.8,-3074.1,ETOPO_2022_v1_15s_bed_elev
-39.1,29.8,-3384.13,ETOPO_2022_v1_15s_bed_elev
-39.0,29.8,-3659.77,ETOPO_2022_v1_15s_bed_elev
-38.9,29.8,-3516.04,ETOPO_2022_v1_15s_bed_elev
-38.8,29.8,-3433.83,ETOPO_2022_v1_15s_bed_elev
-38.7,29.8,-3605.78,ETOPO_2022_v1_15s_bed_elev
-38.6,29.8,-3568.85,ETOPO_2022_v1_15s_bed_elev
-38.5,29.8,-3516.86,ETOPO_2022_v1_15s_bed_elev
-38.4,29.8,-3762.59,ETOPO_2022_v1_15s_bed_elev
-38.3,29.8,-4211.29,ETOPO_2022_v1_15s_bed_elev
-38.2,29.8,-4389.09,ETOPO_2022_v1_15s_bed_elev
-38.1,29.8,-4453.7,ETOPO_2022_v1_15s_bed_elev
-38.0,29.8,-4431.39,ETOPO_2022_v1_15s_bed_elev
-37.9,29.8,-4338.58,ETOPO_2022_v1_15s_bed_elev
-37.8,29.8,-4109.99,ETOPO_2022_v1_15s_bed_elev
-37.7,29.8,-4034.36,ETOPO_2022_v1_15s_bed_elev
-37.6,29.8,-3908.99,ETOPO_2022_v1_15s_bed_elev
-37.5,29.8,-3902.01,ETOPO_2022_v1_15s_bed_elev
-37.4,29.8,-3857.19,ETOPO_2022_v1_15s_bed_elev
-37.3,29.8,-3652.03,ETOPO_2022_v1_15s_bed_elev
-37.2,29.8,-3729.01,ETOPO_2022_v1_15s_bed_elev
-37.1,29.8,-3846.05,ETOPO_2022_v1_15s_bed_elev
-37.0,29.8,-3741.24,ETOPO_2022_v1_15s_bed_elev
-36.9,29.8,-3892.68,ETOPO_2022_v1_15s_bed_elev
-36.8,29.8,-3970.19,ETOPO_2022_v1_15s_bed_elev
-36.7,29.8,-4098.02,ETOPO_2022_v1_15s_bed_elev
-36.6,29.8,-4296.39,ETOPO_2022_v1_15s_bed_elev
-36.5,29.8,-4303.09,ETOPO_2022_v1_15s_bed_elev
-36.4,29.8,-4494.38,ETOPO_2022_v1_15s_bed_elev
-36.3,29.8,-4570.3,ETOPO_2022_v1_15s_bed_elev
-36.2,29.8,-4268.92,ETOPO_2022_v1_15s_bed_elev
-36.1,29.8,-4366.64,ETOPO_2022_v1_15s_bed_elev
-36.0,29.8,-4622.67,ETOPO_2022_v1_15s_bed_elev
-35.9,29.8,-4632.8,ETOPO_2022_v1_15s_bed_elev
-35.8,29.8,-4650.94,ETOPO_2022_v1_15s_bed_elev
-35.7,29.8,-4759.35,ETOPO_2022_v1_15s_bed_elev
-35.6,29.8,-4724.46,ETOPO_2022_v1_15s_bed_elev
-35.5,29.8,-4507.82,ETOPO_2022_v1_15s_bed_elev
-35.4,29.8,-4645.18,ETOPO_2022_v1_15s_bed_elev
-35.3,29.8,-4609.99,ETOPO_2022_v1_15s_bed_elev
-35.2,29.8,-4483.43,ETOPO_2022_v1_15s_bed_elev
-35.1,29.8,-4800.18,ETOPO_2022_v1_15s_bed_elev
-35.0,29.8,-4643.74,ETOPO_2022_v1_15s_bed_elev
-51.0,29.9,-5326.01,ETOPO_2022_v1_15s_bed_elev
-50.9,29.9,-5092.91,ETOPO_2022_v1_15s_bed_elev
-50.8,29.9,-5479.88,ETOPO_2022_v1_15s_bed_elev
-50.7,29.9,-5501.52,ETOPO_2022_v1_15s_bed_elev
-50.6,29.9,-5239.26,ETOPO_2022_v1_15s_bed_elev
-50.5,29.9,-5324.35,ETOPO_2022_v1_15s_bed_elev
-50.4,29.9,-5198.5,ETOPO_2022_v1_15s_bed_elev
-50.3,29.9,-5226.84,ETOPO_2022_v1_15s_bed_elev
-50.2,29.9,-4900.18,ETOPO_2022_v1_15s_bed_elev
-50.1,29.9,-4814.91,ETOPO_2022_v1_15s_bed_elev
-50.0,29.9,-5143.38,ETOPO_2022_v1_15s_bed_elev
-49.9,29.9,-4904.89,ETOPO_2022_v1_15s_bed_elev
-49.8,29.9,-5038.03,ETOPO_2022_v1_15s_bed_elev
-49.7,29.9,-5048.07,ETOPO_2022_v1_15s_bed_elev
-49.6,29.9,-4903.47,ETOPO_2022_v1_15s_bed_elev
-49.5,29.9,-4870.8,ETOPO_2022_v1_15s_bed_elev
-49.4,29.9,-5108.87,ETOPO_2022_v1_15s_bed_elev
-49.3,29.9,-4928.29,ETOPO_2022_v1_15s_bed_elev
-49.2,29.9,-5018.41,ETOPO_2022_v1_15s_bed_elev
-49.1,29.9,-4833.54,ETOPO_2022_v1_15s_bed_elev
-49.0,29.9,-4932.76,ETOPO_2022_v1_15s_bed_elev
-48.9,29.9,-4869.15,ETOPO_2022_v1_15s_bed_elev
-48.8,29.9,-4769.68,ETOPO_2022_v1_15s_bed_elev
-48.7,29.9,-5091.24,ETOPO_2022_v1_15s_bed_elev
-48.6,29.9,-4825.31,ETOPO_2022_v1_15s_bed_elev
-48.5,29.9,-4643.42,ETOPO_2022_v1_15s_bed_elev
-48.4,29.9,-4409.68,ETOPO_2022_v1_15s_bed_elev
-48.3,29.9,-4396.3,ETOPO_2022_v1_15s_bed_elev
-48.2,29.9,-4591.64,ETOPO_2022_v1_15s_bed_elev
-48.1,29.9,-4073.89,ETOPO_2022_v1_15s_bed_elev
-48.0,29.9,-4018.97,ETOPO_2022_v1_15s_bed_elev
-47.9,29.9,-4364.18,ETOPO_2022_v1_15s_bed_elev
-47.8,29.9,-4603.62,ETOPO_2022_v1_15s_bed_elev
-47.7,29.9,-4365.35,ETOPO_2022_v1_15s_bed_elev
-47.6,29.9,-4379.96,ETOPO_2022_v1_15s_bed_elev
-47.5,29.9,-4342.01,ETOPO_2022_v1_15s_bed_elev
-47.4,29.9,-4386.49,ETOPO_2022_v1_15s_bed_elev
-47.3,29.9,-3896.01,ETOPO_2022_v1_15s_bed_elev
-47.2,29.9,-4334.07,ETOPO_2022_v1_15s_bed_elev
-47.1,29.9,-4481.03,ETOPO_2022_v1_15s_bed_elev
-47.0,29.9,-4398.4,ETOPO_2022_v1_15s_bed_elev
-46.9,29.9,-4080.65,ETOPO_2022_v1_15s_bed_elev
-46.8,29.9,-4145.89,ETOPO_2022_v1_15s_bed_elev
-46.7,29.9,-4304.58,ETOPO_2022_v1_15s_bed_elev
-46.6,29.9,-4116.78,ETOPO_2022_v1_15s_bed_elev
-46.5,29.9,-4159.24,ETOPO_2022_v1_15s_bed_elev
-46.4,29.9,-4187.95,ETOPO_2022_v1_15s_bed_elev
-46.3,29.9,-4195.53,ETOPO_2022_v1_15s_bed_elev
-46.2,29.9,-4060.17,ETOPO_2022_v1_15s_bed_elev
-46.1,29.9,-3935.5,ETOPO_2022_v1_15s_bed_elev
-46.0,29.9,-3970.34,ETOPO_2022_v1_15s_bed_elev
-45.9,29.9,-3887.62,ETOPO_2022_v1_15s_bed_elev
-45.8,29.9,-4161.75,ETOPO_2022_v1_15s_bed_elev
-45.7,29.9,-4028.03,ETOPO_2022_v1_15s_bed_elev
-45.6,29.9,-4086.82,ETOPO_2022_v1_15s_bed_elev
-45.5,29.9,-4138.96,ETOPO_2022_v1_15s_bed_elev
-45.4,29.9,-4241.32,ETOPO_2022_v1_15s_bed_elev
-45.3,29.9,-4228.38,ETOPO_2022_v1_15s_bed_elev
-45.2,29.9,-3671.47,ETOPO_2022_v1_15s_bed_elev
-45.1,29.9,-3583.24,ETOPO_2022_v1_15s_bed_elev
-45.0,29.9,-3587.46,ETOPO_2022_v1_15s_bed_elev
-44.9,29.9,-3439.92,ETOPO_2022_v1_15s_bed_elev
-44.8,29.9,-3375.39,ETOPO_2022_v1_15s_bed_elev
-44.7,29.9,-3244.03,ETOPO_2022_v1_15s_bed_elev
-44.6,29.9,-3159.45,ETOPO_2022_v1_15s_bed_elev
-44.5,29.9,-3188.57,ETOPO_2022_v1_15s_bed_elev
-44.4,29.9,-3253.09,ETOPO_2022_v1_15s_bed_elev
-44.3,29.9,-3100.12,ETOPO_2022_v1_15s_bed_elev
-44.2,29.9,-3334.24,ETOPO_2022_v1_15s_bed_elev
-44.1,29.9,-3379.59,ETOPO_2022_v1_15s_bed_elev
-44.0,29.9,-3374.6,ETOPO_2022_v1_15s_bed_elev
-43.9,29.9,-3571.33,ETOPO_2022_v1_15s_bed_elev
-43.8,29.9,-3152.85,ETOPO_2022_v1_15s_bed_elev
-43.7,29.9,-3176.55,ETOPO_2022_v1_15s_bed_elev
-43.6,29.9,-3023.08,ETOPO_2022_v1_15s_bed_elev
-43.5,29.9,-2914.54,ETOPO_2022_v1_15s_bed_elev
-43.4,29.9,-2757.85,ETOPO_2022_v1_15s_bed_elev
-43.3,29.9,-2528.55,ETOPO_2022_v1_15s_bed_elev
-43.2,29.9,-2938.29,ETOPO_2022_v1_15s_bed_elev
-43.1,29.9,-2893.94,ETOPO_2022_v1_15s_bed_elev
-43.0,29.9,-2893.43,ETOPO_2022_v1_15s_bed_elev
-42.9,29.9,-3086.3,ETOPO_2022_v1_15s_bed_elev
-42.8,29.9,-3115.07,ETOPO_2022_v1_15s_bed_elev
-42.7,29.9,-2742.03,ETOPO_2022_v1_15s_bed_elev
-42.6,29.9,-2425.1,ETOPO_2022_v1_15s_bed_elev
-42.5,29.9,-1830.49,ETOPO_2022_v1_15s_bed_elev
-42.4,29.9,-2350.13,ETOPO_2022_v1_15s_bed_elev
-42.3,29.9,-2419.82,ETOPO_2022_v1_15s_bed_elev
-42.2,29.9,-2279.67,ETOPO_2022_v1_15s_bed_elev
-42.1,29.9,-2993.66,ETOPO_2022_v1_15s_bed_elev
-42.0,29.9,-2840.97,ETOPO_2022_v1_15s_bed_elev
-41.9,29.9,-2985.88,ETOPO_2022_v1_15s_bed_elev
-41.8,29.9,-3146.0,ETOPO_2022_v1_15s_bed_elev
-41.7,29.9,-3403.92,ETOPO_2022_v1_15s_bed_elev
-41.6,29.9,-3753.25,ETOPO_2022_v1_15s_bed_elev
-41.5,29.9,-4062.65,ETOPO_2022_v1_15s_bed_elev
-41.4,29.9,-3697.93,ETOPO_2022_v1_15s_bed_elev
-41.3,29.9,-3793.11,ETOPO_2022_v1_15s_bed_elev
-41.2,29.9,-3852.13,ETOPO_2022_v1_15s_bed_elev
-41.1,29.9,-3550.03,ETOPO_2022_v1_15s_bed_elev
-41.0,29.9,-3642.93,ETOPO_2022_v1_15s_bed_elev
-40.9,29.9,-3965.79,ETOPO_2022_v1_15s_bed_elev
-40.8,29.9,-3918.09,ETOPO_2022_v1_15s_bed_elev
-40.7,29.9,-3703.1,ETOPO_2022_v1_15s_bed_elev
-40.6,29.9,-3774.45,ETOPO_2022_v1_15s_bed_elev
-40.5,29.9,-3815.17,ETOPO_2022_v1_15s_bed_elev
-40.4,29.9,-3332.25,ETOPO_2022_v1_15s_bed_elev
-40.3,29.9,-3316.05,ETOPO_2022_v1_15s_bed_elev
-40.2,29.9,-3166.48,ETOPO_2022_v1_15s_bed_elev
-40.1,29.9,-3510.16,ETOPO_2022_v1_15s_bed_elev
-40.0,29.9,-3354.91,ETOPO_2022_v1_15s_bed_elev
-39.9,29.9,-3342.95,ETOPO_2022_v1_15s_bed_elev
-39.8,29.9,-3285.06,ETOPO_2022_v1_15s_bed_elev
-39.7,29.9,-3380.49,ETOPO_2022_v1_15s_bed_elev
-39.6,29.9,-3500.5,ETOPO_2022_v1_15s_bed_elev
-39.5,29.9,-3369.6,ETOPO_2022_v1_15s_bed_elev
-39.4,29.9,-3203.75,ETOPO_2022_v1_15s_bed_elev
-39.3,29.9,-3305.27,ETOPO_2022_v1_15s_bed_elev
-39.2,29.9,-3206.5,ETOPO_2022_v1_15s_bed_elev
-39.1,29.9,-3189.66,ETOPO_2022_v1_15s_bed_elev
-39.0,29.9,-3483.12,ETOPO_2022_v1_15s_bed_elev
-38.9,29.9,-3641.11,ETOPO_2022_v1_15s_bed_elev
-38.8,29.9,-3587.5,ETOPO_2022_v1_15s_bed_elev
-38.7,29.9,-3870.13,ETOPO_2022_v1_15s_bed_elev
-38.6,29.9,-3805.37,ETOPO_2022_v1_15s_bed_elev
-38.5,29.9,-4365.97,ETOPO_2022_v1_15s_bed_elev
-38.4,29.9,-4365.97,ETOPO_2022_v1_15s_bed_elev
-38.3,29.9,-4403.35,ETOPO_2022_v1_15s_bed_elev
-38.2,29.9,-4230.29,ETOPO_2022_v1_15s_bed_elev
-38.1,29.9,-3917.14,ETOPO_2022_v1_15s_bed_elev
-38.0,29.9,-3944.49,ETOPO_2022_v1_15s_bed_elev
-37.9,29.9,-3805.98,ETOPO_2022_v1_15s_bed_elev
-37.8,29.9,-3752.6,ETOPO_2022_v1_15s_bed_elev
-37.7,29.9,-3618.28,ETOPO_2022_v1_15s_bed_elev
-37.6,29.9,-3618.32,ETOPO_2022_v1_15s_bed_elev
-37.5,29.9,-3311.48,ETOPO_2022_v1_15s_bed_elev
-37.4,29.9,-3555.48,ETOPO_2022_v1_15s_bed_elev
-37.3,29.9,-3354.72,ETOPO_2022_v1_15s_bed_elev
-37.2,29.9,-3455.73,ETOPO_2022_v1_15s_bed_elev
-37.1,29.9,-3689.68,ETOPO_2022_v1_15s_bed_elev
-37.0,29.9,-3787.8,ETOPO_2022_v1_15s_bed_elev
-36.9,29.9,-4043.11,ETOPO_2022_v1_15s_bed_elev
-36.8,29.9,-3647.92,ETOPO_2022_v1_15s_bed_elev
-36.7,29.9,-3868.83,ETOPO_2022_v1_15s_bed_elev
-36.6,29.9,-3866.03,ETOPO_2022_v1_15s_bed_elev
-36.5,29.9,-4114.23,ETOPO_2022_v1_15s_bed_elev
-36.4,29.9,-4007.17,ETOPO_2022_v1_15s_bed_elev
-36.3,29.9,-4511.77,ETOPO_2022_v1_15s_bed_elev
-36.2,29.9,-4210.27,ETOPO_2022_v1_15s_bed_elev
-36.1,29.9,-4071.13,ETOPO_2022_v1_15s_bed_elev
-36.0,29.9,-4204.03,ETOPO_2022_v1_15s_bed_elev
-35.9,29.9,-4054.93,ETOPO_2022_v1_15s_bed_elev
-35.8,29.9,-4127.86,ETOPO_2022_v1_15s_bed_elev
-35.7,29.9,-4863.15,ETOPO_2022_v1_15s_bed_elev
-35.6,29.9,-4461.77,ETOPO_2022_v1_15s_bed_elev
-35.5,29.9,-4282.21,ETOPO_2022_v1_15s_bed_elev
-35.4,29.9,-4442.09,ETOPO_2022_v1_15s_bed_elev
-35.3,29.9,-4434.49,ETOPO_2022_v1_15s_bed_elev
-35.2,29.9,-4408.17,ETOPO_2022_v1_15s_bed_elev
-35.1,29.9,-4435.27,ETOPO_2022_v1_15s_bed_elev
-35.0,29.9,-4566.04,ETOPO_2022_v1_15s_bed_elev
-51.0,30.0,-4786.18,ETOPO_2022_v1_15s_bed_elev
-50.9,30.0,-4768.69,ETOPO_2022_v1_15s_bed_elev
-50.8,30.0,-5142.4,ETOPO_2022_v1_15s_bed_elev
-50.7,30.0,-5262.26,ETOPO_2022_v1_15s_bed_elev
-50.6,30.0,-5323.35,ETOPO_2022_v1_15s_bed_elev
-50.5,30.0,-5008.12,ETOPO_2022_v1_15s_bed_elev
-50.4,30.0,-5168.6,ETOPO_2022_v1_15s_bed_elev
-50.3,30.0,-4982.12,ETOPO_2022_v1_15s_bed_elev
-50.2,30.0,-5064.79,ETOPO_2022_v1_15s_bed_elev
-50.1,30.0,-5240.6,ETOPO_2022_v1_15s_bed_elev
-50.0,30.0,-5229.54,ETOPO_2022_v1_15s_bed_elev
-49.9,30.0,-5046.32,ETOPO_2022_v1_15s_bed_elev
-49.8,30.0,-5123.12,ETOPO_2022_v1_15s_bed_elev
-49.7,30.0,-5123.78,ETOPO_2022_v1_15s_bed_elev
-49.6,30.0,-4937.87,ETOPO_2022_v1_15s_bed_elev
-49.5,30.0,-4880.41,ETOPO_2022_v1_15s_bed_elev
-49.4,30.0,-5045.66,ETOPO_2022_v1_15s_bed_elev
-49.3,30.0,-5083.18,ETOPO_2022_v1_15s_bed_elev
-49.2,30.0,-4886.63,ETOPO_2022_v1_15s_bed_elev
-49.1,30.0,-4878.61,ETOPO_2022_v1_15s_bed_elev
-49.0,30.0,-5030.0,ETOPO_2022_v1_15s_bed_elev
-48.9,30.0,-4861.16,ETOPO_2022_v1_15s_bed_elev
-48.8,30.0,-4756.24,ETOPO_2022_v1_15s_bed_elev
-48.7,30.0,-4987.16,ETOPO_2022_v1_15s_bed_elev
-48.6,30.0,-4853.14,ETOPO_2022_v1_15s_bed_elev
-48.5,30.0,-4764.94,ETOPO_2022_v1_15s_bed_elev
-48.4,30.0,-4896.84,ETOPO_2022_v1_15s_bed_elev
-48.3,30.0,-4680.2,ETOPO_2022_v1_15s_bed_elev
-48.2,30.0,-4793.28,ETOPO_2022_v1_15s_bed_elev
-48.1,30.0,-4694.15,ETOPO_2022_v1_15s_bed_elev
-48.0,30.0,-4611.17,ETOPO_2022_v1_15s_bed_elev
-47.9,30.0,-4621.73,ETOPO_2022_v1_15s_bed_elev
-47.8,30.0,-4685.95,ETOPO_2022_v1_15s_bed_elev
-47.7,30.0,-4511.04,ETOPO_2022_v1_15s_bed_elev
-47.6,30.0,-4543.28,ETOPO_2022_v1_15s_bed_elev
-47.5,30.0,-4543.36,ETOPO_2022_v1_15s_bed_elev
-47.4,30.0,-4460.21,ETOPO_2022_v1_15s_bed_elev
-47.3,30.0,-4075.15,ETOPO_2022_v1_15s_bed_elev
-47.2,30.0,-4325.88,ETOPO_2022_v1_15s_bed_elev
-47.1,30.0,-4240.46,ETOPO_2022_v1_15s_bed_elev
-47.0,30.0,-4356.58,ETOPO_2022_v1_15s_bed_elev
-46.9,30.0,-4177.25,ETOPO_2022_v1_15s_bed_elev
-46.8,30.0,-4345.95,ETOPO_2022_v1_15s_bed_elev
-46.7,30.0,-4311.93,ETOPO_2022_v1_15s_bed_elev
-46.6,30.0,-4336.67,ETOPO_2022_v1_15s_bed_elev
-46.5,30.0,-4234.07,ETOPO_2022_v1_15s_bed_elev
-46.4,30.0,-4199.63,ETOPO_2022_v1_15s_bed_elev
-46.3,30.0,-4385.26,ETOPO_2022_v1_15s_bed_elev
-46.2,30.0,-4192.66,ETOPO_2022_v1_15s_bed_elev
-46.1,30.0,-4174.98,ETOPO_2022_v1_15s_bed_elev
-46.0,30.0,-3948.66,ETOPO_2022_v1_15s_bed_elev
-45.9,30.0,-3799.56,ETOPO_2022_v1_15s_bed_elev
-45.8,30.0,-3852.5,ETOPO_2022_v1_15s_bed_elev
-45.7,30.0,-3737.67,ETOPO_2022_v1_15s_bed_elev
-45.6,30.0,-3770.82,ETOPO_2022_v1_15s_bed_elev
-45.5,30.0,-3718.21,ETOPO_2022_v1_15s_bed_elev
-45.4,30.0,-3777.75,ETOPO_2022_v1_15s_bed_elev
-45.3,30.0,-3708.63,ETOPO_2022_v1_15s_bed_elev
-45.2,30.0,-3394.88,ETOPO_2022_v1_15s_bed_elev
-45.1,30.0,-3643.07,ETOPO_2022_v1_15s_bed_elev
-45.0,30.0,-3635.83,ETOPO_2022_v1_15s_bed_elev
-44.9,30.0,-3525.05,ETOPO_2022_v1_15s_bed_elev
-44.8,30.0,-3501.19,ETOPO_2022_v1_15s_bed_elev
-44.7,30.0,-3329.12,ETOPO_2022_v1_15s_bed_elev
-44.6,30.0,-3342.17,ETOPO_2022_v1_15s_bed_elev
-44.5,30.0,-3446.28,ETOPO_2022_v1_15s_bed_elev
-44.4,30.0,-3367.19,ETOPO_2022_v1_15s_bed_elev
-44.3,30.0,-3240.67,ETOPO_2022_v1_15s_bed_elev
-44.2,30.0,-3383.43,ETOPO_2022_v1_15s_bed_elev
-44.1,30.0,-3145.09,ETOPO_2022_v1_15s_bed_elev
-44.0,30.0,-3268.4,ETOPO_2022_v1_15s_bed_elev
-43.9,30.0,-3308.36,ETOPO_2022_v1_15s_bed_elev
-43.8,30.0,-3023.14,ETOPO_2022_v1_15s_bed_elev
-43.7,30.0,-3242.11,ETOPO_2022_v1_15s_bed_elev
-43.6,30.0,-2952.93,ETOPO_2022_v1_15s_bed_elev
-43.5,30.0,-3132.35,ETOPO_2022_v1_15s_bed_elev
-43.4,30.0,-2954.75,ETOPO_2022_v1_15s_bed_elev
-43.3,30.0,-2796.37,ETOPO_2022_v1_15s_bed_elev
-43.2,30.0,-3127.6,ETOPO_2022_v1_15s_bed_elev
-43.1,30.0,-3225.65,ETOPO_2022_v1_15s_bed_elev
-43.0,30.0,-3222.8,ETOPO_2022_v1_15s_bed_elev
-42.9,30.0,-3337.44,ETOPO_2022_v1_15s_bed_elev
-42.8,30.0,-3638.13,ETOPO_2022_v1_15s_bed_elev
-42.7,30.0,-4010.18,ETOPO_2022_v1_15s_bed_elev
-42.6,30.0,-3191.13,ETOPO_2022_v1_15s_bed_elev
-42.5,30.0,-3262.32,ETOPO_2022_v1_15s_bed_elev
-42.4,30.0,-3563.56,ETOPO_2022_v1_15s_bed_elev
-42.3,30.0,-3823.43,ETOPO_2022_v1_15s_bed_elev
-42.2,30.0,-3652.92,ETOPO_2022_v1_15s_bed_elev
-42.1,30.0,-3846.17,ETOPO_2022_v1_15s_bed_elev
-42.0,30.0,-3965.08,ETOPO_2022_v1_15s_bed_elev
-41.9,30.0,-3283.64,ETOPO_2022_v1_15s_bed_elev
-41.8,30.0,-3525.76,ETOPO_2022_v1_15s_bed_elev
-41.7,30.0,-3737.76,ETOPO_2022_v1_15s_bed_elev
-41.6,30.0,-3540.01,ETOPO_2022_v1_15s_bed_elev
-41.5,30.0,-4027.35,ETOPO_2022_v1_15s_bed_elev
-41.4,30.0,-3605.48,ETOPO_2022_v1_15s_bed_elev
-41.3,30.0,-3510.23,ETOPO_2022_v1_15s_bed_elev
-41.2,30.0,-3358.1,ETOPO_2022_v1_15s_bed_elev
-41.1,30.0,-2947.55,ETOPO_2022_v1_15s_bed_elev
-41.0,30.0,-3248.81,ETOPO_2022_v1_15s_bed_elev
-40.9,30.0,-3491.1,ETOPO_2022_v1_15s_bed_elev
-40.8,30.0,-3407.46,ETOPO_2022_v1_15s_bed_elev
-40.7,30.0,-3155.94,ETOPO_2022_v1_15s_bed_elev
-40.6,30.0,-3425.99,ETOPO_2022_v1_15s_bed_elev
-40.5,30.0,-3479.27,ETOPO_2022_v1_15s_bed_elev
-40.4,30.0,-3184.37,ETOPO_2022_v1_15s_bed_elev
-40.3,30.0,-3033.35,ETOPO_2022_v1_15s_bed_elev
-40.2,30.0,-3029.64,ETOPO_2022_v1_15s_bed_elev
-40.1,30.0,-3238.77,ETOPO_2022_v1_15s_bed_elev
-40.0,30.0,-3342.87,ETOPO_2022_v1_15s_bed_elev
-39.9,30.0,-3227.44,ETOPO_2022_v1_15s_bed_elev
-39.8,30.0,-3230.4,ETOPO_2022_v1_15s_bed_elev
-39.7,30.0,-3230.06,ETOPO_2022_v1_15s_bed_elev
-39.6,30.0,-3138.84,ETOPO_2022_v1_15s_bed_elev
-39.5,30.0,-3417.4,ETOPO_2022_v1_15s_bed_elev
-39.4,30.0,-3365.75,ETOPO_2022_v1_15s_bed_elev
-39.3,30.0,-3405.21,ETOPO_2022_v1_15s_bed_elev
-39.2,30.0,-3538.75,ETOPO_2022_v1_15s_bed_elev
-39.1,30.0,-3528.09,ETOPO_2022_v1_15s_bed_elev
-39.0,30.0,-3677.65,ETOPO_2022_v1_15s_bed_elev
-38.9,30.0,-3895.38,ETOPO_2022_v1_15s_bed_elev
-38.8,30.0,-4118.03,ETOPO_2022_v1_15s_bed_elev
-38.7,30.0,-4260.0,ETOPO_2022_v1_15s_bed_elev
-38.6,30.0,-4068.95,ETOPO_2022_v1_15s_bed_elev
-38.5,30.0,-4125.79,ETOPO_2022_v1_15s_bed_elev
-38.4,30.0,-3945.5,ETOPO_2022_v1_15s_bed_elev
-38.3,30.0,-3923.43,ETOPO_2022_v1_15s_bed_elev
-38.2,30.0,-3792.41,ETOPO_2022_v1_15s_bed_elev
-38.1,30.0,-3693.73,ETOPO_2022_v1_15s_bed_elev
-38.0,30.0,-3474.68,ETOPO_2022_v1_15s_bed_elev
-37.9,30.0,-3444.37,ETOPO_2022_v1_15s_bed_elev
-37.8,30.0,-3441.97,ETOPO_2022_v1_15s_bed_elev
-37.7,30.0,-3380.37,ETOPO_2022_v1_15s_bed_elev
-37.6,30.0,-3465.8,ETOPO_2022_v1_15s_bed_elev
-37.5,30.0,-3493.31,ETOPO_2022_v1_15s_bed_elev
-37.4,30.0,-3826.59,ETOPO_2022_v1_15s_bed_elev
-37.3,30.0,-3955.0,ETOPO_2022_v1_15s_bed_elev
-37.2,30.0,-3840.56,ETOPO_2022_v1_15s_bed_elev
-37.1,30.0,-4089.96,ETOPO_2022_v1_15s_bed_elev
-37.0,30.0,-4144.79,ETOPO_2022_v1_15s_bed_elev
-36.9,30.0,-4218.67,ETOPO_2022_v1_15s_bed_elev
-36.8,30.0,-4226.08,ETOPO_2022_v1_15s_bed_elev
-36.7,30.0,-4188.91,ETOPO_2022_v1_15s_bed_elev
-36.6,30.0,-4253.99,ETOPO_2022_v1_15s_bed_elev
-36.5,30.0,-4302.61,ETOPO_2022_v1_15s_bed_elev
-36.4,30.0,-4197.0,ETOPO_2022_v1_15s_bed_elev
-36.3,30.0,-4135.19,ETOPO_2022_v1_15s_bed_elev
-36.2,30.0,-4362.88,ETOPO_2022_v1_15s_bed_elev
-36.1,30.0,-4402.32,ETOPO_2022_v1_15s_bed_elev
-36.0,30.0,-4353.65,ETOPO_2022_v1_15s_bed_elev
-35.9,30.0,-4296.45,ETOPO_2022_v1_15s_bed_elev
-35.8,30.0,-4405.65,ETOPO_2022_v1_15s_bed_elev
-35.7,30.0,-4878.61,ETOPO_2022_v1_15s_bed_elev
-35.6,30.0,-4296.77,ETOPO_2022_v1_15s_bed_elev
-35.5,30.0,-4345.27,ETOPO_2022_v1_15s_bed_elev
-35.4,30.0,-4453.97,ETOPO_2022_v1_15s_bed_elev
-35.3,30.0,-4507.03,ETOPO_2022_v1_15s_bed_elev
-35.2,30.0,-4370.12,ETOPO_2022_v1_15s_bed_elev
-35.1,30.0,-4257.79,ETOPO_2022_v1_15s_bed_elev
-35.0,30.0,-4692.05,ETOPO_2022_v1_15s_bed_elev
